
=====  Processor information  =====
Linux arch_perfmon flag  : yes
Hybrid processor         : no
IBRS and IBPB supported  : yes
STIBP supported          : yes
Spec arch caps supported : yes
Max CPUID level          : 32
CPU model number         : 143
IBRS enabled in the kernel   : yes
STIBP enabled in the kernel  : no
The processor is not susceptible to Rogue Data Cache Load: yes
The processor supports enhanced IBRS                     : yes
INFO: Linux perf interface to program uncore PMUs is present
Socket 0: 4 memory controllers detected with total number of 12 channels. 3 UPI ports detected. 4 M2M (mesh to memory) blocks detected. 0 HBM M2M blocks detected. 0 EDC/HBM channels detected. 0 Home Agents detected. 0 M3UPI blocks detected.
Socket 1: 4 memory controllers detected with total number of 12 channels. 3 UPI ports detected. 4 M2M (mesh to memory) blocks detected. 0 HBM M2M blocks detected. 0 EDC/HBM channels detected. 0 Home Agents detected. 0 M3UPI blocks detected.
INFO: using Linux resctrl driver for RDT metrics (L3OCC, LMB, RMB) because resctrl driver is mounted.
[32m[info] [src/system.cpp:system:301] exp16-D3: PaLLOC self-pinned to CPU 22 (node 0)
[mBegin init PQoS library!
CMT/MBM reset successful
Initializing PQoS library success!
Cache info: size 62914560, mask: 0x7fff, ways: 15, cache size per way: 4194304
[32m[info] [src/allocator.cpp:allocator:29] exp16-D3: PALLOC_MAX_MB override -> 107765.0 MiB/s (compiled default 88000)
[mSKT0: MBA COS1 => 20% requested, 20% applied
SKT0: MBA COS2 => 20% requested, 20% applied
SKT0: MBA COS3 => 20% requested, 20% applied
SKT0: MBA COS4 => 20% requested, 20% applied
SKT0: MBA COS5 => 20% requested, 20% applied
SKT0: MBA COS6 => 100% requested, 100% applied
SKT0: MBA COS7 => 20% requested, 20% applied
current_data: 1.0051, 4007705, 6.1121, 4894.4030
current_data: 0.3857, 19672903, 76.9799, 16878.8466
current_data: 2.5487, 90772, 0.0016, 0.6250
current_data: 1.1145, 216717, 24.9296, 19356.3608
current_data: 1.7506, 2105987, 10.0934, 10005.6823
[34m[critical] [src/pairwise_allocator.cpp:discriminating:301] obj: 137589, roofline ipc: 1.7506
[m[34m[critical] [src/pairwise_allocator.cpp:discriminating:301] obj: 137579, roofline ipc: 1.1145
[m[34m[critical] [src/pairwise_allocator.cpp:discriminating:301] obj: 134584, roofline ipc: 2.5487
[m[34m[critical] [src/pairwise_allocator.cpp:discriminating:301] obj: 134574, roofline ipc: 0.3857
[m[34m[critical] [src/pairwise_allocator.cpp:discriminating:301] obj: 134569, roofline ipc: 1.0051
[m[32m[info] [src/pairwise_allocator.cpp:allocating:1174] Will begin allocating cache, allocation_ready_queue size 5, allocation_complete_queue size 0
[mcurrent_data: 0.9179, 705816, 7.0239, 1001.2557
current_data: 0.4805, 6727970, 60.5835, 3485.0199
current_data: 2.5304, 21759, 0.0139, 3.7500
current_data: 1.1192, 25068, 25.0272, 4012.5230
current_data: 2.5872, 727669, 7.0992, 2107.5121
[32m[info] [src/pairwise_allocator.cpp:binary_serch_cache_roofline:462] descriptor COLS 5, find_cache_roofline_times: 1, roofline ipc: 2.5872, current ipc 2.5872, gap: 0.0000, lway: 1, rway: 14
[mcurrent_data: 0.9190, 643362, 6.8478, 959.3805
current_data: 0.4831, 6348659, 60.2415, 3389.3944
current_data: 2.5233, 23184, 0.0162, 13.7501
current_data: 1.1188, 24864, 25.0278, 4019.3980
current_data: 2.6241, 712395, 6.9835, 2080.0119
[32m[info] [src/pairwise_allocator.cpp:binary_serch_cache_roofline:462] descriptor COLS 5, find_cache_roofline_times: 2, roofline ipc: 2.6241, current ipc 2.6241, gap: 0.0000, lway: 1, rway: 7
[mcurrent_data: 0.9016, 588897, 6.9845, 876.2550
current_data: 0.4172, 4481692, 70.0922, 3142.5180
current_data: 2.5183, 25379, 0.0193, 18.7501
current_data: 1.1172, 24141, 25.0250, 3693.7711
current_data: 2.5803, 599895, 7.2748, 1930.6360
[32m[info] [src/pairwise_allocator.cpp:binary_serch_cache_roofline:462] descriptor COLS 5, find_cache_roofline_times: 3, roofline ipc: 2.6241, current ipc 2.5803, gap: 0.0167, lway: 1, rway: 4
[mcurrent_data: 0.8986, 578768, 7.1719, 946.8804
current_data: 0.3829, 3626543, 76.7576, 3153.1430
current_data: 2.5166, 22128, 0.0174, 19.3751
current_data: 1.1163, 23669, 25.0376, 3646.8959
current_data: 2.1476, 505357, 13.5697, 3111.8928
[32m[info] [src/pairwise_allocator.cpp:binary_serch_cache_roofline:462] descriptor COLS 5, find_cache_roofline_times: 4, roofline ipc: 2.6241, current ipc 2.1476, gap: 0.1816, lway: 3, rway: 4
[mcurrent_data: 0.9030, 563991, 7.1355, 860.6299
current_data: 0.3759, 3406939, 78.2532, 3189.3932
current_data: 2.5151, 20285, 0.0161, 16.8751
current_data: 1.1158, 22601, 25.0257, 3594.3956
current_data: 2.1288, 449160, 14.3495, 3186.2682
[32m[info] [src/pairwise_allocator.cpp:binary_serch_cache_roofline:462] descriptor COLS 5, find_cache_roofline_times: 5, roofline ipc: 2.6241, current ipc 2.1288, gap: 0.1888, lway: 4, rway: 4
[mcurrent_data: 0.9040, 538949, 7.0031, 821.2547
current_data: 0.3771, 3265063, 78.0410, 2953.7669
current_data: 2.5159, 21874, 0.0175, 15.6251
current_data: 1.1178, 22147, 25.0271, 3438.1447
current_data: 2.6353, 545767, 7.0408, 1830.6355
[32m[info] [src/pairwise_allocator.cpp:found_cache_roofline:405] Found_cache_roofline, obj_id 137589, roofline cache way: 4, roofline remain cache: 14, roofline cache bitmask: 0x7ffe
[m[32m[info] [src/pairwise_allocator.cpp:binary_serch_cache_roofline:462] descriptor COLS 5, find_cache_roofline_times: 6, roofline ipc: 2.6353, current ipc 2.6353, gap: 0.0000, lway: 4, rway: 4
[m[32m[info] [src/pairwise_allocator.cpp:allocating_cache:846] binary_serch_cache_roofline first pair success
[m[32m[info] [src/pairwise_allocator.cpp:pair_allocating_cache:770] pair_allocating_cache begin, allocating time: 0, descriptor roofline cache way: 4, system remain cache way: 15, complete queue size: 0
[m[32m[info] [src/pairwise_allocator.cpp:allocating_cache:852] Complete pair_allocating_cache, allocate cache ways: 4
[mcurrent_data: 0.9882, 778441, 6.3536, 1044.3810
current_data: 0.3930, 4392003, 75.4488, 3591.8956
current_data: 2.5479, 19877, 0.0026, 8.1250
current_data: 1.1034, 42894, 24.9272, 3914.3974
current_data: 1.2698, 264948, 16.6553, 2493.1393
current_data: 0.8619, 710223, 7.5453, 1153.1316
current_data: 0.4816, 7318124, 60.5428, 3743.7714
current_data: 2.5422, 19119, 0.0107, 20.0001
current_data: 2.6250, 121269, 24.8330, 9668.8053
current_data: 1.1155, 249529, 19.6228, 2583.7648
[32m[info] [src/pairwise_allocator.cpp:binary_serch_cache_roofline:462] descriptor COLS 4, find_cache_roofline_times: 1, roofline ipc: 2.6250, current ipc 2.6250, gap: 0.0000, lway: 1, rway: 14
[mcurrent_data: 0.8405, 602153, 7.7527, 976.2556
current_data: 0.4641, 6036169, 63.0441, 3278.7688
current_data: 2.0865, 53561, 0.0506, 9.3751
current_data: 2.6311, 371619, 24.3159, 9157.5524
current_data: 1.8773, 408378, 7.5464, 1504.3836
[32m[info] [src/pairwise_allocator.cpp:binary_serch_cache_roofline:462] descriptor COLS 4, find_cache_roofline_times: 2, roofline ipc: 2.6311, current ipc 2.6311, gap: 0.0000, lway: 1, rway: 7
[mcurrent_data: 0.8561, 565468, 7.2249, 880.6300
current_data: 0.4175, 2812470, 65.4643, 3216.8934
current_data: 2.2275, 40670, 0.0376, 6.2500
current_data: 2.6214, 261625, 24.4883, 8376.9229
current_data: 0.9882, 239308, 22.4740, 2320.6383
[32m[info] [src/pairwise_allocator.cpp:binary_serch_cache_roofline:462] descriptor COLS 4, find_cache_roofline_times: 3, roofline ipc: 2.6311, current ipc 2.6214, gap: 0.0037, lway: 1, rway: 4
[mcurrent_data: 0.8347, 522195, 8.0418, 871.2550
current_data: 0.3641, 3102890, 80.8246, 2879.3915
current_data: 2.0728, 47368, 0.0528, 8.1250
current_data: 2.2332, 168803, 24.3308, 6564.4126
current_data: 1.8350, 411104, 7.7983, 1404.3830
[32m[info] [src/pairwise_allocator.cpp:binary_serch_cache_roofline:462] descriptor COLS 4, find_cache_roofline_times: 4, roofline ipc: 2.6311, current ipc 2.2332, gap: 0.1512, lway: 3, rway: 4
[mcurrent_data: 0.8264, 501114, 7.7676, 832.5048
current_data: 0.3650, 3036533, 80.5873, 2812.5161
current_data: 2.1640, 40029, 0.0405, 1.2500
current_data: 2.1778, 104518, 34.4182, 9213.8027
current_data: 0.9937, 211100, 22.6693, 2285.0131
[32m[info] [src/pairwise_allocator.cpp:binary_serch_cache_roofline:462] descriptor COLS 4, find_cache_roofline_times: 5, roofline ipc: 2.6311, current ipc 2.1778, gap: 0.1723, lway: 4, rway: 4
[mcurrent_data: 0.8319, 513037, 7.6563, 828.7547
current_data: 0.3657, 3123591, 80.5905, 2888.1415
current_data: 2.0885, 45528, 0.0495, 4.3750
current_data: 2.4923, 75151, 31.8825, 9510.6794
current_data: 1.8315, 402959, 7.7304, 1386.8829
[32m[info] [src/pairwise_allocator.cpp:found_cache_roofline:405] Found_cache_roofline, obj_id 137579, roofline cache way: 4, roofline remain cache: 14, roofline cache bitmask: 0x7ffe
[m[32m[info] [src/pairwise_allocator.cpp:binary_serch_cache_roofline:462] descriptor COLS 4, find_cache_roofline_times: 6, roofline ipc: 2.6311, current ipc 2.4923, gap: 0.0528, lway: 4, rway: 4
[m[32m[info] [src/pairwise_allocator.cpp:allocating_cache:846] binary_serch_cache_roofline first pair success
[m[32m[info] [src/pairwise_allocator.cpp:pair_allocating_cache:770] pair_allocating_cache begin, allocating time: 0, descriptor roofline cache way: 4, system remain cache way: 11, complete queue size: 1
[m[32m[info] [src/pairwise_allocator.cpp:allocating_cache:852] Complete pair_allocating_cache, allocate cache ways: 4
[mcurrent_data: 0.9829, 815377, 6.3262, 1048.1310
current_data: 0.3961, 4632479, 74.8676, 3798.7717
current_data: 2.5480, 19192, 0.0020, 0.6250
current_data: 0.9292, 48990, 31.8757, 4259.3994
current_data: 1.5328, 313421, 12.2811, 2225.0127
current_data: 0.9465, 846085, 6.8796, 1175.6317
current_data: 0.7535, 18123873, 23.4742, 2463.7641
current_data: 2.5453, 20438, 0.0041, 3.7500
current_data: 0.9291, 32485, 32.0036, 4656.9016
current_data: 1.3433, 288443, 15.3368, 2799.3910
[32m[info] [src/pairwise_allocator.cpp:binary_serch_cache_roofline:462] descriptor COLS 2, find_cache_roofline_times: 1, roofline ipc: 0.7535, current ipc 0.7535, gap: 0.0000, lway: 1, rway: 14
[mcurrent_data: 0.9508, 756801, 6.8764, 1075.0062
current_data: 0.7535, 16059554, 23.4912, 2197.5126
current_data: 2.5452, 18449, 0.0041, 0.0000
current_data: 0.9305, 28608, 31.9992, 4382.5251
current_data: 1.3819, 329003, 15.8521, 2610.0149
[32m[info] [src/pairwise_allocator.cpp:binary_serch_cache_roofline:462] descriptor COLS 2, find_cache_roofline_times: 2, roofline ipc: 0.7535, current ipc 0.7535, gap: 0.0001, lway: 1, rway: 7
[mcurrent_data: 0.9511, 753372, 6.8750, 1005.0058
current_data: 0.7525, 15976635, 23.6482, 2252.5129
current_data: 2.5394, 18565, 0.0051, 0.0000
current_data: 0.9286, 27859, 31.9948, 4330.0248
current_data: 2.0687, 404927, 7.3478, 1825.6354
[32m[info] [src/pairwise_allocator.cpp:binary_serch_cache_roofline:462] descriptor COLS 2, find_cache_roofline_times: 3, roofline ipc: 0.7535, current ipc 0.7525, gap: 0.0014, lway: 1, rway: 4
[mcurrent_data: 0.9426, 697970, 6.8284, 973.7556
current_data: 0.7481, 14724268, 24.0274, 2195.0126
current_data: 2.5409, 18808, 0.0061, 0.0000
current_data: 0.9291, 24148, 32.0042, 4135.0237
current_data: 1.2200, 229413, 17.4869, 2570.0147
[32m[info] [src/pairwise_allocator.cpp:binary_serch_cache_roofline:462] descriptor COLS 2, find_cache_roofline_times: 4, roofline ipc: 0.7535, current ipc 0.7481, gap: 0.0072, lway: 1, rway: 2
[mcurrent_data: 0.9467, 721889, 6.7474, 950.6304
current_data: 0.7441, 15070679, 24.4802, 2339.3884
current_data: 2.5344, 21785, 0.0070, 1.8750
current_data: 0.9294, 29877, 31.9965, 4194.3990
current_data: 1.8134, 384438, 9.6677, 1983.7614
[32m[info] [src/pairwise_allocator.cpp:binary_serch_cache_roofline:462] descriptor COLS 2, find_cache_roofline_times: 5, roofline ipc: 0.7535, current ipc 0.7441, gap: 0.0126, lway: 1, rway: 1
[mcurrent_data: 0.9469, 735018, 6.9015, 1049.3810
current_data: 0.7452, 15097117, 24.3676, 2344.3884
current_data: 2.5348, 21897, 0.0069, 1.2500
current_data: 0.9298, 28466, 32.0030, 4236.8992
current_data: 2.0644, 392342, 7.3658, 1842.5105
[32m[info] [src/pairwise_allocator.cpp:found_cache_roofline:405] Found_cache_roofline, obj_id 134574, roofline cache way: 1, roofline remain cache: 14, roofline cache bitmask: 0x7ffe
[m[32m[info] [src/pairwise_allocator.cpp:binary_serch_cache_roofline:462] descriptor COLS 2, find_cache_roofline_times: 6, roofline ipc: 0.7535, current ipc 0.7452, gap: 0.0111, lway: 1, rway: 1
[m[32m[info] [src/pairwise_allocator.cpp:allocating_cache:846] binary_serch_cache_roofline first pair success
[m[32m[info] [src/pairwise_allocator.cpp:pair_allocating_cache:770] pair_allocating_cache begin, allocating time: 0, descriptor roofline cache way: 1, system remain cache way: 7, complete queue size: 2
[m[32m[info] [src/pairwise_allocator.cpp:allocating_cache:852] Complete pair_allocating_cache, allocate cache ways: 1
[mcurrent_data: 0.9796, 779335, 6.2788, 1085.6312
current_data: 0.5296, 8161436, 55.4186, 3672.5210
current_data: 2.5474, 20353, 0.0029, 0.0000
current_data: 0.9294, 50158, 31.8714, 4174.3989
current_data: 1.4654, 320486, 13.2210, 2431.8889
current_data: 1.1571, 1566579, 3.7523, 722.5041
current_data: 0.5578, 9102981, 51.3814, 3537.5202
current_data: 2.2910, 36776, 0.0304, 1.2500
current_data: 0.9299, 25008, 32.0167, 4116.8986
current_data: 1.8205, 407183, 9.4074, 1864.3857
[32m[info] [src/pairwise_allocator.cpp:binary_serch_cache_roofline:462] descriptor COLS 1, find_cache_roofline_times: 1, roofline ipc: 1.1571, current ipc 1.1571, gap: 0.0000, lway: 1, rway: 14
[mcurrent_data: 1.1498, 1341029, 4.0912, 755.6293
current_data: 0.5616, 8181059, 50.7432, 3105.0178
current_data: 2.2233, 38196, 0.0353, 2.5000
current_data: 0.9303, 26336, 32.0092, 4115.0235
current_data: 2.0032, 426902, 7.6302, 1804.3853
[32m[info] [src/pairwise_allocator.cpp:binary_serch_cache_roofline:462] descriptor COLS 1, find_cache_roofline_times: 2, roofline ipc: 1.1571, current ipc 1.1498, gap: 0.0063, lway: 1, rway: 7
[mcurrent_data: 1.1090, 1074446, 4.5842, 798.7546
current_data: 0.5584, 7757450, 51.1375, 2938.1418
current_data: 2.2203, 38621, 0.0375, 1.2500
current_data: 0.9300, 23632, 32.0174, 3818.1468
current_data: 1.1045, 224773, 21.1499, 2430.0139
[32m[info] [src/pairwise_allocator.cpp:binary_serch_cache_roofline:462] descriptor COLS 1, find_cache_roofline_times: 3, roofline ipc: 1.1571, current ipc 1.1090, gap: 0.0416, lway: 1, rway: 4
[mcurrent_data: 1.0785, 980064, 5.1310, 925.0053
current_data: 0.5232, 6872017, 55.7844, 3077.5176
current_data: 2.1993, 40028, 0.0425, 2.5000
current_data: 0.9292, 24107, 32.0126, 3820.6469
current_data: 1.9996, 412495, 7.5246, 1673.7596
[32m[info] [src/pairwise_allocator.cpp:binary_serch_cache_roofline:462] descriptor COLS 1, find_cache_roofline_times: 4, roofline ipc: 1.1571, current ipc 1.0785, gap: 0.0679, lway: 3, rway: 4
[mcurrent_data: 1.0747, 932025, 5.2465, 841.2548
current_data: 0.5102, 6473085, 57.3853, 3163.1431
current_data: 2.2267, 37592, 0.0388, 6.2500
current_data: 0.9281, 24628, 32.0120, 3764.3965
current_data: 1.0682, 219200, 20.7013, 2436.2639
[32m[info] [src/pairwise_allocator.cpp:binary_serch_cache_roofline:462] descriptor COLS 1, find_cache_roofline_times: 5, roofline ipc: 1.1571, current ipc 1.0747, gap: 0.0712, lway: 4, rway: 4
[mcurrent_data: 1.0912, 978162, 4.8376, 823.1297
current_data: 0.5064, 6515512, 57.8472, 3126.2679
current_data: 2.1736, 40031, 0.0429, 14.3751
current_data: 0.9296, 23333, 32.0178, 3852.5220
current_data: 2.0395, 371908, 7.2441, 1635.0094
[32m[info] [src/pairwise_allocator.cpp:found_cache_roofline:405] Found_cache_roofline, obj_id 134569, roofline cache way: 4, roofline remain cache: 14, roofline cache bitmask: 0x7ffe
[m[32m[info] [src/pairwise_allocator.cpp:binary_serch_cache_roofline:462] descriptor COLS 1, find_cache_roofline_times: 6, roofline ipc: 1.1571, current ipc 1.0912, gap: 0.0569, lway: 4, rway: 4
[m[32m[info] [src/pairwise_allocator.cpp:allocating_cache:846] binary_serch_cache_roofline first pair success
[m[32m[info] [src/pairwise_allocator.cpp:pair_allocating_cache:770] pair_allocating_cache begin, allocating time: 0, descriptor roofline cache way: 4, system remain cache way: 6, complete queue size: 3
[m[32m[info] [src/pairwise_allocator.cpp:allocating_cache:852] Complete pair_allocating_cache, allocate cache ways: 4
[mcurrent_data: 1.0780, 1088312, 5.1698, 853.1299
current_data: 0.4489, 5933452, 65.7863, 3680.0211
current_data: 2.5498, 19397, 0.0023, 1.2500
current_data: 0.9467, 55292, 34.1320, 3926.8975
current_data: 2.0932, 376384, 7.2950, 1565.6340
current_data: 1.0582, 1022309, 5.6369, 1040.6310
current_data: 0.4760, 6832565, 60.9980, 3631.8958
current_data: 2.5477, 20083, 0.0019, 0.6250
current_data: 0.9438, 29678, 34.3125, 4121.8986
current_data: 1.2279, 288033, 17.4177, 2637.5151
[32m[info] [src/pairwise_allocator.cpp:binary_serch_cache_roofline:462] descriptor COLS 3, find_cache_roofline_times: 1, roofline ipc: 2.5477, current ipc 2.5477, gap: 0.0000, lway: 1, rway: 14
[mcurrent_data: 1.0462, 923991, 5.9245, 994.3807
current_data: 0.4926, 7077038, 59.3283, 3594.3956
current_data: 2.5500, 17430, 0.0007, 0.0000
current_data: 0.9445, 28306, 34.3021, 4227.5242
current_data: 2.1188, 387563, 7.0729, 1820.0104
[32m[info] [src/pairwise_allocator.cpp:binary_serch_cache_roofline:462] descriptor COLS 3, find_cache_roofline_times: 2, roofline ipc: 2.5500, current ipc 2.5500, gap: 0.0000, lway: 1, rway: 7
[mcurrent_data: 1.0431, 885673, 5.9486, 1011.8808
current_data: 0.4896, 6756037, 59.5262, 3457.5198
current_data: 2.5491, 16500, 0.0006, 0.0000
current_data: 0.9438, 25558, 34.3130, 4157.5238
current_data: 2.0543, 406355, 7.5740, 1838.1355
[32m[info] [src/pairwise_allocator.cpp:binary_serch_cache_roofline:462] descriptor COLS 3, find_cache_roofline_times: 3, roofline ipc: 2.5500, current ipc 2.5491, gap: 0.0004, lway: 1, rway: 4
[mcurrent_data: 1.0389, 887227, 5.7835, 990.6307
current_data: 0.4939, 6988609, 59.0770, 3489.3950
current_data: 2.5488, 19913, 0.0010, 0.0000
current_data: 0.9432, 28688, 34.2960, 4201.2740
current_data: 1.2237, 264348, 17.4588, 2668.7653
[32m[info] [src/pairwise_allocator.cpp:binary_serch_cache_roofline:462] descriptor COLS 3, find_cache_roofline_times: 4, roofline ipc: 2.5500, current ipc 2.5488, gap: 0.0005, lway: 1, rway: 2
[mcurrent_data: 1.0397, 885794, 5.9234, 1005.0058
current_data: 0.4921, 6942150, 59.3211, 3513.7701
current_data: 2.5490, 17375, 0.0010, 0.0000
current_data: 0.9440, 25470, 34.3048, 4193.1490
current_data: 2.1014, 391295, 7.2495, 1808.1353
[32m[info] [src/pairwise_allocator.cpp:binary_serch_cache_roofline:462] descriptor COLS 3, find_cache_roofline_times: 5, roofline ipc: 2.5500, current ipc 2.5490, gap: 0.0004, lway: 1, rway: 1
[mcurrent_data: 1.0404, 879867, 5.8588, 992.5057
current_data: 0.4935, 6915100, 59.1550, 3455.0198
current_data: 2.5493, 17425, 0.0012, 0.0000
current_data: 0.9441, 25345, 34.3084, 4143.7737
current_data: 2.0257, 410857, 7.3184, 1766.8851
[32m[info] [src/pairwise_allocator.cpp:found_cache_roofline:405] Found_cache_roofline, obj_id 134584, roofline cache way: 1, roofline remain cache: 14, roofline cache bitmask: 0x7ffe
[m[32m[info] [src/pairwise_allocator.cpp:binary_serch_cache_roofline:462] descriptor COLS 3, find_cache_roofline_times: 6, roofline ipc: 2.5500, current ipc 2.5493, gap: 0.0003, lway: 1, rway: 1
[m[32m[info] [src/pairwise_allocator.cpp:allocating_cache:846] binary_serch_cache_roofline first pair success
[m[32m[info] [src/pairwise_allocator.cpp:pair_allocating_cache:770] pair_allocating_cache begin, allocating time: 0, descriptor roofline cache way: 1, system remain cache way: 2, complete queue size: 4
[m[32m[info] [src/pairwise_allocator.cpp:allocating_cache:852] Complete pair_allocating_cache, allocate cache ways: 1
[m[34m[critical] [src/pairwise_allocator.cpp:print_allocating_cache_results:815] print_allocating_cache_results: system remain cache: 1
[m[34m[critical] [src/pairwise_allocator.cpp:print_allocating_cache_results:823] obj: 137589, cache_way: 4, roofline cache way: 4
[m[34m[critical] [src/pairwise_allocator.cpp:print_allocating_cache_results:823] obj: 137579, cache_way: 4, roofline cache way: 4
[m[34m[critical] [src/pairwise_allocator.cpp:print_allocating_cache_results:823] obj: 134574, cache_way: 1, roofline cache way: 1
[m[34m[critical] [src/pairwise_allocator.cpp:print_allocating_cache_results:823] obj: 134569, cache_way: 4, roofline cache way: 4
[m[34m[critical] [src/pairwise_allocator.cpp:print_allocating_cache_results:823] obj: 134584, cache_way: 1, roofline cache way: 1
[mSKT0: MBA COS6 => 100% requested, 100% applied
current_data: 1.0594, 1184298, 5.4178, 1113.1314
current_data: 0.5256, 8528773, 58.3332, 4124.3986
current_data: 2.5471, 19923, 0.0046, 0.6250
current_data: 1.1037, 31487, 25.4900, 4330.6498
current_data: 1.3380, 249522, 14.9951, 2630.6401
SKT0: MBA COS6 => 60% requested, 60% applied
[32m[info] [src/pairwise_allocator.cpp:binary_serch_mb_roofline:937] descriptor1 COLS 2, find_mb_roofline_time: 1, roofline mb: 4124.3986, current mb 4124.3986, gap: 0.0000, lmb_throttle: 20, rmb_throttle: 100
[mcurrent_data: 1.0480, 944996, 5.7143, 958.1305
current_data: 0.5276, 7702550, 58.2560, 3787.5217
current_data: 2.5503, 17393, 0.0027, 0.0000
current_data: 1.1033, 30879, 25.4834, 4310.0247
current_data: 1.5229, 347551, 13.4306, 2413.1388
SKT0: MBA COS6 => 40% requested, 40% applied
[32m[info] [src/pairwise_allocator.cpp:binary_serch_mb_roofline:937] descriptor1 COLS 2, find_mb_roofline_time: 2, roofline mb: 3787.5217, current mb 3787.5217, gap: 0.0000, lmb_throttle: 20, rmb_throttle: 60
[mcurrent_data: 1.0475, 873370, 5.8734, 968.7555
current_data: 0.5262, 7399649, 58.3551, 3568.1454
current_data: 2.5493, 16694, 0.0027, 0.0000
current_data: 0.8963, 41760, 27.7314, 3888.1472
current_data: 2.0430, 423791, 7.4975, 1870.6357
SKT0: MBA COS6 => 30% requested, 30% applied
[32m[info] [src/pairwise_allocator.cpp:binary_serch_mb_roofline:937] descriptor1 COLS 2, find_mb_roofline_time: 3, roofline mb: 3787.5217, current mb 3568.1454, gap: 0.0579, lmb_throttle: 20, rmb_throttle: 40
[mcurrent_data: 1.0447, 910696, 5.8053, 955.6305
current_data: 0.5259, 7582073, 58.3089, 3729.3963
current_data: 2.5505, 16798, 0.0027, 0.0000
current_data: 1.1260, 35342, 24.8824, 4248.7743
current_data: 1.2516, 280578, 16.8091, 2677.5153
SKT0: MBA COS6 => 20% requested, 20% applied
[32m[info] [src/pairwise_allocator.cpp:binary_serch_mb_roofline:937] descriptor1 COLS 2, find_mb_roofline_time: 4, roofline mb: 3787.5217, current mb 3729.3963, gap: 0.0153, lmb_throttle: 20, rmb_throttle: 30
[mcurrent_data: 1.0432, 946118, 6.0062, 1008.1308
current_data: 0.5053, 7515493, 58.3247, 3633.7708
current_data: 2.5481, 18184, 0.0031, 0.0000
current_data: 1.1252, 35117, 24.8875, 4368.1500
current_data: 1.5802, 355010, 12.4850, 2347.5134
SKT0: MBA COS6 => 20% requested, 20% applied
[32m[info] [src/pairwise_allocator.cpp:binary_serch_mb_roofline:937] descriptor1 COLS 2, find_mb_roofline_time: 5, roofline mb: 3787.5217, current mb 3633.7708, gap: 0.0406, lmb_throttle: 20, rmb_throttle: 20
[mcurrent_data: 1.0426, 890148, 5.6321, 951.2554
current_data: 0.5052, 7104507, 58.3423, 3439.3947
current_data: 2.5474, 16622, 0.0028, 0.0000
current_data: 1.1273, 30800, 24.8827, 4152.5238
current_data: 2.0806, 403744, 7.1194, 1873.7607
[32m[info] [src/pairwise_allocator.cpp:found_mb_roofline:887] Fast found mb roofline, obj_id 134574, roofline mb: 3787.52 MB/s, roofline mb throttle: 20
[m[32m[info] [src/pairwise_allocator.cpp:binary_serch_mb_roofline:937] descriptor1 COLS 2, find_mb_roofline_time: 6, roofline mb: 3787.5217, current mb 3439.3947, gap: 0.0919, lmb_throttle: 20, rmb_throttle: 20
[m[32m[info] [src/pairwise_allocator.cpp:allocating_mb:1147] binary_serch_mb_roofline first pair success
[m[32m[info] [src/pairwise_allocator.cpp:pair_allocating_mb:1088] pair_allocating_mb begin, allocating times: 0, descriptor roofline mb throttle: 20, system remain mb: 107765.00 MB/s
[mSKT0: MBA COS2 => 20% requested, 20% applied
current_data: 1.0597, 1113577, 5.3697, 966.8805
current_data: 0.5033, 7959425, 58.4676, 3963.7727
current_data: 2.5478, 20625, 0.0016, 0.0000
current_data: 0.7168, 43935, 26.3973, 4072.5233
current_data: 1.8708, 374177, 8.0971, 1803.1353
[32m[info] [src/pairwise_allocator.cpp:pair_allocating_mb:1088] pair_allocating_mb begin, allocating times: 1, descriptor roofline mb throttle: 20, system remain mb: 107765.00 MB/s
[m[32m[info] [src/pairwise_allocator.cpp:allocating_fit_mb:958] Will allocating_fit_mb mb throttle: 20
[mSKT0: MBA COS2 => 20% requested, 20% applied
current_data: 1.0727, 1045379, 5.2441, 801.8796
current_data: 0.5017, 6844072, 58.6399, 3461.2698
current_data: 2.5484, 18090, 0.0023, 0.0000
current_data: 0.7155, 42978, 26.3950, 3906.2724
current_data: 1.2611, 275021, 17.9986, 2548.1396
[32m[info] [src/pairwise_allocator.cpp:allocating_mb:1121] Allocate mb: 3461.27 MB/s, mb_throttle: 20
[mSKT0: MBA COS6 => 100% requested, 100% applied
current_data: 1.0297, 1042492, 5.6139, 1056.2560
current_data: 0.4896, 7518798, 59.1015, 3877.5222
current_data: 2.5463, 17708, 0.0093, 11.2501
current_data: 2.4873, 57555, 31.9564, 11733.8171
current_data: 2.0424, 447555, 7.3172, 1919.3860
SKT0: MBA COS6 => 60% requested, 60% applied
[32m[info] [src/pairwise_allocator.cpp:binary_serch_mb_roofline:937] descriptor1 COLS 4, find_mb_roofline_time: 1, roofline mb: 11733.8171, current mb 11733.8171, gap: 0.0000, lmb_throttle: 20, rmb_throttle: 100
[mcurrent_data: 1.0149, 943402, 5.8424, 1026.2559
current_data: 0.5027, 7877598, 57.5905, 3897.5223
current_data: 2.5480, 16913, 0.0080, 0.0000
current_data: 2.4831, 61237, 31.9534, 12480.0714
current_data: 1.6819, 364513, 9.9727, 2365.0135
SKT0: MBA COS6 => 40% requested, 40% applied
[32m[info] [src/pairwise_allocator.cpp:binary_serch_mb_roofline:937] descriptor1 COLS 4, find_mb_roofline_time: 2, roofline mb: 11733.8171, current mb 12480.0714, gap: 0.0636, lmb_throttle: 20, rmb_throttle: 60
[mcurrent_data: 1.0198, 926032, 5.9238, 1034.3809
current_data: 0.5052, 7832335, 57.6293, 3910.6474
current_data: 2.5455, 16335, 0.0080, 6.2500
current_data: 2.0249, 51825, 31.9429, 10015.6823
current_data: 1.2566, 272233, 16.5339, 2736.2657
SKT0: MBA COS6 => 55% requested, 60% applied
[32m[info] [src/pairwise_allocator.cpp:binary_serch_mb_roofline:937] descriptor1 COLS 4, find_mb_roofline_time: 3, roofline mb: 11733.8171, current mb 10015.6823, gap: 0.1464, lmb_throttle: 50, rmb_throttle: 60
[mcurrent_data: 1.0110, 907566, 5.9420, 1007.5058
current_data: 0.4972, 7682252, 58.3876, 3770.6466
current_data: 2.5435, 19931, 0.0099, 1.8750
current_data: 2.4883, 63684, 31.9456, 12568.8219
current_data: 2.0389, 422911, 7.5401, 1998.7614
SKT0: MBA COS6 => 50% requested, 50% applied
[32m[info] [src/pairwise_allocator.cpp:binary_serch_mb_roofline:937] descriptor1 COLS 4, find_mb_roofline_time: 4, roofline mb: 12568.8219, current mb 12568.8219, gap: 0.0000, lmb_throttle: 50, rmb_throttle: 60
[mcurrent_data: 1.0097, 876890, 5.9808, 1010.6308
current_data: 0.4988, 7389105, 58.1455, 3669.3960
current_data: 2.5414, 17161, 0.0094, 5.0000
current_data: 2.4647, 56511, 31.9414, 11745.6922
current_data: 2.0575, 436559, 7.1550, 1876.8857
SKT0: MBA COS6 => 50% requested, 50% applied
[32m[info] [src/pairwise_allocator.cpp:binary_serch_mb_roofline:937] descriptor1 COLS 4, find_mb_roofline_time: 5, roofline mb: 12568.8219, current mb 11745.6922, gap: 0.0655, lmb_throttle: 50, rmb_throttle: 50
[mcurrent_data: 1.0105, 879854, 6.0065, 976.8806
current_data: 0.5000, 7136523, 57.9386, 3662.5210
current_data: 2.5388, 17253, 0.0105, 6.2500
current_data: 2.4578, 63333, 31.9331, 11228.1892
current_data: 1.1717, 299643, 18.3405, 2656.2652
[32m[info] [src/pairwise_allocator.cpp:found_mb_roofline:887] Fast found mb roofline, obj_id 137579, roofline mb: 12568.82 MB/s, roofline mb throttle: 50
[m[32m[info] [src/pairwise_allocator.cpp:binary_serch_mb_roofline:937] descriptor1 COLS 4, find_mb_roofline_time: 6, roofline mb: 12568.8219, current mb 11228.1892, gap: 0.1067, lmb_throttle: 50, rmb_throttle: 50
[m[32m[info] [src/pairwise_allocator.cpp:allocating_mb:1147] binary_serch_mb_roofline first pair success
[m[32m[info] [src/pairwise_allocator.cpp:pair_allocating_mb:1088] pair_allocating_mb begin, allocating times: 0, descriptor roofline mb throttle: 50, system remain mb: 104303.73 MB/s
[mSKT0: MBA COS4 => 20% requested, 20% applied
current_data: 1.0634, 1179624, 5.3726, 1023.1309
current_data: 0.4338, 6083150, 68.1647, 3903.1473
current_data: 2.5494, 21122, 0.0017, 0.0000
current_data: 0.9316, 54246, 31.8586, 4393.1501
current_data: 1.4121, 310203, 15.3736, 2411.8888
[32m[info] [src/pairwise_allocator.cpp:pair_allocating_mb:1088] pair_allocating_mb begin, allocating times: 1, descriptor roofline mb throttle: 50, system remain mb: 104303.73 MB/s
[mSKT0: MBA COS4 => 30% requested, 30% applied
current_data: 1.0769, 1024824, 4.9068, 783.1295
current_data: 0.4323, 5091380, 68.3850, 3291.8938
current_data: 2.5509, 19243, 0.0024, 1.2500
current_data: 1.4037, 50980, 31.8934, 6110.0350
current_data: 2.0852, 404228, 7.1757, 1681.8846
[32m[info] [src/pairwise_allocator.cpp:pair_allocating_mb:1088] pair_allocating_mb begin, allocating times: 2, descriptor roofline mb throttle: 50, system remain mb: 104303.73 MB/s
[mSKT0: MBA COS4 => 40% requested, 40% applied
current_data: 1.0646, 1080485, 5.1560, 858.1299
current_data: 0.4307, 5185279, 68.5478, 3383.1444
current_data: 2.5503, 17540, 0.0011, 0.0000
current_data: 2.0322, 58267, 31.9114, 9111.3021
current_data: 1.2485, 304244, 16.9639, 2583.7648
[32m[info] [src/pairwise_allocator.cpp:pair_allocating_mb:1088] pair_allocating_mb begin, allocating times: 3, descriptor roofline mb throttle: 50, system remain mb: 104303.73 MB/s
[mSKT0: MBA COS4 => 50% requested, 50% applied
current_data: 1.0599, 958163, 4.9472, 715.6291
current_data: 0.4301, 4684896, 68.6198, 3044.3924
current_data: 2.5500, 16981, 0.0014, 0.0000
current_data: 2.4762, 66639, 31.9107, 10055.6825
current_data: 2.1008, 392976, 6.9652, 1613.1342
[32m[info] [src/pairwise_allocator.cpp:pair_allocating_mb:1088] pair_allocating_mb begin, allocating times: 4, descriptor roofline mb throttle: 50, system remain mb: 104303.73 MB/s
[m[32m[info] [src/pairwise_allocator.cpp:allocating_fit_mb:958] Will allocating_fit_mb mb throttle: 50
[mSKT0: MBA COS4 => 50% requested, 50% applied
current_data: 1.0584, 1014608, 5.0869, 750.6293
current_data: 0.4289, 4842290, 68.8243, 3198.1433
current_data: 2.5515, 18902, 0.0016, 0.6250
current_data: 2.4770, 65039, 31.9200, 10432.5597
current_data: 1.9430, 388498, 7.3998, 1663.1345
[32m[info] [src/pairwise_allocator.cpp:allocating_mb:1121] Allocate mb: 10432.56 MB/s, mb_throttle: 50
[mSKT0: MBA COS6 => 100% requested, 100% applied
current_data: 1.0474, 1050954, 5.5796, 1077.5062
current_data: 0.4802, 7245699, 60.2496, 3745.6464
current_data: 2.5490, 16796, 0.0089, 14.3751
current_data: 1.1193, 26463, 25.0244, 4348.7749
current_data: 2.5886, 551118, 7.3477, 2352.5135
SKT0: MBA COS6 => 60% requested, 60% applied
[32m[info] [src/pairwise_allocator.cpp:binary_serch_mb_roofline:937] descriptor1 COLS 5, find_mb_roofline_time: 1, roofline mb: 2352.5135, current mb 2352.5135, gap: 0.0000, lmb_throttle: 20, rmb_throttle: 100
[mcurrent_data: 1.0319, 899083, 5.9626, 1006.8808
current_data: 0.4869, 6832118, 59.6774, 3520.0201
current_data: 2.5474, 15122, 0.0085, 3.7500
current_data: 1.1155, 23300, 25.0244, 4148.7737
current_data: 2.5368, 560040, 7.3562, 2121.2621
SKT0: MBA COS6 => 40% requested, 40% applied
[32m[info] [src/pairwise_allocator.cpp:binary_serch_mb_roofline:937] descriptor1 COLS 5, find_mb_roofline_time: 2, roofline mb: 2352.5135, current mb 2121.2621, gap: 0.0983, lmb_throttle: 20, rmb_throttle: 60
[mcurrent_data: 1.0294, 910221, 6.2574, 1073.1311
current_data: 0.4882, 7066493, 59.6102, 3633.1458
current_data: 2.5471, 17143, 0.0091, 10.6251
current_data: 1.1182, 22282, 25.0254, 4287.5245
current_data: 2.0859, 427126, 13.2549, 3401.8945
SKT0: MBA COS6 => 55% requested, 60% applied
[32m[info] [src/pairwise_allocator.cpp:binary_serch_mb_roofline:937] descriptor1 COLS 5, find_mb_roofline_time: 3, roofline mb: 2352.5135, current mb 3401.8945, gap: 0.4461, lmb_throttle: 50, rmb_throttle: 60
[mcurrent_data: 1.0325, 855330, 5.9075, 1007.5058
current_data: 0.4935, 6982338, 59.1122, 3458.1448
current_data: 2.5478, 14845, 0.0083, 10.6251
current_data: 1.1194, 20799, 25.0209, 4205.0241
current_data: 2.1779, 441886, 13.1350, 3439.3947
SKT0: MBA COS6 => 65% requested, 70% applied
[32m[info] [src/pairwise_allocator.cpp:binary_serch_mb_roofline:937] descriptor1 COLS 5, find_mb_roofline_time: 4, roofline mb: 2352.5135, current mb 3439.3947, gap: 0.4620, lmb_throttle: 70, rmb_throttle: 60
[mcurrent_data: 1.0298, 869152, 5.9817, 1064.3811
current_data: 0.4913, 6984253, 59.3276, 3605.6456
current_data: 2.5451, 14951, 0.0084, 7.5000
current_data: 1.1190, 22761, 25.0232, 4273.7745
current_data: 2.1921, 485022, 12.9146, 3509.3951
[32m[info] [src/pairwise_allocator.cpp:found_mb_roofline:887] Fast found mb roofline, obj_id 137589, roofline mb: 2352.51 MB/s, roofline mb throttle: 70
[m[32m[info] [src/pairwise_allocator.cpp:binary_serch_mb_roofline:937] descriptor1 COLS 5, find_mb_roofline_time: 5, roofline mb: 2352.5135, current mb 3509.3951, gap: 0.4918, lmb_throttle: 70, rmb_throttle: 60
[m[32m[info] [src/pairwise_allocator.cpp:allocating_mb:1147] binary_serch_mb_roofline first pair success
[m[32m[info] [src/pairwise_allocator.cpp:pair_allocating_mb:1088] pair_allocating_mb begin, allocating times: 0, descriptor roofline mb throttle: 70, system remain mb: 93871.17 MB/s
[mSKT0: MBA COS5 => 20% requested, 20% applied
current_data: 1.0517, 1173155, 5.2055, 941.8804
current_data: 0.4261, 5942337, 69.2886, 4134.3987
current_data: 2.5495, 20685, 0.0019, 0.0000
current_data: 2.5705, 79624, 24.9225, 9903.1817
current_data: 2.0740, 477528, 7.2294, 1857.5106
[32m[info] [src/pairwise_allocator.cpp:pair_allocating_mb:1088] pair_allocating_mb begin, allocating times: 1, descriptor roofline mb throttle: 70, system remain mb: 93871.17 MB/s
[mSKT0: MBA COS5 => 30% requested, 30% applied
current_data: 1.0611, 1002121, 4.9801, 731.2542
current_data: 0.4241, 4860104, 69.5889, 3364.3943
current_data: 2.5486, 18544, 0.0020, 0.6250
current_data: 2.5792, 69206, 24.9331, 9230.0528
current_data: 2.3506, 511108, 7.2098, 2341.8884
[32m[info] [src/pairwise_allocator.cpp:pair_allocating_mb:1088] pair_allocating_mb begin, allocating times: 2, descriptor roofline mb throttle: 70, system remain mb: 93871.17 MB/s
[mSKT0: MBA COS5 => 40% requested, 40% applied
current_data: 1.0621, 1049224, 5.0158, 776.2544
current_data: 0.4231, 4827080, 69.7833, 3465.0198
current_data: 2.5492, 16318, 0.0008, 0.0000
current_data: 2.5710, 68272, 24.9275, 9041.9267
current_data: 2.0159, 457644, 13.9192, 3203.7683
[32m[info] [src/pairwise_allocator.cpp:pair_allocating_mb:1088] pair_allocating_mb begin, allocating times: 3, descriptor roofline mb throttle: 70, system remain mb: 93871.17 MB/s
[mSKT0: MBA COS5 => 50% requested, 50% applied
current_data: 1.0624, 1055360, 5.0996, 781.8795
current_data: 0.4225, 4985581, 69.8859, 3527.5202
current_data: 2.5510, 16019, 0.0007, 0.0000
current_data: 2.5573, 73883, 24.9163, 9433.1790
current_data: 2.1492, 494605, 13.0833, 3353.7692
[32m[info] [src/pairwise_allocator.cpp:pair_allocating_mb:1088] pair_allocating_mb begin, allocating times: 4, descriptor roofline mb throttle: 70, system remain mb: 93871.17 MB/s
[mSKT0: MBA COS5 => 60% requested, 60% applied
current_data: 1.0693, 1046310, 4.9291, 745.0043
current_data: 0.4217, 4929632, 70.0093, 3468.1448
current_data: 2.5457, 19232, 0.0019, 0.6250
current_data: 2.5631, 71937, 24.9269, 9286.3031
current_data: 2.2525, 560310, 12.7353, 2691.2654
[32m[info] [src/pairwise_allocator.cpp:pair_allocating_mb:1088] pair_allocating_mb begin, allocating times: 5, descriptor roofline mb throttle: 70, system remain mb: 93871.17 MB/s
[mSKT0: MBA COS5 => 70% requested, 70% applied
current_data: 1.0686, 1030870, 5.1289, 753.7543
current_data: 0.4213, 4734498, 70.1103, 3368.1443
current_data: 2.5509, 15709, 0.0014, 0.0000
current_data: 2.5643, 66126, 24.9316, 8961.3013
current_data: 2.5787, 466258, 7.1801, 2030.6366
[32m[info] [src/pairwise_allocator.cpp:pair_allocating_mb:1088] pair_allocating_mb begin, allocating times: 6, descriptor roofline mb throttle: 70, system remain mb: 93871.17 MB/s
[m[32m[info] [src/pairwise_allocator.cpp:allocating_fit_mb:958] Will allocating_fit_mb mb throttle: 70
[mSKT0: MBA COS5 => 70% requested, 70% applied
current_data: 1.0641, 1006102, 4.9808, 743.1293
current_data: 0.4201, 4636894, 70.2812, 3348.1442
current_data: 2.5509, 16065, 0.0009, 0.0000
current_data: 2.5733, 64877, 24.9288, 8813.1754
current_data: 2.5377, 490228, 6.8707, 1981.8863
[32m[info] [src/pairwise_allocator.cpp:allocating_mb:1121] Allocate mb: 1981.89 MB/s, mb_throttle: 70
[mSKT0: MBA COS6 => 100% requested, 100% applied
current_data: 1.0495, 939174, 5.8481, 1138.1315
current_data: 0.4832, 6535549, 60.4724, 3412.5195
current_data: 2.5456, 15123, 0.0092, 1.2500
current_data: 1.1212, 23143, 25.0153, 3874.3972
current_data: 2.0801, 373388, 7.1326, 1663.7595
SKT0: MBA COS6 => 60% requested, 60% applied
[32m[info] [src/pairwise_allocator.cpp:binary_serch_mb_roofline:937] descriptor1 COLS 1, find_mb_roofline_time: 1, roofline mb: 1138.1315, current mb 1138.1315, gap: 0.0000, lmb_throttle: 20, rmb_throttle: 100
[mcurrent_data: 1.0442, 931741, 5.9174, 1086.8812
current_data: 0.4937, 6866160, 59.2552, 3525.6452
current_data: 2.5492, 14265, 0.0074, 0.0000
current_data: 1.1220, 23476, 25.0209, 4178.1489
current_data: 1.2099, 276062, 17.4742, 2604.3899
SKT0: MBA COS6 => 40% requested, 40% applied
[32m[info] [src/pairwise_allocator.cpp:binary_serch_mb_roofline:937] descriptor1 COLS 1, find_mb_roofline_time: 2, roofline mb: 1138.1315, current mb 1086.8812, gap: 0.0450, lmb_throttle: 20, rmb_throttle: 60
[mcurrent_data: 1.0473, 915228, 5.7556, 1042.5060
current_data: 0.4925, 6758654, 59.4669, 3438.1447
current_data: 2.5487, 14621, 0.0082, 0.0000
current_data: 1.1206, 20145, 25.0237, 4105.0235
current_data: 2.0687, 389176, 7.3641, 1799.3853
SKT0: MBA COS6 => 30% requested, 30% applied
[32m[info] [src/pairwise_allocator.cpp:binary_serch_mb_roofline:937] descriptor1 COLS 1, find_mb_roofline_time: 3, roofline mb: 1138.1315, current mb 1042.5060, gap: 0.0840, lmb_throttle: 20, rmb_throttle: 40
[mcurrent_data: 1.0476, 898777, 5.7615, 1047.5060
current_data: 0.4927, 6616608, 59.3251, 3376.8943
current_data: 2.5472, 14155, 0.0088, 0.0000
current_data: 1.1202, 20875, 25.0201, 4078.7733
current_data: 1.9669, 359442, 7.0947, 1800.6353
SKT0: MBA COS6 => 20% requested, 20% applied
[32m[info] [src/pairwise_allocator.cpp:binary_serch_mb_roofline:937] descriptor1 COLS 1, find_mb_roofline_time: 4, roofline mb: 1138.1315, current mb 1047.5060, gap: 0.0796, lmb_throttle: 20, rmb_throttle: 30
[mcurrent_data: 1.0473, 895019, 5.6069, 986.8806
current_data: 0.4850, 6650465, 59.0895, 3378.1443
current_data: 2.5490, 15038, 0.0080, 0.0000
current_data: 1.1203, 20849, 25.0260, 4153.1488
current_data: 1.2699, 251820, 18.0910, 2563.1397
SKT0: MBA COS6 => 20% requested, 20% applied
[32m[info] [src/pairwise_allocator.cpp:binary_serch_mb_roofline:937] descriptor1 COLS 1, find_mb_roofline_time: 5, roofline mb: 1138.1315, current mb 986.8806, gap: 0.1329, lmb_throttle: 20, rmb_throttle: 20
[mcurrent_data: 1.0508, 901761, 5.6439, 995.6307
current_data: 0.3782, 3817868, 78.0219, 3448.1447
current_data: 2.5462, 14648, 0.0083, 0.0000
current_data: 1.1223, 20007, 25.0187, 4095.6484
current_data: 2.0498, 388491, 7.5380, 1807.5103
[32m[info] [src/pairwise_allocator.cpp:found_mb_roofline:887] Fast found mb roofline, obj_id 134569, roofline mb: 995.63 MB/s, roofline mb throttle: 20
[m[32m[info] [src/pairwise_allocator.cpp:binary_serch_mb_roofline:937] descriptor1 COLS 1, find_mb_roofline_time: 6, roofline mb: 995.6307, current mb 995.6307, gap: 0.0000, lmb_throttle: 20, rmb_throttle: 20
[m[32m[info] [src/pairwise_allocator.cpp:allocating_mb:1147] binary_serch_mb_roofline first pair success
[m[32m[info] [src/pairwise_allocator.cpp:pair_allocating_mb:1088] pair_allocating_mb begin, allocating times: 0, descriptor roofline mb throttle: 20, system remain mb: 91889.28 MB/s
[mSKT0: MBA COS1 => 20% requested, 20% applied
current_data: 1.0428, 1058922, 5.4390, 991.8807
current_data: 0.5004, 7848557, 58.4218, 3906.2724
current_data: 2.5477, 20127, 0.0022, 0.6250
current_data: 2.4560, 66919, 31.9373, 11214.4392
current_data: 2.1254, 449084, 13.3033, 3356.8942
[32m[info] [src/pairwise_allocator.cpp:pair_allocating_mb:1088] pair_allocating_mb begin, allocating times: 1, descriptor roofline mb throttle: 20, system remain mb: 91889.28 MB/s
[m[32m[info] [src/pairwise_allocator.cpp:allocating_fit_mb:958] Will allocating_fit_mb mb throttle: 20
[mSKT0: MBA COS1 => 20% requested, 20% applied
current_data: 1.0565, 938933, 5.1177, 761.2544
current_data: 0.4986, 6263357, 58.8171, 3138.7680
current_data: 2.5496, 15478, 0.0011, 0.0000
current_data: 2.4712, 57913, 31.9362, 10088.8077
current_data: 2.5841, 442121, 7.1415, 1928.7610
[32m[info] [src/pairwise_allocator.cpp:allocating_mb:1121] Allocate mb: 761.25 MB/s, mb_throttle: 20
[mSKT0: MBA COS6 => 100% requested, 100% applied
current_data: 1.0519, 1034320, 5.5098, 1016.8808
current_data: 0.4659, 6706762, 62.2261, 3626.8958
current_data: 2.5495, 18838, 0.0016, 0.6250
current_data: 0.9288, 24043, 32.0007, 4379.4001
current_data: 1.6732, 358891, 11.4115, 2126.8872
SKT0: MBA COS6 => 60% requested, 60% applied
[32m[info] [src/pairwise_allocator.cpp:binary_serch_mb_roofline:937] descriptor1 COLS 3, find_mb_roofline_time: 1, roofline mb: 0.6250, current mb 0.6250, gap: 0.0000, lmb_throttle: 20, rmb_throttle: 100
[mcurrent_data: 1.0382, 900280, 5.9041, 1000.0057
current_data: 0.4819, 6623690, 60.4678, 3472.5199
current_data: 2.5478, 17090, 0.0011, 0.0000
current_data: 0.9299, 20654, 32.0023, 4121.8986
current_data: 2.0697, 370900, 7.4423, 1722.5099
SKT0: MBA COS6 => 40% requested, 40% applied
[32m[info] [src/pairwise_allocator.cpp:binary_serch_mb_roofline:937] descriptor1 COLS 3, find_mb_roofline_time: 2, roofline mb: 0.6250, current mb 0.0000, gap: 1.0000, lmb_throttle: 20, rmb_throttle: 60
[mcurrent_data: 1.0316, 878578, 5.9497, 954.3805
current_data: 0.4810, 6740534, 60.4821, 3527.5202
current_data: 2.5512, 17375, 0.0011, 0.6250
current_data: 0.9293, 21285, 31.9910, 4289.3995
current_data: 1.1911, 284481, 18.1500, 2633.7651
SKT0: MBA COS6 => 30% requested, 30% applied
[32m[info] [src/pairwise_allocator.cpp:binary_serch_mb_roofline:937] descriptor1 COLS 3, find_mb_roofline_time: 3, roofline mb: 0.6250, current mb 0.6250, gap: 0.0000, lmb_throttle: 20, rmb_throttle: 40
[mcurrent_data: 1.0334, 892509, 6.0633, 1020.0058
current_data: 0.4811, 6768277, 60.5171, 3538.7702
current_data: 2.5509, 17349, 0.0010, 0.0000
current_data: 0.9287, 20103, 31.9995, 4299.3996
current_data: 1.9607, 389285, 8.2010, 1827.5105
SKT0: MBA COS6 => 20% requested, 20% applied
[32m[info] [src/pairwise_allocator.cpp:binary_serch_mb_roofline:937] descriptor1 COLS 3, find_mb_roofline_time: 4, roofline mb: 0.6250, current mb 0.0000, gap: 1.0000, lmb_throttle: 20, rmb_throttle: 30
[mcurrent_data: 1.0357, 877785, 5.7874, 1015.0058
current_data: 0.4799, 6661649, 60.5979, 3445.6447
current_data: 2.5503, 18244, 0.0015, 1.8750
current_data: 0.9306, 22127, 31.9894, 4274.3995
current_data: 2.0661, 396531, 7.4183, 1782.5102
SKT0: MBA COS6 => 20% requested, 20% applied
[32m[info] [src/pairwise_allocator.cpp:binary_serch_mb_roofline:937] descriptor1 COLS 3, find_mb_roofline_time: 5, roofline mb: 0.6250, current mb 1.8750, gap: 2.0000, lmb_throttle: 20, rmb_throttle: 20
[mcurrent_data: 1.0340, 864709, 5.8655, 968.1305
current_data: 0.4851, 6820314, 60.1016, 3444.3947
current_data: 2.5503, 17109, 0.0009, 0.0000
current_data: 0.9292, 19142, 32.0056, 4313.7747
current_data: 1.2097, 271322, 17.6648, 2656.2652
[32m[info] [src/pairwise_allocator.cpp:found_mb_roofline:887] Fast found mb roofline, obj_id 134584, roofline mb: 0.63 MB/s, roofline mb throttle: 20
[m[32m[info] [src/pairwise_allocator.cpp:binary_serch_mb_roofline:937] descriptor1 COLS 3, find_mb_roofline_time: 6, roofline mb: 0.6250, current mb 0.0000, gap: 1.0000, lmb_throttle: 20, rmb_throttle: 20
[m[32m[info] [src/pairwise_allocator.cpp:allocating_mb:1147] binary_serch_mb_roofline first pair success
[m[32m[info] [src/pairwise_allocator.cpp:pair_allocating_mb:1088] pair_allocating_mb begin, allocating times: 0, descriptor roofline mb throttle: 20, system remain mb: 91128.03 MB/s
[mSKT0: MBA COS3 => 20% requested, 20% applied
current_data: 1.0322, 1136156, 5.5432, 995.0057
current_data: 0.4469, 6617078, 65.9420, 4163.7738
current_data: 2.5489, 21423, 0.0017, 0.0000
current_data: 2.4744, 76430, 31.9197, 11663.8167
current_data: 2.5599, 534469, 7.3227, 2158.1373
[32m[info] [src/pairwise_allocator.cpp:pair_allocating_mb:1088] pair_allocating_mb begin, allocating times: 1, descriptor roofline mb throttle: 20, system remain mb: 91128.03 MB/s
[m[32m[info] [src/pairwise_allocator.cpp:allocating_fit_mb:958] Will allocating_fit_mb mb throttle: 20
[mSKT0: MBA COS3 => 20% requested, 20% applied
current_data: 1.0539, 964204, 5.0767, 757.5043
current_data: 0.4449, 5218622, 66.2613, 3315.0190
current_data: 2.5469, 16932, 0.0018, 0.0000
current_data: 2.4593, 62928, 31.9197, 10395.6845
current_data: 2.3717, 422552, 8.9482, 2791.2660
[32m[info] [src/pairwise_allocator.cpp:allocating_mb:1121] Allocate mb: 0.00 MB/s, mb_throttle: 20
[mcurrent_data: 1.0591, 984404, 5.1424, 732.5042
current_data: 0.4443, 5224031, 66.3462, 3310.6439
current_data: 2.5485, 17288, 0.0010, 0.0000
current_data: 2.4632, 61970, 31.9279, 10566.3105
current_data: 2.1208, 453047, 13.4992, 3255.0186
current_data: 1.0590, 5208308, 5.0388, 3906.2724
current_data: 0.3852, 19335765, 76.0909, 17110.7229
current_data: 2.5491, 89478, 0.0014, 6.2500
current_data: 2.4651, 325041, 31.9251, 54439.0615
current_data: 2.3045, 2517617, 10.5924, 14171.3311
current_data: 1.0605, 5186956, 5.0037, 3843.1470
current_data: 0.3846, 19677563, 76.9966, 16793.8461
current_data: 2.5502, 80936, 0.0008, 0.0000
current_data: 2.3285, 286307, 32.6014, 52741.5518
current_data: 2.3075, 2568241, 10.5920, 14099.4557
current_data: 1.0712, 5172308, 5.0185, 3755.6465
current_data: 0.3852, 19544064, 76.9950, 16721.9707
current_data: 2.5496, 82864, 0.0009, 0.0000
current_data: 2.1807, 302530, 34.2314, 45774.0119
current_data: 2.3190, 2472427, 10.6120, 14035.7053
current_data: 1.0717, 5140742, 4.9848, 3701.2712
current_data: 0.3852, 19292841, 77.0311, 16487.5943
current_data: 2.5516, 78889, 0.0008, 0.0000
current_data: 2.1825, 287362, 34.2323, 45136.5083
current_data: 2.3742, 2614317, 9.8989, 12775.6981
current_data: 1.0764, 5162802, 4.9548, 3758.7715
current_data: 0.3850, 19340932, 77.0665, 16565.7198
current_data: 2.5499, 77760, 0.0007, 0.0000
current_data: 2.1178, 336517, 34.4051, 44393.3790
current_data: 2.4069, 2556585, 9.3938, 12738.1979
current_data: 1.0554, 5097972, 5.0965, 3956.8976
current_data: 0.3836, 19319090, 77.0417, 16606.9700
current_data: 2.5492, 83943, 0.0011, 1.2500
current_data: 1.7859, 8707158, 31.3705, 48011.5247
current_data: 2.3695, 2434374, 9.4843, 12633.8223
current_data: 1.0497, 5049801, 5.0266, 3759.3965
current_data: 0.3836, 19327052, 77.0213, 16460.0942
current_data: 2.5499, 85991, 0.0013, 0.6250
current_data: 2.8128, 9847251, 22.0154, 51359.6689
current_data: 2.2894, 2438015, 10.6252, 13831.3291
current_data: 1.0619, 5079768, 5.0105, 3741.8964
current_data: 0.3840, 19273392, 77.0553, 16554.4697
current_data: 2.5502, 87109, 0.0012, 1.2500
current_data: 2.9171, 11660961, 20.9202, 44787.1313
current_data: 2.3110, 2476376, 10.6600, 13928.2047
[32m[info] [src/pairwise_allocator.cpp:allocating:1174] Will begin allocating cache, allocation_ready_queue size 2, allocation_complete_queue size 3
[mcurrent_data: 1.0318, 847986, 5.6601, 896.8801
current_data: 0.4780, 6310624, 60.3854, 3279.3938
current_data: 2.5385, 17738, 0.0121, 0.0000
current_data: 0.7316, 90135, 25.9893, 3574.3955
current_data: 1.2677, 217544, 16.3722, 2394.3887
[32m[info] [src/pairwise_allocator.cpp:binary_serch_cache_roofline:462] descriptor COLS 4, find_cache_roofline_times: 1, roofline ipc: 0.7316, current ipc 0.7316, gap: 0.0000, lway: 1, rway: 14
[mcurrent_data: 1.0225, 765325, 6.1991, 920.0053
current_data: 0.4856, 6126356, 59.9292, 3078.1426
current_data: 2.2576, 34249, 0.0299, 0.0000
current_data: 0.7267, 89275, 26.0028, 3683.1461
current_data: 1.9831, 369636, 7.5908, 1581.2590
[32m[info] [src/pairwise_allocator.cpp:binary_serch_cache_roofline:462] descriptor COLS 4, find_cache_roofline_times: 2, roofline ipc: 0.7316, current ipc 0.7267, gap: 0.0067, lway: 1, rway: 7
[mcurrent_data: 1.0186, 753944, 5.8722, 809.3796
current_data: 0.4854, 6040746, 59.7617, 3090.6427
current_data: 2.2655, 33806, 0.0313, 0.0000
current_data: 0.7221, 70826, 26.1422, 3623.7707
current_data: 1.7175, 312639, 8.6859, 1742.5100
[32m[info] [src/pairwise_allocator.cpp:binary_serch_cache_roofline:462] descriptor COLS 4, find_cache_roofline_times: 3, roofline ipc: 0.7316, current ipc 0.7221, gap: 0.0130, lway: 1, rway: 4
[mcurrent_data: 1.0167, 763213, 6.1255, 906.8802
current_data: 0.4828, 6058373, 60.3030, 3145.0180
current_data: 2.1570, 43179, 0.0422, 0.0000
current_data: 0.7203, 55207, 26.2737, 3706.8962
current_data: 1.9208, 417748, 7.7367, 1558.1339
[32m[info] [src/pairwise_allocator.cpp:binary_serch_cache_roofline:462] descriptor COLS 4, find_cache_roofline_times: 4, roofline ipc: 0.7316, current ipc 0.7203, gap: 0.0154, lway: 1, rway: 2
[mcurrent_data: 1.0228, 747259, 6.0627, 865.0049
current_data: 0.4895, 6135220, 59.5253, 3078.7676
current_data: 2.2258, 36420, 0.0339, 0.0000
current_data: 0.7146, 36008, 26.3911, 3595.6456
current_data: 1.8776, 423520, 7.3366, 1479.3835
[32m[info] [src/pairwise_allocator.cpp:binary_serch_cache_roofline:462] descriptor COLS 4, find_cache_roofline_times: 5, roofline ipc: 0.7316, current ipc 0.7146, gap: 0.0233, lway: 1, rway: 1
[mcurrent_data: 1.0205, 764092, 5.8948, 880.6300
current_data: 0.4807, 6076089, 60.4610, 3133.7679
current_data: 2.1595, 44455, 0.0430, 0.0000
current_data: 0.7152, 35268, 26.4259, 3688.7711
current_data: 1.6586, 392546, 10.2214, 1679.3846
[32m[info] [src/pairwise_allocator.cpp:found_cache_roofline:405] Found_cache_roofline, obj_id 137579, roofline cache way: 1, roofline remain cache: 14, roofline cache bitmask: 0x7ffe
[m[32m[info] [src/pairwise_allocator.cpp:binary_serch_cache_roofline:462] descriptor COLS 4, find_cache_roofline_times: 6, roofline ipc: 0.7316, current ipc 0.7152, gap: 0.0224, lway: 1, rway: 1
[m[32m[info] [src/pairwise_allocator.cpp:allocating_cache:846] binary_serch_cache_roofline first pair success
[m[32m[info] [src/pairwise_allocator.cpp:pair_allocating_cache:770] pair_allocating_cache begin, allocating time: 0, descriptor roofline cache way: 1, system remain cache way: 6, complete queue size: 3
[m[32m[info] [src/pairwise_allocator.cpp:allocating_cache:852] Complete pair_allocating_cache, allocate cache ways: 1
[mcurrent_data: 1.0049, 983246, 5.3698, 849.3799
current_data: 0.4243, 5373158, 69.1827, 3815.6468
current_data: 2.5463, 19993, 0.0025, 0.0000
current_data: 2.2056, 45477, 26.4972, 12354.4457
current_data: 2.0467, 409267, 13.8236, 3151.2680
current_data: 1.0514, 933185, 5.5395, 894.3801
current_data: 0.4603, 5950286, 62.9049, 3265.6437
current_data: 2.5495, 18387, 0.0019, 0.0000
current_data: 0.9278, 25541, 31.9965, 3940.6475
current_data: 1.1718, 257215, 18.6358, 2483.1392
[32m[info] [src/pairwise_allocator.cpp:binary_serch_cache_roofline:462] descriptor COLS 3, find_cache_roofline_times: 1, roofline ipc: 2.5495, current ipc 2.5495, gap: 0.0000, lway: 1, rway: 14
[mcurrent_data: 1.0396, 855174, 5.9753, 976.8806
current_data: 0.4792, 6355411, 60.6384, 3221.2684
current_data: 2.5501, 16583, 0.0006, 0.0000
current_data: 0.9325, 23644, 32.0020, 4104.3985
current_data: 2.0700, 402287, 7.3316, 1738.1349
[32m[info] [src/pairwise_allocator.cpp:binary_serch_cache_roofline:462] descriptor COLS 3, find_cache_roofline_times: 2, roofline ipc: 2.5501, current ipc 2.5501, gap: 0.0000, lway: 1, rway: 7
[mcurrent_data: 1.0330, 837406, 5.9280, 966.8805
current_data: 0.4812, 6395949, 60.5152, 3281.2688
current_data: 2.5499, 17484, 0.0008, 0.0000
current_data: 0.9285, 22614, 32.0017, 4120.0236
current_data: 1.6711, 341989, 9.9938, 2088.7620
[32m[info] [src/pairwise_allocator.cpp:binary_serch_cache_roofline:462] descriptor COLS 3, find_cache_roofline_times: 3, roofline ipc: 2.5501, current ipc 2.5499, gap: 0.0001, lway: 1, rway: 4
[mcurrent_data: 1.0359, 802761, 5.9292, 891.8801
current_data: 0.4828, 6292683, 60.3700, 3211.8934
current_data: 2.5502, 18156, 0.0018, 0.0000
current_data: 0.9283, 22444, 31.9863, 4136.8987
current_data: 1.5520, 324001, 12.8998, 2179.3875
[32m[info] [src/pairwise_allocator.cpp:binary_serch_cache_roofline:462] descriptor COLS 3, find_cache_roofline_times: 4, roofline ipc: 2.5502, current ipc 2.5502, gap: 0.0000, lway: 1, rway: 2
[mcurrent_data: 1.0320, 839273, 6.1102, 970.0056
current_data: 0.4783, 6387044, 60.8106, 3303.1439
current_data: 2.5518, 16610, 0.0010, 0.0000
current_data: 0.9301, 20933, 31.9990, 4136.8987
current_data: 2.0710, 380803, 7.2203, 1732.5099
[32m[info] [src/pairwise_allocator.cpp:binary_serch_cache_roofline:462] descriptor COLS 3, find_cache_roofline_times: 5, roofline ipc: 2.5518, current ipc 2.5518, gap: 0.0000, lway: 1, rway: 1
[mcurrent_data: 1.0323, 816589, 5.9533, 941.2554
current_data: 0.4821, 6390370, 60.3264, 3250.0186
current_data: 2.5496, 16080, 0.0012, 0.0000
current_data: 0.9301, 21502, 31.9906, 4062.5232
current_data: 1.1504, 243016, 18.7990, 2503.1393
[32m[info] [src/pairwise_allocator.cpp:found_cache_roofline:405] Found_cache_roofline, obj_id 134584, roofline cache way: 1, roofline remain cache: 14, roofline cache bitmask: 0x7ffe
[m[32m[info] [src/pairwise_allocator.cpp:binary_serch_cache_roofline:462] descriptor COLS 3, find_cache_roofline_times: 6, roofline ipc: 2.5518, current ipc 2.5496, gap: 0.0008, lway: 1, rway: 1
[m[32m[info] [src/pairwise_allocator.cpp:allocating_cache:846] binary_serch_cache_roofline first pair success
[m[32m[info] [src/pairwise_allocator.cpp:pair_allocating_cache:770] pair_allocating_cache begin, allocating time: 0, descriptor roofline cache way: 1, system remain cache way: 5, complete queue size: 4
[m[32m[info] [src/pairwise_allocator.cpp:allocating_cache:852] Complete pair_allocating_cache, allocate cache ways: 1
[m[34m[critical] [src/pairwise_allocator.cpp:print_allocating_cache_results:815] print_allocating_cache_results: system remain cache: 4
[m[34m[critical] [src/pairwise_allocator.cpp:print_allocating_cache_results:818] obj: 134569, cache_way: 4, roofline cache way: 4
[m[34m[critical] [src/pairwise_allocator.cpp:print_allocating_cache_results:818] obj: 137589, cache_way: 4, roofline cache way: 4
[m[34m[critical] [src/pairwise_allocator.cpp:print_allocating_cache_results:818] obj: 134574, cache_way: 1, roofline cache way: 1
[m[34m[critical] [src/pairwise_allocator.cpp:print_allocating_cache_results:823] obj: 137579, cache_way: 1, roofline cache way: 1
[m[34m[critical] [src/pairwise_allocator.cpp:print_allocating_cache_results:823] obj: 134584, cache_way: 1, roofline cache way: 1
[mSKT0: MBA COS6 => 100% requested, 100% applied
current_data: 1.0229, 1034829, 5.5052, 1040.0060
current_data: 0.4651, 7045311, 61.9701, 3835.6469
current_data: 2.5450, 17374, 0.0092, 4.3750
current_data: 2.4855, 56544, 31.9377, 10833.1870
current_data: 2.0674, 398527, 7.2501, 1720.0098
SKT0: MBA COS6 => 60% requested, 60% applied
[32m[info] [src/pairwise_allocator.cpp:binary_serch_mb_roofline:937] descriptor1 COLS 4, find_mb_roofline_time: 1, roofline mb: 10833.1870, current mb 10833.1870, gap: 0.0000, lmb_throttle: 20, rmb_throttle: 100
[mcurrent_data: 1.0022, 791627, 6.0863, 866.2550
current_data: 0.4763, 6224318, 60.9600, 3292.5188
current_data: 2.3086, 34817, 0.0275, 9.3751
current_data: 2.4741, 59139, 31.9406, 10735.6864
current_data: 1.1162, 260160, 19.5600, 2477.5142
SKT0: MBA COS6 => 40% requested, 40% applied
[32m[info] [src/pairwise_allocator.cpp:binary_serch_mb_roofline:937] descriptor1 COLS 4, find_mb_roofline_time: 2, roofline mb: 10833.1870, current mb 10735.6864, gap: 0.0090, lmb_throttle: 20, rmb_throttle: 60
[mcurrent_data: 1.0153, 786248, 6.2016, 910.6302
current_data: 0.4805, 6151154, 60.5985, 3143.1430
current_data: 2.1758, 42701, 0.0383, 5.0000
current_data: 2.0258, 49741, 31.9243, 8509.4237
current_data: 1.9907, 412603, 7.4782, 1623.7593
SKT0: MBA COS6 => 55% requested, 60% applied
[32m[info] [src/pairwise_allocator.cpp:binary_serch_mb_roofline:937] descriptor1 COLS 4, find_mb_roofline_time: 3, roofline mb: 10833.1870, current mb 8509.4237, gap: 0.2145, lmb_throttle: 50, rmb_throttle: 60
[mcurrent_data: 0.9989, 766924, 6.0882, 877.5050
current_data: 0.4808, 6129194, 60.4751, 3146.8930
current_data: 2.3072, 32837, 0.0277, 8.7501
current_data: 2.4807, 52497, 31.9450, 10461.9349
current_data: 1.0850, 233415, 20.4576, 2419.3888
SKT0: MBA COS6 => 50% requested, 50% applied
[32m[info] [src/pairwise_allocator.cpp:binary_serch_mb_roofline:937] descriptor1 COLS 4, find_mb_roofline_time: 4, roofline mb: 10833.1870, current mb 10461.9349, gap: 0.0343, lmb_throttle: 50, rmb_throttle: 60
[mcurrent_data: 1.0042, 758714, 6.1530, 842.5048
current_data: 0.3841, 2936044, 72.1875, 3424.3946
current_data: 2.1942, 40146, 0.0345, 3.7500
current_data: 2.4694, 50773, 31.9612, 10529.4352
current_data: 2.0303, 383297, 7.2373, 1658.7595
SKT0: MBA COS6 => 50% requested, 50% applied
[32m[info] [src/pairwise_allocator.cpp:binary_serch_mb_roofline:937] descriptor1 COLS 4, find_mb_roofline_time: 5, roofline mb: 10833.1870, current mb 10529.4352, gap: 0.0280, lmb_throttle: 50, rmb_throttle: 50
[mcurrent_data: 1.0042, 722639, 5.9195, 783.7545
current_data: 0.3713, 3325986, 78.8907, 3001.8922
current_data: 2.2921, 33136, 0.0290, 6.8750
current_data: 2.4602, 45936, 31.9499, 9730.0557
current_data: 1.6012, 299641, 10.2954, 1920.0110
[32m[info] [src/pairwise_allocator.cpp:found_mb_roofline:887] Fast found mb roofline, obj_id 137579, roofline mb: 10833.19 MB/s, roofline mb throttle: 50
[m[32m[info] [src/pairwise_allocator.cpp:binary_serch_mb_roofline:937] descriptor1 COLS 4, find_mb_roofline_time: 6, roofline mb: 10833.1870, current mb 9730.0557, gap: 0.1018, lmb_throttle: 50, rmb_throttle: 50
[m[32m[info] [src/pairwise_allocator.cpp:allocating_mb:1147] binary_serch_mb_roofline first pair success
[m[32m[info] [src/pairwise_allocator.cpp:pair_allocating_mb:1088] pair_allocating_mb begin, allocating times: 0, descriptor roofline mb throttle: 50, system remain mb: 101560.59 MB/s
[mSKT0: MBA COS4 => 20% requested, 20% applied
current_data: 1.0627, 1047602, 5.2606, 893.1301
current_data: 0.4299, 5453026, 68.7929, 3512.5201
current_data: 2.5484, 19893, 0.0017, 0.6250
current_data: 1.1195, 39874, 24.9545, 4101.2735
current_data: 2.6239, 494622, 7.1632, 2057.5118
[32m[info] [src/pairwise_allocator.cpp:pair_allocating_mb:1088] pair_allocating_mb begin, allocating times: 1, descriptor roofline mb throttle: 50, system remain mb: 101560.59 MB/s
[mSKT0: MBA COS4 => 30% requested, 30% applied
current_data: 1.0721, 882637, 5.1461, 666.2538
current_data: 0.4286, 4302336, 68.9722, 2822.5162
current_data: 2.5474, 16722, 0.0023, 0.0000
current_data: 1.6857, 35150, 24.9604, 4934.4032
current_data: 2.5566, 478209, 6.8712, 1760.6351
[32m[info] [src/pairwise_allocator.cpp:pair_allocating_mb:1088] pair_allocating_mb begin, allocating times: 2, descriptor roofline mb throttle: 50, system remain mb: 101560.59 MB/s
[mSKT0: MBA COS4 => 40% requested, 40% applied
current_data: 1.0661, 869688, 5.0816, 648.1287
current_data: 0.4276, 4223552, 69.0534, 2724.3906
current_data: 2.5494, 15740, 0.0012, 0.0000
current_data: 2.2244, 40918, 24.9630, 6747.5386
current_data: 2.0767, 438801, 14.4036, 3039.3924
[32m[info] [src/pairwise_allocator.cpp:pair_allocating_mb:1088] pair_allocating_mb begin, allocating times: 3, descriptor roofline mb throttle: 50, system remain mb: 101560.59 MB/s
[mSKT0: MBA COS4 => 50% requested, 50% applied
current_data: 1.0636, 872264, 5.0850, 677.5039
current_data: 0.4264, 4151479, 69.2514, 2766.2658
current_data: 2.5487, 14390, 0.0011, 0.0000
current_data: 2.5637, 45545, 24.9712, 7671.9189
current_data: 2.6119, 471570, 6.9703, 1830.0105
[32m[info] [src/pairwise_allocator.cpp:pair_allocating_mb:1088] pair_allocating_mb begin, allocating times: 4, descriptor roofline mb throttle: 50, system remain mb: 101560.59 MB/s
[m[32m[info] [src/pairwise_allocator.cpp:allocating_fit_mb:958] Will allocating_fit_mb mb throttle: 50
[mSKT0: MBA COS4 => 50% requested, 50% applied
current_data: 1.0583, 873971, 5.2205, 645.6287
current_data: 0.4258, 4213579, 69.3123, 2788.7660
current_data: 2.5487, 14469, 0.0017, 0.0000
current_data: 2.5491, 44878, 24.9701, 7680.6689
current_data: 2.5218, 434991, 7.1743, 1860.6356
[32m[info] [src/pairwise_allocator.cpp:allocating_mb:1121] Allocate mb: 7680.67 MB/s, mb_throttle: 50
[mSKT0: MBA COS6 => 100% requested, 100% applied
current_data: 1.0528, 912736, 5.5700, 894.3801
current_data: 0.4584, 5533476, 63.1783, 3039.3924
current_data: 2.5470, 17580, 0.0022, 6.2500
current_data: 1.1197, 23571, 25.0226, 3611.8957
current_data: 1.0677, 237208, 21.0396, 2413.7638
SKT0: MBA COS6 => 60% requested, 60% applied
[32m[info] [src/pairwise_allocator.cpp:binary_serch_mb_roofline:937] descriptor1 COLS 3, find_mb_roofline_time: 1, roofline mb: 6.2500, current mb 6.2500, gap: 0.0000, lmb_throttle: 20, rmb_throttle: 100
[mcurrent_data: 1.0343, 842978, 6.0034, 964.3805
current_data: 0.4766, 6036917, 61.0564, 3100.0177
current_data: 2.5482, 16615, 0.0012, 7.5000
current_data: 1.0954, 23220, 25.0209, 3795.6467
current_data: 2.0876, 358862, 7.2738, 1610.6342
SKT0: MBA COS6 => 40% requested, 40% applied
[32m[info] [src/pairwise_allocator.cpp:binary_serch_mb_roofline:937] descriptor1 COLS 3, find_mb_roofline_time: 2, roofline mb: 7.5000, current mb 7.5000, gap: 0.0000, lmb_throttle: 20, rmb_throttle: 60
[mcurrent_data: 1.0326, 812511, 6.0066, 992.5057
current_data: 0.4814, 6149871, 60.5000, 3047.5174
current_data: 2.5489, 14890, 0.0010, 0.0000
current_data: 1.1201, 23110, 25.0264, 3913.1474
current_data: 1.5453, 297563, 11.5882, 2146.8873
SKT0: MBA COS6 => 30% requested, 30% applied
[32m[info] [src/pairwise_allocator.cpp:binary_serch_mb_roofline:937] descriptor1 COLS 3, find_mb_roofline_time: 3, roofline mb: 0.0000, current mb 0.0000, gap: -nan, lmb_throttle: 20, rmb_throttle: 40
[mcurrent_data: 1.0373, 797929, 6.1803, 960.0055
current_data: 0.4849, 6096640, 60.2667, 3037.5174
current_data: 2.5491, 17203, 0.0016, 0.6250
current_data: 1.1206, 22646, 25.0298, 3788.7717
current_data: 1.9206, 356314, 8.5985, 1547.5089
SKT0: MBA COS6 => 20% requested, 20% applied
[32m[info] [src/pairwise_allocator.cpp:binary_serch_mb_roofline:937] descriptor1 COLS 3, find_mb_roofline_time: 4, roofline mb: 0.6250, current mb 0.6250, gap: 0.0000, lmb_throttle: 20, rmb_throttle: 30
[mcurrent_data: 1.0342, 790636, 5.8639, 924.3803
current_data: 0.4817, 6080861, 60.5505, 3019.3923
current_data: 2.5494, 15507, 0.0011, 1.2500
current_data: 1.1203, 23732, 25.0209, 3895.0223
current_data: 2.0534, 357659, 7.5580, 1641.2594
SKT0: MBA COS6 => 20% requested, 20% applied
[32m[info] [src/pairwise_allocator.cpp:binary_serch_mb_roofline:937] descriptor1 COLS 3, find_mb_roofline_time: 5, roofline mb: 1.2500, current mb 1.2500, gap: 0.0000, lmb_throttle: 20, rmb_throttle: 20
[mcurrent_data: 1.0279, 785672, 6.1308, 956.2555
current_data: 0.4804, 6073537, 60.6676, 3014.3922
current_data: 2.5492, 15322, 0.0010, 0.0000
current_data: 1.1197, 21784, 25.0319, 3854.3971
current_data: 1.1691, 204964, 19.2500, 2528.7645
[32m[info] [src/pairwise_allocator.cpp:found_mb_roofline:887] Fast found mb roofline, obj_id 134584, roofline mb: 1.25 MB/s, roofline mb throttle: 20
[m[32m[info] [src/pairwise_allocator.cpp:binary_serch_mb_roofline:937] descriptor1 COLS 3, find_mb_roofline_time: 6, roofline mb: 1.2500, current mb 0.0000, gap: 1.0000, lmb_throttle: 20, rmb_throttle: 20
[m[32m[info] [src/pairwise_allocator.cpp:allocating_mb:1147] binary_serch_mb_roofline first pair success
[m[32m[info] [src/pairwise_allocator.cpp:pair_allocating_mb:1088] pair_allocating_mb begin, allocating times: 0, descriptor roofline mb throttle: 20, system remain mb: 93879.92 MB/s
[mSKT0: MBA COS3 => 20% requested, 20% applied
current_data: 1.0437, 997090, 5.4510, 934.3803
current_data: 0.4550, 6069528, 64.7831, 3503.7700
current_data: 2.5466, 19015, 0.0017, 0.0000
current_data: 1.9798, 33487, 24.5191, 6331.2862
current_data: 2.0929, 405970, 14.4745, 3089.3927
[32m[info] [src/pairwise_allocator.cpp:pair_allocating_mb:1088] pair_allocating_mb begin, allocating times: 1, descriptor roofline mb throttle: 20, system remain mb: 93879.92 MB/s
[m[32m[info] [src/pairwise_allocator.cpp:allocating_fit_mb:958] Will allocating_fit_mb mb throttle: 20
[mSKT0: MBA COS3 => 20% requested, 20% applied
current_data: 1.0544, 804446, 5.0821, 616.8785
current_data: 0.4530, 4668027, 65.0070, 2659.3902
current_data: 2.5474, 15111, 0.0015, 0.0000
current_data: 2.3306, 71145, 32.9655, 9006.3015
current_data: 2.0728, 389099, 14.5937, 3120.6429
[32m[info] [src/pairwise_allocator.cpp:allocating_mb:1121] Allocate mb: 0.00 MB/s, mb_throttle: 20
[mcurrent_data: 1.0607, 851807, 5.1548, 676.8789
current_data: 0.4521, 4695555, 65.1739, 2748.7657
current_data: 2.5467, 16124, 0.0014, 0.0000
current_data: 2.4631, 46747, 31.9677, 9060.0518
current_data: 2.5856, 434293, 7.0570, 1795.6353
current_data: 1.0608, 5034902, 4.9238, 3731.8964
current_data: 0.3854, 18819188, 76.0846, 16473.2193
current_data: 2.5502, 81421, 0.0010, 0.6250
current_data: 2.4608, 257436, 31.9659, 53027.1784
current_data: 2.3155, 2453966, 10.6550, 13850.0793
current_data: 1.0573, 4924022, 5.0309, 3638.7708
current_data: 0.3844, 18933386, 77.0117, 15966.9664
current_data: 2.5496, 85296, 0.0011, 0.0000
current_data: 2.4586, 248187, 31.9667, 52047.7978
current_data: 2.3108, 2507337, 10.6810, 13699.4534
current_data: 1.0596, 4978008, 5.1008, 3808.1468
current_data: 0.3844, 18991854, 76.9939, 16047.5918
current_data: 2.5490, 83175, 0.0011, 0.6250
current_data: 2.4579, 242695, 31.9669, 52276.5491
current_data: 2.3240, 2456346, 10.7034, 13833.2042
current_data: 1.0566, 4908853, 5.1607, 3735.0214
current_data: 0.3844, 18943162, 77.0134, 15933.2162
current_data: 2.5497, 82065, 0.0010, 0.0000
current_data: 2.4609, 248688, 31.9653, 52324.6744
current_data: 2.4050, 2401839, 9.4151, 12588.1970
current_data: 1.0577, 4932005, 5.0281, 3704.3962
current_data: 0.3842, 18987958, 77.0674, 16071.3420
current_data: 2.5510, 76764, 0.0008, 0.0000
current_data: 2.4597, 245657, 31.9673, 52322.7994
current_data: 2.3866, 2476636, 9.4249, 12888.8238
current_data: 1.0550, 4948242, 5.1258, 3715.0213
current_data: 0.3842, 18966312, 77.0496, 16066.9669
current_data: 2.5507, 79792, 0.0009, 0.0000
current_data: 2.4606, 244875, 31.9691, 52300.9243
current_data: 2.3104, 2429322, 10.7170, 13710.7035
current_data: 1.0585, 4951999, 4.9240, 3578.7705
current_data: 0.3844, 19006711, 77.0249, 15996.9665
current_data: 2.5502, 76550, 0.0007, 0.0000
current_data: 2.4628, 237740, 31.9683, 52354.6746
current_data: 2.3193, 2442927, 10.6128, 13728.2036
[32m[info] [src/pairwise_allocator.cpp:allocating:1174] Will begin allocating cache, allocation_ready_queue size 1, allocation_complete_queue size 4
[mcurrent_data: 1.0568, 986632, 5.6993, 1081.8812
current_data: 0.4588, 6075201, 63.2589, 3471.2699
current_data: 2.5492, 18793, 0.0020, 0.0000
current_data: 0.9430, 27170, 34.3046, 3945.0226
current_data: 1.3485, 317968, 16.6571, 2386.8887
[32m[info] [src/pairwise_allocator.cpp:binary_serch_cache_roofline:462] descriptor COLS 3, find_cache_roofline_times: 1, roofline ipc: 2.5492, current ipc 2.5492, gap: 0.0000, lway: 1, rway: 14
[mcurrent_data: 1.0379, 812072, 5.8501, 945.6304
current_data: 0.4748, 5910960, 61.4298, 3233.1435
current_data: 2.5501, 16942, 0.0012, 0.0000
current_data: 0.9436, 23712, 34.3079, 3808.1468
current_data: 2.0856, 363029, 7.2509, 1684.3846
[32m[info] [src/pairwise_allocator.cpp:binary_serch_cache_roofline:462] descriptor COLS 3, find_cache_roofline_times: 2, roofline ipc: 2.5501, current ipc 2.5501, gap: 0.0000, lway: 1, rway: 7
[mcurrent_data: 1.0350, 802529, 5.9461, 938.7554
current_data: 0.4786, 6034467, 61.0236, 3295.0189
current_data: 2.5500, 15481, 0.0007, 0.0000
current_data: 0.9430, 24105, 34.3021, 3812.5218
current_data: 1.0951, 258894, 20.5688, 2468.1391
[32m[info] [src/pairwise_allocator.cpp:binary_serch_cache_roofline:462] descriptor COLS 3, find_cache_roofline_times: 3, roofline ipc: 2.5501, current ipc 2.5500, gap: 0.0000, lway: 1, rway: 4
[mcurrent_data: 1.0346, 818625, 6.1586, 1012.5058
current_data: 0.4755, 6031567, 61.3348, 3248.1436
current_data: 2.5502, 17132, 0.0009, 0.0000
current_data: 0.9435, 26953, 34.2991, 3905.0223
current_data: 2.1054, 371903, 7.1993, 1693.7597
[32m[info] [src/pairwise_allocator.cpp:binary_serch_cache_roofline:462] descriptor COLS 3, find_cache_roofline_times: 4, roofline ipc: 2.5502, current ipc 2.5502, gap: 0.0000, lway: 1, rway: 2
[mcurrent_data: 1.0334, 794750, 5.8082, 995.6307
current_data: 0.4784, 6144517, 60.9422, 3293.1438
current_data: 2.5488, 16258, 0.0013, 0.0000
current_data: 0.9428, 24030, 34.2947, 3888.7723
current_data: 1.3744, 263886, 14.3474, 2413.7638
[32m[info] [src/pairwise_allocator.cpp:binary_serch_cache_roofline:462] descriptor COLS 3, find_cache_roofline_times: 5, roofline ipc: 2.5502, current ipc 2.5488, gap: 0.0006, lway: 1, rway: 1
[mcurrent_data: 1.0331, 769181, 6.1464, 984.3806
current_data: 0.4777, 5960879, 61.1178, 3206.2683
current_data: 2.5491, 16347, 0.0011, 0.0000
current_data: 0.9434, 25027, 34.3029, 3868.1471
current_data: 2.1110, 399849, 7.0547, 1761.8851
[32m[info] [src/pairwise_allocator.cpp:found_cache_roofline:405] Found_cache_roofline, obj_id 134584, roofline cache way: 1, roofline remain cache: 14, roofline cache bitmask: 0x7ffe
[m[32m[info] [src/pairwise_allocator.cpp:binary_serch_cache_roofline:462] descriptor COLS 3, find_cache_roofline_times: 6, roofline ipc: 2.5502, current ipc 2.5491, gap: 0.0004, lway: 1, rway: 1
[m[32m[info] [src/pairwise_allocator.cpp:allocating_cache:846] binary_serch_cache_roofline first pair success
[m[32m[info] [src/pairwise_allocator.cpp:pair_allocating_cache:770] pair_allocating_cache begin, allocating time: 0, descriptor roofline cache way: 1, system remain cache way: 5, complete queue size: 4
[m[32m[info] [src/pairwise_allocator.cpp:allocating_cache:852] Complete pair_allocating_cache, allocate cache ways: 1
[m[34m[critical] [src/pairwise_allocator.cpp:print_allocating_cache_results:815] print_allocating_cache_results: system remain cache: 4
[m[34m[critical] [src/pairwise_allocator.cpp:print_allocating_cache_results:818] obj: 137579, cache_way: 1, roofline cache way: 1
[m[34m[critical] [src/pairwise_allocator.cpp:print_allocating_cache_results:818] obj: 134569, cache_way: 4, roofline cache way: 4
[m[34m[critical] [src/pairwise_allocator.cpp:print_allocating_cache_results:818] obj: 137589, cache_way: 4, roofline cache way: 4
[m[34m[critical] [src/pairwise_allocator.cpp:print_allocating_cache_results:818] obj: 134574, cache_way: 1, roofline cache way: 1
[m[34m[critical] [src/pairwise_allocator.cpp:print_allocating_cache_results:823] obj: 134584, cache_way: 1, roofline cache way: 1
[mSKT0: MBA COS6 => 100% requested, 100% applied
current_data: 1.0517, 936001, 5.6617, 978.1306
current_data: 0.4625, 6138192, 62.4133, 3387.5194
current_data: 2.5484, 17665, 0.0017, 0.0000
current_data: 0.7965, 23284, 27.5876, 3051.8925
current_data: 1.1215, 278084, 19.4842, 2518.1394
SKT0: MBA COS6 => 60% requested, 60% applied
[32m[info] [src/pairwise_allocator.cpp:binary_serch_mb_roofline:937] descriptor1 COLS 3, find_mb_roofline_time: 1, roofline mb: 0.0000, current mb 0.0000, gap: -nan, lmb_throttle: 20, rmb_throttle: 100
[mcurrent_data: 1.0382, 821890, 5.7378, 907.5052
current_data: 0.4847, 6235315, 59.9728, 3219.3934
current_data: 2.5504, 18007, 0.0016, 0.0000
current_data: 1.1246, 24706, 24.9246, 3889.3973
current_data: 2.0610, 371395, 7.5398, 1713.1348
SKT0: MBA COS6 => 40% requested, 40% applied
[32m[info] [src/pairwise_allocator.cpp:binary_serch_mb_roofline:937] descriptor1 COLS 3, find_mb_roofline_time: 2, roofline mb: 0.0000, current mb 0.0000, gap: -nan, lmb_throttle: 20, rmb_throttle: 60
[mcurrent_data: 1.0321, 798225, 5.9753, 966.2555
current_data: 0.4850, 6167296, 59.7783, 3178.1432
current_data: 2.5487, 18370, 0.0021, 0.0000
current_data: 1.1232, 23822, 24.9220, 3830.0219
current_data: 1.5221, 266018, 11.9305, 2154.3873
SKT0: MBA COS6 => 30% requested, 30% applied
[32m[info] [src/pairwise_allocator.cpp:binary_serch_mb_roofline:937] descriptor1 COLS 3, find_mb_roofline_time: 3, roofline mb: 0.0000, current mb 0.0000, gap: -nan, lmb_throttle: 20, rmb_throttle: 40
[mcurrent_data: 1.0315, 778026, 6.2479, 975.0056
current_data: 0.4886, 6199674, 59.6793, 3123.7679
current_data: 2.5489, 16025, 0.0012, 0.0000
current_data: 1.1239, 22707, 24.9252, 3871.2722
current_data: 2.0579, 386028, 7.3968, 1700.0097
SKT0: MBA COS6 => 20% requested, 20% applied
[32m[info] [src/pairwise_allocator.cpp:binary_serch_mb_roofline:937] descriptor1 COLS 3, find_mb_roofline_time: 4, roofline mb: 0.0000, current mb 0.0000, gap: -nan, lmb_throttle: 20, rmb_throttle: 30
[mcurrent_data: 1.0326, 797584, 6.0033, 961.8805
current_data: 0.4848, 6241348, 59.8760, 3187.5182
current_data: 2.5485, 17316, 0.0021, 0.0000
current_data: 1.1232, 24652, 24.9293, 3905.6473
current_data: 2.0622, 365070, 7.3332, 1648.1344
SKT0: MBA COS6 => 20% requested, 20% applied
[32m[info] [src/pairwise_allocator.cpp:binary_serch_mb_roofline:937] descriptor1 COLS 3, find_mb_roofline_time: 5, roofline mb: 0.0000, current mb 0.0000, gap: -nan, lmb_throttle: 20, rmb_throttle: 20
[mcurrent_data: 1.0348, 796152, 5.7793, 980.6306
current_data: 0.4915, 6441540, 59.3335, 3277.5188
current_data: 2.5473, 16150, 0.0013, 0.0000
current_data: 1.1168, 20789, 24.9297, 3843.7720
current_data: 1.2647, 266875, 18.2752, 2355.0135
[32m[info] [src/pairwise_allocator.cpp:found_mb_roofline:887] Fast found mb roofline, obj_id 134584, roofline mb: 0.00 MB/s, roofline mb throttle: 20
[m[32m[info] [src/pairwise_allocator.cpp:binary_serch_mb_roofline:937] descriptor1 COLS 3, find_mb_roofline_time: 6, roofline mb: 0.0000, current mb 0.0000, gap: -nan, lmb_throttle: 20, rmb_throttle: 20
[m[32m[info] [src/pairwise_allocator.cpp:allocating_mb:1147] binary_serch_mb_roofline first pair success
[m[32m[info] [src/pairwise_allocator.cpp:pair_allocating_mb:1088] pair_allocating_mb begin, allocating times: 0, descriptor roofline mb throttle: 20, system remain mb: 93879.92 MB/s
[mSKT0: MBA COS3 => 20% requested, 20% applied
current_data: 1.0058, 968577, 5.4040, 803.1296
current_data: 0.4311, 5498497, 68.0453, 3424.3946
current_data: 2.5475, 18033, 0.0017, 1.2500
current_data: 2.2057, 41175, 26.5013, 11573.8162
current_data: 2.0323, 422406, 14.1332, 3083.7676
[32m[info] [src/pairwise_allocator.cpp:pair_allocating_mb:1088] pair_allocating_mb begin, allocating times: 1, descriptor roofline mb throttle: 20, system remain mb: 93879.92 MB/s
[m[32m[info] [src/pairwise_allocator.cpp:allocating_fit_mb:958] Will allocating_fit_mb mb throttle: 20
[mSKT0: MBA COS3 => 20% requested, 20% applied
current_data: 1.0258, 890655, 5.1532, 711.8791
current_data: 0.4307, 4658879, 68.2606, 2817.5161
current_data: 2.5527, 15991, 0.0013, 0.6250
current_data: 2.2295, 37188, 26.4942, 11051.3132
current_data: 2.2751, 518973, 11.2999, 2310.0132
[32m[info] [src/pairwise_allocator.cpp:allocating_mb:1121] Allocate mb: 0.63 MB/s, mb_throttle: 20
[mcurrent_data: 1.0317, 907969, 5.0284, 683.7539
current_data: 0.4301, 4627149, 68.3290, 2831.2662
current_data: 2.5517, 14501, 0.0007, 0.0000
current_data: 2.2285, 39965, 26.4944, 11055.6883
current_data: 2.5574, 472505, 7.0833, 1912.5109
current_data: 1.0299, 4962770, 5.0608, 3713.7713
current_data: 0.4279, 24944448, 68.6429, 15558.2140
current_data: 2.5499, 81122, 0.0008, 1.2500
current_data: 2.2163, 216366, 26.4906, 59995.9683
current_data: 2.2653, 2443095, 10.7450, 13782.5789
current_data: 1.0544, 4963769, 5.0087, 3729.3963
current_data: 0.4274, 24442583, 69.0522, 15395.0881
current_data: 2.5503, 82242, 0.0009, 0.6250
current_data: 2.4101, 234159, 31.5525, 52853.4274
current_data: 2.2786, 2406249, 10.6392, 13733.8286
current_data: 1.0577, 5000756, 5.0424, 3698.1462
current_data: 0.4253, 24239191, 69.4068, 15441.3384
current_data: 2.5494, 82403, 0.0011, 1.2500
current_data: 2.4633, 242834, 31.9683, 53154.6792
current_data: 2.2859, 2425469, 10.6456, 13731.3286
current_data: 1.0580, 5024795, 5.0440, 3890.0223
current_data: 0.4232, 24040937, 69.7426, 15560.0890
current_data: 2.5485, 89476, 0.0014, 1.2500
current_data: 2.4645, 255284, 31.9635, 53259.0548
current_data: 2.3771, 2464197, 9.4340, 12620.6972
current_data: 1.0540, 4966344, 5.0988, 3681.8961
current_data: 0.3891, 18326539, 74.6919, 16370.7187
current_data: 2.5496, 85427, 0.0011, 0.6250
current_data: 2.4627, 246085, 31.9674, 53042.1785
current_data: 2.3726, 2457636, 9.4171, 12491.3215
current_data: 1.0593, 4926549, 5.0559, 3795.6467
current_data: 0.3845, 18968480, 77.0051, 16018.2167
current_data: 2.5494, 79327, 0.0010, 1.2500
current_data: 2.4614, 230572, 31.9698, 52210.9238
current_data: 2.2820, 2433291, 10.7160, 13620.0779
current_data: 1.0554, 4955406, 5.0511, 3679.3961
current_data: 0.3845, 19017885, 77.0056, 15989.4665
current_data: 2.5506, 78263, 0.0008, 0.6250
current_data: 2.4645, 233869, 31.9705, 52505.9254
current_data: 2.2898, 2465451, 10.6514, 13618.2029
current_data: 1.0549, 4970764, 5.1396, 3674.3960
current_data: 0.3844, 19086367, 77.0251, 16040.7168
current_data: 2.5511, 79804, 0.0008, 0.6250
current_data: 2.4654, 232401, 31.9698, 52780.9270
current_data: 2.3759, 2500417, 9.3858, 12555.6968
current_data: 1.0540, 4991482, 5.0813, 3746.2714
current_data: 0.3842, 19113436, 77.0636, 16118.8422
current_data: 2.5486, 78406, 0.0007, 0.0000
current_data: 2.4683, 227142, 31.9700, 52883.4276
current_data: 2.3776, 2413703, 9.3597, 12473.8214
[32m[info] [src/pairwise_allocator.cpp:allocating:1174] Will begin allocating cache, allocation_ready_queue size 1, allocation_complete_queue size 4
[mcurrent_data: 1.0503, 950080, 5.4706, 916.2552
current_data: 0.4556, 5968393, 63.4828, 3364.3943
current_data: 2.5484, 17618, 0.0011, 0.0000
current_data: 1.1212, 21798, 25.0181, 3936.8975
current_data: 2.0609, 423857, 7.2182, 1697.5097
[32m[info] [src/pairwise_allocator.cpp:binary_serch_cache_roofline:462] descriptor COLS 3, find_cache_roofline_times: 1, roofline ipc: 2.5484, current ipc 2.5484, gap: 0.0000, lway: 1, rway: 14
[mcurrent_data: 1.0366, 815711, 5.9840, 928.7553
current_data: 0.4765, 5906899, 61.2506, 3075.0176
current_data: 2.5498, 17258, 0.0007, 0.0000
current_data: 1.1197, 19243, 25.0325, 3832.5219
current_data: 1.1927, 213157, 19.5736, 2431.2639
[32m[info] [src/pairwise_allocator.cpp:binary_serch_cache_roofline:462] descriptor COLS 3, find_cache_roofline_times: 2, roofline ipc: 2.5498, current ipc 2.5498, gap: 0.0000, lway: 1, rway: 7
[mcurrent_data: 1.0309, 814127, 6.2436, 918.1303
current_data: 0.4728, 5792947, 61.6086, 3108.1428
current_data: 2.5484, 16343, 0.0014, 0.6250
current_data: 1.1204, 20443, 25.0196, 3685.0211
current_data: 2.0582, 325023, 7.2861, 1583.7591
[32m[info] [src/pairwise_allocator.cpp:binary_serch_cache_roofline:462] descriptor COLS 3, find_cache_roofline_times: 3, roofline ipc: 2.5498, current ipc 2.5484, gap: 0.0006, lway: 1, rway: 4
[mcurrent_data: 1.0309, 792038, 6.3474, 958.1305
current_data: 0.4786, 6021184, 60.9760, 3135.6429
current_data: 2.5495, 16651, 0.0007, 0.6250
current_data: 1.1150, 18339, 25.0257, 3803.7718
current_data: 1.1210, 240395, 19.4149, 2492.5143
[32m[info] [src/pairwise_allocator.cpp:binary_serch_cache_roofline:462] descriptor COLS 3, find_cache_roofline_times: 4, roofline ipc: 2.5498, current ipc 2.5495, gap: 0.0001, lway: 1, rway: 2
[mcurrent_data: 1.0280, 807727, 5.9941, 1003.7557
current_data: 0.4737, 5952077, 61.4383, 3156.2681
current_data: 2.5503, 18246, 0.0023, 1.8750
current_data: 1.1168, 22619, 25.0259, 3822.5219
current_data: 2.0591, 374045, 7.3644, 1676.2596
[32m[info] [src/pairwise_allocator.cpp:binary_serch_cache_roofline:462] descriptor COLS 3, find_cache_roofline_times: 5, roofline ipc: 2.5503, current ipc 2.5503, gap: 0.0000, lway: 1, rway: 1
[mcurrent_data: 1.0272, 803419, 6.1671, 936.2554
current_data: 0.4747, 6021510, 61.2965, 3154.3930
current_data: 2.5492, 17639, 0.0015, 0.6250
current_data: 1.1204, 19739, 25.0205, 3767.5216
current_data: 1.4507, 256233, 12.7445, 2164.3874
[32m[info] [src/pairwise_allocator.cpp:found_cache_roofline:405] Found_cache_roofline, obj_id 134584, roofline cache way: 1, roofline remain cache: 14, roofline cache bitmask: 0x7ffe
[m[32m[info] [src/pairwise_allocator.cpp:binary_serch_cache_roofline:462] descriptor COLS 3, find_cache_roofline_times: 6, roofline ipc: 2.5503, current ipc 2.5492, gap: 0.0004, lway: 1, rway: 1
[m[32m[info] [src/pairwise_allocator.cpp:allocating_cache:846] binary_serch_cache_roofline first pair success
[m[32m[info] [src/pairwise_allocator.cpp:pair_allocating_cache:770] pair_allocating_cache begin, allocating time: 0, descriptor roofline cache way: 1, system remain cache way: 5, complete queue size: 4
[m[32m[info] [src/pairwise_allocator.cpp:allocating_cache:852] Complete pair_allocating_cache, allocate cache ways: 1
[m[34m[critical] [src/pairwise_allocator.cpp:print_allocating_cache_results:815] print_allocating_cache_results: system remain cache: 4
[m[34m[critical] [src/pairwise_allocator.cpp:print_allocating_cache_results:818] obj: 137579, cache_way: 1, roofline cache way: 1
[m[34m[critical] [src/pairwise_allocator.cpp:print_allocating_cache_results:818] obj: 134569, cache_way: 4, roofline cache way: 4
[m[34m[critical] [src/pairwise_allocator.cpp:print_allocating_cache_results:818] obj: 137589, cache_way: 4, roofline cache way: 4
[m[34m[critical] [src/pairwise_allocator.cpp:print_allocating_cache_results:818] obj: 134574, cache_way: 1, roofline cache way: 1
[m[34m[critical] [src/pairwise_allocator.cpp:print_allocating_cache_results:823] obj: 134584, cache_way: 1, roofline cache way: 1
[mSKT0: MBA COS6 => 100% requested, 100% applied
current_data: 1.0573, 916153, 5.4657, 915.6302
current_data: 0.4557, 5695150, 63.4668, 3174.3932
current_data: 2.5474, 18987, 0.0021, 0.0000
current_data: 1.1189, 22557, 25.0289, 3836.8970
current_data: 1.8058, 344232, 8.3111, 1874.3857
SKT0: MBA COS6 => 60% requested, 60% applied
[32m[info] [src/pairwise_allocator.cpp:binary_serch_mb_roofline:937] descriptor1 COLS 3, find_mb_roofline_time: 1, roofline mb: 0.0000, current mb 0.0000, gap: -nan, lmb_throttle: 20, rmb_throttle: 100
[mcurrent_data: 1.0391, 804433, 5.6520, 838.7548
current_data: 0.4726, 5955652, 61.6527, 3178.1432
current_data: 2.5484, 16213, 0.0014, 0.6250
current_data: 1.1203, 21377, 25.0159, 3855.6471
current_data: 1.8114, 354335, 9.5946, 1848.7606
SKT0: MBA COS6 => 40% requested, 40% applied
[32m[info] [src/pairwise_allocator.cpp:binary_serch_mb_roofline:937] descriptor1 COLS 3, find_mb_roofline_time: 2, roofline mb: 0.6250, current mb 0.6250, gap: 0.0000, lmb_throttle: 20, rmb_throttle: 60
[mcurrent_data: 1.0369, 765951, 5.8126, 830.0047
current_data: 0.4698, 5601406, 61.8478, 2978.1420
current_data: 2.5495, 15081, 0.0008, 0.0000
current_data: 1.0940, 20244, 25.0293, 3661.8960
current_data: 2.0753, 355209, 7.1375, 1673.1346
SKT0: MBA COS6 => 30% requested, 30% applied
[32m[info] [src/pairwise_allocator.cpp:binary_serch_mb_roofline:937] descriptor1 COLS 3, find_mb_roofline_time: 3, roofline mb: 0.0000, current mb 0.0000, gap: -nan, lmb_throttle: 20, rmb_throttle: 40
[mcurrent_data: 1.0332, 817170, 6.0529, 958.1305
current_data: 0.4732, 5966629, 61.5495, 3181.2682
current_data: 2.5490, 18573, 0.0020, 0.6250
current_data: 1.1189, 23313, 25.0202, 3866.8971
current_data: 1.1748, 249148, 19.1556, 2552.5146
SKT0: MBA COS6 => 20% requested, 20% applied
[32m[info] [src/pairwise_allocator.cpp:binary_serch_mb_roofline:937] descriptor1 COLS 3, find_mb_roofline_time: 4, roofline mb: 0.0000, current mb 0.6250, gap: inf, lmb_throttle: 20, rmb_throttle: 30
[mcurrent_data: 1.0296, 758954, 6.2123, 863.1299
current_data: 0.4690, 5586528, 61.9479, 2960.0169
current_data: 2.5487, 17282, 0.0016, 0.6250
current_data: 1.1201, 22489, 25.0237, 3758.1465
current_data: 2.0672, 363409, 7.2657, 1690.6347
SKT0: MBA COS6 => 20% requested, 20% applied
[32m[info] [src/pairwise_allocator.cpp:binary_serch_mb_roofline:937] descriptor1 COLS 3, find_mb_roofline_time: 5, roofline mb: 0.0000, current mb 0.6250, gap: inf, lmb_throttle: 20, rmb_throttle: 20
[mcurrent_data: 1.0309, 814460, 6.0697, 976.8806
current_data: 0.4738, 5990858, 61.4060, 3165.0181
current_data: 2.5469, 18740, 0.0017, 0.6250
current_data: 1.1181, 23862, 25.0207, 3834.3969
current_data: 1.0781, 247634, 20.7400, 2470.0141
[32m[info] [src/pairwise_allocator.cpp:found_mb_roofline:887] Fast found mb roofline, obj_id 134584, roofline mb: 0.00 MB/s, roofline mb throttle: 20
[m[32m[info] [src/pairwise_allocator.cpp:binary_serch_mb_roofline:937] descriptor1 COLS 3, find_mb_roofline_time: 6, roofline mb: 0.0000, current mb 0.6250, gap: inf, lmb_throttle: 20, rmb_throttle: 20
[m[32m[info] [src/pairwise_allocator.cpp:allocating_mb:1147] binary_serch_mb_roofline first pair success
[m[32m[info] [src/pairwise_allocator.cpp:pair_allocating_mb:1088] pair_allocating_mb begin, allocating times: 0, descriptor roofline mb throttle: 20, system remain mb: 93879.92 MB/s
[mSKT0: MBA COS3 => 20% requested, 20% applied
current_data: 1.0362, 1021224, 5.4480, 966.8805
current_data: 0.4420, 5828970, 66.6836, 3675.0210
current_data: 2.5466, 20571, 0.0025, 0.6250
current_data: 2.5520, 48891, 24.9730, 8806.3004
current_data: 2.0574, 393282, 14.5488, 3066.2675
[32m[info] [src/pairwise_allocator.cpp:pair_allocating_mb:1088] pair_allocating_mb begin, allocating times: 1, descriptor roofline mb throttle: 20, system remain mb: 93879.92 MB/s
[m[32m[info] [src/pairwise_allocator.cpp:allocating_fit_mb:958] Will allocating_fit_mb mb throttle: 20
[mSKT0: MBA COS3 => 20% requested, 20% applied
current_data: 1.0695, 861563, 5.1637, 672.5038
current_data: 0.4416, 4527422, 66.8530, 2843.7663
current_data: 2.5505, 15098, 0.0012, 0.0000
current_data: 0.9390, 46292, 41.8170, 4729.4021
current_data: 2.0764, 342596, 14.3838, 2986.2671
[32m[info] [src/pairwise_allocator.cpp:allocating_mb:1121] Allocate mb: 0.00 MB/s, mb_throttle: 20
[mcurrent_data: 1.0575, 851722, 5.1291, 624.3786
current_data: 0.4399, 4412886, 67.0639, 2783.7659
current_data: 2.5482, 13932, 0.0012, 0.0000
current_data: 2.4678, 45899, 31.9616, 9038.1767
current_data: 2.5639, 463305, 7.1347, 1731.8849
current_data: 1.0573, 5016646, 5.1105, 3809.3968
current_data: 0.4380, 25817112, 67.3596, 16688.8455
current_data: 2.5501, 78039, 0.0008, 0.6250
current_data: 2.4618, 249055, 31.9666, 53325.9301
current_data: 2.2971, 2385504, 10.6050, 13790.0789
current_data: 1.0570, 5001957, 5.0637, 3853.1470
current_data: 0.4356, 25413795, 67.7375, 16611.3451
current_data: 2.5496, 78767, 0.0007, 3.7500
current_data: 2.4610, 241544, 31.9676, 52919.6778
current_data: 2.2946, 2433057, 10.6584, 13763.2038
current_data: 1.0613, 5040343, 4.9619, 3743.1464
current_data: 0.4330, 25117711, 68.1613, 16593.2199
current_data: 2.5503, 79741, 0.0008, 3.1250
current_data: 2.4616, 234978, 31.9674, 52913.4278
current_data: 2.2960, 2422539, 10.6339, 13738.8286
current_data: 1.0550, 4973040, 5.0969, 3757.5215
current_data: 0.4310, 24727518, 68.4646, 16390.7188
current_data: 2.5484, 84398, 0.0011, 1.2500
current_data: 2.4640, 244580, 31.9658, 52621.5511
current_data: 2.3892, 2459401, 9.3910, 12615.0722
current_data: 1.0550, 4990764, 5.0950, 3785.6467
current_data: 0.4285, 24614257, 68.8740, 16440.0941
current_data: 2.5492, 84881, 0.0012, 0.0000
current_data: 2.4632, 249006, 31.9674, 52960.3030
current_data: 2.3848, 2451409, 9.3710, 12604.4471
current_data: 1.0565, 5023879, 5.0800, 3793.7717
current_data: 0.4283, 24001419, 68.4985, 16319.4684
current_data: 2.5493, 86761, 0.0013, 0.6250
current_data: 2.4627, 245586, 31.9674, 53234.6796
current_data: 2.3002, 2447903, 10.6031, 13821.3291
current_data: 1.0575, 4960534, 5.0650, 3725.0213
current_data: 0.3843, 19030955, 76.9892, 16031.3417
current_data: 2.5485, 91301, 0.0015, 1.2500
current_data: 2.4618, 256196, 31.9641, 52383.4247
current_data: 2.2949, 2328125, 10.6941, 13663.8282
[32m[info] [src/pairwise_allocator.cpp:allocating:1174] Will begin allocating cache, allocation_ready_queue size 1, allocation_complete_queue size 4
[mcurrent_data: 1.0589, 954471, 5.5775, 1008.7558
current_data: 0.4701, 6238907, 61.7323, 3445.6447
current_data: 2.5481, 17038, 0.0011, 0.6250
current_data: 0.9432, 27146, 34.2982, 3823.7719
current_data: 1.6824, 348420, 11.2311, 1923.1360
[32m[info] [src/pairwise_allocator.cpp:binary_serch_cache_roofline:462] descriptor COLS 3, find_cache_roofline_times: 1, roofline ipc: 2.5481, current ipc 2.5481, gap: 0.0000, lway: 1, rway: 14
[mcurrent_data: 1.0387, 835420, 6.0902, 971.8806
current_data: 0.4841, 6225809, 60.0677, 3213.7684
current_data: 2.5487, 17853, 0.0012, 0.6250
current_data: 0.9429, 29755, 34.3028, 3749.3965
current_data: 2.0864, 367014, 7.0407, 1592.5091
[32m[info] [src/pairwise_allocator.cpp:binary_serch_cache_roofline:462] descriptor COLS 3, find_cache_roofline_times: 2, roofline ipc: 2.5487, current ipc 2.5487, gap: 0.0000, lway: 1, rway: 7
[mcurrent_data: 1.0368, 816925, 6.1618, 986.8806
current_data: 0.4908, 6299563, 59.4664, 3224.3935
current_data: 2.5502, 15889, 0.0008, 0.0000
current_data: 0.9423, 26539, 34.2997, 3785.0217
current_data: 1.1034, 244858, 20.4786, 2521.8894
[32m[info] [src/pairwise_allocator.cpp:binary_serch_cache_roofline:462] descriptor COLS 3, find_cache_roofline_times: 3, roofline ipc: 2.5502, current ipc 2.5502, gap: 0.0000, lway: 1, rway: 4
[mcurrent_data: 1.0374, 802920, 6.0117, 1000.6307
current_data: 0.4899, 6192445, 59.5648, 3165.6431
current_data: 2.5499, 15308, 0.0006, 0.0000
current_data: 0.9436, 25696, 34.2977, 3765.6465
current_data: 2.0870, 364976, 7.1172, 1590.0091
[32m[info] [src/pairwise_allocator.cpp:binary_serch_cache_roofline:462] descriptor COLS 3, find_cache_roofline_times: 4, roofline ipc: 2.5502, current ipc 2.5499, gap: 0.0001, lway: 1, rway: 2
[mcurrent_data: 1.0298, 795184, 6.1097, 978.1306
current_data: 0.4908, 6343372, 59.4178, 3197.5183
current_data: 2.5489, 17350, 0.0015, 0.0000
current_data: 0.9423, 28776, 34.3050, 3829.3969
current_data: 1.0808, 226115, 20.7157, 2470.0141
[32m[info] [src/pairwise_allocator.cpp:binary_serch_cache_roofline:462] descriptor COLS 3, find_cache_roofline_times: 5, roofline ipc: 2.5502, current ipc 2.5489, gap: 0.0005, lway: 1, rway: 1
[mcurrent_data: 1.0359, 800474, 5.8672, 980.6306
current_data: 0.4899, 6331116, 59.5792, 3195.6433
current_data: 2.5487, 15681, 0.0010, 1.2500
current_data: 0.9430, 26995, 34.3148, 3860.0221
current_data: 2.0927, 382109, 7.0270, 1670.0096
[32m[info] [src/pairwise_allocator.cpp:found_cache_roofline:405] Found_cache_roofline, obj_id 134584, roofline cache way: 1, roofline remain cache: 14, roofline cache bitmask: 0x7ffe
[m[32m[info] [src/pairwise_allocator.cpp:binary_serch_cache_roofline:462] descriptor COLS 3, find_cache_roofline_times: 6, roofline ipc: 2.5502, current ipc 2.5487, gap: 0.0006, lway: 1, rway: 1
[m[32m[info] [src/pairwise_allocator.cpp:allocating_cache:846] binary_serch_cache_roofline first pair success
[m[32m[info] [src/pairwise_allocator.cpp:pair_allocating_cache:770] pair_allocating_cache begin, allocating time: 0, descriptor roofline cache way: 1, system remain cache way: 5, complete queue size: 4
[m[32m[info] [src/pairwise_allocator.cpp:allocating_cache:852] Complete pair_allocating_cache, allocate cache ways: 1
[m[34m[critical] [src/pairwise_allocator.cpp:print_allocating_cache_results:815] print_allocating_cache_results: system remain cache: 4
[m[34m[critical] [src/pairwise_allocator.cpp:print_allocating_cache_results:818] obj: 137579, cache_way: 1, roofline cache way: 1
[m[34m[critical] [src/pairwise_allocator.cpp:print_allocating_cache_results:818] obj: 134569, cache_way: 4, roofline cache way: 4
[m[34m[critical] [src/pairwise_allocator.cpp:print_allocating_cache_results:818] obj: 137589, cache_way: 4, roofline cache way: 4
[m[34m[critical] [src/pairwise_allocator.cpp:print_allocating_cache_results:818] obj: 134574, cache_way: 1, roofline cache way: 1
[m[34m[critical] [src/pairwise_allocator.cpp:print_allocating_cache_results:823] obj: 134584, cache_way: 1, roofline cache way: 1
[mSKT0: MBA COS6 => 100% requested, 100% applied
current_data: 1.0557, 933815, 5.4470, 945.6304
current_data: 0.4675, 6245472, 61.8903, 3490.0200
current_data: 2.5491, 17475, 0.0017, 0.6250
current_data: 1.0804, 24501, 25.4503, 3865.6471
current_data: 2.0980, 379186, 7.0689, 1590.0091
SKT0: MBA COS6 => 60% requested, 60% applied
[32m[info] [src/pairwise_allocator.cpp:binary_serch_mb_roofline:937] descriptor1 COLS 3, find_mb_roofline_time: 1, roofline mb: 0.6250, current mb 0.6250, gap: 0.0000, lmb_throttle: 20, rmb_throttle: 100
[mcurrent_data: 1.0361, 820828, 6.0910, 953.1305
current_data: 0.4843, 6260397, 60.0241, 3248.1436
current_data: 2.5492, 16228, 0.0010, 0.0000
current_data: 1.0317, 35040, 26.1930, 3900.6473
current_data: 2.0479, 355120, 6.9729, 1590.0091
SKT0: MBA COS6 => 40% requested, 40% applied
[32m[info] [src/pairwise_allocator.cpp:binary_serch_mb_roofline:937] descriptor1 COLS 3, find_mb_roofline_time: 2, roofline mb: 0.0000, current mb 0.0000, gap: -nan, lmb_throttle: 20, rmb_throttle: 60
[mcurrent_data: 1.0318, 784669, 5.7834, 900.0051
current_data: 0.4830, 6068004, 60.1748, 3178.7682
current_data: 2.5488, 17045, 0.0016, 0.6250
current_data: 1.1228, 24559, 24.9275, 3733.7714
current_data: 1.4256, 283864, 14.9981, 2166.2624
SKT0: MBA COS6 => 30% requested, 30% applied
[32m[info] [src/pairwise_allocator.cpp:binary_serch_mb_roofline:937] descriptor1 COLS 3, find_mb_roofline_time: 3, roofline mb: 0.0000, current mb 0.6250, gap: inf, lmb_throttle: 20, rmb_throttle: 40
[mcurrent_data: 1.0316, 780265, 6.0842, 904.3802
current_data: 0.4882, 6249085, 59.6934, 3193.1433
current_data: 2.5501, 15691, 0.0010, 0.0000
current_data: 1.1248, 23508, 24.9313, 3923.1474
current_data: 2.0886, 377140, 7.0859, 1633.7593
SKT0: MBA COS6 => 20% requested, 20% applied
[32m[info] [src/pairwise_allocator.cpp:binary_serch_mb_roofline:937] descriptor1 COLS 3, find_mb_roofline_time: 4, roofline mb: 0.0000, current mb 0.0000, gap: -nan, lmb_throttle: 20, rmb_throttle: 30
[mcurrent_data: 1.0259, 802689, 6.0246, 956.8805
current_data: 0.4861, 6307331, 59.8611, 3239.3935
current_data: 2.5518, 15657, 0.0010, 0.0000
current_data: 1.1228, 24301, 24.9266, 3894.3973
current_data: 1.1014, 243806, 20.0228, 2511.2644
SKT0: MBA COS6 => 20% requested, 20% applied
[32m[info] [src/pairwise_allocator.cpp:binary_serch_mb_roofline:937] descriptor1 COLS 3, find_mb_roofline_time: 5, roofline mb: 0.0000, current mb 0.0000, gap: -nan, lmb_throttle: 20, rmb_throttle: 20
[mcurrent_data: 1.0338, 793145, 6.1383, 945.6304
current_data: 0.4881, 6185793, 59.7312, 3203.7683
current_data: 2.5495, 17084, 0.0017, 0.6250
current_data: 1.1236, 24804, 24.9321, 3794.3967
current_data: 2.0876, 368550, 7.1632, 1630.0093
[32m[info] [src/pairwise_allocator.cpp:found_mb_roofline:887] Fast found mb roofline, obj_id 134584, roofline mb: 0.00 MB/s, roofline mb throttle: 20
[m[32m[info] [src/pairwise_allocator.cpp:binary_serch_mb_roofline:937] descriptor1 COLS 3, find_mb_roofline_time: 6, roofline mb: 0.0000, current mb 0.6250, gap: inf, lmb_throttle: 20, rmb_throttle: 20
[m[32m[info] [src/pairwise_allocator.cpp:allocating_mb:1147] binary_serch_mb_roofline first pair success
[m[32m[info] [src/pairwise_allocator.cpp:pair_allocating_mb:1088] pair_allocating_mb begin, allocating times: 0, descriptor roofline mb throttle: 20, system remain mb: 93879.92 MB/s
[mSKT0: MBA COS3 => 20% requested, 20% applied
current_data: 1.0051, 976166, 5.7203, 925.6303
current_data: 0.4416, 5858421, 66.4580, 3732.5214
current_data: 2.5494, 18320, 0.0015, 0.0000
current_data: 2.2279, 42448, 26.4988, 11905.6931
current_data: 2.5480, 434265, 7.1432, 1921.2610
[32m[info] [src/pairwise_allocator.cpp:pair_allocating_mb:1088] pair_allocating_mb begin, allocating times: 1, descriptor roofline mb throttle: 20, system remain mb: 93879.92 MB/s
[m[32m[info] [src/pairwise_allocator.cpp:allocating_fit_mb:958] Will allocating_fit_mb mb throttle: 20
[mSKT0: MBA COS3 => 20% requested, 20% applied
current_data: 1.0236, 804871, 5.0800, 642.5037
current_data: 0.4410, 4497471, 66.5226, 2842.5163
current_data: 2.5492, 17695, 0.0029, 1.2500
current_data: 2.2290, 41153, 26.4918, 10226.3085
current_data: 2.5303, 445886, 7.2057, 1726.2599
[32m[info] [src/pairwise_allocator.cpp:allocating_mb:1121] Allocate mb: 1.25 MB/s, mb_throttle: 20
[mcurrent_data: 1.0235, 831359, 5.0001, 658.7538
current_data: 0.4391, 4514799, 66.6265, 2852.5163
current_data: 2.5467, 14490, 0.0011, 0.0000
current_data: 2.2023, 37522, 26.4953, 10088.8077
current_data: 1.9890, 355595, 14.6718, 2896.2666
current_data: 1.0285, 4887377, 5.0641, 3580.6455
current_data: 0.4378, 25865376, 67.0099, 16742.5958
current_data: 2.5491, 85487, 0.0011, 0.0000
current_data: 2.2195, 223301, 26.4891, 59365.9647
current_data: 2.3378, 2369657, 9.3875, 12351.9457
current_data: 1.0515, 4946674, 5.0434, 3771.2716
current_data: 0.4373, 25516055, 67.4300, 16717.5957
current_data: 2.5498, 78846, 0.0008, 0.0000
current_data: 2.3833, 231254, 31.0578, 53059.6786
current_data: 2.3857, 2460986, 9.3929, 12571.3219
current_data: 1.0588, 5027247, 5.0171, 3791.8967
current_data: 0.4353, 25410387, 67.8182, 16812.5962
current_data: 2.5502, 78093, 0.0007, 0.0000
current_data: 2.4633, 236381, 31.9693, 53115.9289
current_data: 2.2997, 2412405, 10.6319, 13763.8288
current_data: 1.0556, 4781710, 5.1321, 3596.2706
current_data: 0.4328, 25053590, 68.1966, 16776.9710
current_data: 2.5498, 81266, 0.0009, 1.2500
current_data: 2.4624, 232641, 31.9670, 52969.0531
current_data: 2.3035, 2375636, 10.6274, 13805.7040
current_data: 1.0570, 5040294, 5.0691, 3624.3957
current_data: 0.4308, 24871131, 68.5353, 16670.7204
current_data: 2.5494, 80325, 0.0008, 0.0000
current_data: 2.4625, 233409, 31.9673, 53067.1787
current_data: 2.3154, 2450361, 10.6458, 13863.2043
current_data: 1.0564, 4998677, 4.9880, 3736.2714
current_data: 0.4291, 24640072, 68.7944, 16548.8447
current_data: 2.5508, 79546, 0.0008, 0.0000
current_data: 2.4649, 229446, 31.9698, 53060.3036
current_data: 2.3884, 2460731, 9.3211, 12629.4473
current_data: 1.0580, 5020749, 5.0138, 3777.5216
current_data: 0.4275, 24516526, 69.0612, 16675.7204
current_data: 2.5495, 80006, 0.0008, 0.0000
current_data: 2.4679, 232261, 31.9698, 53311.5551
current_data: 2.3874, 2466822, 9.3877, 12604.4471
current_data: 1.0548, 4952720, 5.0677, 3719.3963
current_data: 0.4259, 24313622, 69.3092, 16663.2203
current_data: 2.5485, 86816, 0.0012, 0.0000
current_data: 2.4638, 237376, 31.9691, 53214.6795
current_data: 2.3043, 2427763, 10.5815, 13925.7047
current_data: 1.0547, 4999487, 5.0980, 3781.8966
current_data: 0.4242, 24187737, 69.6033, 16576.3449
current_data: 2.5497, 82075, 0.0009, 0.0000
current_data: 2.4646, 232055, 31.9675, 53409.6806
current_data: 2.3066, 2443930, 10.6176, 13885.7045
current_data: 1.0572, 5053345, 5.0595, 3721.8963
current_data: 0.4204, 22291943, 69.4126, 16890.0966
current_data: 2.5491, 80739, 0.0008, 0.0000
current_data: 2.2633, 228770, 32.5905, 50915.9163
current_data: 2.3049, 2511027, 10.5288, 13915.0796
current_data: 1.0585, 5021040, 5.1857, 3824.3969
current_data: 0.3843, 19218991, 76.9994, 16193.2177
current_data: 2.5472, 87914, 0.0014, 0.0000
current_data: 2.5486, 256643, 24.9720, 44719.6309
current_data: 2.4069, 2481984, 9.3209, 12674.4475
current_data: 1.0561, 5020545, 5.2074, 3872.5222
current_data: 0.3844, 19273024, 76.9899, 16259.4680
current_data: 2.5472, 86606, 0.0013, 0.0000
current_data: 2.5442, 249034, 24.9740, 44647.7555
current_data: 2.4038, 2465202, 9.3654, 12650.6974
current_data: 1.0588, 5020175, 5.1220, 3872.5222
current_data: 0.3845, 19188575, 77.0194, 16250.7180
current_data: 2.5490, 77810, 0.0007, 0.0000
current_data: 2.5561, 231547, 24.9758, 44719.0059
current_data: 2.3143, 2550872, 10.6230, 13846.9542
current_data: 1.0620, 5034048, 5.0594, 3803.7718
current_data: 0.3844, 19263586, 77.0424, 16236.9679
current_data: 2.5489, 78079, 0.0007, 0.0000
current_data: 2.5574, 229201, 24.9746, 44888.3819
current_data: 2.3170, 2467107, 10.6109, 13873.8294
current_data: 1.0630, 5061451, 5.0799, 3806.8968
current_data: 0.3844, 19300872, 77.0537, 16260.7180
current_data: 2.5499, 77304, 0.0007, 0.0000
current_data: 2.5250, 230080, 24.9759, 44302.1285
current_data: 2.3206, 2497020, 10.4974, 13788.2039
current_data: 1.0606, 5068112, 5.1323, 3864.3971
current_data: 0.3847, 19396549, 77.0206, 16408.2189
current_data: 2.5496, 79542, 0.0007, 0.0000
current_data: 2.5010, 233309, 24.9769, 44065.8771
current_data: 2.3231, 2458035, 10.6039, 13848.2042
current_data: 1.0618, 5098136, 5.1000, 3888.7723
current_data: 0.3845, 19393477, 77.0103, 16253.2180
current_data: 2.5491, 84794, 0.0012, 0.6250
current_data: 2.5524, 242024, 24.9748, 45118.3832
current_data: 2.4124, 2571718, 9.3010, 12766.9481
current_data: 1.0596, 5051490, 5.0361, 3714.3963
current_data: 0.3845, 19492960, 77.0341, 16440.7191
current_data: 2.5500, 82466, 0.0008, 0.6250
current_data: 2.5571, 235782, 24.9743, 45325.2594
current_data: 2.4077, 2559849, 9.3010, 12751.3230
current_data: 1.0584, 5070314, 5.1520, 3995.6479
current_data: 0.3844, 19461632, 77.0300, 16311.9683
current_data: 2.5492, 90483, 0.0013, 0.0000
current_data: 2.2591, 270430, 29.5110, 45663.3863
current_data: 2.3821, 2394170, 9.4910, 13503.8273
current_data: 1.0585, 5086863, 5.1190, 3893.7723
current_data: 0.3842, 19507486, 77.0703, 16414.4689
current_data: 2.5508, 80281, 0.0008, 0.0000
current_data: 2.4628, 247266, 31.9659, 53984.0589
current_data: 2.3075, 2497874, 10.5434, 13900.7045
current_data: 1.0566, 5069675, 5.1083, 3908.7724
current_data: 0.3846, 19587213, 77.0088, 16413.2189
current_data: 2.5503, 78017, 0.0007, 0.0000
current_data: 2.4623, 237580, 31.9693, 53949.6837
current_data: 2.3116, 2455068, 10.5607, 13997.5801
current_data: 1.0593, 5110602, 5.0327, 3895.0223
current_data: 0.3846, 19641145, 77.0122, 16550.0947
current_data: 2.5497, 80268, 0.0008, 0.0000
current_data: 2.4625, 239920, 31.9687, 54083.4345
current_data: 2.3168, 2453997, 10.4964, 13998.2051
current_data: 1.0558, 5098765, 5.0647, 3802.5218
current_data: 0.3845, 19530203, 77.0282, 16462.5942
current_data: 2.5503, 78627, 0.0007, 0.0000
current_data: 2.4618, 231936, 31.9686, 53730.9325
current_data: 2.3173, 2458313, 10.5285, 14012.5802
current_data: 1.0574, 5041862, 4.9803, 3898.1473
current_data: 0.3845, 19579076, 76.9884, 16436.9691
current_data: 2.5491, 88779, 0.0012, 0.0000
current_data: 2.4626, 249085, 31.9682, 53880.3083
current_data: 2.3156, 2391252, 10.5618, 14049.4554
current_data: 1.0547, 5102182, 5.1451, 3928.1475
current_data: 0.3896, 18666815, 75.0662, 16726.3457
current_data: 2.5488, 89594, 0.0014, 0.0000
current_data: 2.4648, 251929, 31.9669, 54038.4342
current_data: 2.3949, 2547567, 9.3374, 12799.4482
current_data: 1.0561, 5036164, 5.1890, 3839.3970
current_data: 0.3847, 19612836, 76.9949, 16538.2196
current_data: 2.5502, 82583, 0.0008, 0.0000
current_data: 2.4669, 234239, 31.9690, 54059.0593
current_data: 2.4075, 2628352, 9.3117, 12849.4485
current_data: 1.0568, 5083041, 5.0742, 3810.6468
current_data: 0.3845, 19640413, 77.0300, 16525.0946
current_data: 2.5498, 81495, 0.0008, 0.0000
current_data: 2.3761, 236255, 31.9614, 52301.5493
current_data: 2.4139, 2500438, 9.2429, 12851.3235
current_data: 1.0697, 5208039, 5.0513, 3899.3973
current_data: 0.3851, 19778115, 77.0280, 16668.2204
current_data: 2.5504, 83859, 0.0010, 0.0000
current_data: 2.1735, 242148, 34.2673, 46232.7645
current_data: 2.4114, 2593214, 9.2596, 13496.9522
current_data: 1.0715, 5195794, 4.9965, 3928.1475
current_data: 0.3851, 19726283, 77.0426, 16665.7204
current_data: 2.5499, 80834, 0.0007, 0.0000
current_data: 2.1735, 230756, 34.2664, 46189.0143
current_data: 2.3592, 2361823, 10.1576, 14168.2061
current_data: 1.0674, 5175758, 5.0129, 3988.1478
current_data: 0.3853, 19790509, 77.0069, 16711.9706
current_data: 2.5497, 80421, 0.0007, 0.0000
current_data: 2.1120, 233610, 34.4322, 45274.6341
current_data: 2.3326, 2554733, 10.4758, 14037.5803
current_data: 1.0457, 5079145, 5.0487, 3843.7720
current_data: 0.3837, 19709970, 77.0137, 16612.5951
current_data: 2.5484, 89856, 0.0012, 0.6250
current_data: 1.6904, 5752891, 33.4193, 51405.2941
current_data: 2.2865, 2488235, 10.5457, 13971.9549
current_data: 1.0506, 5111929, 5.0282, 3861.2721
current_data: 0.3837, 19680417, 77.0608, 16518.2195
current_data: 2.5499, 82221, 0.0008, 0.0000
current_data: 2.7033, 350968, 25.5840, 54007.8090
current_data: 2.3044, 2502921, 10.5511, 14013.2052
current_data: 1.0591, 5161898, 5.0799, 3885.0222
current_data: 0.3844, 19759374, 77.0186, 16635.7202
current_data: 2.5498, 86234, 0.0011, 0.6250
current_data: 2.7115, 310930, 25.1125, 49209.6566
current_data: 2.3223, 2539765, 10.4973, 14084.4556
current_data: 1.0314, 4999425, 5.1301, 3851.2720
current_data: 0.3830, 19682944, 77.0095, 16513.8445
current_data: 2.5497, 83973, 0.0009, 0.0000
current_data: 2.2037, 253511, 26.5586, 58695.3359
current_data: 2.2687, 2444745, 10.6102, 13894.4545
current_data: 1.0281, 4992523, 5.0302, 3757.5215
current_data: 0.3828, 19661814, 77.0285, 16538.8446
current_data: 2.5490, 80742, 0.0007, 0.0000
current_data: 2.2202, 227299, 26.4840, 60959.0988
current_data: 2.2673, 2562248, 10.5091, 13853.2043
current_data: 1.0288, 4966335, 5.0331, 3746.2714
current_data: 0.3828, 19568961, 77.0250, 16508.2195
current_data: 2.5495, 81116, 0.0008, 0.0000
current_data: 2.2097, 233822, 26.6459, 59887.2177
current_data: 2.3537, 2624925, 9.3986, 12641.3223
current_data: 1.0551, 5115938, 5.1094, 3866.2721
current_data: 0.3844, 19708066, 77.0122, 16558.8448
current_data: 2.5499, 87249, 0.0012, 0.0000
current_data: 2.4663, 239296, 31.9679, 54410.3113
current_data: 2.4083, 2617558, 9.2845, 12855.6986
current_data: 1.0545, 5162215, 5.1419, 3872.5222
current_data: 0.3844, 19758313, 77.0005, 16657.5953
current_data: 2.5494, 88761, 0.0012, 0.0000
current_data: 2.4651, 247285, 31.9670, 54490.3118
current_data: 2.4133, 2574194, 9.2906, 12956.9491
current_data: 1.0557, 5143532, 4.9984, 3778.1466
current_data: 0.3895, 18834751, 75.1276, 16826.3463
current_data: 2.5497, 80776, 0.0008, 0.0000
current_data: 2.4652, 233956, 31.9653, 54361.5611
current_data: 2.4119, 2523729, 9.2546, 12846.3235
current_data: 1.0565, 5121940, 4.9547, 3858.7721
current_data: 0.3846, 19797523, 76.9660, 16656.3453
current_data: 2.5496, 84123, 0.0010, 0.0000
current_data: 2.4646, 233927, 31.9668, 54249.0604
current_data: 2.3938, 2560409, 9.2215, 13440.7019
current_data: 1.0560, 5142317, 5.0265, 3779.3966
current_data: 0.3844, 19687312, 77.0332, 16608.8450
current_data: 2.5495, 80685, 0.0007, 0.0000
current_data: 2.4650, 223513, 31.9703, 54177.8100
current_data: 2.3246, 2429100, 10.4400, 14006.3301
current_data: 1.0556, 5114714, 5.1070, 3816.8968
current_data: 0.3843, 19684205, 77.0588, 16573.2198
current_data: 2.5502, 81994, 0.0007, 0.0000
current_data: 2.4668, 230007, 31.9685, 54278.4356
current_data: 2.3217, 2454139, 10.5252, 14105.7057
current_data: 1.0552, 5131680, 5.0689, 3912.5224
current_data: 0.3843, 19705827, 77.0274, 16636.9702
current_data: 2.5487, 86770, 0.0010, 0.0000
current_data: 2.4674, 229540, 31.9688, 54412.1863
current_data: 2.3199, 2501567, 10.5303, 14097.5807
current_data: 1.0522, 5082497, 5.1424, 3897.5223
current_data: 0.3841, 19731790, 77.0490, 16710.7206
current_data: 2.5493, 85692, 0.0012, 0.0000
current_data: 2.4660, 241348, 31.9659, 54478.4367
current_data: 2.3207, 2391584, 10.5649, 14139.4559
current_data: 1.0593, 5145397, 5.1273, 3926.8975
current_data: 0.3847, 19765783, 76.9948, 16607.5950
current_data: 2.5500, 80688, 0.0008, 0.0000
current_data: 2.3176, 242937, 26.9731, 45273.3841
current_data: 2.3371, 2541087, 10.4550, 14076.9555
current_data: 1.0624, 5122047, 5.0506, 3811.2718
current_data: 0.3845, 19711678, 77.0215, 16555.0947
current_data: 2.5500, 80818, 0.0007, 0.0000
current_data: 2.5486, 235640, 24.9778, 45694.0115
current_data: 2.3406, 2561013, 10.4550, 14105.0807
current_data: 1.0636, 5180861, 5.0454, 3895.6473
current_data: 0.3846, 19757643, 76.9982, 16668.2204
current_data: 2.5497, 80981, 0.0008, 0.0000
current_data: 2.5575, 235663, 24.9774, 45827.7622
current_data: 2.3394, 2553773, 10.4301, 14095.0807
current_data: 1.0617, 5144431, 5.1021, 3833.7719
current_data: 0.3846, 19693934, 77.0164, 16586.9699
current_data: 2.5499, 79316, 0.0008, 0.0000
current_data: 2.5545, 238017, 24.9734, 45693.3865
current_data: 2.3370, 2546565, 10.4414, 14089.4556
current_data: 1.0637, 5170179, 5.1213, 3994.3979
current_data: 0.3846, 19713054, 77.0124, 16583.2199
current_data: 2.5501, 80351, 0.0007, 0.0000
current_data: 2.5477, 236281, 24.9773, 45814.0121
current_data: 2.3525, 2490099, 10.4401, 14150.0810
current_data: 1.0607, 5096056, 5.0395, 3903.1473
current_data: 0.3844, 19660342, 77.0145, 16656.9703
current_data: 2.5495, 93202, 0.0016, 2.5000
current_data: 2.5004, 247629, 24.9759, 44769.0062
current_data: 2.3806, 2688971, 9.8220, 12835.0734
current_data: 1.0619, 5137487, 5.1025, 3901.8973
current_data: 0.3846, 19739267, 76.9899, 16645.7202
current_data: 2.5489, 90876, 0.0014, 0.0000
current_data: 2.5422, 255038, 24.9744, 45655.2612
current_data: 2.4241, 2591699, 9.2642, 12913.1989
current_data: 1.0596, 5135654, 5.0726, 3781.8966
current_data: 0.3846, 19687160, 77.0126, 16583.2199
current_data: 2.5504, 81719, 0.0008, 0.0000
current_data: 2.5589, 241133, 24.9731, 45915.2627
current_data: 2.3897, 2511032, 9.2207, 12736.3229
current_data: 1.0580, 5150193, 5.1677, 3860.0221
current_data: 0.3898, 18842429, 75.1329, 16839.4714
current_data: 2.5500, 81116, 0.0009, 0.0000
current_data: 2.2677, 271408, 29.1672, 46332.1401
current_data: 2.3822, 2580362, 9.2373, 12655.0724
current_data: 1.0553, 5153350, 5.0649, 3810.0218
current_data: 0.3844, 19775010, 77.0171, 16640.0952
current_data: 2.5495, 79846, 0.0008, 0.0000
current_data: 2.4615, 255172, 31.9672, 54430.9365
current_data: 2.3058, 2315395, 10.3416, 13840.0792
current_data: 1.0546, 5091577, 5.0913, 3884.3972
current_data: 0.3845, 19647813, 76.9896, 16552.5947
current_data: 2.5497, 80481, 0.0008, 0.0000
current_data: 2.4603, 251999, 31.9665, 54072.8094
current_data: 2.2871, 2443833, 10.5131, 13891.3295
current_data: 1.0580, 5117697, 4.9945, 3795.0217
current_data: 0.3844, 19685326, 77.0240, 16550.7197
current_data: 2.5505, 79516, 0.0008, 0.0000
current_data: 2.4614, 242144, 31.9674, 54236.5603
current_data: 2.2915, 2585762, 10.4632, 13810.0790
current_data: 1.0541, 5110944, 5.1052, 3830.0219
current_data: 0.3844, 19738813, 77.0341, 16661.3453
current_data: 2.5495, 79518, 0.0008, 0.6250
current_data: 2.4605, 239907, 31.9682, 54342.1859
current_data: 2.2963, 2471908, 10.4804, 13878.8294
current_data: 1.0591, 5151966, 5.1764, 4013.7730
current_data: 0.3843, 19707565, 77.0426, 16722.5957
current_data: 2.5501, 80206, 0.0008, 0.0000
current_data: 2.4644, 240666, 31.9701, 54250.9354
current_data: 2.3052, 2507322, 10.5189, 13385.0766
current_data: 1.0565, 5154056, 5.1188, 3900.6473
current_data: 0.3845, 19739822, 77.0001, 16592.5949
current_data: 2.5497, 84704, 0.0010, 0.0000
current_data: 2.4650, 245200, 31.9682, 54386.5612
current_data: 2.3839, 2604954, 9.2395, 12676.9475
current_data: 1.0599, 5129421, 5.0284, 3922.5224
current_data: 0.3843, 19713968, 77.0469, 16558.8448
current_data: 2.5500, 84658, 0.0011, 0.0000
current_data: 2.4651, 246150, 31.9669, 54458.4366
current_data: 2.3826, 2521902, 9.2253, 12715.0728
current_data: 1.0565, 5126960, 5.0295, 3839.3970
current_data: 0.3844, 19743484, 77.0088, 16668.2204
current_data: 2.5503, 82192, 0.0008, 0.0000
current_data: 2.2462, 246868, 32.9546, 51775.9213
current_data: 2.3847, 2457055, 9.2700, 12749.4480
current_data: 1.0680, 5204071, 5.1193, 3967.5227
current_data: 0.3852, 19754159, 77.0226, 16591.9699
current_data: 2.5508, 81184, 0.0007, 0.0000
current_data: 2.1751, 225652, 34.2699, 46169.0142
current_data: 2.3149, 2512607, 10.4790, 13971.3299
current_data: 1.0625, 5142663, 5.0986, 3831.8969
current_data: 0.3851, 19763275, 77.0100, 16584.4699
current_data: 2.5481, 89802, 0.0013, 0.0000
current_data: 2.1742, 242091, 34.2677, 46167.7642
current_data: 2.3115, 2500380, 10.4822, 14015.0802
current_data: 1.0682, 5167557, 5.1195, 3985.0228
current_data: 0.3852, 19792958, 76.9753, 16691.3455
current_data: 2.5493, 90694, 0.0013, 0.0000
current_data: 2.1143, 253258, 34.3934, 45439.0100
current_data: 2.3158, 2436490, 10.4737, 14106.9557
current_data: 1.0425, 5068356, 5.0677, 3838.7720
current_data: 0.3835, 19728241, 76.9990, 16606.3450
current_data: 2.5502, 86858, 0.0011, 0.0000
current_data: 1.6972, 5760736, 32.5725, 52674.6764
current_data: 2.2635, 2435303, 10.5714, 13853.8293
current_data: 1.0498, 5110824, 5.1065, 3873.7722
current_data: 0.3839, 19679458, 77.0341, 16540.7196
current_data: 2.5496, 85087, 0.0012, 1.2500
current_data: 2.7532, 332515, 25.5243, 53043.4285
current_data: 2.2926, 2561675, 10.4688, 13885.0795
current_data: 1.0561, 5124899, 5.1302, 3895.0223
current_data: 0.3893, 18799286, 75.1086, 16784.4710
current_data: 2.5491, 88517, 0.0011, 0.0000
current_data: 2.7057, 311099, 25.0554, 49006.5304
current_data: 2.3522, 2651162, 9.6502, 12694.4476
current_data: 1.0298, 5011548, 5.0656, 3726.2713
current_data: 0.3829, 19688738, 76.9848, 16618.8451
current_data: 2.5486, 86662, 0.0011, 0.0000
current_data: 2.1802, 240580, 26.7234, 59974.7182
current_data: 2.3371, 2415783, 9.3135, 12612.5722
current_data: 1.0251, 4971079, 5.1112, 3850.6470
current_data: 0.3828, 19690846, 76.9989, 16602.5950
current_data: 2.5498, 88171, 0.0011, 0.0000
current_data: 2.2188, 233492, 26.4864, 60937.2237
current_data: 2.3287, 2408886, 9.2917, 12490.6965
current_data: 1.0261, 4992093, 5.1533, 3809.3968
current_data: 0.3826, 19652018, 77.0389, 16566.9698
current_data: 2.5488, 90613, 0.0013, 0.0000
current_data: 2.2282, 241488, 27.2023, 59585.3410
current_data: 2.2504, 2339895, 10.5987, 13811.3290
current_data: 1.0561, 5136079, 5.0448, 3780.6466
current_data: 0.3844, 19747173, 77.0347, 16599.4700
current_data: 2.5499, 79620, 0.0008, 0.0000
current_data: 2.4652, 230847, 31.9691, 54522.8120
current_data: 2.3017, 2518521, 10.5214, 13924.4547
current_data: 1.0534, 5124229, 5.1401, 3906.8974
current_data: 0.3843, 19741645, 77.0332, 16746.3458
current_data: 2.5493, 81458, 0.0008, 0.0000
current_data: 2.4645, 229688, 31.9690, 54329.0609
current_data: 2.3021, 2534907, 10.4967, 13933.2047
current_data: 1.0570, 5139732, 5.0722, 3815.6468
current_data: 0.3845, 19763425, 76.9930, 16560.7198
current_data: 2.5494, 87190, 0.0010, 0.6250
current_data: 2.4641, 233522, 31.9668, 54296.5607
current_data: 2.3056, 2550467, 10.4741, 13920.7047
current_data: 1.0575, 5122233, 5.0984, 3893.1473
current_data: 0.3844, 19712376, 77.0316, 16563.2198
current_data: 2.5499, 83535, 0.0009, 0.6250
current_data: 2.4672, 229719, 31.9697, 54263.4355
current_data: 2.3202, 2655348, 10.3284, 13078.8248
current_data: 1.0569, 5095612, 5.1091, 3839.3970
current_data: 0.3844, 19690593, 77.0398, 16593.8450
current_data: 2.5503, 79378, 0.0008, 0.0000
current_data: 2.4682, 227944, 31.9698, 54319.6858
current_data: 2.3897, 2482376, 9.2693, 12805.0733
current_data: 1.0526, 5104054, 5.1089, 3764.3965
current_data: 0.3843, 19731379, 77.0065, 16547.5947
current_data: 2.5478, 89422, 0.0012, 0.0000
current_data: 2.4668, 252515, 31.9653, 54348.4360
current_data: 2.3855, 2612118, 9.2745, 12718.8228
current_data: 1.0539, 5087271, 4.9834, 3755.0215
current_data: 0.3843, 19702569, 77.0102, 16529.4696
current_data: 2.5496, 86733, 0.0012, 0.6250
current_data: 2.4648, 238205, 31.9664, 54282.8106
current_data: 2.3798, 2530451, 9.2068, 13286.9510
current_data: 1.0557, 5105764, 5.1370, 3825.0219
current_data: 0.3843, 19659851, 77.0356, 16622.5951
current_data: 2.5497, 85429, 0.0010, 0.0000
current_data: 2.4666, 238692, 31.9664, 54165.3099
current_data: 2.3020, 2415556, 10.5291, 13995.0801
current_data: 1.0595, 5121756, 5.0159, 3831.8969
current_data: 0.3845, 19749080, 77.0073, 16623.8451
current_data: 2.5499, 82536, 0.0009, 0.0000
current_data: 2.3380, 246259, 26.3206, 44860.2567
current_data: 2.3120, 2501095, 10.4888, 14025.7053
current_data: 1.0580, 5132676, 5.1320, 4019.3980
current_data: 0.3844, 19695537, 77.0339, 16541.3447
current_data: 2.5489, 80341, 0.0008, 0.0000
current_data: 2.5430, 235072, 24.9778, 45574.0108
current_data: 2.3133, 2507353, 10.4669, 13941.3298
current_data: 1.0584, 5143079, 5.1442, 3882.5222
current_data: 0.3895, 18791249, 75.0862, 16764.4709
current_data: 2.5497, 80809, 0.0008, 0.0000
current_data: 2.5538, 235047, 24.9757, 45884.0126
current_data: 2.3131, 2511863, 10.4606, 14000.0801
current_data: 1.0588, 5141588, 5.1292, 3881.2722
current_data: 0.3846, 19748887, 77.0004, 16641.3452
current_data: 2.5505, 81700, 0.0009, 0.0000
current_data: 2.5594, 231532, 24.9755, 46017.7633
current_data: 2.3189, 2579640, 10.4303, 14032.5803
current_data: 1.0633, 5116132, 5.0255, 3837.5220
current_data: 0.3845, 19632832, 77.0189, 16536.9696
current_data: 2.5497, 82840, 0.0008, 0.6250
current_data: 2.5247, 234145, 24.9755, 45210.8837
current_data: 2.3955, 2601230, 9.2030, 12715.6978
current_data: 1.0609, 5150264, 5.0692, 3833.7719
current_data: 0.3846, 19733292, 77.0196, 16643.2202
current_data: 2.5502, 80253, 0.0009, 0.0000
current_data: 2.5028, 234417, 24.9772, 44832.1315
current_data: 2.4071, 2627991, 9.1979, 12762.5730
current_data: 1.0593, 5121450, 5.0012, 3850.6470
current_data: 0.3844, 19754059, 77.0369, 16667.5954
current_data: 2.5496, 81340, 0.0010, 0.0000
current_data: 2.5484, 234367, 24.9744, 45672.1363
current_data: 2.4063, 2530287, 9.2425, 12834.4484
current_data: 1.0625, 5161334, 5.0457, 3857.5221
current_data: 0.3843, 19703909, 77.0560, 16715.7206
current_data: 2.5502, 80521, 0.0008, 0.0000
current_data: 2.5576, 232276, 24.9742, 45827.7622
current_data: 2.3766, 2385846, 9.5045, 13748.8287
current_data: 1.0565, 5163378, 5.1313, 3909.3974
current_data: 0.3847, 19759215, 76.9868, 16548.2197
current_data: 2.5495, 86542, 0.0011, 0.0000
current_data: 2.2577, 266067, 29.9831, 46961.5187
current_data: 2.3033, 2528222, 10.5013, 13953.2048
current_data: 1.0526, 5176034, 5.1535, 3950.0226
current_data: 0.3843, 19703384, 77.0423, 16562.5948
current_data: 2.5510, 81043, 0.0009, 0.0000
current_data: 2.4628, 247792, 31.9654, 54190.9351
current_data: 2.3078, 2567741, 10.4685, 13890.0795
current_data: 1.0533, 5064301, 5.1290, 3786.2717
current_data: 0.3844, 19632998, 77.0015, 16516.9695
current_data: 2.5491, 91595, 0.0015, 0.0000
current_data: 2.4613, 255760, 31.9612, 53969.6838
current_data: 2.3081, 2461947, 10.5117, 14020.0802
current_data: 1.0551, 5132978, 5.1194, 3851.8970
current_data: 0.3844, 19707577, 77.0132, 16562.5948
current_data: 2.5493, 85007, 0.0012, 0.0000
current_data: 2.4617, 249241, 31.9625, 54153.4349
current_data: 2.3095, 2578749, 10.4373, 13976.3300
current_data: 1.0549, 5116577, 5.0802, 3893.7723
current_data: 0.3845, 19737161, 77.0101, 16622.5951
current_data: 2.5498, 79868, 0.0009, 0.6250
current_data: 2.4650, 234966, 31.9662, 54235.3103
current_data: 2.3264, 2510186, 10.4299, 13386.9516
current_data: 1.0588, 5139678, 5.0216, 3900.0223
current_data: 0.3843, 19749386, 77.0441, 16652.5953
current_data: 2.5501, 79156, 0.0008, 0.0000
current_data: 2.4675, 240501, 31.9662, 54570.3123
current_data: 2.4002, 2618704, 9.2007, 12706.9477
current_data: 1.0542, 5132384, 5.1708, 3986.8978
current_data: 0.3845, 19746661, 76.9990, 16623.8451
current_data: 2.5504, 82861, 0.0010, 0.0000
current_data: 2.4657, 244723, 31.9661, 54469.0617
current_data: 2.3979, 2593101, 9.2027, 12725.0728
current_data: 1.0554, 5106519, 5.0800, 4014.3980
current_data: 0.3843, 19720436, 77.0436, 16611.3451
current_data: 2.5499, 79844, 0.0008, 0.0000
current_data: 2.4672, 234777, 31.9665, 54527.8120
current_data: 2.3985, 2563163, 9.1830, 12671.3225
current_data: 1.0561, 5113985, 5.1131, 3908.1474
current_data: 0.3898, 18815029, 75.1232, 16777.5960
current_data: 2.5507, 79457, 0.0008, 0.0000
current_data: 2.2266, 240079, 33.2519, 51135.9176
current_data: 2.3205, 2417106, 10.4178, 14001.3301
current_data: 1.0672, 5200562, 5.1147, 3773.1466
current_data: 0.3853, 19767738, 77.0051, 16681.9705
current_data: 2.5503, 78757, 0.0008, 0.0000
current_data: 2.1761, 222033, 34.2671, 46102.1388
current_data: 2.3236, 2439369, 10.4421, 14035.0803
current_data: 1.0681, 5174119, 5.0203, 3895.6473
current_data: 0.3853, 19766080, 77.0149, 16648.8453
current_data: 2.5498, 80505, 0.0008, 0.0000
current_data: 2.1760, 217736, 34.2685, 46090.8887
current_data: 2.3285, 2532654, 10.4337, 14058.2054
current_data: 1.0660, 5168107, 5.0847, 3894.3973
current_data: 0.3851, 19779683, 77.0274, 16727.5957
current_data: 2.5502, 85861, 0.0012, 0.0000
current_data: 2.1230, 241458, 34.3450, 45413.3849
current_data: 2.3273, 2510875, 10.4220, 14031.9553
current_data: 1.0368, 5016425, 5.0000, 3798.7717
current_data: 0.3830, 19672773, 77.0312, 16616.3451
current_data: 2.5491, 85591, 0.0011, 0.0000
current_data: 1.7120, 5729565, 31.3399, 54692.8130
current_data: 2.2614, 2535988, 10.4929, 13770.0788
current_data: 1.0505, 5079714, 5.1701, 3843.7720
current_data: 0.3840, 19666606, 77.0341, 16601.3450
current_data: 2.5491, 88829, 0.0013, 0.0000
current_data: 2.8236, 292521, 25.4493, 51825.2965
current_data: 2.3703, 2578623, 9.4905, 12823.8234
current_data: 1.0569, 5103179, 5.0808, 3851.2720
current_data: 0.3844, 19698115, 77.0131, 16550.0947
current_data: 2.5497, 84701, 0.0010, 0.0000
current_data: 2.6964, 286445, 24.9827, 48584.0280
current_data: 2.3958, 2593616, 9.2345, 12721.3228
current_data: 1.0233, 4949362, 5.0948, 3812.5218
current_data: 0.3825, 19647191, 77.0338, 16472.5943
current_data: 2.5477, 91294, 0.0014, 0.0000
current_data: 2.2196, 237356, 26.4891, 60686.5973
current_data: 2.3420, 2510188, 9.2810, 12508.8216
current_data: 1.0244, 4944310, 5.0667, 3631.2708
current_data: 0.3827, 19580132, 77.0171, 16485.7193
current_data: 2.5501, 83372, 0.0010, 0.0000
current_data: 2.2181, 226900, 26.4859, 60492.2211
current_data: 2.2560, 2491565, 10.5301, 13722.5785
current_data: 1.0347, 5038893, 5.0714, 3723.7713
current_data: 0.3831, 19671662, 77.0239, 16585.0949
current_data: 2.5496, 79801, 0.0007, 0.0000
current_data: 2.2554, 234214, 27.8312, 58816.5866
current_data: 2.2797, 2412368, 10.4762, 13821.3291
current_data: 1.0522, 5118256, 5.1146, 3942.5226
current_data: 0.3844, 19714592, 77.0048, 16565.0948
current_data: 2.5489, 88919, 0.0013, 0.0000
current_data: 2.4644, 240049, 31.9676, 54375.3111
current_data: 2.3103, 2515851, 10.4975, 13990.7051
current_data: 1.0550, 5112963, 5.0975, 3814.3968
current_data: 0.3844, 19740478, 77.0283, 16633.2202
current_data: 2.5499, 79903, 0.0010, 0.0000
current_data: 2.4650, 232132, 31.9668, 54440.3115
current_data: 2.3158, 2547091, 10.4183, 14042.5804
current_data: 1.0549, 5150269, 5.1428, 3873.7722
current_data: 0.3844, 19738038, 77.0144, 16619.4701
current_data: 2.5501, 80147, 0.0008, 0.0000
current_data: 2.4658, 226873, 31.9657, 54336.5609
current_data: 2.3998, 2593443, 9.1850, 12751.3230
current_data: 1.0551, 5085295, 5.0640, 3818.1468
current_data: 0.3844, 19634393, 77.0354, 16547.5947
current_data: 2.5497, 81815, 0.0009, 0.0000
current_data: 2.4659, 227537, 31.9672, 54157.8099
current_data: 2.4076, 2488255, 9.2160, 12804.4483
current_data: 1.0543, 5124534, 5.0853, 3927.5225
current_data: 0.3897, 18884353, 75.1448, 16849.4714
current_data: 2.5499, 80907, 0.0009, 0.0000
current_data: 2.4655, 230581, 31.9693, 54567.8122
current_data: 2.4032, 2566255, 9.2469, 12747.5729
current_data: 1.0546, 4850947, 5.0624, 3603.7706
current_data: 0.3846, 19780959, 76.9925, 16673.8454
current_data: 2.5489, 81499, 0.0009, 0.0000
current_data: 2.4674, 231881, 31.9705, 54566.5622
current_data: 2.3442, 2397199, 10.0583, 13967.5799
current_data: 1.0549, 5125397, 5.0160, 3814.3968
current_data: 0.3844, 19743436, 77.0240, 16601.3450
current_data: 2.5489, 80017, 0.0008, 0.0000
current_data: 2.4663, 226188, 31.9685, 54488.4368
current_data: 2.3138, 2581483, 10.4265, 13909.4546
current_data: 1.0557, 5137684, 5.0578, 3940.6475
current_data: 0.3844, 19698112, 77.0235, 16671.3454
current_data: 2.5498, 81584, 0.0009, 0.0000
current_data: 2.4670, 226878, 31.9688, 54270.9355
current_data: 2.3202, 2522042, 10.3891, 13953.2048
current_data: 1.0602, 5139570, 5.1451, 3940.6475
current_data: 0.3844, 19608476, 77.0458, 16426.9690
current_data: 2.5498, 81528, 0.0010, 0.0000
current_data: 2.4475, 249719, 25.6996, 45612.1360
current_data: 2.3286, 2520105, 10.4323, 13971.9549
current_data: 1.0589, 5121587, 5.0477, 3745.6464
current_data: 0.3843, 19710498, 77.0353, 16672.5954
current_data: 2.5499, 88858, 0.0013, 0.0000
current_data: 2.5373, 249852, 24.9763, 45605.2610
current_data: 2.3252, 2482169, 10.4550, 14033.2053
current_data: 1.0569, 5101257, 5.1150, 3955.0226
current_data: 0.3844, 19753788, 76.9963, 16716.3457
current_data: 2.5497, 94083, 0.0015, 0.0000
current_data: 2.5528, 262319, 24.9737, 45734.0117
current_data: 2.3552, 2623055, 10.1536, 13060.6997
current_data: 1.0601, 5144668, 5.1257, 3920.0224
current_data: 0.3844, 19738172, 77.0583, 16599.4700
current_data: 2.5502, 81510, 0.0009, 0.6250
current_data: 2.5580, 242362, 24.9737, 45943.3879
current_data: 2.4174, 2478575, 9.2097, 12840.6985
current_data: 1.0597, 5149821, 5.0400, 3865.6471
current_data: 0.3844, 19732348, 77.0272, 16579.4699
current_data: 2.5496, 81999, 0.0009, 0.0000
current_data: 2.5188, 238321, 24.9757, 45267.1340
current_data: 2.4183, 2468208, 9.1901, 12815.6983
current_data: 1.0590, 5138917, 5.1433, 3848.7720
current_data: 0.3846, 19719693, 77.0084, 16530.0946
current_data: 2.5499, 79887, 0.0008, 0.0000
current_data: 2.5027, 235156, 24.9775, 44947.1322
current_data: 2.4089, 2523393, 9.1800, 12890.0738
current_data: 1.0585, 5131216, 5.0693, 3843.1470
current_data: 0.3843, 19717704, 77.0545, 16491.3444
current_data: 2.5492, 81131, 0.0009, 0.0000
current_data: 2.5680, 237725, 24.9769, 46204.0144
current_data: 2.3298, 2428751, 10.4123, 14016.9552
current_data: 1.0598, 5147308, 5.0570, 3935.6475
current_data: 0.3845, 19723471, 77.0263, 16539.4696
current_data: 2.5503, 80619, 0.0008, 0.0000
current_data: 2.5546, 236692, 24.9744, 45972.7631
current_data: 2.3311, 2493420, 10.4074, 14033.8303
current_data: 1.0610, 5152724, 5.0801, 3860.0221
current_data: 0.3845, 19736076, 77.0271, 16719.4707
current_data: 2.5495, 81884, 0.0008, 0.0000
current_data: 2.2484, 262240, 30.7441, 47577.1472
current_data: 2.3292, 2457114, 10.3845, 13966.3299
current_data: 1.0553, 5143456, 5.0920, 3896.2723
current_data: 0.3844, 19707465, 77.0265, 16608.8450
current_data: 2.5502, 82910, 0.0009, 0.0000
current_data: 2.4621, 245663, 31.9695, 54379.6862
current_data: 2.3208, 2451893, 10.4428, 14031.3303
current_data: 1.0575, 5138806, 5.0783, 3934.3975
current_data: 0.3892, 18752138, 75.0807, 16797.5961
current_data: 2.5491, 86321, 0.0012, 0.0000
current_data: 2.4582, 246679, 31.9678, 54198.4351
current_data: 2.3132, 2554881, 10.4526, 13969.4549
current_data: 1.0566, 5137061, 5.0529, 3838.1470
current_data: 0.3844, 19740437, 77.0093, 16606.9700
current_data: 2.5509, 83031, 0.0009, 0.0000
current_data: 2.4635, 240860, 31.9682, 54245.9354
current_data: 2.3719, 2709423, 9.7254, 12719.4478
current_data: 1.0609, 5135660, 5.0451, 3813.7718
current_data: 0.3846, 19721214, 76.9874, 16567.5948
current_data: 2.5495, 81545, 0.0008, 0.0000
current_data: 2.4642, 240167, 31.9668, 54161.5599
current_data: 2.4080, 2461320, 9.1988, 12806.3233
current_data: 1.0485, 4981559, 5.1524, 3971.2727
current_data: 0.3840, 19732145, 77.0221, 16660.7203
current_data: 2.5496, 86107, 0.0010, 0.0000
current_data: 2.4601, 250938, 31.9674, 54300.3107
current_data: 2.4062, 2517039, 9.2703, 12877.5737
current_data: 1.0485, 5062391, 5.2177, 3896.8973
current_data: 0.3843, 19761192, 77.0141, 16677.5954
current_data: 2.5491, 88676, 0.0012, 0.0000
current_data: 2.4600, 254258, 31.9655, 54440.3115
current_data: 2.3795, 2379588, 9.5486, 13836.3292
current_data: 1.0492, 5056561, 5.1840, 3963.1477
current_data: 0.3842, 19771119, 77.0153, 16652.5953
current_data: 2.5485, 92668, 0.0015, 1.2500
current_data: 2.4597, 265373, 31.9650, 54431.5615
current_data: 2.3159, 2423739, 10.4482, 13980.0800
current_data: 1.0560, 5116769, 5.1023, 4031.2731
current_data: 0.3844, 19748615, 77.0368, 16716.3457
current_data: 2.5500, 81611, 0.0009, 0.0000
current_data: 2.1786, 246835, 33.4230, 49940.9108
current_data: 2.3269, 2438897, 10.3910, 14013.8302
current_data: 1.0654, 5173816, 5.1307, 3906.8974
current_data: 0.3851, 19693981, 77.0351, 16551.3447
current_data: 2.5503, 82582, 0.0009, 0.0000
current_data: 2.1744, 234160, 34.2675, 46065.2636
current_data: 2.3390, 2504880, 10.3872, 14021.9552
current_data: 1.0627, 5168625, 5.0845, 3869.3971
current_data: 0.3853, 19803510, 76.9871, 16637.5952
current_data: 2.5500, 85189, 0.0010, 0.0000
current_data: 2.1734, 231590, 34.2685, 46230.2645
current_data: 2.3393, 2554090, 10.3861, 14033.2053
current_data: 1.0644, 5168981, 5.1170, 3880.0222
current_data: 0.3851, 19765851, 77.0243, 16556.9697
current_data: 2.5503, 82205, 0.0008, 0.0000
current_data: 2.1190, 252031, 34.3033, 45425.2599
current_data: 2.3500, 2526441, 10.3267, 14155.0810
current_data: 1.0340, 5013691, 5.0299, 3693.7711
current_data: 0.3829, 19689456, 77.0531, 16511.9695
current_data: 2.5499, 80367, 0.0009, 0.0000
current_data: 1.7193, 5431917, 31.5651, 56465.9481
current_data: 2.3689, 2597587, 9.2374, 12627.5723
current_data: 1.0535, 5085821, 5.1227, 3875.0222
current_data: 0.3841, 19705463, 77.0463, 16631.3452
current_data: 2.5498, 83916, 0.0009, 0.0000
current_data: 2.7799, 276901, 25.6205, 51370.2939
current_data: 2.4099, 2535352, 9.1730, 12777.5731
current_data: 1.0573, 5141953, 5.1482, 3965.0227
current_data: 0.3843, 19765782, 77.0061, 16673.2204
current_data: 2.5501, 81264, 0.0009, 0.0000
current_data: 2.6507, 292187, 25.1305, 49240.9068
current_data: 2.4055, 2514885, 9.1740, 12727.5728
current_data: 1.0247, 4984623, 5.1359, 3845.0220
current_data: 0.3827, 19670732, 77.0221, 16580.0949
current_data: 2.5506, 82164, 0.0009, 0.0000
current_data: 2.2167, 219443, 26.4915, 60810.9730
current_data: 2.2628, 2427458, 10.5196, 13808.8290
current_data: 1.0268, 4979830, 5.0959, 3754.3965
current_data: 0.3827, 19654097, 77.0240, 16632.5952
current_data: 2.5491, 80415, 0.0008, 0.0000
current_data: 2.2190, 222386, 26.4867, 60715.3474
current_data: 2.2719, 2494111, 10.4968, 13805.7040
current_data: 1.0347, 5057069, 5.0768, 3814.3968
current_data: 0.3832, 19727028, 76.9920, 16633.2202
current_data: 2.5489, 81352, 0.0008, 0.0000
current_data: 2.2782, 235250, 28.3169, 58372.2090
current_data: 2.2928, 2514669, 10.3954, 13827.5791
current_data: 1.0578, 5123573, 5.0446, 3673.7710
current_data: 0.3844, 19758240, 77.0223, 16673.2204
current_data: 2.5497, 82103, 0.0009, 0.0000
current_data: 2.4652, 232991, 31.9713, 54390.3112
current_data: 2.3361, 2473930, 10.4041, 13799.4540
current_data: 1.0522, 5103350, 5.1365, 3963.1477
current_data: 0.3844, 19669541, 76.9955, 16588.8449
current_data: 2.5487, 89193, 0.0012, 0.6250
current_data: 2.4650, 237353, 31.9681, 54070.9344
current_data: 2.4132, 2553538, 9.2309, 12801.3232
current_data: 1.0526, 5085989, 5.0281, 3761.8965
current_data: 0.3845, 19766357, 76.9747, 16608.2200
current_data: 2.5486, 89666, 0.0014, 0.0000
current_data: 2.4649, 246168, 31.9669, 54329.6859
current_data: 2.3820, 2368884, 9.2458, 12751.3230
current_data: 1.0572, 5097640, 5.0878, 4011.2730
current_data: 0.3842, 19735317, 77.0640, 16708.8456
current_data: 2.5500, 81205, 0.0008, 0.0000
current_data: 2.4633, 232599, 31.9668, 54321.5608
current_data: 2.3514, 2432394, 9.4557, 13536.3275
current_data: 1.0561, 5120973, 5.1124, 3878.1472
current_data: 0.3844, 19732755, 77.0272, 16671.3454
current_data: 2.5497, 82282, 0.0008, 0.0000
current_data: 2.4655, 231735, 31.9708, 54560.9372
current_data: 2.2984, 2409236, 10.4057, 13881.9544
current_data: 1.0554, 5142942, 5.1541, 3814.3968
current_data: 0.3844, 19693756, 77.0329, 16571.3448
current_data: 2.5499, 80745, 0.0009, 1.2500
current_data: 2.4666, 230574, 31.9700, 54419.0614
current_data: 2.2958, 2570412, 10.4265, 13819.4541
current_data: 1.0545, 5091413, 5.0082, 3857.5221
current_data: 0.3844, 19705945, 77.0240, 16560.7198
current_data: 2.5498, 83267, 0.0010, 0.0000
current_data: 2.4663, 234647, 31.9695, 54467.8117
current_data: 2.2974, 2371652, 10.3919, 13925.0797
current_data: 1.0568, 5133266, 5.0318, 3888.7723
current_data: 0.3844, 19766215, 77.0265, 16490.0944
current_data: 2.5501, 85400, 0.0011, 0.0000
current_data: 2.3836, 227941, 32.0152, 52551.5507
current_data: 2.3845, 2521985, 9.2242, 12684.4476
current_data: 1.0590, 5151788, 5.1323, 3946.2726
current_data: 0.3845, 19728335, 77.0335, 16532.5946
current_data: 2.5503, 81705, 0.0009, 0.6250
current_data: 2.5502, 250626, 24.9733, 45875.8875
current_data: 2.3920, 2601531, 9.1441, 12605.0721
current_data: 1.0608, 5137588, 5.0075, 3872.5222
current_data: 0.3845, 19705059, 77.0132, 16608.2200
current_data: 2.5493, 85643, 0.0010, 0.6250
current_data: 2.5378, 249425, 24.9766, 45552.1357
current_data: 2.3766, 2464580, 9.1991, 13383.8266
current_data: 1.0565, 5100108, 5.1340, 3873.7722
current_data: 0.3846, 19745047, 76.9760, 16634.4702
current_data: 2.5488, 87021, 0.0011, 0.0000
current_data: 2.5570, 257302, 24.9730, 45798.3871
current_data: 2.2993, 2486777, 10.4883, 13898.2045
current_data: 1.0581, 5141362, 5.0957, 3948.7726
current_data: 0.3845, 19772412, 77.0087, 16600.0950
current_data: 2.5496, 83685, 0.0009, 0.0000
current_data: 2.5540, 248092, 24.9734, 45862.1374
current_data: 2.3050, 2535021, 10.4026, 13861.3293
current_data: 1.0619, 5147463, 5.0499, 3875.6472
current_data: 0.3845, 19727611, 77.0116, 16647.5953
current_data: 2.5498, 81310, 0.0008, 0.0000
current_data: 2.5212, 241478, 24.9769, 45057.7578
current_data: 2.3070, 2392786, 10.4276, 13848.8292
current_data: 1.0635, 5114822, 5.0320, 3888.7723
current_data: 0.3890, 18595120, 75.0141, 16620.0951
current_data: 2.5497, 80113, 0.0008, 0.0000
current_data: 2.4908, 243707, 24.9753, 44423.3792
current_data: 2.4052, 2457959, 9.1639, 12739.4479
current_data: 1.0586, 5130147, 5.1215, 3918.1474
current_data: 0.3845, 19750152, 76.9851, 16681.9705
current_data: 2.5485, 87472, 0.0012, 0.6250
current_data: 2.5556, 256930, 24.9740, 45786.5120
current_data: 2.3986, 2423514, 9.1809, 12772.5731
current_data: 1.0560, 5113608, 5.1412, 3925.0225
current_data: 0.3844, 19724721, 76.9926, 16600.0950
current_data: 2.5491, 90672, 0.0013, 0.0000
current_data: 2.5575, 259784, 24.9721, 45883.3875
current_data: 2.3891, 2479466, 9.1664, 12911.9489
current_data: 1.0617, 5139063, 4.9949, 3860.6471
current_data: 0.3844, 19698529, 77.0145, 16656.3453
current_data: 2.5509, 82406, 0.0009, 0.0000
current_data: 2.2397, 273452, 31.4043, 48564.0279
current_data: 2.3011, 2549317, 10.4425, 13860.0793
current_data: 1.0547, 5134650, 5.1247, 3888.1472
current_data: 0.3843, 19743065, 77.0465, 16693.8455
current_data: 2.5501, 79965, 0.0008, 0.0000
current_data: 2.4613, 249816, 31.9662, 54439.0615
current_data: 2.3026, 2468390, 10.3508, 13836.3292
current_data: 1.0555, 5128389, 5.0993, 3991.2728
current_data: 0.3844, 19740295, 77.0273, 16718.8457
current_data: 2.5494, 82657, 0.0009, 0.0000
current_data: 2.4601, 245973, 31.9663, 54391.5612
current_data: 2.3025, 2406148, 10.4431, 13945.0798
current_data: 1.0514, 5045534, 5.1350, 4007.5229
current_data: 0.3842, 19733564, 77.0346, 16609.4700
current_data: 2.5495, 91446, 0.0014, 0.0000
current_data: 2.4599, 260962, 31.9653, 54354.0610
current_data: 2.3454, 2590839, 9.7972, 12678.1975
current_data: 1.0537, 5153117, 5.1872, 3965.0227
current_data: 0.3843, 19715759, 77.0529, 16588.2199
current_data: 2.5500, 79847, 0.0008, 0.0000
current_data: 2.4626, 244485, 31.9659, 54362.8111
current_data: 2.3936, 2484008, 9.1257, 12666.9475
current_data: 1.0540, 5112922, 5.1059, 3920.6474
current_data: 0.3844, 19662759, 77.0123, 16468.8442
current_data: 2.5504, 80063, 0.0008, 0.0000
current_data: 2.4662, 245291, 31.9668, 54307.1857
current_data: 2.3823, 2561469, 9.1230, 12537.5717
current_data: 1.0563, 5115497, 5.0689, 3837.5220
current_data: 0.3840, 19717462, 77.0310, 16561.9698
current_data: 2.5498, 81860, 0.0008, 0.0000
current_data: 2.4622, 243089, 31.9686, 54368.4361
current_data: 2.3046, 2384018, 10.4143, 13918.8296
current_data: 1.0557, 5113603, 5.0434, 3828.1469
current_data: 0.3845, 19707680, 76.9970, 16546.3447
current_data: 2.5501, 78560, 0.0008, 0.0000
current_data: 2.4636, 237244, 31.9683, 54286.5606
current_data: 2.2972, 2505776, 10.3990, 13781.3289
current_data: 1.0582, 5127735, 5.0957, 3823.7719
current_data: 0.3847, 19762820, 76.9961, 16675.7204
current_data: 2.5496, 83124, 0.0011, 0.0000
current_data: 2.1659, 250789, 33.6576, 49595.9088
current_data: 2.3080, 2403054, 10.4252, 13932.5797
current_data: 1.0668, 5158371, 5.0194, 3870.6471
current_data: 0.3851, 19803801, 77.0281, 16736.3458
current_data: 2.5495, 87289, 0.0010, 0.0000
current_data: 2.1766, 235731, 34.2677, 46252.7647
current_data: 2.3477, 2655079, 9.9749, 12838.1985
current_data: 1.0631, 5092461, 5.0811, 3808.1468
current_data: 0.3849, 19660769, 77.0275, 16556.3447
current_data: 2.5491, 93683, 0.0015, 0.0000
current_data: 2.1747, 245213, 34.2663, 46108.3888
current_data: 2.4021, 2365182, 9.1855, 12720.6978
current_data: 1.0618, 5124375, 5.1117, 3897.5223
current_data: 0.3887, 18706667, 75.0044, 16725.7207
current_data: 2.5483, 91664, 0.0015, 0.0000
current_data: 2.1150, 605449, 33.7140, 44797.7563
current_data: 2.4044, 2360201, 9.2054, 12803.1983
current_data: 1.0269, 4993349, 5.0733, 3888.7723
current_data: 0.3826, 19696494, 77.0127, 16618.8451
current_data: 2.5488, 89251, 0.0014, 0.0000
current_data: 1.8060, 5302098, 30.8381, 57074.0766
current_data: 2.2608, 2384016, 10.5280, 13780.0789
current_data: 1.0536, 5066666, 5.0312, 3894.3973
current_data: 0.3842, 19740976, 77.0055, 16625.0951
current_data: 2.5490, 80830, 0.0009, 0.0000
current_data: 2.7712, 296141, 25.5601, 51095.2924
current_data: 2.3066, 2409333, 10.3911, 13826.3291
current_data: 1.0561, 5125955, 5.0889, 3923.7725
current_data: 0.3841, 19717580, 77.0351, 16688.2205
current_data: 2.5508, 81884, 0.0010, 0.0000
current_data: 2.5951, 288283, 25.2609, 50110.2867
current_data: 2.3008, 2447968, 10.4406, 13915.0796
current_data: 1.0257, 4975648, 5.0803, 3733.7714
current_data: 0.3825, 19586859, 77.0723, 16580.7199
current_data: 2.5497, 82873, 0.0008, 0.6250
current_data: 2.2212, 231208, 26.4862, 60592.8467
current_data: 2.3394, 2444659, 9.1972, 12437.5712
current_data: 1.0263, 4986208, 5.0523, 3818.1468
current_data: 0.3826, 19635080, 77.0540, 16600.0950
current_data: 2.5498, 81233, 0.0009, 0.0000
current_data: 2.2224, 228345, 26.4852, 60745.9726
current_data: 2.3454, 2494809, 9.2162, 12495.0715
current_data: 1.0357, 5036163, 5.1542, 3791.2717
current_data: 0.3834, 19702963, 77.0138, 16556.3447
current_data: 2.5494, 80052, 0.0008, 0.0000
current_data: 2.2973, 234109, 28.8057, 57750.9555
current_data: 2.2879, 2331438, 10.3013, 13706.9534
current_data: 1.0562, 5114845, 5.0099, 3822.5219
current_data: 0.3844, 19729962, 77.0206, 16551.9697
current_data: 2.5505, 80745, 0.0008, 0.0000
current_data: 2.4650, 235687, 31.9699, 54581.5623
current_data: 2.3103, 2417172, 10.4081, 13918.8296
current_data: 1.0508, 5080018, 5.1871, 3902.5223
current_data: 0.3844, 19765252, 77.0160, 16537.5946
current_data: 2.5501, 84541, 0.0010, 0.0000
current_data: 2.4630, 236590, 31.9685, 54440.9365
current_data: 2.2982, 2482752, 10.4402, 13898.2045
current_data: 1.0556, 5106731, 5.1162, 3746.2714
current_data: 0.3845, 19703275, 77.0227, 16568.8448
current_data: 2.5495, 79572, 0.0008, 0.0000
current_data: 2.4661, 229760, 31.9691, 54354.6860
current_data: 2.3456, 2590073, 9.9690, 12780.0731
current_data: 1.0564, 5085449, 5.0093, 3851.8970
current_data: 0.3845, 19728932, 77.0110, 16575.7198
current_data: 2.5489, 79876, 0.0008, 0.0000
current_data: 2.4675, 229257, 31.9682, 54464.6866
current_data: 2.3895, 2522582, 9.1415, 12608.1971
current_data: 1.0551, 5092807, 5.0679, 3805.0218
current_data: 0.3844, 19638432, 77.0352, 16646.9703
current_data: 2.5506, 79941, 0.0008, 0.0000
current_data: 2.4673, 232882, 31.9705, 54172.8100
current_data: 2.3856, 2495083, 9.1353, 12535.6967
current_data: 1.0531, 5110305, 5.2427, 3844.3970
current_data: 0.3845, 19699257, 77.0068, 16615.0951
current_data: 2.5493, 80149, 0.0008, 0.0000
current_data: 2.4652, 231122, 31.9718, 54391.5612
current_data: 2.3055, 2409958, 10.4467, 13946.9548
current_data: 1.0552, 5133297, 5.0946, 3953.1476
current_data: 0.3843, 19741452, 77.0153, 16636.9702
current_data: 2.5484, 89944, 0.0015, 0.0000
current_data: 2.4632, 248542, 31.9664, 54510.3119
current_data: 2.3061, 2528418, 10.3979, 13853.8293
current_data: 1.0547, 5094885, 5.0290, 3778.1466
current_data: 0.3869, 18542029, 75.2870, 16698.2205
current_data: 2.5485, 89903, 0.0013, 1.2500
current_data: 2.2725, 246057, 32.6701, 52128.4233
current_data: 2.3033, 2350102, 10.4116, 13915.7046
current_data: 1.0596, 5131503, 5.1418, 3956.8976
current_data: 0.3839, 19750472, 77.0498, 16475.0943
current_data: 2.5488, 86704, 0.0012, 0.0000
current_data: 2.5472, 258372, 24.9750, 45596.5109
current_data: 2.3568, 2657343, 9.7404, 12671.9475
current_data: 1.0577, 5099318, 5.1601, 3821.8969
current_data: 0.3841, 19664754, 77.0376, 16506.3445
current_data: 2.5487, 85246, 0.0011, 0.0000
current_data: 2.5385, 252762, 24.9746, 45321.5093
current_data: 2.3927, 2491728, 9.1957, 12647.5724
current_data: 1.0576, 5143466, 5.0958, 3795.0217
current_data: 0.3843, 19786195, 77.0036, 16636.3452
current_data: 2.5505, 82991, 0.0010, 1.2500
current_data: 2.5549, 251425, 24.9746, 45837.7623
current_data: 2.3926, 2476834, 9.1535, 12608.1971
current_data: 1.0591, 5141572, 5.1393, 3996.8979
current_data: 0.3842, 19727709, 77.0303, 16617.5951
current_data: 2.5505, 80207, 0.0008, 0.0000
current_data: 2.5589, 242916, 24.9728, 45867.1375
current_data: 2.3186, 2429733, 10.4032, 13955.0799
current_data: 1.0597, 5126121, 5.0484, 3840.0220
current_data: 0.3842, 19712455, 77.0303, 16530.0946
current_data: 2.5500, 78459, 0.0008, 0.0000
current_data: 2.5158, 243363, 24.9749, 45136.5083
current_data: 2.3174, 2557300, 10.3648, 13855.7043
current_data: 1.0604, 5139990, 5.0396, 3801.2718
current_data: 0.3842, 19746340, 77.0080, 16688.8455
current_data: 2.5487, 89375, 0.0014, 0.6250
current_data: 2.4879, 253140, 24.9752, 44725.2559
current_data: 2.3220, 2367258, 10.3876, 13978.2050
current_data: 1.0593, 5121893, 5.1221, 3896.2723
current_data: 0.3843, 19701651, 77.0211, 16615.0951
current_data: 2.5507, 81713, 0.0009, 0.6250
current_data: 2.5605, 246026, 24.9762, 45919.0128
current_data: 2.3621, 2657198, 9.7414, 12685.0726
current_data: 1.0606, 5139205, 5.1120, 3978.1478
current_data: 0.3843, 19771911, 77.0195, 16691.3455
current_data: 2.5484, 81309, 0.0008, 0.0000
current_data: 2.5586, 245206, 24.9714, 46012.7633
current_data: 2.4099, 2491079, 9.1127, 12688.8226
current_data: 1.0548, 5134456, 5.0348, 3795.0217
current_data: 0.3843, 19714362, 77.0097, 16508.8445
current_data: 2.5486, 85562, 0.0011, 0.0000
current_data: 2.2327, 284176, 32.1242, 49093.4059
current_data: 2.3981, 2536403, 9.1734, 12591.3220
current_data: 1.0518, 5088251, 5.1752, 3888.1472
current_data: 0.3842, 19713280, 77.0126, 16698.8456
current_data: 2.5501, 85493, 0.0010, 0.0000
current_data: 2.4598, 260054, 31.9670, 54282.8106
current_data: 2.3027, 2420803, 10.4479, 13888.8295
current_data: 1.0504, 5098567, 5.1544, 3795.6467
current_data: 0.3840, 19763818, 77.0118, 16716.3457
current_data: 2.5486, 91749, 0.0014, 0.0000
current_data: 2.4583, 266425, 31.9641, 54409.6863
current_data: 2.3062, 2403669, 10.3905, 13859.4543
[32m[info] [src/pairwise_allocator.cpp:allocating:1174] Will begin allocating cache, allocation_ready_queue size 1, allocation_complete_queue size 4
[mcurrent_data: 1.0442, 957353, 5.4447, 951.2554
current_data: 0.3202, 2649470, 82.6789, 3730.6463
current_data: 2.5491, 18886, 0.0017, 0.0000
current_data: 0.9293, 20690, 32.0192, 4018.7730
current_data: 1.3133, 313721, 16.9671, 2398.7637
[32m[info] [src/pairwise_allocator.cpp:binary_serch_cache_roofline:462] descriptor COLS 3, find_cache_roofline_times: 1, roofline ipc: 2.5491, current ipc 2.5491, gap: 0.0000, lway: 1, rway: 14
[mcurrent_data: 1.0346, 799526, 5.9642, 916.2552
current_data: 0.3717, 3481011, 79.1565, 3221.2684
current_data: 2.5477, 18096, 0.0011, 0.0000
current_data: 0.9290, 21750, 32.0136, 3883.7722
current_data: 2.0951, 397278, 6.9390, 1707.5098
[32m[info] [src/pairwise_allocator.cpp:binary_serch_cache_roofline:462] descriptor COLS 3, find_cache_roofline_times: 2, roofline ipc: 2.5491, current ipc 2.5477, gap: 0.0005, lway: 1, rway: 7
[mcurrent_data: 1.0302, 762479, 6.0669, 938.7554
current_data: 0.3752, 3457555, 78.5353, 3126.2679
current_data: 2.5485, 17376, 0.0014, 0.0000
current_data: 0.9287, 20193, 32.0060, 3789.3967
current_data: 1.1533, 205802, 18.7862, 2423.7639
[32m[info] [src/pairwise_allocator.cpp:binary_serch_cache_roofline:462] descriptor COLS 3, find_cache_roofline_times: 3, roofline ipc: 2.5491, current ipc 2.5485, gap: 0.0002, lway: 1, rway: 4
[mcurrent_data: 1.0293, 784352, 6.1208, 965.6305
current_data: 0.3757, 3641919, 78.5810, 3262.5187
current_data: 2.5488, 16101, 0.0007, 0.0000
current_data: 0.9300, 18418, 32.0167, 3970.0227
current_data: 2.1115, 369950, 6.9340, 1713.1348
[32m[info] [src/pairwise_allocator.cpp:binary_serch_cache_roofline:462] descriptor COLS 3, find_cache_roofline_times: 4, roofline ipc: 2.5491, current ipc 2.5488, gap: 0.0001, lway: 1, rway: 2
[mcurrent_data: 1.0286, 782810, 6.0255, 971.8806
current_data: 0.3754, 3616339, 78.4369, 3276.2687
current_data: 2.5498, 17704, 0.0015, 0.0000
current_data: 0.9292, 21778, 32.0111, 3921.8974
current_data: 1.1504, 243419, 18.7751, 2510.6394
[32m[info] [src/pairwise_allocator.cpp:binary_serch_cache_roofline:462] descriptor COLS 3, find_cache_roofline_times: 5, roofline ipc: 2.5498, current ipc 2.5498, gap: 0.0000, lway: 1, rway: 1
[mcurrent_data: 1.0237, 765573, 6.2795, 963.7555
current_data: 0.3696, 3341749, 79.4277, 3135.0179
current_data: 2.5481, 17663, 0.0019, 0.6250
current_data: 0.9291, 17385, 32.0080, 3798.1467
current_data: 2.1128, 349954, 6.8614, 1636.2594
[32m[info] [src/pairwise_allocator.cpp:found_cache_roofline:405] Found_cache_roofline, obj_id 134584, roofline cache way: 1, roofline remain cache: 14, roofline cache bitmask: 0x7ffe
[m[32m[info] [src/pairwise_allocator.cpp:binary_serch_cache_roofline:462] descriptor COLS 3, find_cache_roofline_times: 6, roofline ipc: 2.5498, current ipc 2.5481, gap: 0.0007, lway: 1, rway: 1
[m[32m[info] [src/pairwise_allocator.cpp:allocating_cache:846] binary_serch_cache_roofline first pair success
[m[32m[info] [src/pairwise_allocator.cpp:pair_allocating_cache:770] pair_allocating_cache begin, allocating time: 0, descriptor roofline cache way: 1, system remain cache way: 5, complete queue size: 4
[m[32m[info] [src/pairwise_allocator.cpp:allocating_cache:852] Complete pair_allocating_cache, allocate cache ways: 1
[m[34m[critical] [src/pairwise_allocator.cpp:print_allocating_cache_results:815] print_allocating_cache_results: system remain cache: 4
[m[34m[critical] [src/pairwise_allocator.cpp:print_allocating_cache_results:818] obj: 137579, cache_way: 1, roofline cache way: 1
[m[34m[critical] [src/pairwise_allocator.cpp:print_allocating_cache_results:818] obj: 134569, cache_way: 4, roofline cache way: 4
[m[34m[critical] [src/pairwise_allocator.cpp:print_allocating_cache_results:818] obj: 137589, cache_way: 4, roofline cache way: 4
[m[34m[critical] [src/pairwise_allocator.cpp:print_allocating_cache_results:818] obj: 134574, cache_way: 1, roofline cache way: 1
[m[34m[critical] [src/pairwise_allocator.cpp:print_allocating_cache_results:823] obj: 134584, cache_way: 1, roofline cache way: 1
[mSKT0: MBA COS6 => 100% requested, 100% applied
current_data: 1.0489, 934825, 5.6081, 933.7553
current_data: 0.4701, 6253957, 61.6135, 3442.5197
current_data: 2.5487, 15979, 0.0018, 0.0000
current_data: 0.9429, 27867, 34.3085, 3860.0221
current_data: 2.0825, 414393, 7.0379, 1651.2594
SKT0: MBA COS6 => 60% requested, 60% applied
[32m[info] [src/pairwise_allocator.cpp:binary_serch_mb_roofline:937] descriptor1 COLS 3, find_mb_roofline_time: 1, roofline mb: 0.0000, current mb 0.0000, gap: -nan, lmb_throttle: 20, rmb_throttle: 100
[mcurrent_data: 1.0401, 794694, 6.0655, 925.6303
current_data: 0.4901, 6307040, 59.6088, 3233.1435
current_data: 2.5469, 18646, 0.0021, 0.0000
current_data: 0.9427, 29610, 34.2996, 3821.2719
current_data: 1.4629, 303909, 14.3795, 2212.5127
SKT0: MBA COS6 => 40% requested, 40% applied
[32m[info] [src/pairwise_allocator.cpp:binary_serch_mb_roofline:937] descriptor1 COLS 3, find_mb_roofline_time: 2, roofline mb: 0.0000, current mb 0.0000, gap: -nan, lmb_throttle: 20, rmb_throttle: 60
[mcurrent_data: 1.0342, 798509, 6.0371, 885.6301
current_data: 0.4872, 6252368, 59.7574, 3266.8937
current_data: 2.5482, 18367, 0.0016, 0.0000
current_data: 0.9420, 27099, 34.3039, 3865.6471
current_data: 2.0767, 372195, 7.3110, 1726.2599
SKT0: MBA COS6 => 30% requested, 30% applied
[32m[info] [src/pairwise_allocator.cpp:binary_serch_mb_roofline:937] descriptor1 COLS 3, find_mb_roofline_time: 3, roofline mb: 0.0000, current mb 0.0000, gap: -nan, lmb_throttle: 20, rmb_throttle: 40
[mcurrent_data: 1.0293, 781782, 6.0647, 906.8802
current_data: 0.4914, 6340517, 59.3953, 3293.7688
current_data: 2.5493, 16778, 0.0014, 0.0000
current_data: 0.9423, 26686, 34.3059, 3850.6470
current_data: 1.1395, 211103, 19.3811, 2413.7638
SKT0: MBA COS6 => 20% requested, 20% applied
[32m[info] [src/pairwise_allocator.cpp:binary_serch_mb_roofline:937] descriptor1 COLS 3, find_mb_roofline_time: 4, roofline mb: 0.0000, current mb 0.0000, gap: -nan, lmb_throttle: 20, rmb_throttle: 30
[mcurrent_data: 1.0286, 785242, 6.0598, 933.7553
current_data: 0.4906, 6417083, 59.5507, 3330.6441
current_data: 2.5483, 15215, 0.0010, 0.0000
current_data: 0.9434, 27302, 34.3097, 3909.3974
current_data: 2.0919, 380805, 7.1213, 1738.7599
SKT0: MBA COS6 => 20% requested, 20% applied
[32m[info] [src/pairwise_allocator.cpp:binary_serch_mb_roofline:937] descriptor1 COLS 3, find_mb_roofline_time: 5, roofline mb: 0.0000, current mb 0.0000, gap: -nan, lmb_throttle: 20, rmb_throttle: 20
[mcurrent_data: 1.0312, 784373, 5.8857, 959.3805
current_data: 0.4907, 6321534, 59.4187, 3318.1440
current_data: 2.5509, 15821, 0.0011, 0.6250
current_data: 0.9416, 24353, 34.3184, 3812.5218
current_data: 1.1262, 259293, 19.3712, 2495.6393
[32m[info] [src/pairwise_allocator.cpp:found_mb_roofline:887] Fast found mb roofline, obj_id 134584, roofline mb: 0.63 MB/s, roofline mb throttle: 20
[m[32m[info] [src/pairwise_allocator.cpp:binary_serch_mb_roofline:937] descriptor1 COLS 3, find_mb_roofline_time: 6, roofline mb: 0.6250, current mb 0.6250, gap: 0.0000, lmb_throttle: 20, rmb_throttle: 20
[m[32m[info] [src/pairwise_allocator.cpp:allocating_mb:1147] binary_serch_mb_roofline first pair success
[m[32m[info] [src/pairwise_allocator.cpp:pair_allocating_mb:1088] pair_allocating_mb begin, allocating times: 0, descriptor roofline mb throttle: 20, system remain mb: 93879.92 MB/s
[mSKT0: MBA COS3 => 20% requested, 20% applied
current_data: 1.0497, 1014447, 5.4278, 970.6306
current_data: 0.4482, 5960895, 65.8609, 3690.6461
current_data: 2.5474, 19254, 0.0017, 0.0000
current_data: 2.1858, 51356, 33.8489, 8723.1749
current_data: 2.0677, 387380, 14.4587, 2967.5170
[32m[info] [src/pairwise_allocator.cpp:pair_allocating_mb:1088] pair_allocating_mb begin, allocating times: 1, descriptor roofline mb throttle: 20, system remain mb: 93879.92 MB/s
[m[32m[info] [src/pairwise_allocator.cpp:allocating_fit_mb:958] Will allocating_fit_mb mb throttle: 20
[mSKT0: MBA COS3 => 20% requested, 20% applied
current_data: 1.0542, 841174, 5.0954, 670.0038
current_data: 0.4457, 4676100, 66.0959, 2860.0164
current_data: 2.5463, 16376, 0.0019, 0.0000
current_data: 1.8243, 613826, 27.1459, 7582.5434
current_data: 2.5742, 487306, 6.9050, 1808.7603
[32m[info] [src/pairwise_allocator.cpp:allocating_mb:1121] Allocate mb: 0.00 MB/s, mb_throttle: 20
[mcurrent_data: 1.0505, 904307, 5.3056, 695.0040
current_data: 0.4447, 4791859, 66.2336, 2939.3918
current_data: 2.5483, 14345, 0.0011, 0.0000
current_data: 3.0012, 3549541, 16.4465, 7542.5432
current_data: 2.4201, 364269, 7.5003, 2361.8885
current_data: 1.0351, 4912091, 5.0771, 3796.2717
current_data: 0.3994, 19706692, 72.6342, 16469.4692
current_data: 2.5491, 81465, 0.0010, 0.0000
current_data: 1.9279, 400062, 32.3587, 56555.9486
current_data: 2.2655, 2298066, 10.5527, 13518.8274
current_data: 1.0591, 4957686, 5.0389, 3831.8969
current_data: 0.3844, 18975517, 76.9968, 16004.4666
current_data: 2.5495, 77760, 0.0009, 0.0000
current_data: 2.7547, 292712, 25.4146, 48627.7783
current_data: 2.4019, 2398838, 9.2649, 12269.4452
current_data: 1.0500, 4921581, 5.0175, 3590.0205
current_data: 0.3838, 18883902, 77.0141, 15921.9661
current_data: 2.5496, 77229, 0.0008, 0.0000
current_data: 2.5012, 256873, 25.5328, 49747.1597
current_data: 2.2931, 2335071, 10.6072, 13386.3266
current_data: 1.0294, 4789890, 5.1013, 3706.2712
current_data: 0.3827, 18861967, 77.0263, 15876.3408
current_data: 2.5493, 79309, 0.0009, 0.0000
current_data: 2.2209, 211657, 26.4896, 58294.0836
current_data: 2.3467, 2373420, 9.2922, 12225.0700
current_data: 1.0293, 4823062, 5.0728, 3614.3957
current_data: 0.3826, 18967928, 77.0358, 15996.9665
current_data: 2.5504, 80285, 0.0009, 0.0000
current_data: 2.2213, 216465, 26.4888, 58652.2106
current_data: 2.3406, 2410776, 9.2824, 12156.9446
current_data: 1.0334, 4873166, 5.1670, 3711.2712
current_data: 0.3830, 18961054, 77.0667, 16093.8421
current_data: 2.5500, 79850, 0.0010, 0.0000
current_data: 2.2830, 224056, 28.4726, 55960.3202
current_data: 2.2781, 2329943, 10.5189, 13410.7017
current_data: 1.0562, 4962362, 5.0406, 3647.5209
current_data: 0.3846, 19164397, 76.9886, 16042.5918
current_data: 2.5494, 81610, 0.0009, 0.0000
current_data: 2.4681, 225965, 31.9687, 52994.0532
current_data: 2.4066, 2437530, 9.1653, 12431.9461
current_data: 1.0563, 4987857, 5.1006, 3740.0214
current_data: 0.3843, 19114143, 77.0577, 16071.3420
current_data: 2.5489, 76926, 0.0008, 0.0000
current_data: 2.4643, 221963, 31.9683, 52796.5521
current_data: 2.3671, 2329694, 9.4369, 12990.6993
current_data: 1.0520, 4975063, 5.1839, 3720.6463
current_data: 0.3844, 19228150, 77.0108, 16141.9674
current_data: 2.5491, 79764, 0.0008, 0.0000
current_data: 2.4639, 217713, 31.9672, 53060.9286
current_data: 2.3076, 2431491, 10.4974, 13683.8283
current_data: 1.0534, 5018406, 5.0927, 3810.6468
current_data: 0.3843, 19251989, 77.0330, 16183.8426
current_data: 2.5497, 79607, 0.0008, 0.0000
current_data: 2.4682, 217812, 31.9704, 53260.9298
current_data: 2.4076, 2522425, 9.1789, 12513.8216
current_data: 1.0578, 4999092, 4.9651, 3656.2709
current_data: 0.3843, 19292139, 77.0323, 16117.5922
current_data: 2.5494, 80015, 0.0009, 0.0000
current_data: 2.4684, 220005, 31.9699, 53382.1805
current_data: 2.3949, 2404384, 9.1828, 12407.5710
current_data: 1.0536, 4793510, 5.1326, 3660.6459
current_data: 0.3843, 19274827, 77.0048, 16186.9676
current_data: 2.5484, 79706, 0.0010, 0.0000
current_data: 2.4661, 229960, 31.9686, 53199.0544
current_data: 2.3122, 2413671, 10.4322, 13690.7033
current_data: 1.0548, 5012988, 5.0511, 3802.5218
current_data: 0.3844, 19380319, 76.9681, 16343.8435
current_data: 2.5480, 86766, 0.0014, 0.0000
current_data: 2.4663, 239003, 31.9674, 53510.9312
current_data: 2.3219, 2394581, 10.4884, 13746.9537
current_data: 1.0590, 5052559, 4.9899, 3791.8967
current_data: 0.3844, 19380126, 77.0059, 16296.9683
current_data: 2.5492, 81296, 0.0010, 0.0000
current_data: 2.4696, 227496, 31.9685, 53389.6805
current_data: 2.4059, 2431771, 9.1954, 12520.0716
current_data: 1.0548, 5009234, 5.1708, 3889.3973
current_data: 0.3843, 19399796, 77.0143, 16376.3437
current_data: 2.5487, 89175, 0.0013, 0.0000
current_data: 2.3150, 247998, 27.9063, 45843.3873
current_data: 2.3752, 2410874, 9.5463, 13553.2026
current_data: 1.0582, 5062384, 5.1650, 3966.2727
current_data: 0.3892, 18479727, 75.0224, 16521.9695
current_data: 2.5491, 88869, 0.0013, 0.0000
current_data: 2.5538, 240573, 24.9745, 45117.7582
current_data: 2.3232, 2432961, 10.3891, 13810.7040
current_data: 1.0608, 4823356, 5.1377, 3648.7709
current_data: 0.3846, 19473747, 77.0044, 16428.8440
current_data: 2.5504, 83180, 0.0010, 0.0000
current_data: 2.5466, 238770, 24.9757, 45114.6331
current_data: 2.3263, 2404194, 10.3666, 13816.3291
current_data: 1.0582, 5074215, 5.0964, 3800.0217
current_data: 0.3846, 19503721, 77.0065, 16428.2190
current_data: 2.5498, 81325, 0.0009, 0.0000
current_data: 2.5603, 237939, 24.9730, 45545.2606
current_data: 2.4243, 2505560, 9.1601, 12712.5727
current_data: 1.0605, 5117257, 5.1565, 4017.5230
current_data: 0.3845, 19611315, 77.0284, 16556.3447
current_data: 2.5495, 79695, 0.0008, 0.0000
current_data: 2.5569, 231637, 24.9764, 45687.1364
current_data: 2.4201, 2520503, 9.1584, 12759.4480
current_data: 1.0670, 5172731, 5.1026, 3986.8978
current_data: 0.3846, 19594761, 77.0161, 16526.3446
current_data: 2.5504, 80369, 0.0009, 0.0000
current_data: 2.4667, 227820, 24.9770, 43883.3761
current_data: 2.3272, 2461386, 10.3855, 13851.3293
current_data: 1.0615, 5116531, 5.0665, 3924.3975
current_data: 0.3844, 19565495, 77.0426, 16559.4698
current_data: 2.5494, 82858, 0.0010, 0.0000
current_data: 2.5446, 234135, 24.9782, 45273.3841
current_data: 2.3309, 2436635, 10.3829, 13880.0794
current_data: 1.0576, 5094158, 5.0184, 3948.7726
current_data: 0.3846, 19615378, 77.0004, 16471.3442
current_data: 2.5501, 86175, 0.0012, 1.2500
current_data: 2.5526, 241206, 24.9742, 45481.5102
current_data: 2.3403, 2433949, 10.4246, 14015.0802
current_data: 1.0573, 5135300, 5.1625, 3918.7724
current_data: 0.3845, 19622712, 77.0404, 16436.3440
current_data: 2.5500, 82902, 0.0010, 0.0000
current_data: 2.2920, 258925, 27.0695, 43118.9967
current_data: 2.4247, 2489381, 9.1189, 12700.6977
current_data: 1.0556, 5110835, 5.0972, 3826.8969
current_data: 0.3844, 19578122, 77.0165, 16418.8439
current_data: 2.5495, 89726, 0.0013, 0.0000
current_data: 2.4639, 265404, 31.9665, 53940.9337
current_data: 2.4062, 2547599, 9.1354, 12591.9471
current_data: 1.0533, 4830145, 5.0750, 3714.3963
current_data: 0.3845, 19604221, 77.0025, 16451.3441
current_data: 2.5487, 89115, 0.0012, 0.0000
current_data: 2.4610, 265563, 31.9628, 53936.5586
current_data: 2.3167, 2456879, 10.4421, 13854.4543
current_data: 1.0517, 5059238, 5.0621, 3850.6470
current_data: 0.3844, 19620985, 76.9980, 16473.2193
current_data: 2.5483, 88508, 0.0014, 0.0000
current_data: 2.4597, 256402, 31.9643, 53978.4339
current_data: 2.3206, 2326776, 10.4197, 13905.0796
current_data: 1.0543, 5068150, 5.0574, 3735.0214
current_data: 0.3844, 19591440, 77.0150, 16605.0950
current_data: 2.5497, 84122, 0.0011, 0.0000
current_data: 2.4636, 244576, 31.9666, 54017.8091
current_data: 2.3226, 2408604, 10.3732, 13923.8297
current_data: 1.0558, 5079047, 5.0509, 3770.6466
current_data: 0.3846, 19630950, 76.9817, 16513.2195
current_data: 2.5496, 84130, 0.0010, 1.2500
current_data: 2.4644, 247144, 31.9660, 54205.3102
current_data: 2.4072, 2504321, 9.1451, 12748.1979
current_data: 1.0547, 5110794, 5.0933, 3831.2719
current_data: 0.3844, 19743589, 77.0224, 16621.3451
current_data: 2.5501, 83980, 0.0011, 0.0000
current_data: 2.4667, 252155, 31.9663, 54595.3124
current_data: 2.3963, 2408619, 9.1895, 12601.9471
current_data: 1.0546, 5088537, 5.0562, 3890.0223
current_data: 0.3886, 18614888, 75.0166, 16713.2206
current_data: 2.5484, 84727, 0.0011, 0.0000
current_data: 2.4616, 244343, 31.9679, 54147.8098
current_data: 2.2861, 2441181, 10.4159, 13765.7038
current_data: 1.0548, 5104021, 5.1338, 3835.6469
current_data: 0.3844, 19733745, 77.0163, 16641.3452
current_data: 2.5497, 82912, 0.0009, 0.0000
current_data: 2.4648, 237570, 31.9685, 54409.0613
current_data: 2.2888, 2384075, 10.4287, 13783.2039
current_data: 1.0648, 5127633, 5.0084, 3858.1471
current_data: 0.3849, 19733729, 77.0304, 16587.5949
current_data: 2.5500, 81238, 0.0008, 0.0000
current_data: 2.0198, 247732, 34.9671, 45155.2584
current_data: 2.3368, 2558991, 10.1557, 12954.4491
current_data: 1.0653, 5145755, 5.0705, 3889.3973
current_data: 0.3851, 19726035, 77.0375, 16570.7198
current_data: 2.5496, 81359, 0.0009, 0.0000
current_data: 2.1761, 229032, 34.2654, 46041.5135
current_data: 2.3991, 2531038, 9.1710, 12659.4474
current_data: 1.0636, 5152659, 5.1644, 3841.8970
current_data: 0.3850, 19744326, 77.0449, 16635.7202
current_data: 2.5503, 81522, 0.0009, 0.0000
current_data: 2.1753, 228394, 34.2663, 46052.7635
current_data: 2.3883, 2499410, 9.1482, 12556.3218
current_data: 1.0534, 5105645, 5.1788, 3924.3975
current_data: 0.3842, 19752227, 77.0254, 16707.5956
current_data: 2.5500, 83343, 0.0009, 0.0000
current_data: 2.0337, 5691110, 29.3611, 46737.1424
current_data: 2.2900, 2408888, 10.3488, 13745.7037
current_data: 1.0398, 5077825, 5.1415, 3773.7716
current_data: 0.3834, 19693819, 77.0347, 16571.9698
current_data: 2.5489, 80733, 0.0009, 0.0000
current_data: 2.3671, 422190, 27.6304, 56297.1971
current_data: 2.2692, 2510542, 10.4044, 13599.4528
current_data: 1.0586, 5110231, 5.0170, 3840.0220
current_data: 0.3838, 19646506, 77.0609, 16445.7191
current_data: 2.5500, 86271, 0.0012, 0.0000
current_data: 2.7418, 298073, 25.2696, 49836.5352
current_data: 2.3769, 2606733, 9.2654, 12636.3223
current_data: 1.0404, 5076693, 5.1573, 3912.5224
current_data: 0.3833, 19712240, 77.0277, 16585.7199
current_data: 2.5498, 83203, 0.0009, 0.0000
current_data: 2.3399, 248163, 26.0708, 55881.5698
current_data: 2.3534, 2512698, 9.1294, 12393.1959
current_data: 1.0231, 4923310, 5.0563, 3708.1462
current_data: 0.3827, 19629101, 76.9953, 16424.4690
current_data: 2.5472, 91980, 0.0015, 0.0000
current_data: 2.2174, 239684, 26.4816, 60654.0971
current_data: 2.2723, 2233605, 10.0618, 13562.5776
current_data: 1.0245, 4957899, 5.0876, 3809.3968
current_data: 0.3827, 19677756, 77.0200, 16523.8446
current_data: 2.5499, 87099, 0.0011, 0.0000
current_data: 2.2187, 231063, 26.4854, 60918.4736
current_data: 2.2442, 2379477, 10.4452, 13609.4529
current_data: 1.0515, 5106626, 5.1597, 3943.1476
current_data: 0.3843, 19721962, 77.0125, 16700.7206
current_data: 2.5497, 80134, 0.0008, 1.2500
current_data: 2.4218, 231791, 31.4134, 54887.8141
current_data: 2.3658, 2637206, 9.2503, 12551.3218
current_data: 1.0527, 5089873, 5.1713, 3893.1473
current_data: 0.3845, 19744988, 77.0125, 16648.8453
current_data: 2.5498, 82183, 0.0009, 0.0000
current_data: 2.4663, 234056, 31.9687, 54500.9369
current_data: 2.3784, 2443840, 9.1463, 12590.0720
current_data: 1.0530, 5107950, 5.1163, 3852.5220
current_data: 0.3841, 19690639, 77.0572, 16571.9698
current_data: 2.5506, 79819, 0.0008, 0.6250
current_data: 2.4649, 226433, 31.9675, 54389.0612
current_data: 2.3501, 2310903, 9.5055, 13651.3281
current_data: 1.0557, 5108988, 5.0452, 3865.0221
current_data: 0.3880, 18613316, 75.0320, 16675.7204
current_data: 2.5494, 81246, 0.0009, 0.0000
current_data: 2.4635, 234066, 31.9670, 54306.5607
current_data: 2.2943, 2434272, 10.3581, 13723.8285
current_data: 1.0585, 5138816, 5.0861, 3868.7721
current_data: 0.3845, 19742132, 76.9974, 16561.3448
current_data: 2.5507, 78929, 0.0008, 0.0000
current_data: 2.4658, 229086, 31.9698, 54531.5620
current_data: 2.2937, 2472554, 10.3437, 13807.5790
current_data: 1.0552, 5120122, 5.0357, 3866.2721
current_data: 0.3844, 19692113, 77.0203, 16577.5949
current_data: 2.5504, 79367, 0.0008, 0.0000
current_data: 2.4687, 233050, 31.9699, 54559.6872
current_data: 2.3909, 2498668, 9.1203, 12584.4470
current_data: 1.0557, 5088557, 4.9684, 3715.6463
current_data: 0.3845, 19722926, 77.0059, 16600.7200
current_data: 2.5498, 79608, 0.0008, 0.0000
current_data: 2.4691, 230915, 31.9693, 54485.3118
current_data: 2.3908, 2519592, 9.1645, 12660.6974
current_data: 1.0539, 5120218, 5.1035, 3833.1469
current_data: 0.3844, 19718454, 77.0401, 16676.3454
current_data: 2.5504, 79994, 0.0007, 0.0000
current_data: 2.4662, 225492, 31.9708, 54513.4369
current_data: 2.3000, 2364756, 10.3684, 13795.0789
current_data: 1.0576, 5148844, 5.1063, 3903.7723
current_data: 0.3843, 19728428, 77.0565, 16735.7208
current_data: 2.5503, 78358, 0.0008, 0.0000
current_data: 2.3134, 246120, 28.8626, 47652.1477
current_data: 2.3058, 2530150, 10.3589, 13794.4539
current_data: 1.0596, 5110238, 5.1399, 3808.7718
current_data: 0.3845, 19691459, 77.0249, 16590.0949
current_data: 2.5498, 81420, 0.0009, 0.0000
current_data: 2.5457, 251741, 24.9748, 45623.3861
current_data: 2.3175, 2347751, 10.3873, 13348.2014
current_data: 1.0629, 5156546, 5.0477, 3927.5225
current_data: 0.3845, 19703559, 77.0184, 16512.5945
current_data: 2.5492, 83247, 0.0010, 0.0000
current_data: 2.5443, 249158, 24.9769, 45679.0114
current_data: 2.3953, 2491218, 9.1004, 12593.8221
current_data: 1.0652, 5142404, 5.0708, 3904.3973
current_data: 0.3843, 19730522, 77.0286, 16699.4706
current_data: 2.5486, 89845, 0.0015, 0.0000
current_data: 2.5521, 258967, 24.9703, 45867.7625
current_data: 2.3856, 2543071, 9.1066, 12530.6967
current_data: 1.0618, 5184030, 5.0594, 3890.0223
current_data: 0.3844, 19756388, 77.0284, 16576.9699
current_data: 2.5501, 82211, 0.0010, 0.0000
current_data: 2.5559, 248916, 24.9754, 46051.5135
current_data: 2.3074, 2399078, 10.3113, 13803.2040
current_data: 1.0605, 5130262, 5.0671, 3813.1468
current_data: 0.3845, 19633431, 77.0135, 16471.3442
current_data: 2.5496, 81717, 0.0009, 0.0000
current_data: 2.4682, 241902, 24.9763, 44237.1281
current_data: 2.3123, 2423183, 10.2942, 13741.3286
current_data: 1.0602, 5136966, 5.1450, 3803.1468
current_data: 0.3845, 19650441, 77.0242, 16614.4701
current_data: 2.5502, 82720, 0.0009, 0.0000
current_data: 2.5429, 250340, 24.9763, 45614.0110
current_data: 2.3633, 2645383, 9.5049, 12574.4470
current_data: 1.0600, 5140363, 5.1317, 4011.2730
current_data: 0.3845, 19716585, 77.0135, 16605.7200
current_data: 2.5486, 84610, 0.0011, 0.0000
current_data: 2.5538, 249502, 24.9750, 45896.5126
current_data: 2.3940, 2564759, 9.1177, 12596.3221
current_data: 1.0576, 5148044, 5.1628, 3981.8978
current_data: 0.3844, 19689049, 77.0248, 16546.9697
current_data: 2.5488, 89980, 0.0013, 0.0000
current_data: 2.2919, 277727, 27.1991, 44084.0023
current_data: 2.3844, 2333810, 9.2044, 13412.5767
current_data: 1.0530, 5100794, 5.1085, 3858.1471
current_data: 0.3891, 18735674, 75.0913, 16823.2213
current_data: 2.5497, 84819, 0.0010, 0.0000
current_data: 2.4616, 256653, 31.9660, 54349.0610
current_data: 2.3006, 2424944, 10.3513, 13756.9537
current_data: 1.0601, 5152402, 5.0471, 3991.8978
current_data: 0.3845, 19793595, 76.9970, 16669.4704
current_data: 2.5492, 80819, 0.0009, 0.0000
current_data: 2.4616, 245201, 31.9658, 54460.3116
current_data: 2.3025, 2499978, 10.3103, 13725.0785
current_data: 1.0554, 5131522, 5.0441, 3850.6470
current_data: 0.3844, 19696328, 77.0121, 16602.5950
current_data: 2.5498, 79016, 0.0008, 0.0000
current_data: 2.4644, 240165, 31.9655, 54277.1856
current_data: 2.3952, 2537122, 9.1112, 12557.5719
current_data: 1.0551, 5145067, 5.1152, 3954.3976
current_data: 0.3843, 19726703, 77.0254, 16651.3453
current_data: 2.5496, 79810, 0.0008, 0.0000
current_data: 2.4640, 236251, 31.9672, 54410.3113
current_data: 2.3960, 2524672, 9.1346, 12622.5722
current_data: 1.0519, 5091917, 5.1352, 3832.5219
current_data: 0.3843, 19685015, 77.0119, 16586.9699
current_data: 2.5488, 88034, 0.0013, 0.0000
current_data: 2.4612, 253702, 31.9666, 54109.6846
current_data: 2.3071, 2427814, 10.4002, 13826.3291
current_data: 1.0527, 5117329, 5.1912, 3955.0226
current_data: 0.3843, 19681742, 77.0468, 16692.5955
current_data: 2.5501, 81103, 0.0010, 0.0000
current_data: 2.4635, 244680, 31.9670, 54195.3101
current_data: 2.3062, 2381662, 10.3779, 13841.9542
current_data: 1.0533, 5129155, 5.1447, 3784.3967
current_data: 0.3845, 19737848, 76.9954, 16465.0942
current_data: 2.5491, 84419, 0.0010, 0.0000
current_data: 2.4644, 242082, 31.9679, 54284.0606
current_data: 2.3136, 2487599, 10.3492, 13460.0770
current_data: 1.0499, 5068715, 5.2503, 4030.6481
current_data: 0.3840, 19717600, 77.0418, 16548.2197
current_data: 2.5479, 92014, 0.0015, 0.0000
current_data: 2.4642, 258512, 31.9638, 54307.8108
current_data: 2.3904, 2378662, 9.1763, 12623.8222
current_data: 1.0651, 5149087, 5.1151, 4020.0230
current_data: 0.3850, 19776439, 77.0284, 16615.7201
current_data: 2.5503, 83197, 0.0010, 0.0000
current_data: 2.0061, 231693, 35.2323, 45029.0077
current_data: 2.4070, 2418168, 9.1519, 12677.5725
current_data: 1.0658, 5162202, 5.0616, 3850.0220
current_data: 0.3853, 19763832, 77.0051, 16548.8447
current_data: 2.5503, 80448, 0.0009, 0.0000
current_data: 2.1753, 215492, 34.2695, 46085.2637
current_data: 2.3182, 2437968, 10.3312, 13738.2036
current_data: 1.0667, 5142617, 5.0515, 3843.7720
current_data: 0.3849, 19619193, 77.0723, 16557.5947
current_data: 2.5497, 81683, 0.0009, 0.0000
current_data: 2.1757, 216778, 34.2666, 45939.6379
current_data: 2.3237, 2493500, 10.2675, 13760.0787
current_data: 1.0480, 5024873, 5.1734, 3908.7724
current_data: 0.3839, 19693582, 77.0323, 16679.4704
current_data: 2.5493, 90451, 0.0014, 0.0000
current_data: 1.9148, 5692312, 31.1856, 48849.6545
current_data: 2.3462, 2529890, 9.7032, 12621.3222
current_data: 1.0410, 5040840, 5.0608, 3847.5220
current_data: 0.3836, 19729336, 76.9939, 16576.9699
current_data: 2.5493, 85149, 0.0011, 0.0000
current_data: 2.6125, 432201, 25.6873, 55559.6929
current_data: 2.3796, 2375405, 9.1459, 12566.9469
current_data: 1.0549, 5104621, 5.0795, 3861.2721
current_data: 0.3843, 19743630, 77.0303, 16580.7199
current_data: 2.5501, 81149, 0.0010, 0.0000
current_data: 2.7328, 281248, 25.2170, 49832.7851
current_data: 2.3737, 2329037, 9.2658, 13353.8264
current_data: 1.0337, 5013766, 5.1762, 3856.2721
current_data: 0.3879, 18670237, 75.0641, 16703.8456
current_data: 2.5501, 83755, 0.0009, 0.0000
current_data: 2.2823, 248144, 26.2297, 56536.5735
current_data: 2.2696, 2490143, 10.4267, 13670.0782
current_data: 1.0262, 4955869, 5.0968, 3813.1468
current_data: 0.3828, 19583580, 77.0144, 16541.9697
current_data: 2.5503, 81644, 0.0008, 0.0000
current_data: 2.2222, 218690, 26.4859, 60725.3475
current_data: 2.2811, 2570807, 10.2074, 12750.6980
current_data: 1.0266, 4958902, 5.0249, 3683.1461
current_data: 0.3828, 19641458, 77.0073, 16521.3445
current_data: 2.5495, 81884, 0.0009, 0.0000
current_data: 2.2207, 222142, 26.4857, 60830.9731
current_data: 2.3484, 2437468, 9.1615, 12436.9462
current_data: 1.0536, 5093480, 5.0075, 3810.6468
current_data: 0.3843, 19703690, 77.0220, 16623.8451
current_data: 2.5513, 81328, 0.0008, 0.0000
current_data: 2.4394, 231014, 31.8326, 53996.5590
current_data: 2.3688, 2328513, 9.3934, 13545.7025
current_data: 1.0546, 5105844, 5.1831, 3935.6475
current_data: 0.3844, 19713988, 77.0257, 16654.4703
current_data: 2.5493, 80261, 0.0009, 0.0000
current_data: 2.4645, 232985, 31.9686, 54332.1859
current_data: 2.3072, 2509947, 10.3338, 13752.5787
current_data: 1.0559, 5112331, 5.1082, 3900.6473
current_data: 0.3842, 19646714, 77.0468, 16650.7203
current_data: 2.5487, 87137, 0.0013, 0.0000
current_data: 2.4643, 235372, 31.9691, 54070.9344
current_data: 2.3065, 2499452, 10.3477, 13792.5789
current_data: 1.0515, 5080688, 5.0854, 3815.0218
current_data: 0.3845, 19743993, 76.9791, 16605.0950
current_data: 2.5483, 91686, 0.0014, 0.0000
current_data: 2.4645, 246544, 31.9670, 54240.9354
current_data: 2.3911, 2410319, 9.1310, 12580.0720
current_data: 1.0563, 5104621, 5.1266, 3900.0223
current_data: 0.3843, 19734423, 77.0398, 16595.0950
current_data: 2.5508, 79694, 0.0008, 0.0000
current_data: 2.4667, 226994, 31.9700, 54362.8111
current_data: 2.4015, 2520214, 9.1346, 12677.5725
current_data: 1.0525, 5063091, 5.1517, 3894.3973
current_data: 0.3844, 19724434, 77.0303, 16591.3449
current_data: 2.5499, 86554, 0.0011, 0.0000
current_data: 2.4644, 238661, 31.9681, 54316.5608
current_data: 2.3102, 2367878, 10.3364, 13808.2040
current_data: 1.0539, 5093437, 5.0216, 3830.0219
current_data: 0.3843, 19748097, 77.0125, 16563.2198
current_data: 2.5485, 92685, 0.0015, 0.6250
current_data: 2.4642, 247900, 31.9682, 54485.3118
current_data: 2.3063, 2494618, 10.3449, 13799.4540
current_data: 1.0529, 5100511, 5.1540, 3958.7727
current_data: 0.3843, 19742795, 77.0460, 16603.8450
current_data: 2.5498, 82890, 0.0010, 0.0000
current_data: 2.4677, 235791, 31.9684, 54514.6869
current_data: 2.3214, 2324405, 10.3804, 13376.9515
current_data: 1.0575, 5102056, 5.1035, 4020.0230
current_data: 0.3844, 19760704, 77.0331, 16637.5952
current_data: 2.5501, 79953, 0.0008, 0.0000
current_data: 2.3202, 239021, 28.2011, 47112.1446
current_data: 2.4095, 2459086, 9.0961, 12621.9472
current_data: 1.0604, 5156021, 5.0722, 3971.8977
current_data: 0.3847, 19792599, 76.9784, 16605.7200
current_data: 2.5495, 82293, 0.0009, 0.0000
current_data: 2.5531, 245483, 24.9733, 45688.3864
current_data: 2.4125, 2442295, 9.1280, 12671.3225
current_data: 1.0603, 5140065, 5.0563, 3901.2723
current_data: 0.3845, 19719820, 77.0337, 16589.4699
current_data: 2.5496, 79797, 0.0008, 0.0000
current_data: 2.5463, 236350, 24.9761, 45611.5110
current_data: 2.3205, 2495387, 10.2639, 13766.3288
current_data: 1.0638, 5174818, 5.0686, 3976.2728
current_data: 0.3890, 18686355, 75.0833, 16733.8458
current_data: 2.5490, 80627, 0.0009, 0.0000
current_data: 2.5558, 234074, 24.9759, 45742.7617
current_data: 2.3187, 2535418, 10.3423, 13792.5789
current_data: 1.0601, 5147854, 5.0803, 3991.2728
current_data: 0.3845, 19756187, 77.0178, 16639.4702
current_data: 2.5507, 84344, 0.0011, 0.0000
current_data: 2.5588, 238167, 24.9747, 46095.2638
current_data: 2.3516, 2543436, 10.0424, 12900.0738
current_data: 1.0595, 5127386, 5.0899, 3926.8975
current_data: 0.3845, 19749708, 77.0241, 16611.3451
current_data: 2.5505, 83178, 0.0011, 0.0000
current_data: 2.4693, 234840, 24.9778, 44431.5042
current_data: 2.4103, 2571908, 9.1268, 12673.8225
current_data: 1.0592, 5154243, 5.1157, 3846.8970
current_data: 0.3845, 19745185, 77.0167, 16628.2201
current_data: 2.5493, 89200, 0.0012, 0.0000
current_data: 2.5440, 247183, 24.9764, 45775.2619
current_data: 2.4133, 2454528, 9.0981, 12573.8219
current_data: 1.0588, 5102514, 5.0836, 3913.1474
current_data: 0.3844, 19712387, 77.0245, 16630.0952
current_data: 2.5496, 87067, 0.0013, 0.0000
current_data: 2.5597, 249488, 24.9715, 45980.2631
current_data: 2.3199, 2508114, 10.2995, 13768.8288
current_data: 1.0583, 5112474, 5.1466, 3883.7722
current_data: 0.3843, 19741497, 77.0251, 16675.0954
current_data: 2.5484, 90735, 0.0015, 0.0000
current_data: 2.2835, 270556, 28.0158, 45162.1334
current_data: 2.3188, 2351815, 10.3700, 13926.9547
current_data: 1.0536, 5150888, 5.1515, 3845.0220
current_data: 0.3845, 19748542, 77.0091, 16629.4702
current_data: 2.5503, 81887, 0.0009, 0.0000
current_data: 2.4651, 249704, 31.9655, 54457.8116
current_data: 2.3791, 2652887, 9.3634, 12604.4471
current_data: 1.0557, 5118781, 5.0953, 3818.7719
current_data: 0.3843, 19676926, 77.0543, 16545.0947
current_data: 2.5494, 79112, 0.0008, 0.0000
current_data: 2.4640, 245227, 31.9646, 54374.6861
current_data: 2.4007, 2483615, 9.1175, 12593.1971
current_data: 1.0564, 5129255, 5.1086, 3976.2728
current_data: 0.3844, 19768244, 77.0201, 16583.8449
current_data: 2.5501, 78706, 0.0008, 0.0000
current_data: 2.4615, 240854, 31.9663, 54277.1856
current_data: 2.3666, 2331701, 9.4897, 13677.5783
current_data: 1.0554, 5121389, 5.0453, 3862.5221
current_data: 0.3844, 19743899, 77.0314, 16566.9698
current_data: 2.5489, 81019, 0.0008, 0.0000
current_data: 2.4619, 235933, 31.9668, 54376.5611
current_data: 2.3148, 2484670, 10.2814, 13769.4538
current_data: 1.0553, 5096916, 5.0970, 3779.3966
current_data: 0.3843, 19736668, 77.0416, 16513.8445
current_data: 2.5498, 85150, 0.0011, 0.0000
current_data: 2.4630, 244271, 31.9685, 54345.3110
current_data: 2.3223, 2436177, 10.3509, 13913.8296
current_data: 1.0549, 5124461, 5.0910, 3907.5224
current_data: 0.3844, 19722200, 77.0080, 16555.7197
current_data: 2.5497, 87082, 0.0011, 0.0000
current_data: 2.4662, 250646, 31.9673, 54415.3114
current_data: 2.4035, 2459218, 9.1084, 12627.5723
current_data: 1.0526, 5124445, 5.1083, 3804.3968
current_data: 0.3846, 19779234, 76.9832, 16678.2204
current_data: 2.5498, 83856, 0.0010, 0.0000
current_data: 2.4661, 240947, 31.9661, 54493.4368
current_data: 2.4083, 2467794, 9.0784, 12645.6974
current_data: 1.0569, 5095230, 4.9678, 3768.7716
current_data: 0.3844, 19743035, 77.0212, 16628.2201
current_data: 2.5506, 80347, 0.0008, 0.0000
current_data: 2.4451, 239649, 31.9528, 54036.5592
current_data: 2.3120, 2445133, 10.3194, 13806.3290
current_data: 1.0633, 5113614, 5.0535, 3796.8967
current_data: 0.3900, 18782441, 75.0889, 16728.8457
current_data: 2.5503, 80848, 0.0008, 0.0000
current_data: 2.1743, 230144, 34.2705, 46033.3884
current_data: 2.3239, 2525386, 10.3048, 13830.7041
current_data: 1.0642, 5137452, 5.1233, 3915.0224
current_data: 0.3852, 19701090, 77.0211, 16608.2200
current_data: 2.5502, 80286, 0.0009, 0.0000
current_data: 2.1768, 228926, 34.2676, 45944.6379
current_data: 2.3395, 2455878, 10.3353, 13225.0757
current_data: 1.0654, 5130350, 5.0388, 3859.3971
current_data: 0.3852, 19743088, 77.0086, 16644.4702
current_data: 2.5493, 85141, 0.0010, 0.0000
current_data: 2.1206, 239178, 34.4489, 45430.2600
current_data: 2.4231, 2438556, 9.0750, 12656.9474
current_data: 1.0414, 5028247, 5.0554, 3718.7713
current_data: 0.3836, 19732341, 77.0084, 16683.2205
current_data: 2.5490, 92076, 0.0015, 1.2500
current_data: 1.6883, 5725057, 33.6904, 50959.0416
current_data: 2.3691, 2439815, 9.1979, 12543.1968
current_data: 1.0436, 5036035, 5.1514, 3881.8972
current_data: 0.3838, 19697335, 77.0000, 16600.0950
current_data: 2.5490, 90971, 0.0014, 0.0000
current_data: 2.6874, 358219, 25.6029, 54059.0593
current_data: 2.3048, 2368568, 10.3362, 13735.0786
current_data: 1.0560, 5118402, 5.1319, 3858.7721
current_data: 0.3841, 19711488, 77.0651, 16653.8453
current_data: 2.5502, 83604, 0.0009, 0.0000
current_data: 2.7166, 304871, 25.1274, 49323.4072
current_data: 2.3206, 2491296, 10.3275, 13881.3294
current_data: 1.0326, 5001173, 5.0564, 3681.2711
current_data: 0.3829, 19738051, 77.0410, 16676.9704
current_data: 2.5496, 87403, 0.0012, 0.0000
current_data: 2.2266, 252504, 26.4979, 58769.0863
current_data: 2.3560, 2504667, 9.1101, 12441.9462
current_data: 1.0247, 4969130, 5.0875, 3890.6473
current_data: 0.3826, 19658389, 77.0344, 16518.2195
current_data: 2.5489, 89051, 0.0011, 0.0000
current_data: 2.2217, 231971, 26.4850, 60935.3487
current_data: 2.3538, 2345275, 9.1322, 12438.8212
current_data: 1.0247, 4967706, 5.1004, 3778.1466
current_data: 0.3827, 19698725, 76.9938, 16598.8450
current_data: 2.5488, 88240, 0.0013, 0.0000
current_data: 2.2050, 242045, 26.5479, 60262.8448
current_data: 2.2653, 2354422, 10.4291, 13644.4531
current_data: 1.0522, 4810915, 5.0209, 3571.8954
current_data: 0.3843, 19703527, 77.0174, 16545.0947
current_data: 2.5493, 85354, 0.0010, 0.0000
current_data: 2.4649, 232767, 31.9681, 54304.6857
current_data: 2.3177, 2441647, 10.2908, 13770.0788
current_data: 1.0580, 5149820, 5.0806, 3886.8972
current_data: 0.3843, 19725627, 77.0411, 16548.8447
current_data: 2.5509, 82593, 0.0009, 0.0000
current_data: 2.4678, 231466, 31.9680, 54435.9365
current_data: 2.4059, 2536000, 9.0745, 12598.8221
current_data: 1.0578, 5122124, 5.0785, 3845.6470
current_data: 0.3845, 19702862, 76.9962, 16588.2199
current_data: 2.5498, 86589, 0.0011, 0.0000
current_data: 2.4676, 233581, 31.9665, 54237.8104
current_data: 2.4091, 2446737, 9.0991, 12613.1972
current_data: 1.0568, 5102227, 5.0982, 3851.8970
current_data: 0.3845, 19744518, 77.0141, 16641.9702
current_data: 2.5503, 83340, 0.0008, 0.0000
current_data: 2.4651, 226434, 31.9679, 54319.0608
current_data: 2.3158, 2497914, 10.3224, 13777.5788
current_data: 1.0554, 5095641, 5.0786, 3914.3974
current_data: 0.3844, 19736765, 77.0334, 16640.7202
current_data: 2.5503, 81640, 0.0008, 0.0000
current_data: 2.4661, 227331, 31.9686, 54394.6862
current_data: 2.3240, 2399325, 10.3398, 13935.7047
current_data: 1.0550, 5105264, 5.1416, 3993.7729
current_data: 0.3899, 18742272, 75.1572, 16724.4707
current_data: 2.5503, 78384, 0.0008, 0.0000
current_data: 2.4686, 226445, 31.9675, 54409.0613
current_data: 2.3289, 2391333, 10.3080, 13445.0769
current_data: 1.0548, 5078408, 5.0747, 3865.0221
current_data: 0.3843, 19690272, 77.0287, 16662.5953
current_data: 2.5507, 81285, 0.0008, 0.0000
current_data: 2.4701, 224527, 31.9660, 54465.3117
current_data: 2.4081, 2474667, 9.1392, 12625.0722
current_data: 1.0517, 5084395, 5.1458, 3885.6472
current_data: 0.3844, 19637027, 76.9797, 16526.3446
current_data: 2.5486, 91315, 0.0014, 0.0000
current_data: 2.4670, 244391, 31.9639, 54227.1853
current_data: 2.4117, 2479487, 9.0901, 12511.9466
current_data: 1.0576, 5109249, 5.0846, 3937.5225
current_data: 0.3845, 19751448, 76.9957, 16678.8454
current_data: 2.5481, 87708, 0.0013, 0.0000
current_data: 2.3257, 248640, 27.1528, 45803.3871
current_data: 2.3311, 2350139, 10.3159, 13900.0795
current_data: 1.0609, 5141060, 5.0641, 3889.3973
current_data: 0.3841, 19716544, 77.0443, 16582.5949
current_data: 2.5494, 85913, 0.0011, 0.0000
current_data: 2.5537, 244211, 24.9758, 45927.7628
current_data: 2.3342, 2501075, 10.2665, 13768.8288
current_data: 1.0566, 5055883, 5.1033, 3978.1478
current_data: 0.3843, 19713132, 77.0305, 16691.3455
current_data: 2.5501, 81734, 0.0009, 0.6250
current_data: 2.5616, 244982, 24.9727, 46035.8884
current_data: 2.4107, 2488891, 9.1623, 12717.5728
current_data: 1.0575, 5121854, 5.1212, 3859.3971
current_data: 0.3844, 19734841, 77.0331, 16710.0956
current_data: 2.5503, 86389, 0.0012, 1.2500
current_data: 2.5611, 238538, 24.9752, 45916.5127
current_data: 2.4250, 2455786, 9.0502, 12661.9475
current_data: 1.0577, 5115602, 5.1447, 3948.1476
current_data: 0.3843, 19695029, 77.0365, 16585.0949
current_data: 2.5501, 84172, 0.0010, 0.0000
current_data: 2.5498, 235030, 24.9765, 45842.7623
current_data: 2.3686, 2412029, 9.4007, 13518.8274
current_data: 1.0603, 5119232, 5.0571, 3850.6470
current_data: 0.3845, 19707550, 77.0252, 16590.7199
current_data: 2.5502, 79185, 0.0008, 0.0000
current_data: 2.5045, 229674, 24.9769, 44970.2573
current_data: 2.3030, 2371849, 10.3501, 13750.0787
current_data: 1.0569, 5096433, 5.1694, 3913.7724
current_data: 0.3847, 19761160, 76.9888, 16507.5945
current_data: 2.5486, 81355, 0.0009, 0.0000
current_data: 2.5419, 234383, 24.9757, 45709.0115
current_data: 2.3338, 2502147, 10.0272, 12764.4480
[32m[info] [src/pairwise_allocator.cpp:allocating:1174] Will begin allocating cache, allocation_ready_queue size 1, allocation_complete_queue size 4
[mcurrent_data: 1.0515, 962581, 5.6406, 990.0057
current_data: 0.4634, 6103137, 62.4771, 3204.3933
current_data: 2.5488, 17505, 0.0011, 0.0000
current_data: 0.9296, 21177, 32.0060, 3975.6477
current_data: 2.0994, 395485, 6.6892, 1570.6340
[32m[info] [src/pairwise_allocator.cpp:binary_serch_cache_roofline:462] descriptor COLS 3, find_cache_roofline_times: 1, roofline ipc: 2.5488, current ipc 2.5488, gap: 0.0000, lway: 1, rway: 14
[mcurrent_data: 1.0379, 827666, 5.9586, 977.5056
current_data: 0.4900, 6363701, 59.6118, 3068.7676
current_data: 2.5491, 17582, 0.0010, 0.0000
current_data: 0.9278, 21745, 32.0153, 3970.0227
current_data: 1.1770, 197780, 18.0614, 2423.7639
[32m[info] [src/pairwise_allocator.cpp:binary_serch_cache_roofline:462] descriptor COLS 3, find_cache_roofline_times: 2, roofline ipc: 2.5491, current ipc 2.5491, gap: 0.0000, lway: 1, rway: 7
[mcurrent_data: 1.0367, 791891, 5.9992, 943.1304
current_data: 0.4878, 6231637, 59.8555, 3038.1424
current_data: 2.5511, 14842, 0.0006, 0.0000
current_data: 0.9283, 20003, 32.0182, 3849.3970
current_data: 2.0915, 337982, 6.9419, 1528.1337
[32m[info] [src/pairwise_allocator.cpp:binary_serch_cache_roofline:462] descriptor COLS 3, find_cache_roofline_times: 3, roofline ipc: 2.5511, current ipc 2.5511, gap: 0.0000, lway: 1, rway: 4
[mcurrent_data: 1.0311, 782749, 6.0661, 939.3804
current_data: 0.4888, 6241701, 59.6451, 3007.5172
current_data: 2.5501, 16051, 0.0007, 0.0000
current_data: 0.9301, 18773, 32.0058, 3890.0223
current_data: 1.1085, 224017, 19.7092, 2416.2638
[32m[info] [src/pairwise_allocator.cpp:binary_serch_cache_roofline:462] descriptor COLS 3, find_cache_roofline_times: 4, roofline ipc: 2.5511, current ipc 2.5501, gap: 0.0004, lway: 1, rway: 2
[mcurrent_data: 1.0291, 791754, 6.0704, 956.8805
current_data: 0.4859, 6242487, 60.0359, 3052.5175
current_data: 2.5497, 15149, 0.0008, 0.0000
current_data: 0.9276, 19717, 32.0061, 3936.2725
current_data: 2.0624, 341654, 7.3161, 1578.1340
[32m[info] [src/pairwise_allocator.cpp:binary_serch_cache_roofline:462] descriptor COLS 3, find_cache_roofline_times: 5, roofline ipc: 2.5511, current ipc 2.5497, gap: 0.0005, lway: 1, rway: 1
[mcurrent_data: 1.0298, 772413, 5.9666, 933.7553
current_data: 0.4884, 6315176, 59.6530, 3043.1424
current_data: 2.5507, 16559, 0.0013, 0.0000
current_data: 0.9281, 21600, 32.0093, 3939.3975
current_data: 1.2442, 214144, 16.5124, 2353.1385
[32m[info] [src/pairwise_allocator.cpp:found_cache_roofline:405] Found_cache_roofline, obj_id 134584, roofline cache way: 1, roofline remain cache: 14, roofline cache bitmask: 0x7ffe
[m[32m[info] [src/pairwise_allocator.cpp:binary_serch_cache_roofline:462] descriptor COLS 3, find_cache_roofline_times: 6, roofline ipc: 2.5511, current ipc 2.5507, gap: 0.0002, lway: 1, rway: 1
[m[32m[info] [src/pairwise_allocator.cpp:allocating_cache:846] binary_serch_cache_roofline first pair success
[m[32m[info] [src/pairwise_allocator.cpp:pair_allocating_cache:770] pair_allocating_cache begin, allocating time: 0, descriptor roofline cache way: 1, system remain cache way: 5, complete queue size: 4
[m[32m[info] [src/pairwise_allocator.cpp:allocating_cache:852] Complete pair_allocating_cache, allocate cache ways: 1
[m[34m[critical] [src/pairwise_allocator.cpp:print_allocating_cache_results:815] print_allocating_cache_results: system remain cache: 4
[m[34m[critical] [src/pairwise_allocator.cpp:print_allocating_cache_results:818] obj: 137579, cache_way: 1, roofline cache way: 1
[m[34m[critical] [src/pairwise_allocator.cpp:print_allocating_cache_results:818] obj: 134569, cache_way: 4, roofline cache way: 4
[m[34m[critical] [src/pairwise_allocator.cpp:print_allocating_cache_results:818] obj: 137589, cache_way: 4, roofline cache way: 4
[m[34m[critical] [src/pairwise_allocator.cpp:print_allocating_cache_results:818] obj: 134574, cache_way: 1, roofline cache way: 1
[m[34m[critical] [src/pairwise_allocator.cpp:print_allocating_cache_results:823] obj: 134584, cache_way: 1, roofline cache way: 1
[mSKT0: MBA COS6 => 100% requested, 100% applied
current_data: 1.0530, 956587, 5.6197, 1009.3808
current_data: 0.4653, 6068914, 62.0612, 3270.0187
current_data: 2.5481, 17772, 0.0022, 0.0000
current_data: 0.9303, 23322, 31.9876, 3885.0222
current_data: 2.0828, 387612, 6.9176, 1528.7587
SKT0: MBA COS6 => 60% requested, 60% applied
[32m[info] [src/pairwise_allocator.cpp:binary_serch_mb_roofline:937] descriptor1 COLS 3, find_mb_roofline_time: 1, roofline mb: 0.0000, current mb 0.0000, gap: -nan, lmb_throttle: 20, rmb_throttle: 100
[mcurrent_data: 1.0367, 756732, 5.9226, 856.2549
current_data: 0.4794, 5711316, 60.6041, 2903.1416
current_data: 2.5489, 14543, 0.0013, 0.0000
current_data: 0.9282, 20103, 31.9987, 3756.8965
current_data: 1.5586, 295113, 12.6812, 2001.2615
SKT0: MBA COS6 => 40% requested, 40% applied
[32m[info] [src/pairwise_allocator.cpp:binary_serch_mb_roofline:937] descriptor1 COLS 3, find_mb_roofline_time: 2, roofline mb: 0.0000, current mb 0.0000, gap: -nan, lmb_throttle: 20, rmb_throttle: 60
[mcurrent_data: 1.0346, 812758, 5.7643, 966.8805
current_data: 0.4851, 6308463, 60.0714, 3117.5178
current_data: 2.5517, 15116, 0.0010, 0.0000
current_data: 0.9288, 19323, 32.0191, 4011.8980
current_data: 2.0756, 345291, 7.1148, 1568.7590
SKT0: MBA COS6 => 30% requested, 30% applied
[32m[info] [src/pairwise_allocator.cpp:binary_serch_mb_roofline:937] descriptor1 COLS 3, find_mb_roofline_time: 3, roofline mb: 0.0000, current mb 0.0000, gap: -nan, lmb_throttle: 20, rmb_throttle: 40
[mcurrent_data: 1.0317, 790998, 6.0475, 970.6306
current_data: 0.4851, 6080494, 60.0653, 3052.5175
current_data: 2.5488, 15655, 0.0012, 0.0000
current_data: 0.9288, 20782, 32.0049, 3851.2720
current_data: 1.1529, 205797, 19.6594, 2428.7639
SKT0: MBA COS6 => 20% requested, 20% applied
[32m[info] [src/pairwise_allocator.cpp:binary_serch_mb_roofline:937] descriptor1 COLS 3, find_mb_roofline_time: 4, roofline mb: 0.0000, current mb 0.0000, gap: -nan, lmb_throttle: 20, rmb_throttle: 30
[mcurrent_data: 1.0367, 757817, 6.0339, 905.6302
current_data: 0.4875, 5803874, 59.8859, 2876.2665
current_data: 2.5478, 14989, 0.0013, 0.0000
current_data: 0.9291, 18060, 32.0160, 3667.5210
current_data: 2.0767, 353720, 7.0703, 1501.8836
SKT0: MBA COS6 => 20% requested, 20% applied
[32m[info] [src/pairwise_allocator.cpp:binary_serch_mb_roofline:937] descriptor1 COLS 3, find_mb_roofline_time: 5, roofline mb: 0.0000, current mb 0.0000, gap: -nan, lmb_throttle: 20, rmb_throttle: 20
[mcurrent_data: 1.0303, 771428, 5.9358, 895.0051
current_data: 0.4865, 6080031, 59.9152, 2974.3920
current_data: 2.5482, 16358, 0.0012, 0.0000
current_data: 0.9269, 21165, 32.0162, 3858.1471
current_data: 1.1274, 219443, 19.4714, 2400.0137
[32m[info] [src/pairwise_allocator.cpp:found_mb_roofline:887] Fast found mb roofline, obj_id 134584, roofline mb: 0.00 MB/s, roofline mb throttle: 20
[m[32m[info] [src/pairwise_allocator.cpp:binary_serch_mb_roofline:937] descriptor1 COLS 3, find_mb_roofline_time: 6, roofline mb: 0.0000, current mb 0.0000, gap: -nan, lmb_throttle: 20, rmb_throttle: 20
[m[32m[info] [src/pairwise_allocator.cpp:allocating_mb:1147] binary_serch_mb_roofline first pair success
[m[32m[info] [src/pairwise_allocator.cpp:pair_allocating_mb:1088] pair_allocating_mb begin, allocating times: 0, descriptor roofline mb throttle: 20, system remain mb: 93879.92 MB/s
[mSKT0: MBA COS3 => 20% requested, 20% applied
current_data: 1.0326, 991095, 5.4910, 920.0053
current_data: 0.4406, 5789340, 66.8874, 3625.0207
current_data: 2.5479, 21108, 0.0023, 0.0000
current_data: 2.4640, 50542, 31.9715, 10434.4347
current_data: 2.5611, 436994, 6.9275, 1843.7606
[32m[info] [src/pairwise_allocator.cpp:pair_allocating_mb:1088] pair_allocating_mb begin, allocating times: 1, descriptor roofline mb throttle: 20, system remain mb: 93879.92 MB/s
[m[32m[info] [src/pairwise_allocator.cpp:allocating_fit_mb:958] Will allocating_fit_mb mb throttle: 20
[mSKT0: MBA COS3 => 20% requested, 20% applied
current_data: 1.0388, 799379, 5.2186, 680.0039
current_data: 0.4385, 4457351, 67.1352, 2835.0162
current_data: 2.5474, 16159, 0.0020, 0.0000
current_data: 2.4445, 46180, 31.9557, 8915.6760
current_data: 2.3343, 316945, 8.6277, 2375.0136
[32m[info] [src/pairwise_allocator.cpp:allocating_mb:1121] Allocate mb: 0.00 MB/s, mb_throttle: 20
[mcurrent_data: 1.0429, 832648, 5.1569, 719.3791
current_data: 0.4369, 4411990, 67.3235, 2744.3907
current_data: 2.5448, 16135, 0.0020, 0.0000
current_data: 2.4651, 46030, 31.9573, 9166.3025
current_data: 2.1686, 451509, 13.8252, 2482.5142
current_data: 1.0504, 4902497, 5.1815, 3836.2720
current_data: 0.4354, 25377087, 67.7732, 15947.5913
current_data: 2.5503, 80576, 0.0010, 0.0000
current_data: 2.4319, 226990, 31.9439, 52548.4257
current_data: 2.3804, 2276940, 9.2419, 12308.8204
current_data: 1.0621, 5036676, 5.0732, 3762.5215
current_data: 0.4332, 25130256, 68.2517, 16026.9667
current_data: 2.5500, 77918, 0.0008, 0.0000
current_data: 2.1758, 217844, 34.2714, 45198.3836
current_data: 2.3069, 2311180, 10.4433, 13580.0777
current_data: 1.0675, 5030760, 5.1257, 3738.1464
current_data: 0.3990, 19403923, 73.1875, 16442.5941
current_data: 2.5510, 78801, 0.0009, 0.0000
current_data: 2.1759, 213415, 34.2692, 45050.8828
current_data: 2.3974, 2458746, 9.1640, 12363.8207
current_data: 1.0634, 4964773, 5.0923, 3757.5215
current_data: 0.3851, 19008660, 77.0046, 16006.3416
current_data: 2.5485, 84106, 0.0013, 0.0000
current_data: 2.1761, 227437, 34.2658, 44499.0046
current_data: 2.3889, 2362718, 9.1853, 12140.6945
current_data: 1.0542, 4913852, 5.0753, 3602.5206
current_data: 0.3842, 19126999, 77.0100, 16110.0922
current_data: 2.5481, 89538, 0.0016, 0.0000
current_data: 2.0684, 5720812, 28.7850, 45073.3829
current_data: 2.3118, 2384381, 10.1696, 12815.6983
current_data: 1.0360, 4832452, 5.1712, 3723.7713
current_data: 0.3832, 18948176, 77.0270, 15998.2165
current_data: 2.5499, 83583, 0.0011, 0.0000
current_data: 2.1904, 422110, 29.2819, 54995.3147
current_data: 2.3488, 2322339, 9.2483, 12019.4438
current_data: 1.0579, 4924003, 5.0635, 3766.2716
current_data: 0.3842, 19011916, 77.0461, 16055.7169
current_data: 2.5503, 79903, 0.0010, 0.0000
current_data: 2.7470, 279151, 25.3649, 48541.5278
current_data: 2.2999, 2291397, 10.4688, 13401.3267
current_data: 1.0481, 4907334, 5.0483, 3724.3963
current_data: 0.3835, 19024653, 77.0612, 16126.9673
current_data: 2.5502, 78345, 0.0007, 0.0000
current_data: 2.4486, 244608, 25.7022, 51499.0447
current_data: 2.3659, 2336145, 9.2033, 12063.1940
current_data: 1.0231, 4821712, 5.1296, 3595.0206
current_data: 0.3827, 19088418, 76.9993, 15972.5914
current_data: 2.5486, 83574, 0.0012, 0.0000
current_data: 2.2181, 227305, 26.4837, 58887.2120
current_data: 2.2369, 2286455, 10.5221, 13216.3256
current_data: 1.0250, 4849266, 5.1481, 3700.0212
current_data: 0.3826, 19240970, 77.0499, 16164.4675
current_data: 2.5502, 78370, 0.0008, 0.0000
current_data: 2.2223, 213890, 26.4883, 59638.4663
current_data: 2.3442, 2398223, 9.1419, 12205.0698
current_data: 1.0398, 4915013, 5.1207, 3738.7714
current_data: 0.3835, 19252436, 77.0209, 16201.3427
current_data: 2.5492, 82113, 0.0009, 0.0000
current_data: 2.3259, 228575, 29.4508, 55839.0695
current_data: 2.3122, 2245118, 9.7742, 13295.7011
current_data: 1.0600, 5031448, 5.0567, 3807.5218
current_data: 0.3844, 19361823, 77.0254, 16267.5931
current_data: 2.5495, 80773, 0.0009, 0.0000
current_data: 2.4673, 226307, 31.9718, 53433.4307
current_data: 2.2927, 2358537, 10.4250, 13633.8280
current_data: 1.0582, 5017513, 5.0859, 3840.0220
current_data: 0.3844, 19348897, 77.0220, 16243.8429
current_data: 2.5486, 82900, 0.0011, 0.0000
current_data: 2.4676, 228677, 31.9670, 53329.6802
current_data: 2.3903, 2406157, 9.1439, 12388.8209
current_data: 1.0548, 5045923, 5.1094, 3826.8969
current_data: 0.3844, 19409507, 77.0296, 16274.4681
current_data: 2.5499, 85813, 0.0012, 0.0000
current_data: 2.4645, 231152, 31.9686, 53540.9314
current_data: 2.2968, 2320590, 10.4176, 13543.8275
current_data: 1.0557, 5058276, 5.0975, 3727.5213
current_data: 0.3845, 19474538, 77.0021, 16415.0939
current_data: 2.5496, 85059, 0.0011, 0.0000
current_data: 2.4665, 232388, 31.9672, 53715.9324
current_data: 2.3120, 2394788, 10.3726, 13358.2014
current_data: 1.0532, 5000809, 5.1444, 3869.3971
current_data: 0.3842, 19399598, 77.0467, 16320.7184
current_data: 2.5488, 85808, 0.0011, 0.0000
current_data: 2.4678, 231137, 31.9707, 53740.3075
current_data: 2.3871, 2390427, 9.1242, 12400.0710
current_data: 1.0422, 4832538, 5.2290, 3951.2726
current_data: 0.3840, 19465983, 77.0110, 16428.8440
current_data: 2.5479, 97893, 0.0018, 1.2500
current_data: 2.4619, 267747, 31.9595, 53697.1823
current_data: 2.2848, 2239470, 10.4336, 13681.3283
current_data: 1.0515, 4985728, 5.1092, 3802.5218
current_data: 0.3840, 19511866, 76.9740, 16461.9692
current_data: 2.5484, 90680, 0.0016, 0.0000
current_data: 2.4642, 247069, 31.9648, 53945.9337
current_data: 2.3079, 2318794, 10.3516, 13775.7038
current_data: 1.0530, 5075507, 5.1864, 3872.5222
current_data: 0.3845, 19639449, 77.0025, 16587.5949
current_data: 2.5489, 84827, 0.0012, 0.0000
current_data: 2.4201, 229998, 31.9294, 53310.9300
current_data: 2.3919, 2416202, 9.1629, 12575.0720
current_data: 1.0579, 5102192, 5.0641, 3817.5218
current_data: 0.3844, 19616848, 77.0334, 16535.7196
current_data: 2.5504, 81113, 0.0009, 0.0000
current_data: 2.5491, 256239, 24.9754, 45594.6359
current_data: 2.3799, 2319726, 9.1771, 13169.4504
current_data: 1.0611, 5108451, 5.0040, 3835.6469
current_data: 0.3845, 19633484, 76.9998, 16553.8447
current_data: 2.5500, 83508, 0.0011, 0.0000
current_data: 2.5419, 254336, 24.9779, 45401.5098
current_data: 2.3140, 2378322, 10.3501, 13738.2036
current_data: 1.0575, 5096675, 5.1096, 3869.3971
current_data: 0.3843, 19554836, 77.0533, 16538.2196
current_data: 2.5501, 79601, 0.0008, 0.0000
current_data: 2.5608, 247826, 24.9768, 45643.3862
current_data: 2.4051, 2484168, 9.1024, 12570.6969
current_data: 1.0586, 5092727, 5.1369, 3885.0222
current_data: 0.3845, 19584717, 77.0240, 16507.5945
current_data: 2.5501, 80656, 0.0009, 0.0000
current_data: 2.5583, 247289, 24.9744, 45471.5102
current_data: 2.4000, 2457211, 9.1346, 12565.0719
current_data: 1.0624, 5078773, 5.0075, 3730.6463
current_data: 0.3845, 19613019, 77.0170, 16564.4698
current_data: 2.5506, 82960, 0.0010, 0.0000
current_data: 2.5145, 245214, 24.9759, 44887.1318
current_data: 2.3089, 2344745, 10.3529, 13680.0783
current_data: 1.0605, 5112263, 5.0641, 3813.7718
current_data: 0.3846, 19546156, 77.0231, 16438.8441
current_data: 2.5498, 82992, 0.0010, 0.6250
current_data: 2.4983, 244648, 24.9790, 44392.1290
current_data: 2.3261, 2346724, 10.3280, 13820.7041
current_data: 1.0607, 5113422, 5.1266, 3931.8975
current_data: 0.3845, 19579626, 77.0230, 16403.8439
current_data: 2.5496, 82114, 0.0009, 0.0000
current_data: 2.5548, 249529, 24.9760, 45562.1357
current_data: 2.4030, 2503681, 9.0879, 12514.4466
current_data: 1.0579, 5096734, 5.0936, 3855.0221
current_data: 0.3844, 19574766, 77.0282, 16387.5938
current_data: 2.5500, 82043, 0.0009, 0.0000
current_data: 2.5538, 249047, 24.9726, 45567.7607
current_data: 2.3718, 2300611, 9.3769, 13429.4518
current_data: 1.0583, 5114496, 5.0567, 3785.6467
current_data: 0.3844, 19615914, 77.0308, 16540.0946
current_data: 2.5500, 81331, 0.0009, 0.0000
current_data: 2.2629, 272599, 30.2083, 47587.1473
current_data: 2.3103, 2402749, 10.3273, 13675.0782
current_data: 1.0552, 5086036, 5.0158, 3882.5222
current_data: 0.3844, 19600137, 77.0131, 16606.3450
current_data: 2.5510, 80631, 0.0008, 0.0000
current_data: 2.4643, 251919, 31.9656, 53924.6836
current_data: 2.3995, 2484450, 9.0388, 12406.9460
current_data: 1.0530, 5087079, 5.0854, 3755.6465
current_data: 0.3844, 19630154, 77.0163, 16503.8444
current_data: 2.5487, 86501, 0.0011, 0.0000
current_data: 2.4642, 245570, 31.9661, 53961.5588
current_data: 2.3963, 2511124, 9.0774, 12487.5715
current_data: 1.0527, 4808462, 5.1308, 3632.5208
current_data: 0.3843, 19614102, 77.0179, 16529.4696
current_data: 2.5483, 91888, 0.0015, 0.0000
current_data: 2.4607, 255501, 31.9630, 53955.3087
current_data: 2.2980, 2431138, 10.3702, 13680.7033
current_data: 1.0475, 5050965, 5.2136, 3888.7723
current_data: 0.3883, 18610656, 75.0269, 16739.4708
current_data: 2.5498, 89557, 0.0013, 0.0000
current_data: 2.4636, 243344, 31.9651, 54140.3098
current_data: 2.3105, 2358523, 10.3749, 13371.3265
current_data: 1.0521, 5099220, 5.2203, 3942.5226
current_data: 0.3845, 19641470, 76.9951, 16575.0948
current_data: 2.5491, 84666, 0.0009, 0.0000
current_data: 2.4670, 242839, 31.9671, 54202.1851
current_data: 2.3976, 2404587, 9.1267, 12497.5715
current_data: 1.0507, 5065064, 5.0965, 3773.7716
current_data: 0.3843, 19619797, 77.0290, 16510.7195
current_data: 2.5502, 80931, 0.0009, 0.0000
current_data: 2.4630, 241683, 31.9664, 54126.5597
current_data: 2.3465, 2328561, 9.7104, 13683.8283
current_data: 1.0531, 5043324, 5.1267, 3891.2723
current_data: 0.3843, 19591184, 77.0401, 16547.5947
current_data: 2.5500, 81880, 0.0008, 0.0000
current_data: 2.4633, 239135, 31.9666, 54147.1848
current_data: 2.3080, 2291828, 10.3245, 13780.7039
current_data: 1.0563, 5123960, 5.0634, 3790.0217
current_data: 0.3844, 19731111, 77.0327, 16671.9704
current_data: 2.5500, 80321, 0.0008, 0.0000
current_data: 2.2458, 249826, 33.1453, 51780.2963
current_data: 2.4072, 2438396, 9.0557, 12596.9471
current_data: 1.0632, 5157616, 5.2099, 4069.3983
current_data: 0.3851, 19745795, 77.0404, 16715.0956
current_data: 2.5500, 80125, 0.0008, 0.0000
current_data: 2.1768, 229804, 34.2681, 46244.6396
current_data: 2.4144, 2464622, 9.0310, 12567.5719
current_data: 1.0652, 5149730, 5.1039, 3925.0225
current_data: 0.3851, 19750978, 77.0281, 16647.5953
current_data: 2.5492, 80617, 0.0008, 0.0000
current_data: 2.1753, 226513, 34.2697, 46207.7644
current_data: 2.3253, 2491127, 10.2907, 13784.4539
current_data: 1.0660, 5151803, 5.1387, 3868.7721
current_data: 0.3851, 19772671, 77.0381, 16581.3449
current_data: 2.5498, 81624, 0.0009, 0.0000
current_data: 2.1214, 242761, 34.3650, 45509.0104
current_data: 2.3303, 2355633, 10.2949, 13836.3292
current_data: 1.0379, 5027920, 5.0646, 3725.0213
current_data: 0.3832, 19655108, 77.0250, 16555.7197
current_data: 2.5499, 83286, 0.0010, 0.0000
current_data: 1.7002, 5737573, 31.8408, 53785.9328
current_data: 2.3704, 2420783, 9.0806, 12416.3210
current_data: 1.0534, 5076645, 5.0709, 3919.3974
current_data: 0.3840, 19709834, 77.0282, 16568.2198
current_data: 2.5485, 85365, 0.0011, 0.0000
current_data: 2.7968, 298471, 25.4823, 52469.6752
current_data: 2.4023, 2444304, 9.0837, 12586.9470
current_data: 1.0538, 5087440, 5.0199, 3926.2725
current_data: 0.3842, 19740715, 77.0224, 16551.9697
current_data: 2.5496, 83791, 0.0010, 0.0000
current_data: 2.7528, 286398, 24.8455, 49280.9070
current_data: 2.3173, 2496114, 10.2834, 13748.8287
current_data: 1.0272, 4949544, 5.0926, 3753.1465
current_data: 0.3827, 19645170, 77.0254, 16586.3449
current_data: 2.5494, 81933, 0.0009, 0.0000
current_data: 2.2173, 222059, 26.4921, 60904.7235
current_data: 2.2604, 2395988, 10.3785, 13627.5780
current_data: 1.0199, 4659030, 5.1301, 3610.0207
current_data: 0.3826, 19647885, 76.9964, 16527.5946
current_data: 2.5483, 91398, 0.0013, 0.0000
current_data: 2.2202, 235744, 26.4865, 60805.9729
current_data: 2.3504, 2354369, 9.1851, 12466.9463
current_data: 1.0277, 5029040, 5.2164, 3855.0221
current_data: 0.3831, 19719714, 77.0022, 16539.4696
current_data: 2.5492, 86538, 0.0012, 0.0000
current_data: 2.2452, 244669, 27.6364, 59104.7132
current_data: 2.3575, 2404445, 9.0737, 12886.3237
current_data: 1.0501, 5093230, 5.1080, 3740.6464
current_data: 0.3892, 18811202, 75.0853, 16833.2213
current_data: 2.5487, 86389, 0.0011, 0.0000
current_data: 2.4624, 244309, 31.9658, 54385.9362
current_data: 2.3081, 2451147, 10.3072, 13715.0785
current_data: 1.0413, 4863838, 5.2632, 3991.2728
current_data: 0.3842, 19753619, 76.9803, 16674.4704
current_data: 2.5480, 95908, 0.0019, 0.6250
current_data: 2.4617, 268396, 31.9578, 54197.8101
current_data: 2.3667, 2464220, 9.5446, 12661.3224
current_data: 1.0519, 5082925, 5.1311, 3767.5216
current_data: 0.3844, 19761843, 77.0234, 16660.7203
current_data: 2.5508, 82799, 0.0010, 0.0000
current_data: 2.4659, 233911, 31.9685, 54505.3119
current_data: 2.4055, 2435421, 9.0882, 12583.8220
current_data: 1.0531, 5058963, 5.0850, 3813.1468
current_data: 0.3843, 19613491, 77.0247, 16488.2193
current_data: 2.5495, 86917, 0.0011, 0.6250
current_data: 2.4638, 237373, 31.9663, 54215.3102
current_data: 2.3290, 2316731, 10.2600, 13791.9539
current_data: 1.0532, 5110624, 5.1460, 3891.2723
current_data: 0.3842, 19733561, 77.0443, 16632.5952
current_data: 2.5499, 85904, 0.0011, 0.0000
current_data: 2.4640, 246941, 31.9668, 54464.0616
current_data: 2.3126, 2397944, 10.2683, 13716.9535
current_data: 1.0478, 4999452, 5.1702, 3923.1474
current_data: 0.3841, 19760309, 77.0613, 16789.4711
current_data: 2.5490, 85606, 0.0010, 0.0000
current_data: 2.4669, 246806, 31.9644, 54556.5622
current_data: 2.4048, 2358885, 9.0740, 12644.4474
current_data: 1.0422, 4859425, 5.2744, 3932.5225
current_data: 0.3841, 19786994, 77.0257, 16619.4701
current_data: 2.5498, 88437, 0.0012, 0.0000
current_data: 2.4646, 253706, 31.9594, 54669.6878
current_data: 2.3968, 2282698, 9.1507, 12691.9476
current_data: 1.0551, 5087576, 5.1264, 3880.0222
current_data: 0.3843, 19719878, 77.0512, 16500.7194
current_data: 2.5495, 81197, 0.0009, 0.6250
current_data: 2.4664, 231497, 31.9683, 54469.6867
current_data: 2.3079, 2391150, 10.3470, 13759.4537
current_data: 1.0587, 5117017, 5.1109, 3863.7721
current_data: 0.3844, 19638594, 77.0337, 16533.8446
current_data: 2.5503, 79944, 0.0008, 0.0000
current_data: 2.3831, 267087, 26.0105, 44593.3802
current_data: 2.3236, 2359750, 10.3143, 13838.8292
current_data: 1.0588, 5148466, 5.1103, 3865.0221
current_data: 0.3844, 19725606, 77.0285, 16534.4696
current_data: 2.5490, 85085, 0.0011, 0.0000
current_data: 2.5440, 258801, 24.9767, 45670.2613
current_data: 2.4150, 2396924, 9.0752, 12641.3223
current_data: 1.0596, 5125167, 5.1027, 3895.6473
current_data: 0.3844, 19766292, 77.0375, 16610.0950
current_data: 2.5500, 81550, 0.0009, 0.0000
current_data: 2.5579, 248464, 24.9764, 46025.2634
current_data: 2.4141, 2451237, 9.0465, 12620.6972
current_data: 1.0578, 5101725, 5.0873, 3937.5225
current_data: 0.3846, 19725128, 76.9915, 16678.2204
current_data: 2.5488, 87717, 0.0012, 0.0000
current_data: 2.5564, 252320, 24.9743, 45950.2629
current_data: 2.3220, 2453972, 10.2762, 13758.2037
current_data: 1.0596, 5149221, 5.0883, 3946.8976
current_data: 0.3845, 19787835, 77.0151, 16676.3454
current_data: 2.5493, 85123, 0.0011, 0.0000
current_data: 2.5150, 254020, 24.9755, 45397.7598
current_data: 2.3242, 2335044, 10.3387, 13902.5796
current_data: 1.0541, 5102463, 5.2263, 3935.6475
current_data: 0.3843, 19721825, 77.0394, 16581.9699
current_data: 2.5498, 86360, 0.0012, 0.0000
current_data: 2.4970, 252734, 24.9752, 44938.3821
current_data: 2.4187, 2364154, 9.0583, 12661.3224
current_data: 1.0560, 5104651, 5.1540, 3859.3971
current_data: 0.3890, 18777676, 75.0720, 16838.2213
current_data: 2.5491, 86864, 0.0012, 0.0000
current_data: 2.5564, 259929, 24.9741, 45970.2630
current_data: 2.4179, 2525007, 9.0586, 12601.3221
current_data: 1.0585, 5126202, 5.1517, 3858.1471
current_data: 0.3846, 19731711, 76.9958, 16570.0948
current_data: 2.5492, 79634, 0.0007, 0.0000
current_data: 2.5534, 244891, 24.9743, 45864.0124
current_data: 2.3221, 2508846, 10.3053, 13815.7041
current_data: 1.0575, 5123608, 5.0689, 3892.5223
current_data: 0.3841, 19710297, 77.0378, 16593.2199
current_data: 2.5502, 82111, 0.0008, 0.0000
current_data: 2.2599, 271756, 30.4359, 48084.0251
current_data: 2.3259, 2355674, 10.3113, 13880.0794
current_data: 1.0509, 5113712, 5.1407, 3886.2722
current_data: 0.3843, 19735321, 77.0386, 16661.9703
current_data: 2.5490, 85264, 0.0011, 0.0000
current_data: 2.4647, 263239, 31.9656, 54502.8119
current_data: 2.4159, 2435799, 9.0484, 12625.0722
current_data: 1.0530, 5088435, 5.1216, 3789.3967
current_data: 0.3845, 19729981, 77.0054, 16613.8451
current_data: 2.5498, 84540, 0.0010, 0.0000
current_data: 2.4619, 249207, 31.9661, 54316.5608
current_data: 2.4131, 2457365, 9.0417, 12560.6969
current_data: 1.0546, 5095475, 5.1085, 3889.3973
current_data: 0.3844, 19704710, 77.0360, 16651.9703
current_data: 2.5499, 81172, 0.0008, 0.0000
current_data: 2.4606, 253070, 31.9659, 54234.6853
current_data: 2.3221, 2412755, 10.2444, 13744.4536
current_data: 1.0518, 5071732, 5.0737, 3816.8968
current_data: 0.3843, 19773178, 77.0114, 16581.9699
current_data: 2.5484, 89417, 0.0014, 0.0000
current_data: 2.4597, 258024, 31.9656, 54400.3113
current_data: 2.3162, 2383388, 10.2979, 13747.5787
current_data: 1.0508, 5047097, 5.0965, 3860.6471
current_data: 0.3843, 19694382, 77.0179, 16470.0942
current_data: 2.5491, 82255, 0.0010, 0.0000
current_data: 2.4647, 242657, 31.9688, 54425.3114
current_data: 2.4158, 2419231, 9.0522, 12617.5722
current_data: 1.0471, 4996941, 5.2555, 3865.6471
current_data: 0.3840, 19737770, 77.0202, 16667.5954
current_data: 2.5503, 87061, 0.0011, 0.0000
current_data: 2.4629, 251063, 31.9638, 54444.6865
current_data: 2.4088, 2431239, 9.0992, 12659.4474
current_data: 1.0504, 5059804, 5.1954, 3893.1473
current_data: 0.3843, 19748988, 77.0337, 16541.3447
current_data: 2.5501, 83346, 0.0010, 0.0000
current_data: 2.4637, 243169, 31.9665, 54456.5616
current_data: 2.3174, 2435292, 10.3162, 13813.8290
current_data: 1.0539, 5093067, 5.1537, 3915.6474
current_data: 0.3844, 19739300, 76.9990, 16575.0948
current_data: 2.5474, 92574, 0.0015, 0.0000
current_data: 2.1911, 257539, 33.3953, 50224.6624
current_data: 2.3261, 2346500, 10.3366, 13898.2045
current_data: 1.0675, 5146285, 5.0889, 3920.0224
current_data: 0.3852, 19751545, 77.0224, 16690.7205
current_data: 2.5497, 83352, 0.0010, 0.0000
current_data: 2.1761, 240484, 34.2659, 46234.6396
current_data: 2.4327, 2383613, 9.0612, 12730.6978
current_data: 1.0619, 5161230, 5.1632, 4023.1480
current_data: 0.3853, 19787035, 76.9903, 16673.2204
current_data: 2.5494, 81764, 0.0009, 0.0000
current_data: 2.1766, 228577, 34.2704, 46290.2649
current_data: 2.4241, 2566778, 9.0850, 12700.6977
current_data: 1.0634, 5119228, 5.0999, 3785.6467
current_data: 0.3852, 19710897, 77.0101, 16513.8445
current_data: 2.5506, 79637, 0.0008, 0.0000
current_data: 2.1205, 244322, 34.3138, 45337.1344
current_data: 2.3312, 2455588, 10.3109, 13901.3295
current_data: 1.0325, 5013361, 5.1663, 3878.7722
current_data: 0.3864, 18544064, 74.9630, 16587.5949
current_data: 2.5496, 81353, 0.0009, 0.0000
current_data: 1.7129, 5481691, 31.4512, 56058.4458
current_data: 2.2757, 2293370, 10.3445, 13691.3283
current_data: 1.0529, 5099062, 5.1146, 3970.0227
current_data: 0.3843, 19727119, 77.0205, 16668.2204
current_data: 2.5508, 81832, 0.0009, 0.0000
current_data: 2.7816, 274609, 25.6278, 51470.2945
current_data: 2.4140, 2430475, 9.0665, 12635.0723
current_data: 1.0545, 5103482, 5.0884, 3855.0221
current_data: 0.3843, 19760670, 77.0205, 16641.3452
current_data: 2.5490, 80297, 0.0009, 0.0000
current_data: 2.6528, 282876, 25.1186, 49110.2810
current_data: 2.3964, 2440003, 9.1014, 12571.3219
current_data: 1.0254, 4979990, 5.2322, 3810.6468
current_data: 0.3827, 19628901, 77.0287, 16558.2197
current_data: 2.5497, 81011, 0.0009, 0.0000
current_data: 2.2181, 217566, 26.4929, 60755.9726
current_data: 2.2642, 2370184, 10.3384, 13565.0776
current_data: 1.0267, 4997084, 5.0898, 3841.8970
current_data: 0.3826, 19644561, 77.0262, 16511.9695
current_data: 2.5492, 81448, 0.0008, 0.0000
current_data: 2.2223, 220119, 26.4890, 60792.2229
current_data: 2.3617, 2459723, 9.0963, 12434.4462
current_data: 1.0324, 5036722, 5.0241, 3791.2717
current_data: 0.3831, 19678694, 77.0559, 16699.4706
current_data: 2.5491, 81134, 0.0009, 0.0000
current_data: 2.2817, 230760, 28.2630, 58517.2098
current_data: 2.3752, 2446608, 9.0788, 12449.4462
current_data: 1.0539, 5102879, 5.1127, 3921.8974
current_data: 0.3844, 19736421, 77.0113, 16550.7197
current_data: 2.5484, 83821, 0.0010, 1.2500
current_data: 2.4650, 236316, 31.9702, 54329.0609
current_data: 2.3119, 2394278, 10.2844, 13740.0786
current_data: 1.0537, 5090341, 5.1309, 3903.7723
current_data: 0.3844, 19694130, 77.0216, 16544.4697
current_data: 2.5495, 82775, 0.0009, 0.0000
current_data: 2.4650, 225747, 31.9718, 54387.8112
current_data: 2.3005, 2412046, 10.3163, 13815.7041
current_data: 1.0526, 5067448, 5.1052, 3823.7719
current_data: 0.3843, 19732798, 77.0226, 16603.8450
current_data: 2.5484, 92722, 0.0014, 0.0000
current_data: 2.4638, 240323, 31.9690, 54380.3112
current_data: 2.3758, 2434936, 9.1023, 12559.4469
current_data: 1.0500, 5073348, 5.2163, 3989.3978
current_data: 0.3843, 19743551, 77.0050, 16517.5945
current_data: 2.5488, 90925, 0.0014, 0.0000
current_data: 2.4607, 245196, 31.9653, 54420.9364
current_data: 2.3534, 2276815, 9.1646, 13192.5755
current_data: 1.0526, 5120629, 5.1511, 3897.5223
current_data: 0.3843, 19770774, 77.0411, 16592.5949
current_data: 2.5493, 83296, 0.0010, 0.0000
current_data: 2.4651, 237106, 31.9694, 54601.5624
current_data: 2.2866, 2391104, 10.3270, 13655.0781
current_data: 1.0545, 5117946, 5.0951, 3899.3973
current_data: 0.3845, 19773062, 77.0175, 16746.3458
current_data: 2.5496, 79799, 0.0008, 0.0000
current_data: 2.4689, 231332, 31.9708, 54519.6870
current_data: 2.3789, 2451920, 9.0820, 12508.8216
current_data: 1.0551, 5125263, 5.1390, 3952.5226
current_data: 0.3845, 19764142, 77.0013, 16592.5949
current_data: 2.5506, 79699, 0.0008, 0.0000
current_data: 2.4687, 224894, 31.9698, 54534.0620
current_data: 2.3782, 2463792, 9.0955, 12508.8216
current_data: 1.0572, 5093097, 5.0494, 3849.3970
current_data: 0.3843, 19748333, 77.0319, 16654.4703
current_data: 2.5493, 89548, 0.0013, 0.0000
current_data: 2.3746, 225300, 32.0123, 52499.6754
current_data: 2.2963, 2357832, 10.2907, 13705.7034
current_data: 1.0590, 5146837, 5.0461, 3975.0227
current_data: 0.3890, 18773377, 75.0503, 16789.4711
current_data: 2.5501, 80137, 0.0009, 0.6250
current_data: 2.5494, 242436, 24.9769, 45850.2624
current_data: 2.3619, 2616099, 9.3845, 12491.9465
current_data: 1.0596, 5126028, 5.0436, 3891.8973
current_data: 0.3847, 19768500, 76.9891, 16640.0952
current_data: 2.5504, 80395, 0.0008, 0.0000
current_data: 2.5466, 238590, 24.9786, 45859.0124
current_data: 2.3952, 2437375, 9.0629, 12515.6966
current_data: 1.0583, 5127012, 5.0904, 3963.1477
current_data: 0.3845, 19748772, 77.0046, 16662.5953
current_data: 2.5498, 86090, 0.0011, 0.0000
current_data: 2.5549, 244747, 24.9749, 45846.5123
current_data: 2.2952, 2373375, 10.2998, 13671.3282
current_data: 1.0569, 5128650, 5.1585, 4014.3980
current_data: 0.3845, 19737562, 77.0137, 16631.9702
current_data: 2.5496, 87782, 0.0012, 0.0000
current_data: 2.5574, 245628, 24.9739, 45855.8874
current_data: 2.2947, 2391388, 10.2821, 13740.0786
current_data: 1.0565, 5102464, 5.1030, 3893.1473
current_data: 0.3844, 19767422, 77.0238, 16637.5952
current_data: 2.5487, 91465, 0.0015, 0.0000
current_data: 2.5210, 255543, 24.9745, 45216.5087
current_data: 2.3959, 2431671, 9.0628, 12567.5719
current_data: 1.0593, 5149543, 5.1132, 3832.5219
current_data: 0.3844, 19746445, 77.0718, 16718.2207
current_data: 2.5497, 80495, 0.0009, 0.0000
current_data: 2.4923, 238243, 24.9778, 44709.0058
current_data: 2.3900, 2524702, 9.0369, 12787.5732
current_data: 1.0559, 5096169, 5.1456, 3968.7727
current_data: 0.3845, 19750594, 76.9958, 16614.4701
current_data: 2.5501, 89526, 0.0014, 0.0000
current_data: 2.5531, 244011, 24.9775, 45989.0132
current_data: 2.3007, 2334442, 10.3747, 13843.2042
current_data: 1.0570, 5126698, 5.1613, 3943.7726
current_data: 0.3844, 19735525, 77.0420, 16515.0945
current_data: 2.5494, 87246, 0.0012, 0.6250
current_data: 2.5572, 243988, 24.9737, 45990.8882
current_data: 2.3951, 2411043, 9.0987, 12598.8221
current_data: 1.0557, 5098620, 5.0961, 3973.7727
current_data: 0.3844, 19741135, 77.0068, 16627.5951
current_data: 2.5483, 92282, 0.0013, 0.0000
current_data: 2.2419, 293509, 31.6025, 49079.0308
current_data: 2.3910, 2440293, 9.0697, 12546.3218
current_data: 1.0522, 5113194, 5.1864, 3873.7722
current_data: 0.3845, 19742487, 77.0357, 16575.7198
current_data: 2.5498, 82497, 0.0009, 0.0000
current_data: 2.4618, 249609, 31.9673, 54365.9361
current_data: 2.3002, 2380403, 10.2779, 13714.4535
current_data: 1.0556, 5069603, 5.0024, 3885.0222
current_data: 0.3844, 19658926, 77.0276, 16527.5946
current_data: 2.5502, 84005, 0.0010, 0.0000
current_data: 2.4645, 241155, 31.9668, 54234.0603
current_data: 2.3117, 2335002, 10.3250, 13244.4508
current_data: 1.0546, 5114678, 5.1013, 3959.3977
current_data: 0.3844, 19703050, 77.0359, 16580.7199
current_data: 2.5501, 81184, 0.0008, 0.0000
current_data: 2.4638, 240007, 31.9666, 54314.6858
current_data: 2.3883, 2443894, 9.0749, 12504.4466
current_data: 1.0548, 5096458, 5.1045, 3980.0228
current_data: 0.3845, 19746633, 77.0114, 16631.9702
current_data: 2.5493, 81787, 0.0009, 0.0000
current_data: 2.4619, 239717, 31.9684, 54206.5602
current_data: 2.3353, 2351389, 9.7181, 13753.2037
current_data: 1.0561, 5120543, 5.1118, 3942.5226
current_data: 0.3845, 19755794, 77.0194, 16643.8452
current_data: 2.5504, 80877, 0.0008, 0.0000
current_data: 2.4639, 243150, 31.9692, 54500.3119
current_data: 2.2989, 2443877, 10.3283, 13771.3288
current_data: 1.0584, 5130964, 4.9946, 3822.5219
current_data: 0.3893, 18800148, 75.0865, 16755.0959
current_data: 2.5492, 82708, 0.0010, 0.0000
current_data: 2.4644, 245332, 31.9684, 54207.1852
current_data: 2.3889, 2419510, 9.0691, 12517.5716
current_data: 1.0568, 5115334, 5.0366, 3800.0217
current_data: 0.3844, 19719797, 77.0215, 16625.0951
current_data: 2.5494, 79972, 0.0008, 0.0000
current_data: 2.4669, 238581, 31.9669, 54280.9356
current_data: 2.3934, 2461664, 9.0792, 12480.6964
current_data: 1.0577, 5136790, 5.0986, 3999.3979
current_data: 0.3847, 19759721, 77.0190, 16588.2199
current_data: 2.5494, 80106, 0.0008, 0.0000
current_data: 2.1468, 255633, 33.7422, 48825.9044
current_data: 2.3070, 2470737, 10.2808, 13717.5785
current_data: 1.0657, 5125439, 5.0511, 3831.8969
current_data: 0.3851, 19774641, 77.0329, 16743.2208
current_data: 2.5510, 81441, 0.0009, 0.0000
current_data: 2.1757, 239474, 34.2661, 46170.2642
current_data: 2.3887, 2656913, 9.2023, 12675.6975
current_data: 1.0655, 5142480, 5.0454, 3861.2721
current_data: 0.3851, 19763497, 77.0361, 16729.4707
current_data: 2.5498, 80559, 0.0008, 0.0000
current_data: 2.1766, 232794, 34.2697, 46172.1392
current_data: 2.4056, 2463081, 9.0469, 12544.4468
current_data: 1.0654, 5149790, 5.0802, 4032.5231
current_data: 0.3851, 19786149, 77.0444, 16755.0959
current_data: 2.5496, 81481, 0.0009, 0.0000
current_data: 2.1442, 778810, 32.7366, 44536.5048
current_data: 2.3139, 2365815, 10.2461, 13752.5787
current_data: 1.0301, 5009784, 5.1147, 3724.3963
current_data: 0.3831, 19720340, 76.9979, 16566.3448
current_data: 2.5497, 83317, 0.0010, 0.0000
current_data: 1.8205, 5200936, 30.9511, 56856.5753
current_data: 2.2726, 2452395, 10.3548, 13351.3264
current_data: 1.0512, 5052547, 5.1641, 3868.7721
current_data: 0.3840, 19555956, 77.0359, 16397.5938
current_data: 2.5479, 89616, 0.0015, 0.0000
current_data: 2.7737, 280294, 25.5560, 50910.9163
current_data: 2.3917, 2418000, 9.0917, 12563.1969
current_data: 1.0511, 5090716, 5.0868, 3771.2716
current_data: 0.3841, 19699542, 77.0235, 16521.3445
current_data: 2.5500, 81434, 0.0009, 0.0000
current_data: 2.5841, 275480, 25.2977, 50409.0384
current_data: 2.3134, 2263654, 10.1125, 13702.5784
current_data: 1.0240, 4980385, 5.2539, 3818.7719
current_data: 0.3827, 19660524, 77.0327, 16464.4692
current_data: 2.5488, 80137, 0.0009, 0.0000
current_data: 2.2209, 219760, 26.4899, 60962.8488
current_data: 2.2603, 2320033, 10.3742, 13565.0776
current_data: 1.0281, 4977016, 5.0476, 3790.6467
current_data: 0.3828, 19650119, 77.0086, 16533.2196
current_data: 2.5498, 85264, 0.0010, 0.6250
current_data: 2.2229, 223499, 26.4891, 60974.0989
current_data: 2.3487, 2427210, 9.1210, 12418.8211
current_data: 1.0342, 5006938, 5.0903, 3757.5215
current_data: 0.3833, 19705013, 77.0337, 16601.3450
current_data: 2.5496, 82335, 0.0010, 0.0000
current_data: 2.3050, 231708, 28.9532, 57748.4554
current_data: 2.2898, 2258194, 10.1783, 13576.9527
current_data: 1.0562, 5119731, 5.0313, 3756.8965
current_data: 0.3844, 19766071, 77.0076, 16605.7200
current_data: 2.5499, 84325, 0.0009, 0.0000
current_data: 2.4668, 228511, 31.9724, 54577.1873
current_data: 2.3042, 2495640, 10.2714, 13759.4537
current_data: 1.0548, 5117056, 5.1473, 3913.1474
current_data: 0.3844, 19707876, 77.0163, 16621.3451
current_data: 2.5499, 82373, 0.0010, 0.0000
current_data: 2.4664, 226680, 31.9672, 54408.4363
current_data: 2.3947, 2442056, 9.0457, 12571.9469
current_data: 1.0543, 5078745, 5.0100, 3765.6465
current_data: 0.3889, 18770431, 75.0547, 16791.3461
current_data: 2.5506, 82849, 0.0009, 0.0000
current_data: 2.4639, 226390, 31.9690, 54475.3117
current_data: 2.3862, 2424130, 9.0270, 12786.9482
current_data: 1.0535, 5105229, 5.0769, 3805.0218
current_data: 0.3845, 19764489, 77.0063, 16699.4706
current_data: 2.5497, 80430, 0.0008, 0.0000
current_data: 2.4648, 228032, 31.9692, 54463.4366
current_data: 2.3012, 2420109, 10.2747, 13663.8282
current_data: 1.0555, 5105405, 5.1192, 3870.6471
current_data: 0.3845, 19709244, 77.0180, 16566.9698
current_data: 2.5496, 80206, 0.0007, 0.0000
current_data: 2.4686, 225486, 31.9715, 54455.3116
current_data: 2.3934, 2492793, 9.0491, 12478.8214
current_data: 1.0541, 4887086, 5.1359, 3766.2716
current_data: 0.3844, 19739672, 77.0096, 16659.4703
current_data: 2.5488, 80732, 0.0009, 0.0000
current_data: 2.4687, 228347, 31.9708, 54370.3111
current_data: 2.3942, 2482894, 9.0362, 12469.4464
current_data: 1.0538, 5120938, 5.1439, 3936.8975
current_data: 0.3844, 19749774, 77.0263, 16584.4699
current_data: 2.5501, 82730, 0.0009, 0.0000
current_data: 2.4660, 225951, 31.9710, 54499.6868
current_data: 2.3059, 2443216, 10.3146, 13715.0785
current_data: 1.0553, 5081653, 5.0672, 3820.6469
current_data: 0.3843, 19750197, 77.0400, 16650.0953
current_data: 2.5490, 84573, 0.0011, 0.0000
current_data: 2.2782, 243409, 32.3377, 51870.9218
current_data: 2.3551, 2537183, 9.7090, 12554.4468
current_data: 1.0560, 5083574, 5.1337, 3985.0228
current_data: 0.3843, 19732362, 76.9959, 16645.7202
current_data: 2.5483, 91565, 0.0015, 0.0000
current_data: 2.5439, 262641, 24.9731, 45790.2620
current_data: 2.4043, 2348758, 9.1017, 12591.9471
current_data: 1.0579, 5102590, 5.0859, 3868.1471
current_data: 0.3845, 19741253, 77.0285, 16645.7202
current_data: 2.5498, 83745, 0.0010, 0.0000
current_data: 2.5393, 236624, 24.9784, 45720.2616
current_data: 2.3246, 2255309, 10.2784, 13802.5790
current_data: 1.0581, 5123837, 5.1477, 3863.7721
current_data: 0.3845, 19766406, 77.0355, 16645.0952
current_data: 2.5495, 80487, 0.0008, 0.0000
current_data: 2.5522, 240589, 24.9739, 45950.8879
current_data: 2.3156, 2373929, 10.2209, 13778.2038
current_data: 1.0606, 5133289, 5.0779, 3886.2722
current_data: 0.3846, 19742610, 77.0016, 16604.4700
current_data: 2.5501, 82672, 0.0009, 0.0000
current_data: 2.5576, 238818, 24.9741, 45850.8874
current_data: 2.4072, 2440271, 9.0134, 12521.9467
current_data: 1.0594, 5108130, 5.1270, 3828.1469
current_data: 0.3844, 19697477, 77.0420, 16570.7198
current_data: 2.5491, 79945, 0.0008, 0.0000
current_data: 2.5207, 235711, 24.9758, 45095.8830
current_data: 2.3999, 2415886, 9.0240, 12476.9464
current_data: 1.0601, 5075907, 4.9634, 3975.0227
current_data: 0.3844, 19724695, 77.0257, 16563.8448
current_data: 2.5499, 86431, 0.0010, 0.0000
current_data: 2.4921, 244290, 24.9753, 44670.8806
current_data: 2.3173, 2479013, 10.2934, 13786.9539
current_data: 1.0602, 5142537, 5.0386, 3860.6471
current_data: 0.3846, 19738849, 77.0136, 16637.5952
current_data: 2.5491, 84304, 0.0010, 0.6250
current_data: 2.5615, 236832, 24.9756, 45899.0126
current_data: 2.3985, 2560592, 9.0857, 12566.9469
current_data: 1.0595, 5103363, 5.0544, 3893.7723
current_data: 0.3845, 19702280, 77.0183, 16611.3451
current_data: 2.5492, 84010, 0.0009, 0.0000
current_data: 2.5608, 237234, 24.9734, 45819.0122
current_data: 2.4061, 2424385, 9.0561, 12576.9470
current_data: 1.0565, 5063734, 5.0503, 3876.2722
current_data: 0.3890, 18626760, 75.0962, 16651.9703
current_data: 2.5492, 85746, 0.0009, 0.0000
current_data: 2.2255, 274328, 32.5260, 48794.6542
current_data: 2.3184, 2377370, 10.2407, 13715.0785
current_data: 1.0535, 5092247, 5.1647, 3974.3977
current_data: 0.3844, 19725785, 77.0007, 16636.3452
current_data: 2.5497, 85956, 0.0011, 0.0000
current_data: 2.4637, 258561, 31.9665, 54351.5610
current_data: 2.3228, 2453005, 10.2414, 13439.4519
current_data: 1.0544, 5098348, 5.1067, 3825.6469
current_data: 0.3845, 19746714, 76.9977, 16579.4699
current_data: 2.5504, 82338, 0.0009, 0.0000
current_data: 2.4631, 244516, 31.9670, 54392.8112
current_data: 2.4013, 2425835, 9.0549, 12593.1971
current_data: 1.0525, 5107037, 5.0715, 3910.0224
current_data: 0.3845, 19708008, 76.9944, 16661.3453
current_data: 2.5497, 80798, 0.0008, 0.0000
current_data: 2.4621, 240635, 31.9676, 54177.1850
current_data: 2.3542, 2334579, 9.5722, 13684.4533
current_data: 1.0530, 5061896, 5.1197, 3814.3968
current_data: 0.3843, 19631139, 77.0141, 16498.8444
current_data: 2.5489, 88949, 0.0012, 0.0000
current_data: 2.4603, 251271, 31.9660, 54192.1851
current_data: 2.3099, 2372648, 10.2593, 13689.4533
current_data: 1.0534, 5094060, 5.1844, 4073.1483
current_data: 0.3842, 19739727, 77.0327, 16704.4706
current_data: 2.5490, 91600, 0.0014, 0.0000
current_data: 2.4641, 253186, 31.9681, 54494.6868
current_data: 2.4036, 2427586, 9.0549, 12574.4470
current_data: 1.0528, 5122932, 5.0726, 3829.3969
current_data: 0.3844, 19744134, 77.0108, 16712.5956
current_data: 2.5501, 84368, 0.0010, 0.0000
current_data: 2.4644, 250352, 31.9653, 54447.1865
current_data: 2.3985, 2484641, 9.0938, 12508.1966
current_data: 1.0527, 5118233, 5.2471, 4002.5229
current_data: 0.3844, 19762313, 77.0216, 16600.0950
current_data: 2.5496, 82413, 0.0009, 0.0000
current_data: 2.4630, 239546, 31.9675, 54509.0619
current_data: 2.3171, 2343391, 10.2863, 13815.7041
current_data: 1.0588, 5116646, 5.1013, 3895.6473
current_data: 0.3847, 19740930, 77.0188, 16613.8451
current_data: 2.5498, 80085, 0.0008, 0.0000
current_data: 2.1340, 249041, 33.9609, 48588.4030
current_data: 2.4145, 2383673, 9.0060, 12581.3220
current_data: 1.0681, 5145882, 5.0644, 3910.0224
current_data: 0.3851, 19749548, 77.0341, 16534.4696
current_data: 2.5499, 81518, 0.0009, 0.0000
current_data: 2.1758, 235510, 34.2679, 46223.3895
current_data: 2.4165, 2517005, 9.0117, 12607.5721
current_data: 1.0603, 5096809, 5.1340, 3808.1468
current_data: 0.3847, 19744907, 77.0574, 16532.5946
current_data: 2.5491, 83106, 0.0010, 0.0000
current_data: 2.1718, 233564, 34.2684, 46209.6394
current_data: 2.3237, 2387693, 10.3214, 13899.4545
current_data: 1.0606, 5057978, 5.1979, 4199.3990
current_data: 0.3850, 19792389, 77.0087, 16568.8448
current_data: 2.5494, 82804, 0.0009, 0.0000
current_data: 2.0617, 840728, 33.0303, 45352.1345
current_data: 2.3153, 2281709, 10.2967, 13899.4545
current_data: 1.0313, 4998838, 5.1013, 3904.3973
current_data: 0.3831, 19700394, 77.0101, 16594.4700
current_data: 2.5493, 81440, 0.0009, 0.0000
current_data: 1.7355, 2853291, 33.6347, 57398.4534
current_data: 2.3588, 2453435, 9.0951, 12356.9457
current_data: 1.0549, 5066786, 5.0513, 3826.2719
current_data: 0.3838, 19566950, 77.0331, 16493.8444
current_data: 2.5488, 84436, 0.0011, 0.0000
current_data: 2.7609, 297725, 25.4937, 50464.6638
current_data: 2.3288, 2323318, 10.0924, 13711.9535
current_data: 1.0530, 5057829, 5.0671, 3841.2720
current_data: 0.3840, 19568470, 77.0107, 16545.7197
current_data: 2.5493, 81004, 0.0009, 0.0000
current_data: 2.5417, 274001, 25.4176, 50746.5404
current_data: 2.3150, 2400237, 10.2854, 13666.3282
current_data: 1.0247, 4921153, 5.0671, 3821.8969
current_data: 0.3825, 19474177, 77.0220, 16439.4691
current_data: 2.5482, 82886, 0.0010, 0.0000
current_data: 2.2215, 226331, 26.4878, 60215.3446
current_data: 2.3520, 2299359, 9.1249, 12322.5705
current_data: 1.0245, 4929252, 5.0480, 3675.6460
current_data: 0.3827, 19574575, 77.0230, 16448.8441
current_data: 2.5499, 82231, 0.0010, 0.0000
current_data: 2.2182, 228062, 26.4867, 60402.8456
current_data: 2.2565, 2412415, 10.3770, 13499.4522
current_data: 1.0386, 5022903, 5.1187, 3855.6471
current_data: 0.3835, 19590151, 77.0126, 16525.7196
current_data: 2.5498, 84474, 0.0011, 0.0000
current_data: 2.3131, 248246, 29.1423, 57085.3266
current_data: 2.3810, 2407161, 9.0636, 12409.4460
current_data: 1.0490, 5040977, 5.1635, 3897.5223
current_data: 0.3841, 19589813, 77.0401, 16458.8442
current_data: 2.5488, 88878, 0.0014, 0.6250
current_data: 2.4638, 249006, 31.9685, 54047.1843
current_data: 2.3969, 2362451, 9.1325, 12545.6968
current_data: 1.0523, 5094347, 5.1297, 3875.6472
current_data: 0.3842, 19618755, 77.0552, 16560.0948
current_data: 2.5496, 81603, 0.0009, 0.0000
current_data: 2.4638, 231687, 31.9687, 54135.3098
current_data: 2.3111, 2404849, 10.3184, 13696.9534
current_data: 1.0551, 5074895, 5.0887, 3840.6470
current_data: 0.3843, 19635280, 77.0365, 16580.7199
current_data: 2.5499, 81058, 0.0008, 0.0000
current_data: 2.4660, 232977, 31.9685, 54169.6850
current_data: 2.4081, 2551595, 9.0092, 12491.9465
current_data: 1.0538, 5091877, 5.0754, 3790.6467
current_data: 0.3844, 19617013, 77.0319, 16503.8444
current_data: 2.5501, 79432, 0.0008, 0.0000
current_data: 2.4658, 229217, 31.9688, 54154.6849
current_data: 2.4039, 2507328, 9.0840, 12548.1968
current_data: 1.0559, 5068845, 5.0496, 3872.5222
current_data: 0.3843, 19584841, 77.0396, 16467.5942
current_data: 2.5498, 79758, 0.0008, 0.0000
current_data: 2.4649, 229122, 31.9707, 54095.3095
current_data: 2.3079, 2483334, 10.2678, 13653.8281
current_data: 1.0566, 5076218, 5.0973, 3850.0220
current_data: 0.3843, 19589250, 77.0449, 16435.0940
current_data: 2.5498, 80950, 0.0008, 0.0000
current_data: 2.4685, 230359, 31.9703, 54177.8100
current_data: 2.4077, 2404685, 8.9961, 12445.0712
current_data: 1.0544, 5088367, 5.0894, 3958.7727
current_data: 0.3844, 19646537, 77.0210, 16450.0941
current_data: 2.5502, 80359, 0.0008, 0.0000
current_data: 2.4689, 228258, 31.9695, 54230.3103
current_data: 2.4037, 2506443, 9.0299, 12491.3215
current_data: 1.0538, 5066234, 5.1776, 3953.7726
current_data: 0.3845, 19589124, 77.0141, 16448.8441
current_data: 2.5492, 80065, 0.0009, 0.0000
current_data: 2.2927, 216687, 32.5925, 51575.2951
current_data: 2.3203, 2421397, 10.2607, 13711.3285
current_data: 1.0590, 5054006, 5.0371, 3820.6469
current_data: 0.3846, 19602740, 77.0028, 16571.3448
current_data: 2.5502, 79334, 0.0008, 0.6250
current_data: 2.5490, 250063, 24.9742, 45438.3850
current_data: 2.4115, 2493237, 8.9892, 12486.9465
current_data: 1.0590, 5079325, 5.1148, 3921.2724
current_data: 0.3845, 19591806, 77.0247, 16526.3446
current_data: 2.5501, 79225, 0.0008, 0.0000
current_data: 2.5412, 243916, 24.9778, 45221.5088
current_data: 2.4118, 2480492, 9.0695, 12546.3218
current_data: 1.0593, 5083615, 5.0197, 3861.8971
current_data: 0.3844, 19575854, 77.0323, 16473.8443
current_data: 2.5494, 80373, 0.0009, 0.6250
current_data: 2.5573, 248971, 24.9751, 45608.3860
current_data: 2.3182, 2403768, 10.2951, 13723.8285
current_data: 1.0579, 5084913, 5.1203, 3882.5222
current_data: 0.3890, 18568269, 75.0146, 16698.2205
current_data: 2.5500, 79600, 0.0008, 0.0000
current_data: 2.5579, 240450, 24.9763, 45689.0114
current_data: 2.4132, 2507077, 8.9839, 12482.5714
current_data: 1.0578, 5083287, 5.1319, 3893.7723
current_data: 0.3846, 19610292, 76.9974, 16501.9694
current_data: 2.5497, 82512, 0.0010, 0.0000
current_data: 2.5198, 241964, 24.9776, 44963.3823
current_data: 2.4165, 2522944, 9.0396, 12561.3219
current_data: 1.0545, 5058467, 5.1974, 3978.7728
current_data: 0.3844, 19569754, 77.0070, 16489.4694
current_data: 2.5490, 88462, 0.0014, 0.0000
current_data: 2.4891, 255345, 24.9761, 44302.7535
current_data: 2.3197, 2438691, 10.2726, 13740.7036
current_data: 1.0585, 5074232, 5.0986, 3867.5221
current_data: 0.3844, 19599471, 77.0341, 16515.7195
current_data: 2.5497, 82021, 0.0009, 0.0000
current_data: 2.5592, 250979, 24.9769, 45756.5118
current_data: 2.4144, 2516049, 8.9950, 12527.5717
current_data: 1.0577, 5065819, 5.1024, 3748.1464
current_data: 0.3842, 19585425, 77.0565, 16563.8448
current_data: 2.5489, 91474, 0.0014, 0.0000
current_data: 2.5555, 258571, 24.9725, 45681.5114
current_data: 2.4077, 2484006, 9.0554, 12505.0716
current_data: 1.0558, 5068933, 5.1270, 3905.6473
current_data: 0.3843, 19662029, 77.0536, 16577.5949
current_data: 2.5501, 83556, 0.0009, 0.0000
current_data: 2.2470, 278149, 30.8098, 48024.0248
current_data: 2.3238, 2375234, 10.2146, 13740.0786
current_data: 1.0536, 5111308, 5.1172, 3887.5222
current_data: 0.3843, 19722656, 77.0436, 16595.7200
current_data: 2.5498, 80741, 0.0009, 0.0000
current_data: 2.4649, 251484, 31.9688, 54349.0610
current_data: 2.4053, 2490812, 9.0027, 12483.1964
current_data: 1.0541, 5065256, 5.1326, 3896.2723
current_data: 0.3844, 19623563, 77.0376, 16405.7189
current_data: 2.5499, 80984, 0.0008, 0.0000
current_data: 2.4628, 242451, 31.9671, 54192.1851
current_data: 2.4148, 2460721, 9.0288, 12552.5718
current_data: 1.0542, 5076417, 5.1073, 3825.6469
current_data: 0.3843, 19711626, 77.0304, 16606.3450
current_data: 2.5498, 80677, 0.0008, 0.0000
current_data: 2.4611, 242770, 31.9694, 54311.5608
current_data: 2.3240, 2333408, 10.2482, 13745.7037
current_data: 1.0512, 5082984, 5.2038, 3875.6472
current_data: 0.3843, 19735197, 77.0031, 16496.3444
current_data: 2.5488, 89957, 0.0013, 0.0000
current_data: 2.4622, 253986, 31.9664, 54419.0614
current_data: 2.3337, 2309543, 10.2962, 13326.9513
current_data: 1.0570, 5094993, 4.9569, 3769.3966
current_data: 0.3843, 19690959, 77.0394, 16592.5949
current_data: 2.5494, 79945, 0.0008, 0.0000
current_data: 2.4659, 243806, 31.9681, 54405.3113
current_data: 2.4167, 2483318, 9.0192, 12548.1968
current_data: 1.0562, 5101452, 5.0744, 3855.6471
current_data: 0.3844, 19741062, 77.0298, 16766.3459
current_data: 2.5495, 82057, 0.0009, 0.0000
current_data: 2.4642, 242083, 31.9674, 54447.8116
current_data: 2.3511, 2299645, 9.7470, 13716.9535
current_data: 1.0557, 5112754, 5.0974, 3758.7715
current_data: 0.3844, 19730060, 76.9983, 16581.9699
current_data: 2.5498, 85587, 0.0010, 0.0000
current_data: 2.4636, 245156, 31.9679, 54404.6863
current_data: 2.3231, 2416270, 10.2137, 13828.2041
current_data: 1.0562, 5058756, 5.1721, 3924.3975
current_data: 0.3845, 19638874, 77.0429, 16526.3446
current_data: 2.5500, 80104, 0.0009, 0.0000
current_data: 2.1886, 248416, 33.4399, 49982.7860
current_data: 2.4184, 2390327, 9.0337, 12560.6969
current_data: 1.0638, 5111993, 5.1271, 3917.5224
current_data: 0.3890, 18719921, 75.0451, 16821.3463
current_data: 2.5496, 85838, 0.0011, 0.0000
current_data: 2.1739, 240540, 34.2650, 46066.5136
current_data: 2.4128, 2448636, 9.0514, 12520.0716
current_data: 1.0645, 5094776, 5.0552, 3938.7725
current_data: 0.3852, 19752816, 76.9688, 16573.8448
current_data: 2.5489, 91069, 0.0014, 0.6250
current_data: 2.1740, 246301, 34.2656, 45981.5131
current_data: 2.3406, 2342411, 10.2106, 13815.0791
current_data: 1.0641, 5133963, 5.0513, 3816.2718
current_data: 0.3852, 19788246, 77.0102, 16663.2203
current_data: 2.5489, 90242, 0.0014, 0.0000
current_data: 2.1219, 268718, 34.3009, 45370.8846
current_data: 2.4308, 2426753, 8.9762, 12610.6972
current_data: 1.0312, 5016485, 5.1604, 3834.3969
current_data: 0.3828, 19693224, 77.0348, 16662.5953
current_data: 2.5493, 85814, 0.0011, 0.0000
current_data: 1.7165, 5327534, 31.6795, 56637.1991
current_data: 2.3450, 2408079, 9.0918, 12319.4455
current_data: 1.0532, 5099776, 5.1683, 4065.0233
current_data: 0.3842, 19753588, 77.0323, 16686.3455
current_data: 2.5499, 87771, 0.0011, 1.8750
current_data: 2.7775, 299265, 25.6093, 51445.2944
current_data: 2.2863, 2412108, 10.2995, 13624.4530
current_data: 1.0565, 5072063, 5.0467, 3797.5217
current_data: 0.3842, 19654241, 77.0357, 16705.0956
current_data: 2.5505, 85306, 0.0011, 0.0000
current_data: 2.6458, 310191, 25.1319, 49020.9055
current_data: 2.3817, 2399314, 9.0282, 12454.4463
current_data: 1.0253, 4960008, 5.1464, 3906.2724
current_data: 0.3828, 19626411, 77.0243, 16435.0940
current_data: 2.5490, 84248, 0.0010, 0.0000
current_data: 2.2225, 224202, 26.4913, 60660.3471
current_data: 2.3316, 2320064, 9.1243, 12282.5703
current_data: 1.0263, 4974208, 5.1534, 3771.8966
current_data: 0.3826, 19625862, 77.0583, 16488.2193
current_data: 2.5494, 81122, 0.0009, 0.0000
current_data: 2.2185, 229805, 26.4869, 60887.2234
current_data: 2.2345, 2298995, 10.3368, 13436.3269
current_data: 1.0304, 4985357, 5.1199, 3768.7716
current_data: 0.3832, 19696454, 77.0264, 16597.5950
current_data: 2.5495, 83903, 0.0010, 0.0000
current_data: 2.2810, 241287, 28.3205, 58520.9599
current_data: 2.3506, 2379486, 9.0577, 12324.4455
current_data: 1.0541, 5085877, 5.0439, 3890.0223
current_data: 0.3844, 19703746, 77.0207, 16570.0948
current_data: 2.5507, 80728, 0.0009, 0.0000
current_data: 2.4665, 234334, 31.9697, 54351.5610
current_data: 2.3145, 2239507, 10.1030, 13603.8278
current_data: 1.0590, 5121121, 4.9783, 3872.5222
current_data: 0.3844, 19718453, 77.0220, 16585.7199
current_data: 2.5503, 85407, 0.0011, 0.0000
current_data: 2.4665, 235776, 31.9695, 54388.4362
current_data: 2.3097, 2343191, 10.3125, 13068.8248
current_data: 1.0546, 5122282, 5.1136, 3828.7719
current_data: 0.3843, 19717280, 77.0470, 16666.3454
current_data: 2.5492, 80364, 0.0009, 0.0000
current_data: 2.4671, 230453, 31.9696, 54469.6867
current_data: 2.3843, 2415116, 9.0527, 12458.8213
current_data: 1.0547, 5103618, 5.0560, 3935.6475
current_data: 0.3845, 19710959, 77.0013, 16636.3452
current_data: 2.5508, 81720, 0.0009, 0.0000
current_data: 2.4643, 227789, 31.9686, 54407.8113
current_data: 2.2966, 2368590, 10.2603, 13606.3279
current_data: 1.0533, 5103336, 5.0284, 3791.8967
current_data: 0.3843, 19742555, 77.0368, 16611.3451
current_data: 2.5488, 87144, 0.0012, 0.0000
current_data: 2.4678, 239011, 31.9682, 54555.9372
current_data: 2.3358, 2534756, 9.8003, 12486.3214
current_data: 1.0485, 5045601, 5.2337, 3951.8976
current_data: 0.3882, 18682399, 75.0062, 16728.8457
current_data: 2.5474, 94615, 0.0016, 0.0000
current_data: 2.4657, 252971, 31.9657, 54433.4365
current_data: 2.3796, 2371785, 9.0516, 12418.8211
current_data: 1.0505, 5079173, 5.1095, 3772.5216
current_data: 0.3845, 19768683, 76.9967, 16617.5951
current_data: 2.5493, 84650, 0.0010, 0.0000
current_data: 2.4660, 236354, 31.9670, 54521.5620
current_data: 2.2950, 2409945, 10.2714, 13653.2031
current_data: 1.0538, 5064256, 5.0894, 3856.2721
current_data: 0.3845, 19726294, 76.9957, 16621.3451
current_data: 2.5501, 81274, 0.0008, 0.0000
current_data: 2.3791, 223496, 32.0651, 52683.4265
current_data: 2.3654, 2575940, 9.2658, 12459.4463
current_data: 1.0608, 5121376, 4.9438, 3821.8969
current_data: 0.3844, 19683644, 77.0395, 16578.8449
current_data: 2.5497, 81802, 0.0009, 0.6250
current_data: 2.5603, 250803, 24.9730, 45920.8878
current_data: 2.3930, 2363408, 9.0453, 12495.6965
current_data: 1.0572, 5131704, 5.1526, 3909.3974
current_data: 0.3845, 19714236, 77.0203, 16623.8451
current_data: 2.5504, 80385, 0.0007, 0.0000
current_data: 2.5393, 241976, 24.9777, 45587.1359
current_data: 2.3090, 2344516, 10.2753, 13730.0786
current_data: 1.0619, 5120412, 5.0501, 3903.7723
current_data: 0.3844, 19686055, 77.0493, 16661.9703
current_data: 2.5504, 78840, 0.0008, 0.0000
current_data: 2.5665, 242936, 24.9733, 46090.8887
current_data: 2.3788, 2532678, 9.2295, 12558.1969
current_data: 1.0597, 5129742, 5.0543, 3895.0223
current_data: 0.3848, 19781556, 76.9791, 16510.0945
current_data: 2.5502, 80569, 0.0008, 0.0000
current_data: 2.5649, 236507, 24.9744, 45970.8880
current_data: 2.3975, 2441973, 9.0176, 12497.5715
current_data: 1.0580, 5068799, 5.0366, 3794.3967
current_data: 0.3845, 19685369, 77.0373, 16519.4695
current_data: 2.5488, 81171, 0.0009, 0.0000
current_data: 2.5242, 238427, 24.9751, 45282.1341
current_data: 2.3125, 2320897, 10.2628, 13712.5785
current_data: 1.0592, 4890972, 5.0971, 3717.5213
current_data: 0.3846, 19740158, 77.0204, 16663.2203
current_data: 2.5494, 83382, 0.0009, 1.2500
current_data: 2.4940, 241678, 24.9759, 44824.0065
current_data: 2.3794, 2528802, 9.2470, 12530.0717
current_data: 1.0563, 5078011, 5.1475, 3887.5222
current_data: 0.3845, 19697318, 76.9982, 16513.2195
current_data: 2.5503, 80666, 0.0009, 0.0000
current_data: 2.5635, 240245, 24.9762, 46007.7633
current_data: 2.3933, 2393089, 9.0535, 12494.4465
current_data: 1.0561, 5099671, 5.1504, 3975.6477
current_data: 0.3844, 19726355, 77.0360, 16578.2199
current_data: 2.5496, 80005, 0.0008, 0.0000
current_data: 2.5608, 242159, 24.9719, 45985.8881
current_data: 2.2990, 2384256, 10.3027, 13744.4536
current_data: 1.0565, 5146053, 5.1952, 3945.0226
current_data: 0.3846, 19769866, 77.0147, 16741.9708
current_data: 2.5498, 83369, 0.0009, 0.0000
current_data: 2.2443, 266837, 31.6309, 49054.6557
current_data: 2.3939, 2420681, 9.0222, 12485.0714
current_data: 1.0542, 5098654, 5.1045, 3753.7715
current_data: 0.3844, 19691788, 76.9927, 16535.7196
current_data: 2.5491, 85853, 0.0011, 0.0000
current_data: 2.4643, 258967, 31.9671, 54215.9352
current_data: 2.3869, 2503048, 9.0339, 12428.8211
current_data: 1.0509, 5075599, 5.0895, 3742.5214
current_data: 0.3843, 19759002, 77.0147, 16623.8451
current_data: 2.5498, 89384, 0.0013, 0.0000
current_data: 2.4600, 254162, 31.9669, 54349.0610
current_data: 2.3026, 2314630, 10.3057, 13786.9539
current_data: 1.0542, 5097500, 5.1634, 3938.7725
current_data: 0.3874, 18579310, 75.2812, 16736.3458
current_data: 2.5492, 80551, 0.0009, 0.0000
current_data: 2.4626, 242460, 31.9690, 54271.5605
current_data: 2.3920, 2446065, 9.0247, 12470.0714
current_data: 1.0546, 5068008, 5.0458, 3765.0215
current_data: 0.3841, 19701111, 77.0334, 16526.9696
current_data: 2.5506, 82816, 0.0010, 0.0000
current_data: 2.4639, 240700, 31.9679, 54119.6847
current_data: 2.3917, 2423548, 9.0459, 12506.3216
current_data: 1.0548, 5089203, 5.0756, 3838.1470
current_data: 0.3841, 19696503, 77.0226, 16448.2191
current_data: 2.5488, 86539, 0.0011, 0.0000
current_data: 2.4632, 248982, 31.9688, 54141.5598
current_data: 2.2976, 2328924, 10.3113, 13664.4532
current_data: 1.0539, 5088283, 5.0605, 3870.6471
current_data: 0.3842, 19757890, 77.0221, 16683.8455
current_data: 2.5502, 82910, 0.0010, 0.0000
current_data: 2.4654, 248408, 31.9687, 54444.0615
current_data: 2.3926, 2466551, 9.0276, 12466.3213
current_data: 1.0547, 5101309, 5.0782, 3837.5220
current_data: 0.3840, 19754380, 77.0213, 16651.9703
current_data: 2.5504, 79878, 0.0009, 0.0000
current_data: 2.4664, 241012, 31.9686, 54474.6867
current_data: 2.3900, 2435933, 9.0580, 12499.4465
current_data: 1.0582, 5131056, 5.1427, 4012.5230
current_data: 0.3844, 19703646, 77.0123, 16608.2200
current_data: 2.5495, 80648, 0.0009, 0.0000
current_data: 2.1511, 256816, 33.7416, 48820.9044
current_data: 2.3144, 2367420, 10.2060, 13596.9528
current_data: 1.0667, 5172598, 5.1877, 3921.2724
current_data: 0.3850, 19818296, 77.0142, 16607.5950
current_data: 2.5508, 79954, 0.0008, 0.6250
current_data: 2.1764, 235814, 34.2674, 46217.7645
current_data: 2.4128, 2448876, 8.9603, 12463.1963
current_data: 1.0654, 5148313, 5.1359, 3930.0225
current_data: 0.3848, 19773612, 77.0329, 16746.9708
current_data: 2.5497, 84663, 0.0012, 0.0000
current_data: 2.1756, 238933, 34.2689, 46238.3896
current_data: 2.3997, 2481951, 9.0512, 12545.6968
current_data: 1.0664, 5137089, 5.0660, 3869.3971
current_data: 0.3847, 19764973, 77.0399, 16610.7200
current_data: 2.5496, 87462, 0.0012, 1.2500
current_data: 2.1443, 784590, 32.7351, 44521.5048
current_data: 2.3157, 2459371, 10.2413, 13744.4536
current_data: 1.0300, 4961250, 5.0543, 3858.1471
current_data: 0.3826, 19713282, 77.0299, 16567.5948
current_data: 2.5486, 84427, 0.0010, 0.0000
current_data: 1.8197, 5131189, 31.0371, 56920.9507
current_data: 2.3514, 2358059, 9.0663, 12330.6956
current_data: 1.0538, 5099540, 5.0739, 3778.1466
current_data: 0.3840, 19755258, 77.0130, 16630.0952
current_data: 2.5507, 81841, 0.0008, 0.0000
current_data: 2.7704, 292587, 25.5399, 51052.7921
current_data: 2.3897, 2452966, 9.0690, 12464.4463
current_data: 1.0514, 5108358, 5.1099, 3957.5226
current_data: 0.3838, 19697801, 77.0045, 16585.0949
current_data: 2.5490, 92732, 0.0015, 0.0000
current_data: 2.5762, 291567, 25.3179, 50450.2887
current_data: 2.2911, 2337613, 10.2759, 13595.7028
current_data: 1.0207, 4938823, 5.2188, 3788.1467
current_data: 0.3822, 19645848, 77.0240, 16602.5950
current_data: 2.5487, 94974, 0.0015, 0.0000
current_data: 2.2188, 253409, 26.4840, 60773.4727
current_data: 2.3421, 2436387, 9.0885, 12293.1953
current_data: 1.0227, 4976834, 5.1374, 3753.1465
current_data: 0.3823, 19701611, 77.0084, 16698.2205
current_data: 2.5492, 90868, 0.0013, 0.0000
current_data: 2.2164, 243571, 26.4846, 60705.9724
current_data: 2.2864, 2201542, 9.8863, 13508.2023
current_data: 1.0365, 5008728, 5.1438, 3856.8971
current_data: 0.3817, 18118546, 75.6093, 16833.8463
current_data: 2.5499, 85814, 0.0011, 0.0000
current_data: 2.3100, 251752, 28.9983, 57570.9544
current_data: 2.3401, 2492544, 9.3317, 12405.0710
current_data: 1.0520, 5085238, 5.1379, 3926.2725
current_data: 0.3844, 19737622, 77.0039, 16662.5953
current_data: 2.5495, 84738, 0.0010, 0.0000
current_data: 2.4673, 243790, 31.9693, 54545.3121
current_data: 2.3982, 2458684, 9.0126, 12523.1967
current_data: 1.0573, 5126312, 5.0122, 3868.1471
current_data: 0.3843, 19757286, 77.0259, 16646.9703
current_data: 2.5497, 85105, 0.0010, 0.0000
current_data: 2.4627, 249129, 31.9670, 54442.1865
current_data: 2.3067, 2367273, 10.2362, 13705.0784
current_data: 1.0558, 5106849, 5.1191, 3796.8967
current_data: 0.3844, 19687695, 77.0322, 16622.5951
current_data: 2.5504, 79884, 0.0008, 0.0000
current_data: 2.4668, 238473, 31.9677, 54350.9360
current_data: 2.3972, 2364019, 9.0232, 12493.8215
current_data: 1.0542, 5107422, 5.1063, 3791.2717
current_data: 0.3845, 19613415, 77.0175, 16476.3443
current_data: 2.5501, 81390, 0.0009, 0.0000
current_data: 2.4652, 238783, 31.9680, 54202.1851
current_data: 2.3983, 2505319, 9.0070, 12423.8211
current_data: 1.0543, 5080524, 5.0842, 3850.0220
current_data: 0.3842, 19734515, 77.0609, 16641.9702
current_data: 2.5496, 82491, 0.0009, 0.0000
current_data: 2.4655, 241430, 31.9686, 54379.0612
current_data: 2.3077, 2494266, 10.2778, 13744.4536
current_data: 1.0515, 5059492, 5.0598, 3771.8966
current_data: 0.3844, 19725794, 77.0286, 16651.9703
current_data: 2.5501, 81026, 0.0008, 0.0000
current_data: 2.4669, 238706, 31.9687, 54469.0617
current_data: 2.3988, 2440961, 9.0434, 12501.3215
current_data: 1.0516, 5118588, 5.0980, 3891.2723
current_data: 0.3843, 19695739, 77.0623, 16513.2195
current_data: 2.5510, 79700, 0.0008, 0.0000
current_data: 2.4671, 235692, 31.9692, 54464.0616
current_data: 2.3964, 2536284, 9.0120, 12469.4464
current_data: 1.0560, 5112748, 5.0273, 3741.2714
current_data: 0.3844, 19707702, 77.0261, 16571.3448
current_data: 2.5496, 80855, 0.0008, 0.0000
current_data: 2.2788, 237649, 32.4058, 51897.1720
current_data: 2.3070, 2419499, 10.2729, 13661.9532
current_data: 1.0567, 5109801, 5.1283, 3904.3973
current_data: 0.3839, 19665300, 77.0747, 16548.8447
current_data: 2.5489, 86286, 0.0012, 0.0000
current_data: 2.5474, 260483, 24.9739, 45569.0107
current_data: 2.4073, 2421684, 9.0123, 12516.9466
current_data: 1.0559, 5126789, 5.1556, 3937.5225
current_data: 0.3843, 19714260, 77.0169, 16555.7197
current_data: 2.5490, 87445, 0.0013, 0.0000
current_data: 2.5496, 259860, 24.9752, 45614.6360
current_data: 2.4015, 2453149, 9.0544, 12528.8217
current_data: 1.0586, 5121945, 5.1470, 3904.3973
current_data: 0.3843, 19743814, 77.0117, 16614.4701
current_data: 2.5484, 89101, 0.0013, 0.0000
current_data: 2.5513, 257877, 24.9729, 45736.5117
current_data: 2.3146, 2310286, 10.2898, 13761.9537
current_data: 1.0597, 5112640, 5.1468, 3951.8976
current_data: 0.3845, 19701154, 77.0245, 16640.0952
current_data: 2.5500, 80396, 0.0008, 0.0000
current_data: 2.5606, 241056, 24.9737, 45848.3873
current_data: 2.4105, 2449135, 9.0231, 12510.0716
current_data: 1.0584, 5144952, 5.1530, 3861.2721
current_data: 0.3843, 19691842, 77.0549, 16629.4702
current_data: 2.5490, 84806, 0.0009, 0.0000
current_data: 2.5194, 244046, 24.9757, 45219.0087
current_data: 2.4069, 2440695, 9.0260, 12446.9462
current_data: 1.0579, 5103339, 5.1363, 3938.7725
current_data: 0.3882, 18620271, 75.0297, 16643.2202
current_data: 2.5499, 81813, 0.0010, 0.6250
current_data: 2.4944, 245242, 24.9764, 44795.2563
current_data: 2.3153, 2364422, 10.2259, 13635.7030
current_data: 1.0598, 5148205, 5.0326, 3783.1466
current_data: 0.3844, 19756690, 77.0196, 16620.0951
current_data: 2.5490, 82512, 0.0009, 0.0000
current_data: 2.5556, 240782, 24.9760, 46027.1384
current_data: 2.4092, 2422291, 8.9936, 12513.1966
current_data: 1.0575, 5132991, 5.0892, 3790.6467
current_data: 0.3845, 19750272, 77.0188, 16609.4700
current_data: 2.5501, 79347, 0.0008, 0.0000
current_data: 2.5661, 249889, 24.9713, 46120.2639
current_data: 2.4099, 2473086, 9.0164, 12461.9463
current_data: 1.0574, 5111006, 5.1147, 3880.0222
current_data: 0.3844, 19686385, 77.0464, 16722.5957
current_data: 2.5502, 81557, 0.0008, 0.0000
current_data: 2.2423, 258710, 32.4629, 49552.7835
current_data: 2.3102, 2357739, 10.2662, 13664.4532
current_data: 1.0553, 5116496, 5.0636, 3881.8972
current_data: 0.3844, 19712726, 77.0303, 16585.7199
current_data: 2.5502, 79530, 0.0007, 0.0000
current_data: 2.4659, 244946, 31.9665, 54239.0604
current_data: 2.4019, 2447410, 9.0237, 12528.8217
current_data: 1.0517, 5147631, 5.1833, 3905.6473
current_data: 0.3843, 19750209, 77.0223, 16693.8455
current_data: 2.5495, 79516, 0.0009, 0.0000
current_data: 2.4616, 241951, 31.9637, 54243.4354
current_data: 2.3908, 2431884, 9.0263, 12829.4484
current_data: 1.0535, 5063372, 5.0942, 3766.2716
current_data: 0.3843, 19619769, 77.0345, 16593.8450
current_data: 2.5492, 80284, 0.0008, 0.0000
current_data: 2.4643, 242269, 31.9659, 54103.4346
current_data: 2.3126, 2465126, 10.2132, 13784.4539
current_data: 1.0574, 5145547, 5.1544, 3973.7727
current_data: 0.3843, 19682123, 77.0482, 16543.2197
current_data: 2.5504, 80283, 0.0008, 0.0000
current_data: 2.4655, 238547, 31.9660, 54217.8102
current_data: 2.4007, 2431110, 9.0255, 12529.4467
current_data: 1.0478, 4985752, 5.1765, 3962.5227
current_data: 0.3843, 19697915, 77.0279, 16606.9700
current_data: 2.5498, 83942, 0.0009, 0.0000
current_data: 2.4628, 248282, 31.9655, 54187.8101
current_data: 2.3475, 2262943, 9.6817, 13718.2035
current_data: 1.0503, 5038090, 5.2122, 3996.8979
current_data: 0.3844, 19758417, 76.9788, 16528.8446
current_data: 2.5485, 90552, 0.0015, 0.0000
current_data: 2.4644, 259006, 31.9656, 54323.4358
current_data: 2.3085, 2345252, 10.2938, 13448.8270
current_data: 1.0533, 5117085, 5.0675, 3911.8974
current_data: 0.3843, 19751299, 77.0079, 16601.3450
current_data: 2.5478, 87338, 0.0012, 0.0000
current_data: 2.4661, 250205, 31.9670, 54368.4361
current_data: 2.3967, 2529807, 9.0195, 12452.5713
current_data: 1.0588, 5122704, 5.0730, 3774.3966
current_data: 0.3847, 19753334, 77.0219, 16658.8453
current_data: 2.5494, 81825, 0.0010, 0.0000
current_data: 2.1446, 241433, 34.0215, 48790.2792
current_data: 2.3120, 2449464, 10.2481, 13669.4532
current_data: 1.0662, 5147723, 5.0314, 3924.3975
current_data: 0.3852, 19728857, 77.0187, 16653.8453
current_data: 2.5497, 79349, 0.0008, 0.0000
current_data: 2.1769, 221890, 34.2674, 46014.6383
current_data: 2.3520, 2603736, 9.9365, 12743.1979
current_data: 1.0652, 5153754, 5.0581, 3921.2724
current_data: 0.3851, 19744462, 77.0277, 16700.7206
current_data: 2.5499, 83627, 0.0009, 0.0000
current_data: 2.1763, 231499, 34.2691, 46067.1386
current_data: 2.4190, 2445854, 8.9808, 12549.4468
current_data: 1.0630, 5105600, 5.0259, 3903.1473
current_data: 0.3885, 19014838, 75.5669, 16650.0953
current_data: 2.5481, 84924, 0.0011, 0.0000
current_data: 2.0725, 963652, 32.6576, 45335.8844
current_data: 2.3253, 2331901, 10.1914, 13744.4536
current_data: 1.0286, 5003158, 5.1901, 3896.2723
current_data: 0.3829, 19737222, 76.9980, 16665.7204
current_data: 2.5492, 93776, 0.0015, 0.0000
current_data: 1.7303, 2487888, 33.9653, 57792.8307
current_data: 2.3296, 2545049, 9.3992, 12379.4458
current_data: 1.0527, 5087577, 5.1676, 3984.3978
current_data: 0.3843, 19735018, 76.9956, 16587.5949
current_data: 2.5497, 82302, 0.0009, 0.0000
current_data: 2.7650, 285557, 25.4803, 50870.2911
current_data: 2.4066, 2432513, 9.0107, 12520.6966
current_data: 1.0491, 5045945, 5.0223, 3686.2711
current_data: 0.3838, 19704795, 77.0328, 16640.7202
current_data: 2.5495, 81094, 0.0009, 0.0000
current_data: 2.5142, 267980, 25.4915, 51593.4202
current_data: 2.3037, 2405674, 10.2478, 13674.4532
current_data: 1.0271, 4988200, 5.1067, 3719.3963
current_data: 0.3827, 19624644, 77.0376, 16530.0946
current_data: 2.5498, 80326, 0.0008, 0.0000
current_data: 2.2222, 232239, 26.4854, 60716.5974
current_data: 2.3549, 2438339, 9.0249, 12298.1954
current_data: 1.0242, 4959100, 5.0902, 3756.8965
current_data: 0.3825, 19615089, 77.0615, 16598.8450
current_data: 2.5499, 80639, 0.0007, 0.0000
current_data: 2.2214, 231634, 26.4876, 60690.9723
current_data: 2.3530, 2363326, 9.0993, 12419.4461
current_data: 1.0399, 5006031, 5.0535, 3867.5221
current_data: 0.3834, 19677628, 77.0459, 16591.9699
current_data: 2.5492, 87064, 0.0013, 0.0000
current_data: 2.3336, 247511, 29.6303, 56907.2006
current_data: 2.2936, 2290726, 10.2512, 13609.4529
current_data: 1.0551, 5098725, 5.0722, 3892.5223
current_data: 0.3843, 19693224, 77.0397, 16555.7197
current_data: 2.5503, 80535, 0.0009, 0.0000
current_data: 2.4685, 232042, 31.9710, 54445.9365
current_data: 2.4067, 2519393, 8.9871, 12455.6963
current_data: 1.0505, 5115766, 5.1332, 3860.0221
current_data: 0.3844, 19738192, 77.0035, 16570.0948
current_data: 2.5488, 91059, 0.0015, 0.0000
current_data: 2.4622, 246352, 31.9666, 54227.1853
current_data: 2.3877, 2438108, 9.0239, 13167.5753
current_data: 1.0543, 5100620, 5.0731, 3870.6471
current_data: 0.3842, 19735564, 77.0218, 16538.2196
current_data: 2.5490, 89169, 0.0014, 0.0000
current_data: 2.4633, 245586, 31.9676, 54302.1857
current_data: 2.3109, 2379497, 10.2290, 13740.7036
current_data: 1.0553, 5111061, 5.0696, 3782.5216
current_data: 0.3844, 19706097, 77.0355, 16516.3445
current_data: 2.5499, 79798, 0.0009, 0.0000
current_data: 2.4671, 229307, 31.9680, 54310.9358
current_data: 2.4074, 2460802, 8.9926, 12475.6964
current_data: 1.0532, 5088460, 5.0745, 3789.3967
current_data: 0.3844, 19752382, 77.0123, 16678.8454
current_data: 2.5504, 80524, 0.0009, 0.0000
current_data: 2.4663, 236427, 31.9697, 54402.8113
current_data: 2.3497, 2336828, 9.6264, 13715.7035
current_data: 1.0551, 5113837, 5.1324, 3861.8971
current_data: 0.3845, 19670832, 77.0097, 16543.2197
current_data: 2.5495, 79203, 0.0008, 0.0000
current_data: 2.4683, 233064, 31.9691, 54218.4352
current_data: 2.3220, 2401304, 10.2348, 13240.0758
current_data: 1.0451, 4981142, 5.3215, 4032.5231
current_data: 0.3841, 19734646, 77.0327, 16628.8452
current_data: 2.5492, 90344, 0.0014, 0.0000
current_data: 2.4657, 251256, 31.9636, 54517.8120
current_data: 2.3986, 2290738, 9.0250, 12567.5719
current_data: 1.0526, 5065936, 5.1142, 3872.5222
current_data: 0.3843, 19751274, 77.0272, 16682.5955
current_data: 2.5498, 89185, 0.0013, 0.0000
current_data: 2.2718, 248731, 31.4226, 50244.6625
current_data: 2.3265, 2262974, 10.2637, 13815.0791
current_data: 1.0598, 5126329, 5.1213, 3865.6471
current_data: 0.3837, 19661331, 76.8751, 16671.3454
current_data: 2.5498, 82139, 0.0008, 0.0000
current_data: 2.5505, 254181, 24.9749, 45764.6369
current_data: 2.3369, 2371945, 10.2589, 13236.3257
current_data: 1.0581, 5145581, 5.1184, 3981.8978
current_data: 0.3846, 19749699, 77.0119, 16631.3452
current_data: 2.5500, 81647, 0.0009, 0.0000
current_data: 2.5405, 243272, 24.9772, 45580.8858
current_data: 2.4138, 2454283, 8.9961, 12511.9466
current_data: 1.0572, 5140628, 5.1546, 3935.0225
current_data: 0.3844, 19688836, 77.0337, 16599.4700
current_data: 2.5504, 83507, 0.0009, 0.0000
current_data: 2.5549, 247198, 24.9757, 45849.6374
current_data: 2.3229, 2396380, 10.2061, 13661.9532
current_data: 1.0584, 5114353, 5.1092, 3926.8975
current_data: 0.3844, 19719434, 77.0275, 16550.0947
current_data: 2.5500, 80195, 0.0008, 0.0000
current_data: 2.5562, 242154, 24.9751, 45930.8878
current_data: 2.3623, 2560862, 9.7917, 12713.1977
current_data: 1.0546, 5122146, 5.1733, 3884.3972
current_data: 0.3842, 19723199, 77.0626, 16696.3455
current_data: 2.5491, 86105, 0.0011, 0.0000
current_data: 2.5169, 245549, 24.9778, 45287.1341
current_data: 2.4106, 2406800, 9.0010, 12524.4467
current_data: 1.0580, 5127915, 5.1349, 3915.0224
current_data: 0.3844, 19701301, 77.0241, 16660.0953
current_data: 2.5498, 85316, 0.0011, 0.0000
current_data: 2.4992, 244843, 24.9787, 44694.6307
current_data: 2.3221, 2375594, 10.1809, 13678.8283
current_data: 1.0565, 5092032, 5.0478, 3951.2726
current_data: 0.3843, 19723536, 77.0193, 16533.2196
current_data: 2.5482, 93400, 0.0014, 0.0000
current_data: 2.5581, 256718, 24.9743, 45824.6372
current_data: 2.3949, 2601381, 9.1838, 12566.3219
current_data: 1.0558, 5130576, 5.1143, 4005.6479
current_data: 0.3843, 19746826, 77.0402, 16523.2195
current_data: 2.5496, 85123, 0.0011, 0.0000
current_data: 2.5591, 254388, 24.9706, 46105.8888
current_data: 2.4210, 2457969, 8.9779, 12580.6970
current_data: 1.0580, 5107388, 5.0346, 3768.1466
current_data: 0.3841, 19680389, 77.0670, 16515.7195
current_data: 2.5499, 81476, 0.0009, 0.0000
current_data: 2.3570, 265777, 32.7270, 53847.1831
current_data: 2.3184, 2367219, 10.2429, 13735.7036
current_data: 1.0535, 5105141, 5.1164, 3866.8971
current_data: 0.3843, 19691444, 77.0260, 16443.8441
current_data: 2.5498, 82905, 0.0010, 0.0000
current_data: 2.4634, 248396, 31.9662, 54280.9356
current_data: 2.4045, 2434980, 9.0268, 12541.9468
current_data: 1.0540, 5122708, 5.0764, 3908.1474
current_data: 0.3844, 19733232, 77.0228, 16680.7204
current_data: 2.5493, 81309, 0.0009, 0.0000
current_data: 2.4642, 241123, 31.9668, 54298.4357
current_data: 2.4051, 2495308, 8.9533, 12417.5711
current_data: 1.0560, 5107357, 5.0622, 3873.1472
current_data: 0.3843, 19698008, 77.0203, 16614.4701
current_data: 2.5501, 79784, 0.0008, 0.0000
current_data: 2.4622, 237135, 31.9677, 54117.8097
current_data: 2.3089, 2431927, 10.2357, 13690.7033
current_data: 1.0550, 5095908, 5.0435, 3910.6474
current_data: 0.3843, 19727576, 77.0350, 16641.3452
current_data: 2.5503, 80880, 0.0008, 0.0000
current_data: 2.4645, 236390, 31.9684, 54299.6857
current_data: 2.4109, 2434385, 8.9861, 12563.8219
current_data: 1.0560, 5132802, 5.1219, 3881.2722
current_data: 0.3842, 19698907, 77.0513, 16678.8454
current_data: 2.5502, 81306, 0.0009, 0.0000
current_data: 2.4677, 238999, 31.9705, 54319.6858
current_data: 2.4085, 2439294, 9.0247, 12595.6971
current_data: 1.0534, 5119133, 5.0973, 3866.2721
current_data: 0.3888, 18733206, 75.0686, 16741.3458
current_data: 2.5492, 80023, 0.0008, 0.0000
current_data: 2.4648, 235445, 31.9688, 54457.8116
current_data: 2.3170, 2435894, 10.2199, 13705.0784
current_data: 1.0529, 5102738, 5.1073, 3881.8972
current_data: 0.3845, 19746842, 77.0045, 16636.9702
current_data: 2.5500, 80512, 0.0009, 0.0000
current_data: 2.4664, 235008, 31.9685, 54344.6860
current_data: 2.3798, 2425668, 9.0173, 12405.0710
current_data: 1.0594, 5138591, 5.0554, 3811.2718
current_data: 0.3849, 19765790, 77.0105, 16686.9705
current_data: 2.5508, 83262, 0.0009, 0.6250
current_data: 2.0936, 249403, 34.3756, 47379.0211
current_data: 2.3846, 2443768, 8.9883, 12898.8238
current_data: 1.0649, 5141290, 5.1022, 3945.6476
current_data: 0.3851, 19726841, 77.0371, 16655.0953
current_data: 2.5488, 84167, 0.0011, 0.0000
current_data: 2.1765, 230972, 34.2661, 46181.5143
current_data: 2.3193, 2357705, 10.2733, 13309.4512
current_data: 1.0660, 5129298, 4.9935, 3915.0224
current_data: 0.3850, 19751036, 77.0546, 16653.8453
current_data: 2.5499, 87567, 0.0012, 0.0000
current_data: 2.1770, 235262, 34.2679, 46295.8899
current_data: 2.3944, 2361544, 9.0344, 12506.3216
current_data: 1.0568, 5106506, 5.1480, 3838.7720
current_data: 0.3845, 19709929, 77.0301, 16693.8455
current_data: 2.5487, 89289, 0.0014, 0.0000
current_data: 2.2676, 4216419, 28.4309, 44943.3822
current_data: 2.2950, 2421504, 10.2915, 13688.2033
current_data: 1.0280, 4983953, 5.1672, 3801.2718
current_data: 0.3829, 19658588, 77.0241, 16540.0946
current_data: 2.5494, 86581, 0.0013, 0.0000
current_data: 1.7892, 408936, 34.4550, 58347.8339
current_data: 2.3439, 2364426, 9.0802, 12280.6953
current_data: 1.0534, 5037071, 5.0637, 3899.3973
current_data: 0.3842, 19589706, 77.0262, 16476.3443
current_data: 2.5504, 79495, 0.0008, 0.0000
current_data: 2.7582, 292771, 25.4066, 50352.1631
current_data: 2.3724, 2371852, 9.0251, 12296.9454
current_data: 1.0447, 4988691, 5.0919, 3819.3969
current_data: 0.3838, 19544744, 77.0192, 16468.2192
current_data: 2.5500, 80869, 0.0009, 0.0000
current_data: 2.4591, 260317, 25.6622, 52629.6761
current_data: 2.2980, 2504623, 9.9900, 12600.0721
current_data: 1.0273, 4915198, 5.0050, 3565.0204
current_data: 0.3827, 19498478, 77.0354, 16410.7189
current_data: 2.5499, 78977, 0.0007, 0.0000
current_data: 2.2240, 225468, 26.4854, 60533.4714
current_data: 2.3298, 2391626, 9.0683, 12135.0694
current_data: 1.0244, 4950978, 5.1523, 3760.0215
current_data: 0.3827, 19518606, 77.0287, 16355.0936
current_data: 2.5488, 80697, 0.0009, 0.0000
current_data: 2.2195, 225199, 26.4888, 60553.4715
current_data: 2.2360, 2283633, 10.4161, 13453.8270
current_data: 1.0401, 5006462, 5.0716, 3838.1470
current_data: 0.3838, 19551556, 77.0113, 16578.8449
current_data: 2.5493, 82833, 0.0009, 0.0000
current_data: 2.3535, 238798, 29.9762, 56202.1966
current_data: 2.3653, 2400284, 9.0546, 12276.3202
current_data: 1.0538, 5040029, 5.0285, 3727.5213
current_data: 0.3843, 19588144, 76.9951, 16488.2193
current_data: 2.5474, 88509, 0.0013, 0.0000
current_data: 2.4632, 245157, 31.9692, 53952.1837
current_data: 2.2887, 2419046, 10.2847, 13582.5777
current_data: 1.0564, 5058617, 5.0161, 3726.2713
current_data: 0.3843, 19636166, 77.0314, 16506.9695
current_data: 2.5504, 80875, 0.0008, 0.0000
current_data: 2.4667, 233073, 31.9666, 54143.4348
current_data: 2.3854, 2413540, 8.9777, 12321.9455
current_data: 1.0499, 5000347, 5.1599, 3764.3965
current_data: 0.3884, 18666031, 75.0577, 16735.7208
current_data: 2.5496, 81219, 0.0009, 0.0000
current_data: 2.4609, 226829, 31.9676, 54082.8095
current_data: 2.3676, 2348488, 9.0205, 12623.1972
current_data: 1.0454, 4941427, 5.1742, 3889.3973
current_data: 0.3841, 19772979, 76.9999, 16693.8455
current_data: 2.5483, 84692, 0.0010, 0.0000
current_data: 2.4632, 237070, 31.9652, 54361.5611
current_data: 2.3092, 2387070, 10.1662, 12911.9489
current_data: 1.0530, 5112828, 5.1921, 3816.2718
current_data: 0.3844, 19753107, 77.0169, 16634.4702
current_data: 2.5488, 80716, 0.0007, 0.0000
current_data: 2.4683, 235446, 31.9711, 54441.5615
current_data: 2.3820, 2454302, 9.0257, 12417.5711
current_data: 1.0512, 5065627, 5.1642, 3883.1472
current_data: 0.3842, 19679662, 77.0345, 16615.7201
current_data: 2.5495, 87840, 0.0012, 0.0000
current_data: 2.4640, 239823, 31.9690, 54256.5605
current_data: 2.2941, 2374442, 10.2590, 13575.0777
current_data: 1.0539, 5081653, 5.0990, 3872.5222
current_data: 0.3842, 19707650, 77.0394, 16661.3453
current_data: 2.5491, 92422, 0.0014, 0.6250
current_data: 2.4666, 247077, 31.9692, 54482.8118
current_data: 2.3870, 2433767, 9.0092, 12398.8209
current_data: 1.0529, 5085767, 5.0995, 3933.7725
current_data: 0.3843, 19736802, 77.0344, 16678.8454
current_data: 2.5494, 85257, 0.0011, 0.0000
current_data: 2.2825, 246101, 31.2359, 50273.4127
current_data: 2.3872, 2488210, 8.9792, 12321.3205
current_data: 1.0619, 5110949, 5.0069, 3921.8974
current_data: 0.3846, 19698685, 77.0144, 16539.4696
current_data: 2.5507, 81771, 0.0009, 0.6250
current_data: 2.5468, 245566, 24.9792, 45713.3866
current_data: 2.3059, 2350587, 10.1790, 13645.0781
current_data: 1.0572, 5098383, 5.0066, 3800.0217
current_data: 0.3842, 19670354, 77.0704, 16470.7192
current_data: 2.5499, 83573, 0.0010, 0.0000
current_data: 2.5411, 244593, 24.9777, 45548.3856
current_data: 2.4008, 2363883, 9.0337, 12476.9464
current_data: 1.0570, 5095688, 5.0911, 3778.7716
current_data: 0.3844, 19722887, 77.0374, 16596.9700
current_data: 2.5507, 81901, 0.0009, 0.0000
current_data: 2.5585, 241452, 24.9765, 45960.8880
current_data: 2.3038, 2377949, 10.2888, 13725.0785
current_data: 1.0601, 5117181, 5.0607, 3818.7719
current_data: 0.3846, 19704619, 77.0061, 16506.9695
current_data: 2.5492, 81534, 0.0009, 0.0000
current_data: 2.5598, 239279, 24.9751, 45964.6380
current_data: 2.3998, 2416195, 8.9811, 12422.5711
[32m[info] [src/pairwise_allocator.cpp:allocating:1174] Will begin allocating cache, allocation_ready_queue size 1, allocation_complete_queue size 4
[mcurrent_data: 1.0506, 946074, 5.4942, 950.6304
current_data: 0.4576, 5964596, 63.1593, 3273.1437
current_data: 2.5476, 18751, 0.0014, 0.0000
current_data: 1.1201, 24076, 25.0161, 3755.6465
current_data: 1.5270, 268263, 11.4739, 1971.2613
[32m[info] [src/pairwise_allocator.cpp:binary_serch_cache_roofline:462] descriptor COLS 3, find_cache_roofline_times: 1, roofline ipc: 2.5476, current ipc 2.5476, gap: 0.0000, lway: 1, rway: 14
[mcurrent_data: 1.0359, 804034, 6.2468, 1016.2558
current_data: 0.4697, 5771303, 62.1145, 3077.5176
current_data: 2.5481, 15815, 0.0006, 0.0000
current_data: 1.1210, 20239, 25.0170, 3801.2718
current_data: 2.1086, 350356, 6.8208, 1560.0089
[32m[info] [src/pairwise_allocator.cpp:binary_serch_cache_roofline:462] descriptor COLS 3, find_cache_roofline_times: 2, roofline ipc: 2.5481, current ipc 2.5481, gap: 0.0000, lway: 1, rway: 7
[mcurrent_data: 1.0344, 777718, 5.9143, 947.5054
current_data: 0.4793, 6028390, 60.9877, 3071.2676
current_data: 2.5528, 16592, 0.0009, 0.0000
current_data: 1.1206, 21175, 25.0212, 3793.7717
current_data: 1.6504, 268655, 9.9421, 1889.3858
[32m[info] [src/pairwise_allocator.cpp:binary_serch_cache_roofline:462] descriptor COLS 3, find_cache_roofline_times: 3, roofline ipc: 2.5528, current ipc 2.5528, gap: 0.0000, lway: 1, rway: 4
[mcurrent_data: 1.0339, 796410, 6.0241, 939.3804
current_data: 0.4726, 5902842, 61.8131, 3100.6427
current_data: 2.5473, 16554, 0.0008, 0.0000
current_data: 1.1227, 19513, 25.0147, 3825.0219
current_data: 2.0833, 348054, 7.0518, 1505.6336
[32m[info] [src/pairwise_allocator.cpp:binary_serch_cache_roofline:462] descriptor COLS 3, find_cache_roofline_times: 4, roofline ipc: 2.5528, current ipc 2.5473, gap: 0.0021, lway: 1, rway: 2
[mcurrent_data: 1.0321, 774730, 6.0945, 979.3806
current_data: 0.4777, 5975840, 61.1741, 3081.2676
current_data: 2.5501, 15659, 0.0010, 0.0000
current_data: 1.1216, 18802, 25.0285, 3790.6467
current_data: 1.7700, 308749, 8.4997, 1818.1354
[32m[info] [src/pairwise_allocator.cpp:binary_serch_cache_roofline:462] descriptor COLS 3, find_cache_roofline_times: 5, roofline ipc: 2.5528, current ipc 2.5501, gap: 0.0010, lway: 1, rway: 1
[mcurrent_data: 1.0324, 778522, 6.3158, 971.8806
current_data: 0.4703, 5775590, 62.0685, 3042.5174
current_data: 2.5486, 15655, 0.0010, 0.0000
current_data: 1.1215, 18696, 25.0189, 3830.0219
current_data: 2.1178, 337384, 6.7111, 1573.7590
[32m[info] [src/pairwise_allocator.cpp:found_cache_roofline:405] Found_cache_roofline, obj_id 134584, roofline cache way: 1, roofline remain cache: 14, roofline cache bitmask: 0x7ffe
[m[32m[info] [src/pairwise_allocator.cpp:binary_serch_cache_roofline:462] descriptor COLS 3, find_cache_roofline_times: 6, roofline ipc: 2.5528, current ipc 2.5486, gap: 0.0016, lway: 1, rway: 1
[m[32m[info] [src/pairwise_allocator.cpp:allocating_cache:846] binary_serch_cache_roofline first pair success
[m[32m[info] [src/pairwise_allocator.cpp:pair_allocating_cache:770] pair_allocating_cache begin, allocating time: 0, descriptor roofline cache way: 1, system remain cache way: 5, complete queue size: 4
[m[32m[info] [src/pairwise_allocator.cpp:allocating_cache:852] Complete pair_allocating_cache, allocate cache ways: 1
[m[34m[critical] [src/pairwise_allocator.cpp:print_allocating_cache_results:815] print_allocating_cache_results: system remain cache: 4
[m[34m[critical] [src/pairwise_allocator.cpp:print_allocating_cache_results:818] obj: 137579, cache_way: 1, roofline cache way: 1
[m[34m[critical] [src/pairwise_allocator.cpp:print_allocating_cache_results:818] obj: 134569, cache_way: 4, roofline cache way: 4
[m[34m[critical] [src/pairwise_allocator.cpp:print_allocating_cache_results:818] obj: 137589, cache_way: 4, roofline cache way: 4
[m[34m[critical] [src/pairwise_allocator.cpp:print_allocating_cache_results:818] obj: 134574, cache_way: 1, roofline cache way: 1
[m[34m[critical] [src/pairwise_allocator.cpp:print_allocating_cache_results:823] obj: 134584, cache_way: 1, roofline cache way: 1
[mSKT0: MBA COS6 => 100% requested, 100% applied
current_data: 1.0515, 951209, 5.7033, 1020.6308
current_data: 0.4651, 6153515, 62.2823, 3409.3945
current_data: 2.5484, 17977, 0.0020, 0.0000
current_data: 0.9273, 22458, 32.0225, 3941.2726
current_data: 2.1042, 401771, 6.7801, 1557.5089
SKT0: MBA COS6 => 60% requested, 60% applied
[32m[info] [src/pairwise_allocator.cpp:binary_serch_mb_roofline:937] descriptor1 COLS 3, find_mb_roofline_time: 1, roofline mb: 0.0000, current mb 0.0000, gap: -nan, lmb_throttle: 20, rmb_throttle: 100
[mcurrent_data: 1.0302, 806720, 5.9620, 912.5052
current_data: 0.4798, 5910437, 60.6089, 3117.5178
current_data: 2.5493, 16955, 0.0016, 0.0000
current_data: 0.9290, 22423, 32.0044, 3779.3966
current_data: 1.0969, 191601, 20.0365, 2310.6382
SKT0: MBA COS6 => 40% requested, 40% applied
[32m[info] [src/pairwise_allocator.cpp:binary_serch_mb_roofline:937] descriptor1 COLS 3, find_mb_roofline_time: 2, roofline mb: 0.0000, current mb 0.0000, gap: -nan, lmb_throttle: 20, rmb_throttle: 60
[mcurrent_data: 1.0296, 757534, 5.9283, 907.5052
current_data: 0.4778, 5697796, 61.0031, 3026.2673
current_data: 2.5497, 14939, 0.0010, 0.0000
current_data: 0.9285, 20953, 32.0085, 3753.7715
current_data: 2.0924, 364553, 6.8776, 1600.6342
SKT0: MBA COS6 => 30% requested, 30% applied
[32m[info] [src/pairwise_allocator.cpp:binary_serch_mb_roofline:937] descriptor1 COLS 3, find_mb_roofline_time: 3, roofline mb: 0.0000, current mb 0.0000, gap: -nan, lmb_throttle: 20, rmb_throttle: 40
[mcurrent_data: 1.0265, 796716, 6.0765, 963.7555
current_data: 0.4848, 6248234, 60.1381, 3221.2684
current_data: 2.5490, 15896, 0.0013, 0.0000
current_data: 0.9272, 20907, 32.0053, 3936.2725
current_data: 1.1173, 221272, 19.4571, 2421.2639
SKT0: MBA COS6 => 20% requested, 20% applied
[32m[info] [src/pairwise_allocator.cpp:binary_serch_mb_roofline:937] descriptor1 COLS 3, find_mb_roofline_time: 4, roofline mb: 0.0000, current mb 0.0000, gap: -nan, lmb_throttle: 20, rmb_throttle: 30
[mcurrent_data: 1.0326, 777474, 5.9659, 913.7552
current_data: 0.4845, 6073851, 60.2786, 3145.6430
current_data: 2.5495, 16341, 0.0012, 0.0000
current_data: 0.9295, 20464, 32.0051, 3868.1471
current_data: 2.0772, 357649, 7.0917, 1561.2589
SKT0: MBA COS6 => 20% requested, 20% applied
[32m[info] [src/pairwise_allocator.cpp:binary_serch_mb_roofline:937] descriptor1 COLS 3, find_mb_roofline_time: 5, roofline mb: 0.0000, current mb 0.0000, gap: -nan, lmb_throttle: 20, rmb_throttle: 20
[mcurrent_data: 1.0287, 756853, 6.1302, 929.3803
current_data: 0.4845, 5862431, 60.1231, 3028.1423
current_data: 2.5484, 15785, 0.0014, 0.0000
current_data: 0.9281, 22759, 32.0029, 3726.8963
current_data: 1.1114, 188747, 19.5773, 2362.5135
[32m[info] [src/pairwise_allocator.cpp:found_mb_roofline:887] Fast found mb roofline, obj_id 134584, roofline mb: 0.00 MB/s, roofline mb throttle: 20
[m[32m[info] [src/pairwise_allocator.cpp:binary_serch_mb_roofline:937] descriptor1 COLS 3, find_mb_roofline_time: 6, roofline mb: 0.0000, current mb 0.0000, gap: -nan, lmb_throttle: 20, rmb_throttle: 20
[m[32m[info] [src/pairwise_allocator.cpp:allocating_mb:1147] binary_serch_mb_roofline first pair success
[m[32m[info] [src/pairwise_allocator.cpp:pair_allocating_mb:1088] pair_allocating_mb begin, allocating times: 0, descriptor roofline mb throttle: 20, system remain mb: 93879.92 MB/s
[mSKT0: MBA COS3 => 20% requested, 20% applied
current_data: 1.0298, 1005530, 5.4514, 899.3801
current_data: 0.4436, 5835045, 66.4679, 3555.0203
current_data: 2.5469, 19382, 0.0019, 4.3750
current_data: 2.4666, 49314, 31.9703, 10438.1847
current_data: 2.5767, 480701, 6.5244, 1913.7610
[32m[info] [src/pairwise_allocator.cpp:pair_allocating_mb:1088] pair_allocating_mb begin, allocating times: 1, descriptor roofline mb throttle: 20, system remain mb: 93879.92 MB/s
[m[32m[info] [src/pairwise_allocator.cpp:allocating_fit_mb:958] Will allocating_fit_mb mb throttle: 20
[mSKT0: MBA COS3 => 20% requested, 20% applied
current_data: 1.0495, 834507, 5.1201, 662.5038
current_data: 0.4421, 4500160, 66.6716, 2740.6407
current_data: 2.5486, 14617, 0.0014, 3.1250
current_data: 2.4489, 40807, 31.9708, 9078.1769
current_data: 2.0287, 366171, 14.5678, 2860.6414
[32m[info] [src/pairwise_allocator.cpp:allocating_mb:1121] Allocate mb: 3.13 MB/s, mb_throttle: 20
[mcurrent_data: 1.0500, 844015, 5.0303, 630.6286
current_data: 0.4406, 4396890, 66.9381, 2691.2654
current_data: 2.5496, 14083, 0.0012, 0.0000
current_data: 2.4701, 41696, 31.9669, 9013.8016
current_data: 2.5694, 383066, 6.6820, 1644.3844
current_data: 1.0538, 4956046, 5.0414, 3803.1468
current_data: 0.4380, 25761234, 67.3475, 16008.2166
current_data: 2.5495, 81038, 0.0010, 6.2500
current_data: 2.4621, 243035, 31.9690, 53087.8038
current_data: 2.2893, 2270909, 10.3838, 13290.7011
current_data: 1.0582, 4984410, 5.0140, 3694.3961
current_data: 0.4311, 23363264, 67.3754, 16115.7172
current_data: 2.5504, 80326, 0.0009, 2.5000
current_data: 2.4640, 230643, 31.9705, 53100.9288
current_data: 2.3871, 2297891, 9.0697, 12143.1945
current_data: 1.0563, 4911086, 5.1410, 3720.6463
current_data: 0.3845, 19050204, 76.9946, 16032.5917
current_data: 2.5490, 80182, 0.0010, 5.0000
current_data: 2.4624, 232453, 31.9694, 52509.0505
current_data: 2.2950, 2279521, 10.3755, 13271.9509
current_data: 1.0643, 4954819, 5.0570, 3789.3967
current_data: 0.3848, 19018736, 77.0253, 15943.8412
current_data: 2.5507, 78914, 0.0008, 0.6250
current_data: 2.0893, 223170, 34.5119, 45772.1369
current_data: 2.3921, 2347185, 9.0176, 12101.3192
current_data: 1.0654, 5001900, 5.1172, 3743.1464
current_data: 0.3850, 19003847, 77.0453, 15977.5914
current_data: 2.5502, 79717, 0.0009, 3.1250
current_data: 2.1755, 212349, 34.2705, 44522.7548
current_data: 2.3684, 2385802, 9.5306, 12036.3189
current_data: 1.0639, 4965809, 5.1220, 3785.6467
current_data: 0.3851, 19014434, 76.9989, 16001.3416
current_data: 2.5487, 86881, 0.0014, 12.5001
current_data: 2.1745, 241620, 34.2662, 44483.3795
current_data: 2.3996, 2302558, 9.0663, 12095.6942
current_data: 1.0631, 4974580, 5.1663, 3856.2721
current_data: 0.3848, 19017285, 77.0535, 16088.8421
current_data: 2.5484, 86366, 0.0013, 14.3751
current_data: 2.1092, 804056, 32.8878, 42890.8704
current_data: 2.4008, 2383036, 9.1223, 12111.3193
current_data: 1.0272, 4861439, 5.1502, 3647.5209
current_data: 0.3827, 19101273, 77.0449, 16080.0920
current_data: 2.5488, 81315, 0.0009, 0.0000
current_data: 1.7901, 5236038, 31.1746, 55297.8164
current_data: 2.3462, 2348236, 9.0641, 11905.6931
current_data: 1.0541, 4923096, 5.1484, 3756.8965
current_data: 0.3843, 19096841, 77.0123, 16048.2168
current_data: 2.5499, 80357, 0.0009, 0.0000
current_data: 2.7770, 284419, 25.6014, 49769.0348
current_data: 2.3963, 2303828, 9.0360, 12105.6943
current_data: 1.0567, 5014116, 5.0733, 3900.6473
current_data: 0.3841, 19198681, 77.0544, 16081.9670
current_data: 2.5490, 80653, 0.0008, 1.8750
current_data: 2.6571, 289855, 25.1032, 47584.0223
current_data: 2.3050, 2244671, 10.2533, 13363.2015
current_data: 1.0273, 4905658, 5.0634, 3687.5211
current_data: 0.3827, 19230239, 77.0330, 16173.8425
current_data: 2.5506, 80347, 0.0008, 0.0000
current_data: 2.2231, 222683, 26.4881, 59666.5914
current_data: 2.3387, 2365691, 9.0369, 12057.5690
current_data: 1.0259, 4865143, 5.1029, 3556.8954
current_data: 0.3826, 19144333, 77.0410, 16065.7169
current_data: 2.5498, 78657, 0.0008, 0.0000
current_data: 2.2190, 221646, 26.4877, 59430.3401
current_data: 2.2435, 2307379, 10.4243, 13251.9508
current_data: 1.0331, 4893630, 5.0725, 3645.6459
current_data: 0.3831, 19227494, 76.9984, 16171.9675
current_data: 2.5499, 79570, 0.0008, 0.0000
current_data: 2.2422, 228408, 27.3908, 58352.2089
current_data: 2.3484, 2312836, 9.0291, 12025.6938
current_data: 1.0518, 5008123, 5.1628, 3831.8969
current_data: 0.3844, 19382597, 77.0375, 16383.8437
current_data: 2.5497, 78027, 0.0009, 1.8750
current_data: 2.4646, 225053, 31.9720, 53485.3060
current_data: 2.2954, 2319220, 10.3048, 13451.9520
current_data: 1.0530, 5010691, 5.1025, 3882.5222
current_data: 0.3845, 19415453, 77.0085, 16371.3437
current_data: 2.5493, 83821, 0.0010, 6.2500
current_data: 2.4664, 233260, 31.9675, 53618.4318
current_data: 2.3917, 2395303, 9.0194, 12268.1952
current_data: 1.0513, 5010783, 5.1139, 3885.0222
current_data: 0.3843, 19479509, 77.0101, 16406.9689
current_data: 2.5489, 89253, 0.0014, 7.5000
current_data: 2.4625, 237446, 31.9682, 53717.1824
current_data: 2.3028, 2303065, 10.2342, 13459.4520
current_data: 1.0550, 5067418, 5.1781, 3764.3965
current_data: 0.3883, 18452620, 75.0386, 16552.5947
current_data: 2.5507, 80488, 0.0009, 1.2500
current_data: 2.4656, 226259, 31.9681, 53874.6833
current_data: 2.3960, 2383439, 8.9861, 12297.5704
current_data: 1.0520, 5059572, 5.0636, 3912.5224
current_data: 0.3845, 19526685, 77.0014, 16436.3440
current_data: 2.5498, 80548, 0.0008, 0.6250
current_data: 2.4648, 227250, 31.9692, 53674.6821
current_data: 2.3812, 2315750, 9.0127, 12485.0714
current_data: 1.0537, 5074256, 5.1186, 3759.3965
current_data: 0.3845, 19514958, 76.9828, 16416.3439
current_data: 2.5493, 88118, 0.0012, 12.5001
current_data: 2.4685, 241994, 31.9678, 53850.9331
current_data: 2.3962, 2344910, 8.9854, 12293.1953
current_data: 1.0507, 5081663, 5.1788, 3876.8972
current_data: 0.3843, 19607813, 77.0030, 16552.5947
current_data: 2.5485, 92020, 0.0014, 18.1251
current_data: 2.4681, 243571, 31.9670, 54200.9351
current_data: 2.3936, 2395956, 9.0794, 12461.3213
current_data: 1.0485, 5072781, 5.2445, 3968.1477
current_data: 0.3842, 19584154, 77.0438, 16531.3446
current_data: 2.5486, 90096, 0.0014, 12.5001
current_data: 2.4658, 237846, 31.9683, 54097.8096
current_data: 2.3135, 2353176, 10.2407, 13596.3278
current_data: 1.0588, 5090985, 5.0767, 3888.7723
current_data: 0.3844, 19607554, 77.0195, 16578.2199
current_data: 2.5502, 81827, 0.0009, 0.0000
current_data: 2.3268, 245069, 27.5364, 45834.6373
current_data: 2.4019, 2342520, 8.9891, 12330.0706
current_data: 1.0578, 5080166, 5.1122, 3850.0220
current_data: 0.3846, 19613088, 77.0061, 16490.7194
current_data: 2.5502, 81281, 0.0008, 0.0000
current_data: 2.5626, 243850, 24.9780, 45649.6362
current_data: 2.3113, 2375810, 10.2510, 13604.4528
current_data: 1.0574, 5086321, 5.1747, 3943.1476
current_data: 0.3843, 19599568, 77.0382, 16453.8441
current_data: 2.5499, 88438, 0.0012, 7.5000
current_data: 2.5541, 256233, 24.9744, 45686.5114
current_data: 2.4044, 2412207, 9.0048, 12459.4463
current_data: 1.0579, 5118527, 5.0978, 3859.3971
current_data: 0.3847, 19754475, 76.9658, 16548.8447
current_data: 2.5491, 86649, 0.0011, 5.0000
current_data: 2.5592, 245493, 24.9743, 45835.8873
current_data: 2.3975, 2387137, 8.9822, 12396.9459
current_data: 1.0564, 5126248, 5.1498, 3861.8971
current_data: 0.3844, 19745744, 77.0045, 16619.4701
current_data: 2.5487, 91337, 0.0014, 12.5001
current_data: 2.5584, 257377, 24.9736, 46017.1383
current_data: 2.3136, 2332877, 10.1856, 13691.3283
current_data: 1.0583, 5135578, 5.0654, 3875.0222
current_data: 0.3846, 19768140, 77.0157, 16629.4702
current_data: 2.5487, 82498, 0.0009, 3.1250
current_data: 2.4835, 242087, 24.9767, 44724.6309
current_data: 2.4090, 2440474, 8.9898, 12493.8215
current_data: 1.0552, 5112813, 5.1173, 3945.6476
current_data: 0.3843, 19697728, 77.0377, 16642.5952
current_data: 2.5492, 90357, 0.0013, 14.3751
current_data: 2.5422, 251955, 24.9764, 45635.8861
current_data: 2.3149, 2457694, 10.2379, 13689.4533
current_data: 1.0580, 5137975, 5.0930, 3930.0225
current_data: 0.3846, 19741597, 76.9926, 16633.2202
current_data: 2.5479, 85382, 0.0011, 6.8750
current_data: 2.5658, 247421, 24.9743, 46099.6388
current_data: 2.4065, 2429472, 8.9819, 12460.6963
current_data: 1.0602, 5123809, 5.0640, 3833.1469
current_data: 0.3845, 19715226, 77.0117, 16511.3445
current_data: 2.5499, 85075, 0.0010, 2.5000
current_data: 2.2743, 273145, 28.4060, 44301.5035
current_data: 2.4037, 2514252, 8.9602, 12391.3209
current_data: 1.0533, 5083058, 5.2055, 3793.1467
current_data: 0.3883, 18622166, 75.0250, 16658.2203
current_data: 2.5483, 84021, 0.0011, 0.0000
current_data: 2.4617, 256145, 31.9668, 54257.8105
current_data: 2.3093, 2363864, 10.1919, 13601.3278
current_data: 1.0522, 4818012, 5.1787, 3705.6462
current_data: 0.3843, 19688518, 77.0119, 16623.2201
current_data: 2.5491, 92467, 0.0014, 10.0001
current_data: 2.4637, 266106, 31.9653, 54242.8104
current_data: 2.4049, 2356715, 8.9972, 12447.5712
current_data: 1.0527, 5075693, 5.1109, 3904.3973
current_data: 0.3842, 19746543, 77.0135, 16674.4704
current_data: 2.5483, 91080, 0.0015, 18.1251
current_data: 2.4592, 262325, 31.9641, 54354.0610
current_data: 2.3614, 2255517, 9.4140, 13585.0777
current_data: 1.0513, 5082631, 5.1848, 3931.8975
current_data: 0.3844, 19754137, 77.0163, 16721.9707
current_data: 2.5508, 82917, 0.0009, 4.3750
current_data: 2.4626, 251215, 31.9656, 54421.5614
current_data: 2.3599, 2508484, 9.5568, 12455.6963
current_data: 1.0543, 5123120, 5.1070, 3755.0215
current_data: 0.3845, 19724962, 77.0179, 16653.2203
current_data: 2.5500, 80773, 0.0008, 1.8750
current_data: 2.4650, 244583, 31.9686, 54283.4356
current_data: 2.3978, 2442547, 9.0089, 12458.8213
current_data: 1.0528, 5102261, 5.0553, 3863.1471
current_data: 0.3842, 19720373, 77.0439, 16683.2205
current_data: 2.5492, 86260, 0.0011, 5.6250
current_data: 2.4631, 249250, 31.9683, 54335.3109
current_data: 2.3063, 2404564, 10.2331, 13628.2030
current_data: 1.0447, 4951391, 5.1960, 3896.2723
current_data: 0.3840, 19766417, 77.0173, 16731.3457
current_data: 2.5500, 81601, 0.0009, 0.6250
current_data: 2.4623, 260167, 31.9604, 54369.6861
current_data: 2.3971, 2372606, 9.0171, 12499.4465
current_data: 1.0397, 4847469, 5.2540, 4042.5231
current_data: 0.3836, 19757732, 77.0668, 16585.0949
current_data: 2.5497, 84500, 0.0012, 5.0000
current_data: 2.3952, 259023, 31.9003, 53167.8042
current_data: 2.3801, 2378067, 9.0440, 12399.4460
current_data: 1.0494, 4914781, 5.3914, 4168.7739
current_data: 0.3849, 19798926, 77.0140, 16645.7202
current_data: 2.5497, 85713, 0.0012, 3.1250
current_data: 2.1739, 251652, 34.2635, 46382.7654
current_data: 2.3180, 2265598, 10.2654, 13626.3280
current_data: 1.0635, 5118707, 5.1391, 3980.0228
current_data: 0.3852, 19803332, 77.0105, 16613.2201
current_data: 2.5501, 80303, 0.0008, 1.2500
current_data: 2.1756, 231696, 34.2682, 46333.3901
current_data: 2.4180, 2408829, 8.9676, 12501.3215
current_data: 1.0655, 5133614, 5.0558, 3907.5224
current_data: 0.3851, 19777550, 77.0315, 16593.8450
current_data: 2.5504, 82092, 0.0008, 1.8750
current_data: 2.1162, 233391, 34.4379, 45502.7604
current_data: 2.3264, 2320751, 10.1420, 13646.9531
current_data: 1.0453, 5021109, 5.0235, 3747.5214
current_data: 0.3835, 19652755, 77.0530, 16568.8448
current_data: 2.5505, 83671, 0.0009, 0.6250
current_data: 1.6927, 5729211, 33.4324, 51404.6691
current_data: 2.3769, 2326973, 9.0287, 12415.6960
current_data: 1.0443, 5097492, 5.1236, 3872.5222
current_data: 0.3838, 19716693, 77.0257, 16610.0950
current_data: 2.5505, 83781, 0.0009, 6.8750
current_data: 2.7050, 348614, 25.5872, 54034.6842
current_data: 2.3970, 2368213, 9.0185, 12447.5712
current_data: 1.0557, 5099880, 5.0655, 3900.0223
current_data: 0.3842, 19745116, 77.0478, 16627.5951
current_data: 2.5506, 81768, 0.0007, 0.0000
current_data: 2.7119, 284776, 25.1227, 49362.7825
current_data: 2.3161, 2395841, 10.2300, 13702.5784
current_data: 1.0303, 4978638, 5.0608, 3833.7719
current_data: 0.3880, 18657909, 75.0990, 16681.9705
current_data: 2.5485, 89574, 0.0013, 8.7501
current_data: 2.2085, 259904, 26.5410, 58628.4605
current_data: 2.3541, 2387929, 9.0502, 12319.4455
current_data: 1.0240, 4948167, 5.0161, 3688.1461
current_data: 0.3825, 19693932, 77.0091, 16585.7199
current_data: 2.5476, 91860, 0.0015, 12.5001
current_data: 2.2167, 241505, 26.4835, 60892.2234
current_data: 2.2617, 2326207, 10.2837, 13473.2021
current_data: 1.0245, 4984895, 5.1674, 3793.7717
current_data: 0.3828, 19702227, 77.0177, 16558.8448
current_data: 2.5496, 82092, 0.0008, 0.0000
current_data: 2.2092, 239114, 26.6610, 60339.0953
current_data: 2.3596, 2396772, 9.0138, 12318.1955
current_data: 1.0517, 5105939, 5.0575, 3833.7719
current_data: 0.3844, 19717508, 77.0169, 16698.2205
current_data: 2.5501, 81063, 0.0008, 2.5000
current_data: 2.4662, 233195, 31.9689, 54496.5618
current_data: 2.4022, 2404457, 8.9473, 12390.0709
current_data: 1.0534, 5107097, 5.1542, 3889.3973
current_data: 0.3843, 19738562, 77.0584, 16660.7203
current_data: 2.5502, 83129, 0.0008, 0.0000
current_data: 2.4688, 230649, 31.9669, 54450.3116
current_data: 2.3185, 2378106, 10.2125, 13216.9506
current_data: 1.0507, 5107463, 5.1565, 3878.7722
current_data: 0.3843, 19743608, 77.0406, 16705.7206
current_data: 2.5495, 81708, 0.0008, 0.0000
current_data: 2.4675, 226496, 31.9676, 54374.6861
current_data: 2.4033, 2346119, 8.9853, 12459.4463
current_data: 1.0534, 5086930, 5.0450, 3905.6473
current_data: 0.3843, 19706823, 77.0435, 16707.5956
current_data: 2.5495, 80733, 0.0008, 1.2500
current_data: 2.4661, 229948, 31.9668, 54259.6855
current_data: 2.3134, 2344414, 10.2109, 13638.2030
current_data: 1.0560, 5111140, 5.0905, 3776.2716
current_data: 0.3845, 19754147, 77.0220, 16538.8446
current_data: 2.5493, 80501, 0.0007, 1.2500
current_data: 2.4693, 226913, 31.9697, 54476.5617
current_data: 2.4041, 2430325, 8.9653, 12464.4463
current_data: 1.0511, 5108566, 5.1306, 3926.2725
current_data: 0.3843, 19697588, 77.0438, 16605.7200
current_data: 2.5496, 81648, 0.0008, 2.5000
current_data: 2.4691, 232287, 31.9698, 54211.5602
current_data: 2.3953, 2500939, 8.9583, 12397.5709
current_data: 1.0530, 5111687, 5.1139, 3883.7722
current_data: 0.3844, 19713689, 77.0250, 16532.5946
current_data: 2.5500, 81646, 0.0008, 0.0000
current_data: 2.4679, 224094, 31.9709, 54358.4360
current_data: 2.3121, 2366994, 10.1821, 13666.9532
current_data: 1.0522, 5091553, 5.1585, 3891.2723
current_data: 0.3845, 19736826, 77.0166, 16555.0947
current_data: 2.5494, 81946, 0.0008, 1.8750
current_data: 2.4688, 231636, 31.9691, 54397.1863
current_data: 2.4088, 2372120, 8.9662, 12440.0712
current_data: 1.0553, 5108261, 5.1686, 3921.8974
current_data: 0.3845, 19734320, 77.0014, 16640.0952
current_data: 2.5494, 89944, 0.0013, 12.5001
current_data: 2.3146, 260372, 26.8990, 44994.6325
current_data: 2.3220, 2363703, 10.1950, 13635.7030
current_data: 1.0537, 5074613, 5.1383, 3837.5220
current_data: 0.3845, 19741168, 77.0341, 16631.3452
current_data: 2.5500, 83371, 0.0010, 2.5000
current_data: 2.5493, 254298, 24.9776, 45844.6373
current_data: 2.4149, 2407766, 8.9615, 12460.0713
current_data: 1.0552, 5093307, 5.1786, 3875.6472
current_data: 0.3843, 19720656, 77.0186, 16600.7200
current_data: 2.5494, 88085, 0.0012, 16.8751
current_data: 2.5517, 263336, 24.9737, 45841.5123
current_data: 2.4117, 2426067, 8.9842, 12505.0716
current_data: 1.0582, 5128139, 5.1433, 3988.7728
current_data: 0.3844, 19746869, 77.0154, 16658.8453
current_data: 2.5482, 90169, 0.0015, 13.7501
current_data: 2.5553, 258246, 24.9740, 45872.1375
current_data: 2.3242, 2340739, 10.1827, 13665.7032
current_data: 1.0607, 5130463, 5.0296, 3784.3967
current_data: 0.3842, 19754814, 76.9951, 16636.9702
current_data: 2.5504, 79114, 0.0007, 0.0000
current_data: 2.5320, 242511, 24.9774, 45682.7614
current_data: 2.4203, 2464626, 8.9560, 12466.9463
current_data: 1.0594, 5131406, 5.0804, 3855.6471
current_data: 0.3845, 19764432, 77.0063, 16662.5953
current_data: 2.5498, 84831, 0.0010, 5.6250
current_data: 2.5044, 247442, 24.9780, 45087.1330
current_data: 2.3935, 2342029, 9.0731, 13256.9509
current_data: 1.0596, 5107488, 5.1479, 3942.5226
current_data: 0.3845, 19714359, 76.9998, 16573.2198
current_data: 2.5491, 85617, 0.0011, 1.8750
current_data: 2.5392, 250662, 24.9777, 45550.2606
current_data: 2.3558, 2553198, 9.8663, 12662.5725
current_data: 1.0555, 5125663, 5.1661, 4030.0231
current_data: 0.3844, 19711878, 77.0376, 16666.3454
current_data: 2.5506, 83210, 0.0011, 0.0000
current_data: 2.5554, 246252, 24.9742, 45916.5127
current_data: 2.4137, 2479956, 8.9322, 12406.9460
current_data: 1.0564, 5108082, 5.1219, 3790.0217
current_data: 0.3843, 19736982, 77.0529, 16647.5953
current_data: 2.5497, 82138, 0.0008, 2.5000
current_data: 2.2706, 273513, 29.3389, 47096.5195
current_data: 2.3213, 2459389, 10.1507, 13605.7029
current_data: 1.0544, 5072017, 5.0298, 3843.7720
current_data: 0.3842, 19702443, 77.0547, 16650.7203
current_data: 2.5496, 86748, 0.0011, 5.6250
current_data: 2.4648, 261923, 31.9658, 54322.1858
current_data: 2.3907, 2398753, 8.9428, 12353.1957
current_data: 1.0525, 5097115, 5.1049, 3889.3973
current_data: 0.3843, 19710483, 77.0472, 16500.7194
current_data: 2.5495, 83341, 0.0009, 0.0000
current_data: 2.4630, 249117, 31.9649, 54206.5602
current_data: 2.3806, 2421151, 8.9939, 12350.0707
current_data: 1.0556, 5104687, 5.1116, 3886.2722
current_data: 0.3845, 19687301, 77.0240, 16525.0946
current_data: 2.5495, 82695, 0.0008, 1.2500
current_data: 2.4646, 246881, 31.9655, 54127.1847
current_data: 2.3584, 2555192, 9.2524, 12340.0706
current_data: 1.0547, 5075509, 5.0637, 3898.1473
current_data: 0.3843, 19745541, 77.0214, 16514.4695
current_data: 2.5496, 89073, 0.0012, 8.1250
current_data: 2.4636, 255633, 31.9643, 54420.9364
current_data: 2.3819, 2424074, 8.9876, 12333.8206
current_data: 1.0547, 5103591, 5.1141, 3987.5228
current_data: 0.3843, 19722156, 77.0415, 16592.5949
current_data: 2.5493, 82401, 0.0008, 3.1250
current_data: 2.4635, 249977, 31.9656, 54429.0614
current_data: 2.2906, 2465540, 10.2385, 13563.2026
current_data: 1.0543, 5094197, 5.0258, 3779.3966
current_data: 0.3843, 19730902, 77.0267, 16634.4702
current_data: 2.5490, 86866, 0.0011, 7.5000
current_data: 2.4664, 255219, 31.9672, 54682.8129
current_data: 2.3805, 2417253, 9.0015, 12388.8209
current_data: 1.0527, 5087068, 5.0947, 3972.5227
current_data: 0.3845, 19767529, 76.9685, 16640.7202
current_data: 2.5488, 89830, 0.0014, 13.7501
current_data: 2.4623, 258614, 31.9646, 54448.4366
current_data: 2.2860, 2368205, 10.2530, 13565.0776
current_data: 1.0549, 5114738, 5.1833, 4005.6479
current_data: 0.3844, 19755929, 77.0081, 16585.7199
current_data: 2.5498, 89906, 0.0012, 12.5001
current_data: 2.2374, 259477, 33.0881, 51638.4205
current_data: 2.3865, 2410674, 8.9748, 12371.3208
current_data: 1.0628, 5150979, 5.1356, 3963.1477
current_data: 0.3851, 19794649, 77.0381, 16695.0955
current_data: 2.5501, 81099, 0.0008, 0.0000
current_data: 2.1773, 233934, 34.2671, 46314.0150
current_data: 2.3996, 2430214, 8.9568, 12365.6958
current_data: 1.0634, 5121736, 5.1713, 3850.0220
current_data: 0.3892, 18680761, 75.0188, 16719.4707
current_data: 2.5498, 81522, 0.0008, 0.0000
current_data: 2.1764, 227989, 34.2666, 46175.8892
current_data: 2.3178, 2409484, 10.2237, 13308.8262
current_data: 1.0650, 5128485, 5.1211, 3905.0223
current_data: 0.3853, 19757884, 77.0070, 16661.3453
current_data: 2.5501, 80809, 0.0007, 0.0000
current_data: 2.1257, 243857, 34.3728, 45531.5105
current_data: 2.3955, 2461667, 9.0021, 12443.1962
[32m[info] [src/pairwise_allocator.cpp:allocating:1174] Will begin allocating cache, allocation_ready_queue size 1, allocation_complete_queue size 4
[mcurrent_data: 1.0515, 945757, 5.4913, 1001.2557
current_data: 0.4576, 5872966, 63.4154, 3541.2703
current_data: 2.5488, 18203, 0.0014, 4.3750
current_data: 1.1259, 21179, 24.9197, 3863.1471
current_data: 1.4139, 329782, 14.7824, 2226.2627
[32m[info] [src/pairwise_allocator.cpp:binary_serch_cache_roofline:462] descriptor COLS 3, find_cache_roofline_times: 1, roofline ipc: 2.5488, current ipc 2.5488, gap: 0.0000, lway: 1, rway: 14
[mcurrent_data: 1.0370, 791378, 5.9169, 963.1305
current_data: 0.4710, 5570034, 61.9989, 3278.1438
current_data: 2.5479, 15972, 0.0007, 3.7500
current_data: 1.1257, 20780, 24.9274, 3665.0210
current_data: 2.0977, 309211, 6.8707, 1507.5086
[32m[info] [src/pairwise_allocator.cpp:binary_serch_cache_roofline:462] descriptor COLS 3, find_cache_roofline_times: 2, roofline ipc: 2.5488, current ipc 2.5479, gap: 0.0004, lway: 1, rway: 7
[mcurrent_data: 1.0277, 794027, 6.0586, 973.1306
current_data: 0.4676, 5695177, 62.2975, 3338.1441
current_data: 2.5498, 16662, 0.0008, 1.2500
current_data: 1.1250, 19911, 24.9283, 3801.2718
current_data: 1.4364, 288125, 14.5299, 2224.3877
[32m[info] [src/pairwise_allocator.cpp:binary_serch_cache_roofline:462] descriptor COLS 3, find_cache_roofline_times: 3, roofline ipc: 2.5498, current ipc 2.5498, gap: 0.0000, lway: 1, rway: 4
[mcurrent_data: 1.0301, 799410, 5.9983, 1044.3810
current_data: 0.4676, 5838920, 62.3346, 3457.5198
current_data: 2.5495, 17052, 0.0009, 0.6250
current_data: 1.1259, 19154, 24.9255, 3868.7721
current_data: 2.0839, 366682, 6.8035, 1635.0094
[32m[info] [src/pairwise_allocator.cpp:binary_serch_cache_roofline:462] descriptor COLS 3, find_cache_roofline_times: 4, roofline ipc: 2.5498, current ipc 2.5495, gap: 0.0001, lway: 1, rway: 2
[mcurrent_data: 1.0319, 795479, 6.0844, 1016.2558
current_data: 0.4709, 5833088, 61.9038, 3430.6446
current_data: 2.5489, 16681, 0.0013, 1.2500
current_data: 1.1258, 21515, 24.9232, 3727.5213
current_data: 1.3617, 232253, 15.9001, 2176.2625
[32m[info] [src/pairwise_allocator.cpp:binary_serch_cache_roofline:462] descriptor COLS 3, find_cache_roofline_times: 5, roofline ipc: 2.5498, current ipc 2.5489, gap: 0.0004, lway: 1, rway: 1
[mcurrent_data: 1.0301, 792352, 5.9727, 973.1306
current_data: 0.4667, 5818764, 62.4680, 3398.1444
current_data: 2.5500, 16831, 0.0011, 0.0000
current_data: 1.1137, 20111, 24.9249, 3878.1472
current_data: 2.0703, 352605, 7.0709, 1617.5093
[32m[info] [src/pairwise_allocator.cpp:found_cache_roofline:405] Found_cache_roofline, obj_id 134584, roofline cache way: 1, roofline remain cache: 14, roofline cache bitmask: 0x7ffe
[m[32m[info] [src/pairwise_allocator.cpp:binary_serch_cache_roofline:462] descriptor COLS 3, find_cache_roofline_times: 6, roofline ipc: 2.5500, current ipc 2.5500, gap: 0.0000, lway: 1, rway: 1
[m[32m[info] [src/pairwise_allocator.cpp:allocating_cache:846] binary_serch_cache_roofline first pair success
[m[32m[info] [src/pairwise_allocator.cpp:pair_allocating_cache:770] pair_allocating_cache begin, allocating time: 0, descriptor roofline cache way: 1, system remain cache way: 5, complete queue size: 4
[m[32m[info] [src/pairwise_allocator.cpp:allocating_cache:852] Complete pair_allocating_cache, allocate cache ways: 1
[m[34m[critical] [src/pairwise_allocator.cpp:print_allocating_cache_results:815] print_allocating_cache_results: system remain cache: 4
[m[34m[critical] [src/pairwise_allocator.cpp:print_allocating_cache_results:818] obj: 137579, cache_way: 1, roofline cache way: 1
[m[34m[critical] [src/pairwise_allocator.cpp:print_allocating_cache_results:818] obj: 134569, cache_way: 4, roofline cache way: 4
[m[34m[critical] [src/pairwise_allocator.cpp:print_allocating_cache_results:818] obj: 137589, cache_way: 4, roofline cache way: 4
[m[34m[critical] [src/pairwise_allocator.cpp:print_allocating_cache_results:818] obj: 134574, cache_way: 1, roofline cache way: 1
[m[34m[critical] [src/pairwise_allocator.cpp:print_allocating_cache_results:823] obj: 134584, cache_way: 1, roofline cache way: 1
[mSKT0: MBA COS6 => 100% requested, 100% applied
current_data: 1.0485, 925817, 5.5948, 999.3807
current_data: 0.4704, 6164622, 61.6536, 3510.6451
current_data: 2.5467, 18403, 0.0021, 2.5000
current_data: 0.9296, 24967, 32.0160, 3891.2723
current_data: 1.1105, 259450, 19.5639, 2418.7638
SKT0: MBA COS6 => 60% requested, 60% applied
[32m[info] [src/pairwise_allocator.cpp:binary_serch_mb_roofline:937] descriptor1 COLS 3, find_mb_roofline_time: 1, roofline mb: 2.5000, current mb 2.5000, gap: 0.0000, lmb_throttle: 20, rmb_throttle: 100
[mcurrent_data: 1.0323, 814534, 5.9514, 981.2556
current_data: 0.4781, 6002507, 60.8986, 3308.1439
current_data: 2.5508, 16848, 0.0015, 1.8750
current_data: 0.9304, 21327, 32.0085, 3905.6473
current_data: 2.0611, 351047, 7.2593, 1577.5090
SKT0: MBA COS6 => 40% requested, 40% applied
[32m[info] [src/pairwise_allocator.cpp:binary_serch_mb_roofline:937] descriptor1 COLS 3, find_mb_roofline_time: 2, roofline mb: 1.8750, current mb 1.8750, gap: 0.0000, lmb_throttle: 20, rmb_throttle: 60
[mcurrent_data: 1.0332, 798122, 5.9008, 964.3805
current_data: 0.4898, 6189024, 59.5921, 3319.3940
current_data: 2.5482, 15467, 0.0010, 0.0000
current_data: 0.9280, 21167, 32.0111, 3757.5215
current_data: 1.0273, 190820, 21.6604, 2320.0133
SKT0: MBA COS6 => 30% requested, 30% applied
[32m[info] [src/pairwise_allocator.cpp:binary_serch_mb_roofline:937] descriptor1 COLS 3, find_mb_roofline_time: 3, roofline mb: 1.8750, current mb 0.0000, gap: 1.0000, lmb_throttle: 20, rmb_throttle: 40
[mcurrent_data: 1.0334, 802576, 6.0571, 1021.2558
current_data: 0.4832, 6210195, 60.4053, 3330.0191
current_data: 2.5488, 16346, 0.0013, 0.0000
current_data: 0.9286, 21740, 32.0127, 3938.1475
current_data: 2.0681, 350379, 7.1583, 1570.0090
SKT0: MBA COS6 => 20% requested, 20% applied
[32m[info] [src/pairwise_allocator.cpp:binary_serch_mb_roofline:937] descriptor1 COLS 3, find_mb_roofline_time: 4, roofline mb: 1.8750, current mb 0.0000, gap: 1.0000, lmb_throttle: 20, rmb_throttle: 30
[mcurrent_data: 1.0279, 798773, 6.4135, 1052.5060
current_data: 0.4839, 6131420, 60.1965, 3291.8938
current_data: 2.5491, 17201, 0.0014, 0.0000
current_data: 0.9298, 21565, 32.0095, 3846.8970
current_data: 1.0840, 228305, 19.9419, 2432.5139
SKT0: MBA COS6 => 20% requested, 20% applied
[32m[info] [src/pairwise_allocator.cpp:binary_serch_mb_roofline:937] descriptor1 COLS 3, find_mb_roofline_time: 5, roofline mb: 1.8750, current mb 0.0000, gap: 1.0000, lmb_throttle: 20, rmb_throttle: 20
[mcurrent_data: 1.0306, 789220, 6.2179, 972.5056
current_data: 0.3693, 3327499, 77.8202, 3288.1438
current_data: 2.5498, 15634, 0.0013, 2.5000
current_data: 0.9287, 20581, 32.0170, 3871.2722
current_data: 2.0976, 300431, 6.9565, 1492.5085
[32m[info] [src/pairwise_allocator.cpp:found_mb_roofline:887] Fast found mb roofline, obj_id 134584, roofline mb: 1.88 MB/s, roofline mb throttle: 20
[m[32m[info] [src/pairwise_allocator.cpp:binary_serch_mb_roofline:937] descriptor1 COLS 3, find_mb_roofline_time: 6, roofline mb: 1.8750, current mb 2.5000, gap: 0.3333, lmb_throttle: 20, rmb_throttle: 20
[m[32m[info] [src/pairwise_allocator.cpp:allocating_mb:1147] binary_serch_mb_roofline first pair success
[m[32m[info] [src/pairwise_allocator.cpp:pair_allocating_mb:1088] pair_allocating_mb begin, allocating times: 0, descriptor roofline mb throttle: 20, system remain mb: 93879.92 MB/s
[mSKT0: MBA COS3 => 20% requested, 20% applied
current_data: 1.0361, 964257, 5.4272, 863.1299
current_data: 0.4451, 5618122, 66.2526, 3494.3950
current_data: 2.5500, 16714, 0.0016, 3.1250
current_data: 2.4702, 44027, 31.9775, 10060.6826
current_data: 2.5830, 395532, 6.7743, 1761.8851
[32m[info] [src/pairwise_allocator.cpp:pair_allocating_mb:1088] pair_allocating_mb begin, allocating times: 1, descriptor roofline mb throttle: 20, system remain mb: 93879.92 MB/s
[m[32m[info] [src/pairwise_allocator.cpp:allocating_fit_mb:958] Will allocating_fit_mb mb throttle: 20
[mSKT0: MBA COS3 => 20% requested, 20% applied
current_data: 1.0483, 834842, 4.9381, 653.1287
current_data: 0.4433, 4559604, 66.5195, 2863.7664
current_data: 2.5484, 14378, 0.0013, 2.5000
current_data: 2.4667, 40252, 31.9682, 9147.5523
current_data: 2.5751, 438478, 6.6074, 1706.2598
[32m[info] [src/pairwise_allocator.cpp:allocating_mb:1121] Allocate mb: 2.50 MB/s, mb_throttle: 20
[mcurrent_data: 1.0551, 855867, 5.4616, 687.5039
current_data: 0.4416, 4461240, 66.8086, 2826.8912
current_data: 2.5479, 15277, 0.0013, 1.8750
current_data: 2.4605, 42018, 31.9730, 9041.9267
current_data: 2.1078, 370302, 14.3745, 2677.5153
current_data: 1.0567, 4964613, 5.0410, 3753.7715
current_data: 0.4389, 25847161, 67.2219, 16449.4691
current_data: 2.5507, 78628, 0.0008, 1.2500
current_data: 2.4666, 222323, 31.9714, 53085.3038
current_data: 2.3805, 2295289, 9.1268, 12106.3193
current_data: 1.0549, 4950740, 5.0936, 3711.8962
current_data: 0.4354, 25224198, 67.7869, 16181.3426
current_data: 2.5503, 78560, 0.0008, 0.0000
current_data: 2.4661, 222386, 31.9728, 52750.9268
current_data: 2.3857, 2368009, 9.0900, 12080.0691
current_data: 1.0554, 4979330, 5.1168, 3741.2714
current_data: 0.4321, 25015124, 68.3129, 16146.9674
current_data: 2.5496, 78332, 0.0008, 0.0000
current_data: 2.4682, 226651, 31.9716, 53040.3035
current_data: 2.3703, 2331796, 9.0571, 12018.1938
current_data: 1.0559, 5006703, 5.0367, 3736.8964
current_data: 0.4295, 24698788, 68.7229, 16220.0928
current_data: 2.5501, 80227, 0.0008, 1.8750
current_data: 2.4682, 225872, 31.9732, 53178.4293
current_data: 2.3856, 2304072, 9.0165, 12083.8191
current_data: 1.0570, 5000748, 5.0318, 3795.0217
current_data: 0.4274, 24428533, 69.0613, 16141.9674
current_data: 2.5497, 81294, 0.0009, 0.0000
current_data: 2.4658, 227680, 31.9707, 53060.9286
current_data: 2.3395, 2240180, 9.3961, 12904.4488
current_data: 1.0573, 4985719, 5.0921, 3835.0219
current_data: 0.4250, 24212701, 69.4758, 16095.7171
current_data: 2.5492, 81265, 0.0011, 0.0000
current_data: 2.3250, 233265, 28.5355, 46666.5170
current_data: 2.3828, 2360108, 8.9939, 12215.6949
current_data: 1.0528, 4972085, 5.1928, 3765.6465
current_data: 0.4228, 23893479, 69.8244, 16197.5927
current_data: 2.5491, 91036, 0.0014, 10.0001
current_data: 2.5464, 240915, 24.9777, 44743.3810
current_data: 2.2974, 2272974, 10.2963, 13367.5765
current_data: 1.0574, 5004056, 5.1540, 3902.5223
current_data: 0.4207, 23919149, 70.1580, 16378.8437
current_data: 2.5480, 93615, 0.0016, 12.5001
current_data: 2.5357, 253360, 24.9760, 44944.0072
current_data: 2.3933, 2369298, 9.0127, 12299.4454
current_data: 1.0572, 4963575, 5.0896, 3700.0212
current_data: 0.4192, 23606590, 70.4458, 16333.8435
current_data: 2.5491, 79638, 0.0009, 3.1250
current_data: 2.5592, 238489, 24.9740, 45188.3836
current_data: 2.2997, 2306459, 10.2620, 13378.2016
[32m[info] [src/pairwise_allocator.cpp:allocating:1174] Will begin allocating cache, allocation_ready_queue size 1, allocation_complete_queue size 4
[mcurrent_data: 1.0465, 958766, 5.7566, 1085.6312
current_data: 0.4595, 6004072, 62.8135, 3379.3943
current_data: 2.5478, 18144, 0.0013, 1.8750
current_data: 1.1185, 26284, 25.0165, 3857.5221
current_data: 1.1898, 245154, 17.5453, 2441.2640
[32m[info] [src/pairwise_allocator.cpp:binary_serch_cache_roofline:462] descriptor COLS 3, find_cache_roofline_times: 1, roofline ipc: 2.5478, current ipc 2.5478, gap: 0.0000, lway: 1, rway: 14
[mcurrent_data: 1.0366, 818186, 5.8294, 1026.2559
current_data: 0.4752, 5987445, 61.3525, 3180.0182
current_data: 2.5478, 19296, 0.0011, 1.2500
current_data: 1.1206, 26560, 25.0217, 3883.1472
current_data: 2.1255, 343103, 6.6818, 1605.6342
[32m[info] [src/pairwise_allocator.cpp:binary_serch_cache_roofline:462] descriptor COLS 3, find_cache_roofline_times: 2, roofline ipc: 2.5478, current ipc 2.5478, gap: 0.0000, lway: 1, rway: 7
[mcurrent_data: 1.0276, 772676, 6.1523, 998.7557
current_data: 0.4744, 5777400, 61.2633, 3091.2677
current_data: 2.5479, 17354, 0.0009, 0.0000
current_data: 1.1187, 24037, 25.0229, 3698.1462
current_data: 1.3413, 213036, 14.5347, 2236.2628
[32m[info] [src/pairwise_allocator.cpp:binary_serch_cache_roofline:462] descriptor COLS 3, find_cache_roofline_times: 3, roofline ipc: 2.5479, current ipc 2.5479, gap: 0.0000, lway: 1, rway: 4
[mcurrent_data: 1.0322, 771635, 6.1449, 1018.7558
current_data: 0.4725, 5671537, 61.6260, 3031.8923
current_data: 2.5489, 16754, 0.0013, 1.8750
current_data: 1.1074, 25313, 25.0210, 3664.3960
current_data: 2.0979, 363722, 6.8653, 1580.6340
[32m[info] [src/pairwise_allocator.cpp:binary_serch_cache_roofline:462] descriptor COLS 3, find_cache_roofline_times: 4, roofline ipc: 2.5489, current ipc 2.5489, gap: 0.0000, lway: 1, rway: 2
[mcurrent_data: 1.0291, 780645, 6.0292, 1030.6309
current_data: 0.4768, 5933480, 61.0225, 3158.7681
current_data: 2.5490, 18006, 0.0014, 1.2500
current_data: 1.1199, 24539, 25.0196, 3786.2717
current_data: 1.3803, 242574, 13.8236, 2345.0134
[32m[info] [src/pairwise_allocator.cpp:binary_serch_cache_roofline:462] descriptor COLS 3, find_cache_roofline_times: 5, roofline ipc: 2.5490, current ipc 2.5490, gap: 0.0000, lway: 1, rway: 1
[mcurrent_data: 1.0281, 788834, 6.2467, 1081.8812
current_data: 0.4728, 5788598, 61.6309, 3143.1430
current_data: 2.5494, 15816, 0.0012, 0.0000
current_data: 1.1199, 23403, 25.0221, 3672.5210
current_data: 2.0969, 313317, 7.0187, 1457.5083
[32m[info] [src/pairwise_allocator.cpp:found_cache_roofline:405] Found_cache_roofline, obj_id 134584, roofline cache way: 1, roofline remain cache: 14, roofline cache bitmask: 0x7ffe
[m[32m[info] [src/pairwise_allocator.cpp:binary_serch_cache_roofline:462] descriptor COLS 3, find_cache_roofline_times: 6, roofline ipc: 2.5494, current ipc 2.5494, gap: 0.0000, lway: 1, rway: 1
[m[32m[info] [src/pairwise_allocator.cpp:allocating_cache:846] binary_serch_cache_roofline first pair success
[m[32m[info] [src/pairwise_allocator.cpp:pair_allocating_cache:770] pair_allocating_cache begin, allocating time: 0, descriptor roofline cache way: 1, system remain cache way: 5, complete queue size: 4
[m[32m[info] [src/pairwise_allocator.cpp:allocating_cache:852] Complete pair_allocating_cache, allocate cache ways: 1
[m[34m[critical] [src/pairwise_allocator.cpp:print_allocating_cache_results:815] print_allocating_cache_results: system remain cache: 4
[m[34m[critical] [src/pairwise_allocator.cpp:print_allocating_cache_results:818] obj: 137579, cache_way: 1, roofline cache way: 1
[m[34m[critical] [src/pairwise_allocator.cpp:print_allocating_cache_results:818] obj: 134569, cache_way: 4, roofline cache way: 4
[m[34m[critical] [src/pairwise_allocator.cpp:print_allocating_cache_results:818] obj: 137589, cache_way: 4, roofline cache way: 4
[m[34m[critical] [src/pairwise_allocator.cpp:print_allocating_cache_results:818] obj: 134574, cache_way: 1, roofline cache way: 1
[m[34m[critical] [src/pairwise_allocator.cpp:print_allocating_cache_results:823] obj: 134584, cache_way: 1, roofline cache way: 1
[mSKT0: MBA COS6 => 100% requested, 100% applied
current_data: 1.0517, 948782, 5.4512, 986.8806
current_data: 0.4597, 5933256, 62.8752, 3490.0200
current_data: 2.5503, 16588, 0.0016, 3.1250
current_data: 0.9301, 22851, 32.0066, 3861.2721
current_data: 2.0017, 379651, 6.6317, 1381.8829
SKT0: MBA COS6 => 60% requested, 60% applied
[32m[info] [src/pairwise_allocator.cpp:binary_serch_mb_roofline:937] descriptor1 COLS 3, find_mb_roofline_time: 1, roofline mb: 3.1250, current mb 3.1250, gap: 0.0000, lmb_throttle: 20, rmb_throttle: 100
[mcurrent_data: 1.0355, 817715, 5.8922, 1022.5059
current_data: 0.4740, 5974945, 61.5311, 3330.6441
current_data: 2.5483, 18337, 0.0018, 0.6250
current_data: 0.9281, 23468, 32.0103, 3893.1473
current_data: 2.1026, 349452, 6.9397, 1585.0091
SKT0: MBA COS6 => 40% requested, 40% applied
[32m[info] [src/pairwise_allocator.cpp:binary_serch_mb_roofline:937] descriptor1 COLS 3, find_mb_roofline_time: 2, roofline mb: 3.1250, current mb 0.6250, gap: 0.8000, lmb_throttle: 20, rmb_throttle: 60
[mcurrent_data: 1.0273, 806416, 6.2031, 1070.0061
current_data: 0.4718, 5823688, 61.6143, 3264.3937
current_data: 2.5498, 18580, 0.0019, 0.0000
current_data: 0.9284, 22430, 32.0075, 3926.2725
current_data: 2.0225, 368263, 6.9177, 1485.0085
SKT0: MBA COS6 => 30% requested, 30% applied
[32m[info] [src/pairwise_allocator.cpp:binary_serch_mb_roofline:937] descriptor1 COLS 3, find_mb_roofline_time: 3, roofline mb: 3.1250, current mb 0.0000, gap: 1.0000, lmb_throttle: 20, rmb_throttle: 40
[mcurrent_data: 1.0332, 783274, 6.0540, 996.8807
current_data: 0.4726, 5850201, 61.6499, 3274.3937
current_data: 2.5495, 17470, 0.0016, 1.2500
current_data: 0.9306, 22254, 32.0096, 3826.8969
current_data: 2.1420, 310483, 6.5193, 1554.3839
SKT0: MBA COS6 => 20% requested, 20% applied
[32m[info] [src/pairwise_allocator.cpp:binary_serch_mb_roofline:937] descriptor1 COLS 3, find_mb_roofline_time: 4, roofline mb: 3.1250, current mb 1.2500, gap: 0.6000, lmb_throttle: 20, rmb_throttle: 30
[mcurrent_data: 1.0288, 773168, 6.0113, 966.8805
current_data: 0.4746, 5850750, 61.2914, 3286.2688
current_data: 2.5497, 15733, 0.0013, 0.0000
current_data: 0.9291, 21238, 32.0069, 3728.1463
current_data: 2.0290, 319823, 6.6650, 1378.1329
SKT0: MBA COS6 => 20% requested, 20% applied
[32m[info] [src/pairwise_allocator.cpp:binary_serch_mb_roofline:937] descriptor1 COLS 3, find_mb_roofline_time: 5, roofline mb: 3.1250, current mb 0.0000, gap: 1.0000, lmb_throttle: 20, rmb_throttle: 20
[mcurrent_data: 1.0283, 797077, 6.0674, 1011.8808
current_data: 0.4732, 6012002, 61.6071, 3321.8940
current_data: 2.5477, 19010, 0.0019, 0.6250
current_data: 0.9278, 23183, 32.0053, 3981.2728
current_data: 2.1018, 359117, 6.9517, 1583.1341
[32m[info] [src/pairwise_allocator.cpp:found_mb_roofline:887] Fast found mb roofline, obj_id 134584, roofline mb: 3.13 MB/s, roofline mb throttle: 20
[m[32m[info] [src/pairwise_allocator.cpp:binary_serch_mb_roofline:937] descriptor1 COLS 3, find_mb_roofline_time: 6, roofline mb: 3.1250, current mb 0.6250, gap: 0.8000, lmb_throttle: 20, rmb_throttle: 20
[m[32m[info] [src/pairwise_allocator.cpp:allocating_mb:1147] binary_serch_mb_roofline first pair success
[m[32m[info] [src/pairwise_allocator.cpp:pair_allocating_mb:1088] pair_allocating_mb begin, allocating times: 0, descriptor roofline mb throttle: 20, system remain mb: 93879.92 MB/s
[mSKT0: MBA COS3 => 20% requested, 20% applied
current_data: 1.0303, 994768, 5.4657, 905.6302
current_data: 0.4263, 5366124, 69.2062, 3572.5204
current_data: 2.5512, 18841, 0.0017, 1.8750
current_data: 2.4539, 51532, 31.9691, 10414.4346
current_data: 2.0518, 351871, 14.1189, 2900.6416
[32m[info] [src/pairwise_allocator.cpp:pair_allocating_mb:1088] pair_allocating_mb begin, allocating times: 1, descriptor roofline mb throttle: 20, system remain mb: 93879.92 MB/s
[m[32m[info] [src/pairwise_allocator.cpp:allocating_fit_mb:958] Will allocating_fit_mb mb throttle: 20
[mSKT0: MBA COS3 => 20% requested, 20% applied
current_data: 1.0491, 837914, 5.1595, 668.7538
current_data: 0.4257, 4165011, 69.3442, 2767.5158
current_data: 2.5506, 13983, 0.0010, 0.0000
current_data: 2.4682, 42167, 31.9667, 9134.4273
current_data: 2.5728, 403221, 6.5549, 1681.8846
[32m[info] [src/pairwise_allocator.cpp:allocating_mb:1121] Allocate mb: 0.00 MB/s, mb_throttle: 20
[mcurrent_data: 1.0487, 836028, 5.1811, 662.5038
current_data: 0.4246, 4162327, 69.4802, 2783.1409
current_data: 2.5488, 17427, 0.0015, 1.8750
current_data: 2.4502, 41871, 31.9629, 9099.4271
current_data: 2.0302, 437471, 14.3031, 2898.1416
current_data: 1.0531, 5003645, 5.2358, 3845.6470
current_data: 0.4225, 23848981, 69.9016, 16331.3434
current_data: 2.5502, 79871, 0.0009, 0.0000
current_data: 2.4633, 236501, 31.9706, 52994.0532
current_data: 2.3817, 2386003, 9.0724, 12099.4442
current_data: 1.0517, 4996512, 5.1404, 3755.0215
current_data: 0.4196, 23468508, 70.3870, 16314.4684
current_data: 2.5504, 81378, 0.0008, 0.6250
current_data: 2.4627, 233205, 31.9714, 53075.3037
current_data: 2.2896, 2301396, 10.3760, 13307.5761
current_data: 1.0553, 5014883, 5.0800, 3797.5217
current_data: 0.4173, 23190355, 70.8049, 16408.8439
current_data: 2.5501, 79875, 0.0008, 0.0000
current_data: 2.4654, 228164, 31.9711, 53152.1791
current_data: 2.3849, 2350774, 9.1060, 12125.6944
current_data: 1.0559, 4928400, 5.0107, 3779.3966
current_data: 0.4155, 22903270, 71.0734, 16221.9678
current_data: 2.5500, 86754, 0.0012, 1.2500
current_data: 2.4630, 244293, 31.9687, 52932.1779
current_data: 2.2958, 2315288, 10.3004, 13454.4520
current_data: 1.0627, 5035844, 5.1023, 3847.5220
current_data: 0.4145, 22908847, 71.3966, 16248.8430
current_data: 2.5506, 78578, 0.0007, 0.6250
current_data: 2.0447, 234839, 34.8074, 45127.7582
current_data: 2.3949, 2343149, 9.0678, 12151.9445
current_data: 1.0681, 5064822, 4.9887, 3803.7718
current_data: 0.4134, 22773357, 71.6265, 16378.2187
current_data: 2.5504, 81004, 0.0009, 0.6250
current_data: 2.1766, 226870, 34.2678, 45270.8840
current_data: 2.3551, 2398005, 9.7288, 12500.6965
current_data: 1.0694, 5067657, 5.1053, 3950.0226
current_data: 0.4120, 22581207, 71.8704, 16191.9677
current_data: 2.5494, 82286, 0.0008, 0.6250
current_data: 2.1759, 226067, 34.2673, 45242.1339
current_data: 2.4063, 2383234, 9.0248, 12255.6951
current_data: 1.0585, 5046812, 5.0950, 3789.3967
current_data: 0.4105, 22531313, 72.0506, 16178.8426
current_data: 2.5489, 89028, 0.0013, 0.0000
current_data: 2.2627, 4099147, 28.4550, 44228.3781
current_data: 2.3802, 2473539, 9.2830, 12267.5702
current_data: 1.0279, 4863248, 5.2161, 3742.5214
current_data: 0.4073, 22343458, 72.2965, 16275.0931
current_data: 2.5488, 86586, 0.0012, 0.0000
current_data: 1.7013, 407348, 35.8569, 57541.5793
current_data: 2.3539, 2233024, 9.0418, 12056.9440
current_data: 1.0523, 5007478, 5.1211, 3918.7724
current_data: 0.4076, 22316057, 72.4747, 16492.5944
current_data: 2.5486, 91042, 0.0014, 0.6250
current_data: 2.7588, 312119, 25.4361, 50033.4113
current_data: 2.4009, 2337850, 9.0106, 12269.4452
[32m[info] [src/pairwise_allocator.cpp:allocating:1174] Will begin allocating cache, allocation_ready_queue size 1, allocation_complete_queue size 4
[mcurrent_data: 1.0445, 952467, 5.9162, 1000.6307
current_data: 0.4536, 5980108, 63.4054, 3520.0201
current_data: 2.5495, 17387, 0.0012, 1.2500
current_data: 0.7242, 21780, 26.5473, 3833.1469
current_data: 1.1947, 272938, 18.0710, 2503.7643
[32m[info] [src/pairwise_allocator.cpp:binary_serch_cache_roofline:462] descriptor COLS 3, find_cache_roofline_times: 1, roofline ipc: 2.5495, current ipc 2.5495, gap: 0.0000, lway: 1, rway: 14
[mcurrent_data: 1.0331, 815209, 5.9260, 916.2552
current_data: 0.4645, 5729338, 62.1951, 3285.0188
current_data: 2.5484, 17069, 0.0008, 0.0000
current_data: 0.7242, 20506, 26.5426, 3735.6464
current_data: 2.1177, 354422, 6.5365, 1613.1342
[32m[info] [src/pairwise_allocator.cpp:binary_serch_cache_roofline:462] descriptor COLS 3, find_cache_roofline_times: 2, roofline ipc: 2.5495, current ipc 2.5484, gap: 0.0004, lway: 1, rway: 7
[mcurrent_data: 1.0246, 790012, 5.9554, 878.7550
current_data: 0.4716, 5904715, 61.4125, 3350.0192
current_data: 2.5492, 15373, 0.0005, 0.6250
current_data: 0.7240, 17992, 26.5601, 3745.0214
current_data: 1.0407, 189033, 21.2282, 2309.3882
[32m[info] [src/pairwise_allocator.cpp:binary_serch_cache_roofline:462] descriptor COLS 3, find_cache_roofline_times: 3, roofline ipc: 2.5495, current ipc 2.5492, gap: 0.0001, lway: 1, rway: 4
[mcurrent_data: 1.0227, 780638, 6.0139, 933.7553
current_data: 0.4664, 5796903, 62.0588, 3369.3943
current_data: 2.5483, 15704, 0.0006, 0.0000
current_data: 0.7236, 17677, 26.5452, 3753.7715
current_data: 2.1172, 337888, 6.5734, 1650.0094
[32m[info] [src/pairwise_allocator.cpp:binary_serch_cache_roofline:462] descriptor COLS 3, find_cache_roofline_times: 4, roofline ipc: 2.5495, current ipc 2.5483, gap: 0.0005, lway: 1, rway: 2
[mcurrent_data: 1.0259, 768031, 6.0028, 974.3806
current_data: 0.4760, 5904506, 61.0470, 3257.5186
current_data: 2.5485, 17885, 0.0016, 0.6250
current_data: 0.7242, 20018, 26.5425, 3758.1465
current_data: 1.1277, 192528, 19.1880, 2384.3886
[32m[info] [src/pairwise_allocator.cpp:binary_serch_cache_roofline:462] descriptor COLS 3, find_cache_roofline_times: 5, roofline ipc: 2.5495, current ipc 2.5485, gap: 0.0004, lway: 1, rway: 1
[mcurrent_data: 1.0246, 777022, 6.1372, 913.7552
current_data: 0.4643, 5728839, 62.2721, 3200.0183
current_data: 2.5496, 15697, 0.0009, 0.6250
current_data: 0.7236, 15273, 26.5685, 3747.5214
current_data: 2.0624, 367954, 7.1237, 1570.0090
[32m[info] [src/pairwise_allocator.cpp:found_cache_roofline:405] Found_cache_roofline, obj_id 134584, roofline cache way: 1, roofline remain cache: 14, roofline cache bitmask: 0x7ffe
[m[32m[info] [src/pairwise_allocator.cpp:binary_serch_cache_roofline:462] descriptor COLS 3, find_cache_roofline_times: 6, roofline ipc: 2.5496, current ipc 2.5496, gap: 0.0000, lway: 1, rway: 1
[m[32m[info] [src/pairwise_allocator.cpp:allocating_cache:846] binary_serch_cache_roofline first pair success
[m[32m[info] [src/pairwise_allocator.cpp:pair_allocating_cache:770] pair_allocating_cache begin, allocating time: 0, descriptor roofline cache way: 1, system remain cache way: 5, complete queue size: 4
[m[32m[info] [src/pairwise_allocator.cpp:allocating_cache:852] Complete pair_allocating_cache, allocate cache ways: 1
[m[34m[critical] [src/pairwise_allocator.cpp:print_allocating_cache_results:815] print_allocating_cache_results: system remain cache: 4
[m[34m[critical] [src/pairwise_allocator.cpp:print_allocating_cache_results:818] obj: 137579, cache_way: 1, roofline cache way: 1
[m[34m[critical] [src/pairwise_allocator.cpp:print_allocating_cache_results:818] obj: 134569, cache_way: 4, roofline cache way: 4
[m[34m[critical] [src/pairwise_allocator.cpp:print_allocating_cache_results:818] obj: 137589, cache_way: 4, roofline cache way: 4
[m[34m[critical] [src/pairwise_allocator.cpp:print_allocating_cache_results:818] obj: 134574, cache_way: 1, roofline cache way: 1
[m[34m[critical] [src/pairwise_allocator.cpp:print_allocating_cache_results:823] obj: 134584, cache_way: 1, roofline cache way: 1
[mSKT0: MBA COS6 => 100% requested, 100% applied
current_data: 1.0512, 935107, 5.6086, 914.3802
current_data: 0.4631, 5953520, 62.6429, 3433.1446
current_data: 2.5483, 16639, 0.0016, 0.0000
current_data: 0.9292, 23630, 32.0192, 3845.0220
current_data: 1.0920, 265428, 19.7848, 2418.1388
SKT0: MBA COS6 => 60% requested, 60% applied
[32m[info] [src/pairwise_allocator.cpp:binary_serch_mb_roofline:937] descriptor1 COLS 3, find_mb_roofline_time: 1, roofline mb: 0.0000, current mb 0.0000, gap: -nan, lmb_throttle: 20, rmb_throttle: 100
[mcurrent_data: 1.0404, 768637, 5.8871, 897.5051
current_data: 0.4787, 5787927, 60.9978, 3134.3929
current_data: 2.5491, 16220, 0.0014, 0.0000
current_data: 0.9279, 22877, 32.0113, 3820.6469
current_data: 2.0873, 347707, 7.1316, 1593.7591
SKT0: MBA COS6 => 40% requested, 40% applied
[32m[info] [src/pairwise_allocator.cpp:binary_serch_mb_roofline:937] descriptor1 COLS 3, find_mb_roofline_time: 2, roofline mb: 0.0000, current mb 0.0000, gap: -nan, lmb_throttle: 20, rmb_throttle: 60
[mcurrent_data: 1.0283, 804545, 5.8728, 873.1300
current_data: 0.4789, 6108292, 60.6429, 3361.2692
current_data: 2.5490, 16848, 0.0018, 0.6250
current_data: 0.9270, 23041, 31.9910, 3970.0227
current_data: 1.1187, 226797, 19.5082, 2415.0138
SKT0: MBA COS6 => 30% requested, 30% applied
[32m[info] [src/pairwise_allocator.cpp:binary_serch_mb_roofline:937] descriptor1 COLS 3, find_mb_roofline_time: 3, roofline mb: 0.0000, current mb 0.6250, gap: inf, lmb_throttle: 20, rmb_throttle: 40
[mcurrent_data: 1.0328, 797785, 6.1633, 891.8801
current_data: 0.4774, 5912132, 61.0826, 3323.1440
current_data: 2.5494, 15780, 0.0010, 0.0000
current_data: 0.9299, 20316, 32.0141, 3847.5220
current_data: 2.0907, 349521, 7.1451, 1586.8841
SKT0: MBA COS6 => 20% requested, 20% applied
[32m[info] [src/pairwise_allocator.cpp:binary_serch_mb_roofline:937] descriptor1 COLS 3, find_mb_roofline_time: 4, roofline mb: 0.0000, current mb 0.0000, gap: -nan, lmb_throttle: 20, rmb_throttle: 30
[mcurrent_data: 1.0310, 744117, 5.9484, 883.1301
current_data: 0.4802, 5727257, 60.5181, 3178.7682
current_data: 2.5474, 14572, 0.0012, 1.2500
current_data: 0.9283, 22571, 32.0006, 3710.6462
current_data: 1.1287, 199490, 19.3074, 2387.5137
SKT0: MBA COS6 => 20% requested, 20% applied
[32m[info] [src/pairwise_allocator.cpp:binary_serch_mb_roofline:937] descriptor1 COLS 3, find_mb_roofline_time: 5, roofline mb: 0.0000, current mb 1.2500, gap: inf, lmb_throttle: 20, rmb_throttle: 20
[mcurrent_data: 1.0287, 753255, 6.1052, 863.7549
current_data: 0.4785, 5853487, 60.9668, 3213.1434
current_data: 2.5487, 17458, 0.0015, 0.6250
current_data: 0.9282, 20866, 31.9990, 3908.1474
current_data: 2.1386, 322911, 6.4918, 1656.2595
[32m[info] [src/pairwise_allocator.cpp:found_mb_roofline:887] Fast found mb roofline, obj_id 134584, roofline mb: 0.00 MB/s, roofline mb throttle: 20
[m[32m[info] [src/pairwise_allocator.cpp:binary_serch_mb_roofline:937] descriptor1 COLS 3, find_mb_roofline_time: 6, roofline mb: 0.0000, current mb 0.6250, gap: inf, lmb_throttle: 20, rmb_throttle: 20
[m[32m[info] [src/pairwise_allocator.cpp:allocating_mb:1147] binary_serch_mb_roofline first pair success
[m[32m[info] [src/pairwise_allocator.cpp:pair_allocating_mb:1088] pair_allocating_mb begin, allocating times: 0, descriptor roofline mb throttle: 20, system remain mb: 93879.92 MB/s
[mSKT0: MBA COS3 => 20% requested, 20% applied
current_data: 1.0356, 1003361, 5.4676, 937.5054
current_data: 0.4467, 6021030, 66.0126, 3783.7717
current_data: 2.5481, 19847, 0.0020, 1.2500
current_data: 2.4666, 50904, 31.9708, 10558.8104
current_data: 2.5786, 488542, 6.6882, 1873.1357
[32m[info] [src/pairwise_allocator.cpp:pair_allocating_mb:1088] pair_allocating_mb begin, allocating times: 1, descriptor roofline mb throttle: 20, system remain mb: 93879.92 MB/s
[m[32m[info] [src/pairwise_allocator.cpp:allocating_fit_mb:958] Will allocating_fit_mb mb throttle: 20
[mSKT0: MBA COS3 => 20% requested, 20% applied
current_data: 1.0483, 833461, 5.2019, 676.8789
current_data: 0.4450, 4497154, 66.2707, 2907.5166
current_data: 2.5482, 15403, 0.0016, 0.0000
current_data: 2.4694, 43136, 31.9691, 8863.8007
current_data: 2.5780, 436229, 6.8444, 1633.1343
[32m[info] [src/pairwise_allocator.cpp:allocating_mb:1121] Allocate mb: 0.00 MB/s, mb_throttle: 20
[mcurrent_data: 1.0513, 837227, 4.9659, 647.5037
current_data: 0.4435, 4563501, 66.5140, 2933.7668
current_data: 2.5506, 13558, 0.0010, 0.0000
current_data: 2.4566, 41342, 31.9711, 9172.5525
current_data: 2.0918, 416993, 14.6699, 2910.0167
current_data: 1.0564, 4988695, 5.0939, 3796.8967
current_data: 0.4408, 26063332, 66.9228, 16900.0967
current_data: 2.5495, 81819, 0.0009, 0.0000
current_data: 2.4671, 238081, 31.9697, 53170.3042
current_data: 2.3914, 2333175, 9.0129, 12142.5695
current_data: 1.0541, 4953453, 5.0523, 3740.6464
current_data: 0.4367, 25595085, 67.5714, 16744.4708
current_data: 2.5498, 78024, 0.0008, 0.0000
current_data: 2.4674, 237104, 31.9684, 53207.1795
current_data: 2.3727, 2397474, 9.2623, 12106.3193
current_data: 1.0558, 5003466, 5.1109, 3867.5221
current_data: 0.4335, 25211800, 68.0847, 16695.7205
current_data: 2.5507, 79340, 0.0008, 1.2500
current_data: 2.4695, 233432, 31.9702, 53284.0549
current_data: 2.3973, 2397397, 9.0225, 12208.1949
current_data: 1.0607, 4993031, 5.0600, 3795.0217
current_data: 0.4304, 24719495, 68.5956, 16440.7191
current_data: 2.5517, 78611, 0.0007, 0.0000
current_data: 2.3270, 242820, 26.8253, 43779.0005
current_data: 2.3988, 2323001, 9.0505, 12088.8192
current_data: 1.0593, 5011575, 5.1470, 3886.2722
current_data: 0.4277, 24485219, 69.0101, 16467.5942
current_data: 2.5496, 85184, 0.0011, 0.0000
current_data: 2.5535, 249978, 24.9773, 44790.2563
current_data: 2.3895, 2360637, 8.9913, 12305.0704
current_data: 1.0610, 5014459, 5.0153, 3829.3969
current_data: 0.4254, 24210192, 69.4209, 16376.3437
current_data: 2.5500, 82350, 0.0010, 0.6250
current_data: 2.5553, 242626, 24.9771, 44832.7565
current_data: 2.4057, 2359405, 9.0452, 12206.9448
current_data: 1.0595, 4993649, 5.0758, 3838.1470
current_data: 0.4236, 24033993, 69.7283, 16428.2190
current_data: 2.5503, 79386, 0.0008, 0.0000
current_data: 2.5542, 239265, 24.9751, 44927.7571
current_data: 2.3232, 2229516, 10.2106, 13406.9517
current_data: 1.0605, 5047650, 5.0835, 3904.3973
current_data: 0.4222, 23988910, 69.9576, 16464.4692
current_data: 2.5501, 82373, 0.0009, 0.0000
current_data: 2.5577, 237039, 24.9771, 45153.3834
current_data: 2.4058, 2362341, 9.0048, 12265.0702
current_data: 1.0587, 5053478, 5.0978, 3827.5219
current_data: 0.4203, 23769178, 70.2702, 16430.0940
current_data: 2.5506, 87558, 0.0011, 0.6250
current_data: 2.4646, 245372, 24.9756, 43539.6241
current_data: 2.3189, 2413691, 10.2754, 13572.5777
current_data: 1.0543, 4978849, 5.2075, 3866.8971
current_data: 0.4188, 23463495, 70.5083, 16308.8433
current_data: 2.5499, 85588, 0.0011, 0.0000
current_data: 2.5487, 250937, 24.9748, 44892.1319
current_data: 2.4043, 2413987, 9.0274, 12287.5703
current_data: 1.0547, 5055162, 5.1346, 3880.6472
current_data: 0.4175, 23522031, 70.7338, 16553.2197
current_data: 2.5492, 90550, 0.0014, 1.2500
current_data: 2.5514, 258452, 24.9732, 45321.5093
current_data: 2.3119, 2379190, 10.2299, 13589.4528
current_data: 1.0551, 5017326, 5.1282, 3742.5214
current_data: 0.4176, 22041384, 69.6753, 16741.9708
current_data: 2.5488, 91553, 0.0015, 3.1250
current_data: 2.2967, 286772, 26.7580, 43060.2464
current_data: 2.4077, 2390904, 8.9454, 12376.9458
current_data: 1.0514, 4967964, 5.0785, 3759.3965
current_data: 0.3844, 19321149, 76.9944, 16285.7182
current_data: 2.5494, 83507, 0.0010, 0.0000
current_data: 2.4607, 260367, 31.9656, 53242.8047
current_data: 2.3041, 2318198, 10.2905, 13371.3265
current_data: 1.0542, 5015250, 5.0654, 3720.0213
current_data: 0.3844, 19326365, 77.0103, 16187.5926
current_data: 2.5490, 84221, 0.0011, 0.6250
current_data: 2.4621, 264742, 31.9656, 53231.5546
current_data: 2.3973, 2442898, 8.9679, 12258.1951
current_data: 1.0557, 5011261, 5.0696, 3718.7713
current_data: 0.3843, 19331550, 77.0280, 16295.7182
current_data: 2.5499, 79822, 0.0008, 0.6250
current_data: 2.4599, 244228, 31.9676, 53245.3047
current_data: 2.2988, 2345935, 10.2596, 13411.3267
current_data: 1.0544, 5002854, 5.0466, 3785.0217
current_data: 0.3844, 19347216, 77.0211, 16315.7184
current_data: 2.5508, 80484, 0.0009, 1.2500
current_data: 2.4632, 242841, 31.9669, 53239.0546
current_data: 2.4009, 2356048, 8.9537, 12201.3198
current_data: 1.0558, 5010407, 5.0935, 3837.5220
current_data: 0.3843, 19386686, 77.0461, 16391.3438
current_data: 2.5501, 80414, 0.0009, 1.2500
current_data: 2.4598, 248487, 31.9683, 53399.6806
current_data: 2.3028, 2311387, 10.2810, 13419.4518
current_data: 1.0526, 4976905, 5.0205, 3749.3965
current_data: 0.3843, 19360516, 77.0540, 16361.9686
current_data: 2.5488, 81186, 0.0008, 0.0000
current_data: 2.4650, 248179, 31.9691, 53542.1814
current_data: 2.3942, 2471912, 8.9906, 12286.3203
current_data: 1.0555, 5045236, 5.1252, 3875.6472
current_data: 0.3843, 19484298, 77.0363, 16393.8438
current_data: 2.5507, 80881, 0.0008, 0.6250
current_data: 2.4627, 248819, 31.9677, 53751.5576
current_data: 2.3069, 2430168, 10.2792, 13531.3274
current_data: 1.0569, 5046571, 5.0157, 3818.1468
current_data: 0.3843, 19528972, 77.0478, 16438.2191
current_data: 2.5506, 81493, 0.0009, 0.0000
current_data: 2.4655, 248210, 31.9682, 53853.4332
current_data: 2.3991, 2416320, 9.0269, 12400.0710
current_data: 1.0585, 5084185, 5.1359, 3756.8965
current_data: 0.3844, 19568800, 77.0242, 16426.9690
current_data: 2.5494, 85209, 0.0010, 0.0000
current_data: 2.0992, 264111, 34.2590, 47174.6449
current_data: 2.3212, 2421476, 10.1832, 13580.7027
current_data: 1.0649, 5127813, 5.1425, 3864.3971
current_data: 0.3853, 19656626, 76.9886, 16510.0945
current_data: 2.5506, 80024, 0.0008, 0.6250
current_data: 2.1757, 235004, 34.2679, 45800.8871
current_data: 2.4177, 2352218, 8.9196, 12315.6955
current_data: 1.0662, 5118156, 5.1212, 3945.0226
current_data: 0.3851, 19645920, 77.0320, 16482.5943
current_data: 2.5508, 84046, 0.0010, 0.0000
current_data: 2.1741, 235586, 34.2705, 45907.7627
current_data: 2.3638, 2340523, 9.5966, 13631.9530
current_data: 1.0604, 5110204, 5.1372, 3948.1476
current_data: 0.3848, 19609230, 77.0218, 16648.8453
current_data: 2.5497, 87376, 0.0011, 1.2500
current_data: 2.1522, 2171459, 31.0116, 45268.3840
current_data: 2.4161, 2457051, 8.9427, 12440.0712
current_data: 1.0318, 4986116, 5.2014, 3920.0224
current_data: 0.3828, 19599224, 77.0201, 16443.2191
current_data: 2.5480, 89541, 0.0014, 1.8750
current_data: 1.6952, 1665396, 35.1216, 57852.8310
current_data: 2.3660, 2382141, 8.9644, 12130.0694
current_data: 1.0537, 5082000, 5.1177, 3868.7721
current_data: 0.3842, 19589482, 77.0111, 16496.3444
current_data: 2.5490, 86735, 0.0012, 0.6250
current_data: 2.7628, 284811, 25.4670, 50520.9141
current_data: 2.4100, 2492326, 8.9632, 12455.6963
current_data: 1.0460, 5020290, 5.1494, 3775.6466
current_data: 0.3868, 18391823, 74.9521, 16593.2199
current_data: 2.5492, 83637, 0.0009, 0.6250
current_data: 2.5145, 280025, 25.4914, 51440.2943
current_data: 2.3891, 2414513, 8.9578, 12287.5703
current_data: 1.0281, 4956258, 5.0594, 3688.1461
current_data: 0.3828, 19537382, 77.0276, 16428.2190
current_data: 2.5495, 79717, 0.0008, 0.0000
current_data: 2.2231, 223321, 26.4882, 60590.3467
current_data: 2.3600, 2409353, 8.9708, 12141.3195
current_data: 1.0276, 4944479, 5.0467, 3767.5216
current_data: 0.3827, 19528210, 77.0341, 16502.5944
current_data: 2.5497, 82828, 0.0009, 0.0000
current_data: 2.2222, 225800, 26.4884, 60531.5964
current_data: 2.3555, 2335522, 9.0370, 12122.5694
current_data: 1.0398, 5001085, 5.0506, 3742.5214
current_data: 0.3835, 19523460, 77.0281, 16466.3442
current_data: 2.5497, 79486, 0.0008, 0.6250
current_data: 2.3325, 231009, 29.4386, 56839.0752
current_data: 2.3807, 2389566, 8.9545, 12201.9448
current_data: 1.0532, 5032499, 5.0851, 3796.2717
current_data: 0.3844, 19622742, 77.0300, 16488.2193
current_data: 2.5497, 81055, 0.0008, 0.0000
current_data: 2.4679, 230232, 31.9695, 54270.9355
current_data: 2.4060, 2393206, 8.9249, 12365.6958
current_data: 1.0523, 5097516, 5.1397, 3811.2718
current_data: 0.3842, 19714628, 77.0741, 16711.9706
current_data: 2.5514, 81262, 0.0008, 0.0000
current_data: 2.4654, 227751, 31.9692, 54492.8118
current_data: 2.3142, 2351755, 10.1419, 13636.9530
current_data: 1.0547, 5090869, 5.0658, 3825.0219
current_data: 0.3843, 19711716, 77.0542, 16604.4700
current_data: 2.5498, 80417, 0.0007, 0.0000
current_data: 2.4681, 225016, 31.9696, 54459.6866
current_data: 2.4041, 2422619, 8.9768, 12455.6963
current_data: 1.0532, 5101584, 5.1119, 3885.0222
current_data: 0.3844, 19718720, 77.0278, 16536.9696
current_data: 2.5497, 81070, 0.0008, 0.0000
current_data: 2.4649, 226762, 31.9703, 54362.8111
current_data: 2.3145, 2393395, 10.1739, 13570.7027
current_data: 1.0542, 5071905, 5.0755, 3870.0221
current_data: 0.3843, 19704447, 77.0471, 16561.9698
current_data: 2.5504, 82572, 0.0008, 0.0000
current_data: 2.4691, 226670, 31.9714, 54504.0619
current_data: 2.4106, 2487561, 8.8931, 12365.6958
current_data: 1.0548, 5081919, 5.0547, 3875.0222
current_data: 0.3845, 19746497, 77.0175, 16511.9695
current_data: 2.5498, 81960, 0.0008, 0.6250
current_data: 2.4673, 229551, 31.9703, 54530.3120
current_data: 2.3816, 2270689, 9.1438, 13286.9510
current_data: 1.0548, 5101821, 5.0559, 3841.8970
current_data: 0.3844, 19724496, 77.0242, 16628.2201
current_data: 2.5498, 83342, 0.0009, 0.6250
current_data: 2.4690, 228410, 31.9704, 54522.8120
current_data: 2.3920, 2372477, 8.9827, 12413.1960
current_data: 1.0535, 5076872, 5.0968, 3876.2722
current_data: 0.3842, 19648051, 77.0287, 16661.9703
current_data: 2.5488, 88800, 0.0013, 0.6250
current_data: 2.2742, 249698, 31.8579, 50812.7908
current_data: 2.3747, 2406548, 8.9976, 12211.9449
[32m[info] [src/pairwise_allocator.cpp:allocating:1174] Will begin allocating cache, allocation_ready_queue size 1, allocation_complete_queue size 4
[mcurrent_data: 1.0507, 954400, 5.5638, 981.8806
current_data: 0.4107, 3262441, 65.8885, 3555.6453
current_data: 2.5469, 19273, 0.0018, 0.0000
current_data: 1.1198, 23701, 25.0119, 3885.0222
current_data: 2.1221, 412127, 6.5496, 1615.6342
[32m[info] [src/pairwise_allocator.cpp:binary_serch_cache_roofline:462] descriptor COLS 3, find_cache_roofline_times: 1, roofline ipc: 2.5469, current ipc 2.5469, gap: 0.0000, lway: 1, rway: 14
[mcurrent_data: 1.0376, 814753, 5.9294, 974.3806
current_data: 0.3748, 3634007, 78.6457, 3375.6443
current_data: 2.5481, 19160, 0.0011, 0.0000
current_data: 1.1191, 24252, 25.0217, 3897.5223
current_data: 1.1569, 213136, 18.3798, 2477.5142
[32m[info] [src/pairwise_allocator.cpp:binary_serch_cache_roofline:462] descriptor COLS 3, find_cache_roofline_times: 2, roofline ipc: 2.5481, current ipc 2.5481, gap: 0.0000, lway: 1, rway: 7
[mcurrent_data: 1.0347, 780074, 6.1238, 1022.5059
current_data: 0.3738, 3489556, 78.8836, 3271.8937
current_data: 2.5479, 15773, 0.0008, 0.6250
current_data: 1.1198, 19722, 25.0208, 3778.1466
current_data: 2.1092, 305962, 6.8455, 1524.3837
[32m[info] [src/pairwise_allocator.cpp:binary_serch_cache_roofline:462] descriptor COLS 3, find_cache_roofline_times: 3, roofline ipc: 2.5481, current ipc 2.5479, gap: 0.0001, lway: 1, rway: 4
[mcurrent_data: 1.0305, 747326, 5.9577, 899.3801
current_data: 0.3710, 3386321, 79.1762, 3200.6433
current_data: 2.5489, 18796, 0.0010, 0.0000
current_data: 1.1196, 22549, 25.0295, 3773.7716
current_data: 1.0979, 201898, 20.2330, 2427.5139
[32m[info] [src/pairwise_allocator.cpp:binary_serch_cache_roofline:462] descriptor COLS 3, find_cache_roofline_times: 4, roofline ipc: 2.5489, current ipc 2.5489, gap: 0.0000, lway: 1, rway: 2
[mcurrent_data: 1.0311, 786648, 6.0189, 900.0051
current_data: 0.3694, 3413680, 79.5529, 3282.5188
current_data: 2.5493, 16300, 0.0012, 0.6250
current_data: 1.1197, 21549, 25.0203, 3800.0217
current_data: 2.1091, 365841, 6.5883, 1641.8844
[32m[info] [src/pairwise_allocator.cpp:binary_serch_cache_roofline:462] descriptor COLS 3, find_cache_roofline_times: 5, roofline ipc: 2.5493, current ipc 2.5493, gap: 0.0000, lway: 1, rway: 1
[mcurrent_data: 1.0268, 769437, 6.0920, 930.0053
current_data: 0.3714, 3458414, 79.1707, 3244.3936
current_data: 2.5484, 15145, 0.0009, 0.0000
current_data: 1.1181, 19273, 25.0246, 3760.6465
current_data: 1.0943, 182139, 20.0983, 2381.8886
[32m[info] [src/pairwise_allocator.cpp:found_cache_roofline:405] Found_cache_roofline, obj_id 134584, roofline cache way: 1, roofline remain cache: 14, roofline cache bitmask: 0x7ffe
[m[32m[info] [src/pairwise_allocator.cpp:binary_serch_cache_roofline:462] descriptor COLS 3, find_cache_roofline_times: 6, roofline ipc: 2.5493, current ipc 2.5484, gap: 0.0003, lway: 1, rway: 1
[m[32m[info] [src/pairwise_allocator.cpp:allocating_cache:846] binary_serch_cache_roofline first pair success
[m[32m[info] [src/pairwise_allocator.cpp:pair_allocating_cache:770] pair_allocating_cache begin, allocating time: 0, descriptor roofline cache way: 1, system remain cache way: 5, complete queue size: 4
[m[32m[info] [src/pairwise_allocator.cpp:allocating_cache:852] Complete pair_allocating_cache, allocate cache ways: 1
[m[34m[critical] [src/pairwise_allocator.cpp:print_allocating_cache_results:815] print_allocating_cache_results: system remain cache: 4
[m[34m[critical] [src/pairwise_allocator.cpp:print_allocating_cache_results:818] obj: 137579, cache_way: 1, roofline cache way: 1
[m[34m[critical] [src/pairwise_allocator.cpp:print_allocating_cache_results:818] obj: 134569, cache_way: 4, roofline cache way: 4
[m[34m[critical] [src/pairwise_allocator.cpp:print_allocating_cache_results:818] obj: 137589, cache_way: 4, roofline cache way: 4
[m[34m[critical] [src/pairwise_allocator.cpp:print_allocating_cache_results:818] obj: 134574, cache_way: 1, roofline cache way: 1
[m[34m[critical] [src/pairwise_allocator.cpp:print_allocating_cache_results:823] obj: 134584, cache_way: 1, roofline cache way: 1
[mSKT0: MBA COS6 => 100% requested, 100% applied
current_data: 1.0504, 924754, 5.5584, 1010.0058
current_data: 0.4626, 5947556, 62.4352, 3344.3941
current_data: 2.5481, 17103, 0.0018, 0.0000
current_data: 1.1196, 24300, 25.0232, 3691.8961
current_data: 2.1035, 390191, 6.7958, 1475.6334
SKT0: MBA COS6 => 60% requested, 60% applied
[32m[info] [src/pairwise_allocator.cpp:binary_serch_mb_roofline:937] descriptor1 COLS 3, find_mb_roofline_time: 1, roofline mb: 0.0000, current mb 0.0000, gap: -nan, lmb_throttle: 20, rmb_throttle: 100
[mcurrent_data: 1.0326, 795489, 5.9073, 943.1304
current_data: 0.4752, 5927962, 61.3012, 3230.6435
current_data: 2.5495, 16992, 0.0014, 0.0000
current_data: 1.1208, 22331, 25.0226, 3852.5220
current_data: 1.8984, 335745, 8.5144, 1720.6348
SKT0: MBA COS6 => 40% requested, 40% applied
[32m[info] [src/pairwise_allocator.cpp:binary_serch_mb_roofline:937] descriptor1 COLS 3, find_mb_roofline_time: 2, roofline mb: 0.0000, current mb 0.0000, gap: -nan, lmb_throttle: 20, rmb_throttle: 60
[mcurrent_data: 1.0294, 798537, 6.1129, 954.3805
current_data: 0.4740, 5906220, 61.2462, 3196.8933
current_data: 2.5479, 16947, 0.0015, 0.0000
current_data: 1.1203, 23106, 25.0230, 3750.6465
current_data: 2.0840, 349262, 6.8590, 1455.6333
SKT0: MBA COS6 => 30% requested, 30% applied
[32m[info] [src/pairwise_allocator.cpp:binary_serch_mb_roofline:937] descriptor1 COLS 3, find_mb_roofline_time: 3, roofline mb: 0.0000, current mb 0.0000, gap: -nan, lmb_throttle: 20, rmb_throttle: 40
[mcurrent_data: 1.0332, 776038, 6.1024, 1003.7557
current_data: 0.4830, 6091070, 60.5983, 3195.6433
current_data: 2.5492, 15313, 0.0010, 0.0000
current_data: 1.1202, 23008, 25.0293, 3809.3968
current_data: 1.9308, 335970, 8.1630, 1654.3845
SKT0: MBA COS6 => 20% requested, 20% applied
[32m[info] [src/pairwise_allocator.cpp:binary_serch_mb_roofline:937] descriptor1 COLS 3, find_mb_roofline_time: 4, roofline mb: 0.0000, current mb 0.0000, gap: -nan, lmb_throttle: 20, rmb_throttle: 30
[mcurrent_data: 1.0324, 757242, 6.0008, 952.5055
current_data: 0.4798, 5856327, 60.7528, 3184.3932
current_data: 2.5480, 15422, 0.0011, 0.0000
current_data: 1.1195, 21820, 25.0220, 3626.8958
current_data: 2.0892, 296698, 6.9321, 1476.8835
SKT0: MBA COS6 => 20% requested, 20% applied
[32m[info] [src/pairwise_allocator.cpp:binary_serch_mb_roofline:937] descriptor1 COLS 3, find_mb_roofline_time: 5, roofline mb: 0.0000, current mb 0.0000, gap: -nan, lmb_throttle: 20, rmb_throttle: 20
[mcurrent_data: 1.0272, 787440, 6.0071, 894.3801
current_data: 0.4764, 5919866, 61.1122, 3169.3931
current_data: 2.5483, 17466, 0.0017, 0.0000
current_data: 1.1197, 22086, 25.0251, 3722.5213
current_data: 2.1057, 345906, 6.7532, 1593.7591
[32m[info] [src/pairwise_allocator.cpp:found_mb_roofline:887] Fast found mb roofline, obj_id 134584, roofline mb: 0.00 MB/s, roofline mb throttle: 20
[m[32m[info] [src/pairwise_allocator.cpp:binary_serch_mb_roofline:937] descriptor1 COLS 3, find_mb_roofline_time: 6, roofline mb: 0.0000, current mb 0.0000, gap: -nan, lmb_throttle: 20, rmb_throttle: 20
[m[32m[info] [src/pairwise_allocator.cpp:allocating_mb:1147] binary_serch_mb_roofline first pair success
[m[32m[info] [src/pairwise_allocator.cpp:pair_allocating_mb:1088] pair_allocating_mb begin, allocating times: 0, descriptor roofline mb throttle: 20, system remain mb: 93879.92 MB/s
[mSKT0: MBA COS3 => 20% requested, 20% applied
current_data: 1.0375, 1002858, 5.3858, 938.1304
current_data: 0.4553, 6155540, 64.7430, 3501.8950
current_data: 2.5493, 17860, 0.0015, 0.0000
current_data: 2.4521, 49272, 31.9827, 10388.8094
current_data: 2.0571, 359539, 13.9709, 2993.7671
[32m[info] [src/pairwise_allocator.cpp:pair_allocating_mb:1088] pair_allocating_mb begin, allocating times: 1, descriptor roofline mb throttle: 20, system remain mb: 93879.92 MB/s
[m[32m[info] [src/pairwise_allocator.cpp:allocating_fit_mb:958] Will allocating_fit_mb mb throttle: 20
[mSKT0: MBA COS3 => 20% requested, 20% applied
current_data: 1.0493, 829664, 5.1139, 666.8788
current_data: 0.4525, 4764022, 65.0806, 2803.7660
current_data: 2.5471, 15203, 0.0013, 0.0000
current_data: 2.4667, 45581, 31.9642, 9174.4275
current_data: 2.5701, 376270, 6.8073, 1658.7595
[32m[info] [src/pairwise_allocator.cpp:allocating_mb:1121] Allocate mb: 0.00 MB/s, mb_throttle: 20
[mcurrent_data: 1.0493, 809981, 5.1655, 650.0037
current_data: 0.4512, 4532531, 65.2863, 2659.3902
current_data: 2.5488, 15761, 0.0017, 0.0000
current_data: 2.4528, 40360, 31.9625, 8780.6752
current_data: 2.0198, 366345, 14.7453, 2789.3910
current_data: 1.0528, 4966810, 5.1680, 3906.2724
current_data: 0.4219, 22303128, 69.0222, 16428.2190
current_data: 2.5492, 84365, 0.0011, 1.8750
current_data: 2.4613, 240371, 31.9688, 53071.5537
current_data: 2.3840, 2292245, 9.0134, 12189.4447
current_data: 1.0555, 4916968, 5.0316, 3678.7711
current_data: 0.3845, 19026580, 76.9866, 16003.8416
current_data: 2.5488, 83167, 0.0011, 2.5000
current_data: 2.4617, 238459, 31.9707, 52340.9245
current_data: 2.3660, 2418858, 9.2107, 11955.0684
current_data: 1.0546, 4970886, 5.0969, 3661.8960
current_data: 0.3845, 19091765, 77.0091, 16074.4670
current_data: 2.5493, 81227, 0.0010, 1.2500
current_data: 2.4617, 239803, 31.9686, 52530.9256
current_data: 2.3736, 2336166, 9.0575, 11910.6932
current_data: 1.0541, 4930190, 5.0436, 3696.2712
current_data: 0.3844, 19012872, 77.0389, 16017.5917
current_data: 2.5490, 82540, 0.0011, 0.6250
current_data: 2.4645, 234620, 31.9696, 52495.3004
current_data: 2.3789, 2334626, 8.9755, 12005.6937
current_data: 1.0567, 4936472, 5.0728, 3755.0215
current_data: 0.3845, 19001957, 77.0376, 15999.4665
current_data: 2.5495, 81705, 0.0010, 0.6250
current_data: 2.4637, 237141, 31.9699, 52397.1748
current_data: 2.2921, 2261412, 10.4127, 13185.0754
current_data: 1.0545, 4915698, 5.1392, 3807.5218
current_data: 0.3844, 18934714, 77.0496, 15988.8415
current_data: 2.5495, 84275, 0.0009, 0.6250
current_data: 2.4649, 237219, 31.9682, 52460.9252
current_data: 2.3756, 2383328, 9.0227, 12045.0689
current_data: 1.0549, 4916070, 5.1050, 3675.0210
current_data: 0.3844, 19071154, 77.0431, 16200.7177
current_data: 2.5489, 81880, 0.0010, 1.2500
current_data: 2.4651, 234776, 31.9678, 52644.0512
current_data: 2.3753, 2394030, 9.0086, 12008.8187
current_data: 1.0587, 4949997, 5.0795, 3709.3962
current_data: 0.3849, 19096807, 77.0155, 16020.7167
current_data: 2.5509, 79584, 0.0008, 1.2500
current_data: 2.1325, 235719, 34.1247, 46885.8933
current_data: 2.2929, 2332217, 10.2474, 13307.5761
current_data: 1.0647, 5011417, 5.1447, 3771.2716
current_data: 0.3852, 19176614, 77.0221, 16129.4673
current_data: 2.5500, 81307, 0.0010, 1.2500
current_data: 2.1762, 228920, 34.2668, 44934.6321
current_data: 2.3926, 2371830, 8.9634, 12101.3192
current_data: 1.0677, 5019941, 5.0338, 3710.6462
current_data: 0.3852, 19232773, 77.0198, 16065.7169
current_data: 2.5503, 79295, 0.0009, 1.2500
current_data: 2.1765, 227805, 34.2678, 45045.8828
current_data: 2.3462, 2452247, 9.7712, 12331.9456
current_data: 1.0642, 5033108, 5.1433, 3818.1468
current_data: 0.3851, 19277244, 77.0249, 16193.8427
current_data: 2.5490, 86076, 0.0012, 2.5000
current_data: 2.1145, 552679, 33.8291, 43793.3756
current_data: 2.3922, 2425567, 8.9599, 12148.1945
current_data: 1.0288, 4856782, 5.1078, 3735.0214
current_data: 0.3829, 19248238, 76.9798, 16125.0923
current_data: 2.5477, 90538, 0.0015, 5.0000
current_data: 1.7346, 5254775, 31.6731, 56299.6971
current_data: 2.3463, 2350492, 9.0254, 12022.5688
current_data: 1.0525, 4988303, 5.0724, 3711.2712
current_data: 0.3841, 19375761, 77.0461, 16414.4689
current_data: 2.5508, 81255, 0.0010, 1.2500
current_data: 2.7761, 292297, 25.6109, 50317.7879
current_data: 2.3814, 2373396, 8.9734, 12241.9450
current_data: 1.0562, 5018446, 5.0632, 3811.8968
current_data: 0.3844, 19348818, 77.0309, 16300.0933
current_data: 2.5499, 81254, 0.0008, 0.6250
current_data: 2.6677, 283021, 25.0948, 47944.0243
current_data: 2.3872, 2378711, 8.9576, 12178.1947
current_data: 1.0244, 4888732, 5.1360, 3723.7713
current_data: 0.3826, 19382710, 77.0543, 16370.0937
current_data: 2.5494, 80444, 0.0007, 0.0000
current_data: 2.2190, 226167, 26.4890, 59906.5928
current_data: 2.2456, 2161551, 10.2982, 13153.2003
current_data: 1.0266, 4914763, 5.1198, 3781.2716
current_data: 0.3867, 18343792, 74.9820, 16480.7193
current_data: 2.5501, 79388, 0.0008, 0.6250
current_data: 2.2213, 230661, 26.4849, 59982.2182
current_data: 2.3381, 2327058, 9.0231, 12011.3187
current_data: 1.0327, 4944549, 5.0970, 3706.8962
current_data: 0.3833, 19420339, 76.9732, 16344.4685
current_data: 2.5493, 80518, 0.0009, 1.8750
current_data: 2.2529, 239449, 27.6920, 58495.9597
current_data: 2.2710, 2263698, 10.2340, 13270.0759
current_data: 1.0543, 5073877, 5.0627, 3790.6467
current_data: 0.3845, 19558459, 77.0203, 16512.5945
current_data: 2.5501, 79152, 0.0007, 2.5000
current_data: 2.4668, 236961, 31.9703, 54000.3090
current_data: 2.3866, 2406940, 9.0279, 12304.4454
current_data: 1.0551, 5080020, 5.0164, 3843.1470
current_data: 0.3843, 19548566, 77.0310, 16490.7194
current_data: 2.5497, 79905, 0.0009, 0.0000
current_data: 2.4667, 235729, 31.9701, 53979.6839
current_data: 2.2951, 2257113, 10.2390, 13321.3262
current_data: 1.0559, 5065050, 5.0092, 3828.1469
current_data: 0.3844, 19541482, 77.0214, 16490.0944
current_data: 2.5509, 79612, 0.0007, 3.7500
current_data: 2.4663, 236084, 31.9676, 53912.1835
current_data: 2.3865, 2498116, 8.9783, 12299.4454
current_data: 1.0531, 5069901, 5.1252, 3959.3977
current_data: 0.3843, 19572818, 77.0569, 16653.2203
current_data: 2.5493, 80446, 0.0008, 0.0000
current_data: 2.4676, 229777, 31.9692, 53994.0590
current_data: 2.2981, 2309266, 10.2776, 13203.8256
current_data: 1.0564, 5113739, 5.0765, 3810.6468
current_data: 0.3845, 19601295, 76.9992, 16445.0941
current_data: 2.5508, 83820, 0.0009, 0.6250
current_data: 2.4681, 232619, 31.9704, 53964.0588
current_data: 2.3870, 2468600, 8.9368, 12171.3196
current_data: 1.0547, 5050842, 5.1300, 3918.7724
current_data: 0.3843, 19541494, 77.0391, 16399.4688
current_data: 2.5489, 80232, 0.0008, 0.0000
current_data: 2.4686, 238155, 31.9685, 53952.8087
current_data: 2.3023, 2374725, 10.2625, 13088.1999
current_data: 1.0572, 5047204, 5.0635, 3902.5223
current_data: 0.3845, 19600759, 76.9975, 16531.3446
current_data: 2.5497, 84227, 0.0010, 1.2500
current_data: 2.4682, 237857, 31.9654, 54152.1849
current_data: 2.3879, 2429824, 8.9066, 12231.3200
current_data: 1.0532, 5112473, 5.1195, 3826.8969
current_data: 0.3844, 19711969, 76.9964, 16504.4694
current_data: 2.5487, 88305, 0.0013, 0.0000
current_data: 2.4665, 241652, 31.9695, 54384.6862
current_data: 2.3017, 2348914, 10.1657, 13578.8277
current_data: 1.0578, 5107326, 5.1021, 3810.6468
current_data: 0.3845, 19664442, 77.0032, 16519.4695
current_data: 2.5500, 83306, 0.0009, 1.2500
current_data: 2.3281, 255826, 26.4962, 44570.2550
current_data: 2.3966, 2445747, 8.9781, 12373.1958
current_data: 1.0588, 5161484, 5.0954, 3970.6477
current_data: 0.3845, 19690971, 77.0208, 16650.7203
current_data: 2.5495, 80759, 0.0008, 1.8750
current_data: 2.5418, 244098, 24.9770, 45557.1357
current_data: 2.3057, 2419783, 10.2245, 13616.3279
current_data: 1.0554, 5120449, 5.1850, 3904.3973
current_data: 0.3846, 19683445, 76.9983, 16570.0948
current_data: 2.5495, 82190, 0.0009, 1.8750
current_data: 2.5688, 245430, 24.9757, 46010.2633
current_data: 2.4008, 2435040, 8.9309, 12366.9458
current_data: 1.0565, 5074817, 5.1483, 3923.7725
current_data: 0.3845, 19698292, 77.0191, 16594.4700
current_data: 2.5502, 80774, 0.0007, 0.0000
current_data: 2.5602, 243100, 24.9727, 45909.0127
current_data: 2.3019, 2425134, 10.1706, 13508.2023
current_data: 1.0607, 5097103, 5.0774, 3893.7723
current_data: 0.3885, 18622715, 75.0214, 16694.4705
current_data: 2.5490, 87040, 0.0012, 1.2500
current_data: 2.5203, 249291, 24.9727, 45150.8834
current_data: 2.4013, 2404233, 8.9509, 12368.1958
current_data: 1.0592, 5158245, 5.2019, 3948.7726
current_data: 0.3846, 19742718, 76.9957, 16653.2203
current_data: 2.5506, 81445, 0.0008, 0.0000
current_data: 2.5044, 241245, 24.9762, 44886.5068
current_data: 2.3426, 2339127, 9.7684, 13576.3277
current_data: 1.0571, 5098017, 5.1527, 3831.8969
current_data: 0.3844, 19670470, 77.0382, 16582.5949
current_data: 2.5508, 81578, 0.0008, 0.6250
current_data: 2.5512, 241797, 24.9771, 45607.7610
current_data: 2.3979, 2406805, 8.9183, 12328.8205
current_data: 1.0587, 5085057, 5.0631, 3916.2724
current_data: 0.3845, 19666045, 77.0163, 16565.7198
current_data: 2.5503, 81479, 0.0008, 0.0000
current_data: 2.5596, 243414, 24.9738, 45740.2617
current_data: 2.3889, 2410067, 8.8820, 12319.4455
current_data: 1.0575, 5108531, 5.1307, 3915.0224
current_data: 0.3844, 19694659, 77.0433, 16603.8450
current_data: 2.5489, 80410, 0.0007, 0.6250
current_data: 2.2658, 268273, 29.6972, 46500.8911
current_data: 2.4020, 2415644, 8.9181, 12355.6957
current_data: 1.0525, 5084718, 5.0936, 3928.7725
current_data: 0.3842, 19717331, 77.0363, 16761.3459
current_data: 2.5490, 91428, 0.0013, 0.6250
current_data: 2.4628, 267224, 31.9673, 54462.1866
current_data: 2.3965, 2404158, 8.9606, 12395.6959
current_data: 1.0536, 5109708, 5.0493, 3868.1471
current_data: 0.3844, 19686468, 77.0261, 16583.2199
current_data: 2.5499, 85376, 0.0009, 3.1250
current_data: 2.4638, 253831, 31.9671, 54299.0607
current_data: 2.3920, 2464530, 8.9337, 12362.5707
current_data: 1.0527, 5116778, 5.1388, 3812.5218
current_data: 0.3842, 19701603, 77.0516, 16530.7196
current_data: 2.5489, 87632, 0.0013, 0.6250
current_data: 2.4635, 261965, 31.9647, 54332.1859
current_data: 2.3933, 2428105, 8.9607, 12377.5708
current_data: 1.0509, 5072362, 5.1194, 3955.6476
current_data: 0.3843, 19725303, 77.0089, 16587.5949
current_data: 2.5484, 90640, 0.0014, 0.0000
current_data: 2.4633, 257664, 31.9654, 54332.1859
current_data: 2.3171, 2342364, 10.2144, 12989.4493
current_data: 1.0550, 5085732, 5.0975, 3935.0225
current_data: 0.3844, 19709267, 77.0323, 16506.9695
current_data: 2.5496, 86244, 0.0010, 1.8750
current_data: 2.4672, 250804, 31.9680, 54527.1870
current_data: 2.3939, 2418248, 8.9649, 12358.1957
current_data: 1.0543, 5090595, 5.1386, 3853.1470
current_data: 0.3844, 19692066, 77.0241, 16556.9697
current_data: 2.5499, 83440, 0.0009, 1.8750
current_data: 2.4640, 247435, 31.9681, 54320.3108
current_data: 2.3058, 2455929, 10.1574, 13583.2027
current_data: 1.0516, 5093085, 5.1681, 3977.5228
current_data: 0.3844, 19740228, 77.0270, 16723.2207
current_data: 2.5503, 80466, 0.0008, 0.0000
current_data: 2.4680, 243119, 31.9672, 54627.1876
current_data: 2.3956, 2462407, 8.9289, 12361.9457
current_data: 1.0457, 4922750, 5.1386, 3784.3967
current_data: 0.3842, 19726745, 77.0172, 16595.7200
current_data: 2.5493, 89357, 0.0014, 0.6250
current_data: 2.2209, 264153, 33.1347, 51136.5426
current_data: 2.2969, 2288669, 10.1877, 13568.2026
current_data: 1.0648, 5132328, 5.0827, 3861.8971
current_data: 0.3851, 19765195, 77.0317, 16683.8455
current_data: 2.5499, 85032, 0.0011, 1.2500
current_data: 2.1763, 244433, 34.2665, 46251.5147
current_data: 2.4059, 2347339, 8.9413, 12397.5709
current_data: 1.0653, 5148144, 5.1241, 3901.2723
current_data: 0.3895, 18717045, 75.0635, 16749.4708
current_data: 2.5507, 79922, 0.0008, 1.2500
current_data: 2.1745, 231867, 34.2685, 46128.3889
current_data: 2.3149, 2427747, 10.2005, 13681.9533
current_data: 1.0657, 5142171, 5.1365, 3866.2721
current_data: 0.3853, 19763648, 76.9984, 16637.5952
current_data: 2.5494, 80844, 0.0008, 1.2500
current_data: 2.1212, 249893, 34.3602, 45468.3852
current_data: 2.4126, 2449454, 8.8676, 12341.9456
current_data: 1.0349, 5004620, 5.1110, 3820.6469
current_data: 0.3831, 19672784, 77.0170, 16565.7198
current_data: 2.5494, 80698, 0.0009, 0.0000
current_data: 1.7007, 5753558, 31.7934, 53815.3079
current_data: 2.3566, 2425645, 8.8978, 12488.1965
current_data: 1.0499, 5090707, 5.1513, 3915.0224
current_data: 0.3841, 19714277, 77.0338, 16651.3453
current_data: 2.5499, 80879, 0.0008, 0.0000
current_data: 2.8007, 293514, 25.4786, 52474.0503
current_data: 2.3937, 2329415, 8.9377, 12285.0703
current_data: 1.0555, 5072413, 5.1110, 4033.1481
current_data: 0.3843, 19691825, 77.0258, 16615.7201
current_data: 2.5494, 82201, 0.0008, 2.5000
current_data: 2.7533, 277118, 24.8489, 49080.9058
current_data: 2.3983, 2514796, 8.9242, 12248.1951
current_data: 1.0245, 4921614, 5.1223, 3892.5223
current_data: 0.3824, 19630230, 77.0715, 16642.5952
current_data: 2.5499, 82514, 0.0008, 1.2500
current_data: 2.2207, 223116, 26.4927, 60968.4739
current_data: 2.3469, 2386723, 8.9750, 12210.6949
current_data: 1.0267, 4968934, 5.1374, 3823.1469
current_data: 0.3827, 19652602, 76.9954, 16531.9696
current_data: 2.5489, 88800, 0.0012, 0.0000
current_data: 2.2212, 236784, 26.4862, 60872.2233
current_data: 2.3497, 2397531, 9.0017, 12123.8194
current_data: 1.0274, 4963888, 5.1989, 3891.8973
current_data: 0.3823, 19599666, 77.0694, 16468.2192
current_data: 2.5492, 90613, 0.0013, 0.6250
current_data: 2.2463, 255763, 27.6141, 58969.7124
current_data: 2.3589, 2345948, 8.9776, 12231.3200
current_data: 1.0540, 5082995, 5.1071, 3791.8967
current_data: 0.3845, 19782957, 77.0043, 16632.5952
current_data: 2.5505, 84552, 0.0009, 1.8750
current_data: 2.4657, 243112, 31.9686, 54415.9364
current_data: 2.3963, 2428777, 8.9574, 12333.1956
current_data: 1.0572, 5087235, 5.0810, 3871.2722
current_data: 0.3844, 19670208, 77.0339, 16538.8446
current_data: 2.5501, 80943, 0.0008, 0.0000
current_data: 2.4660, 242238, 31.9670, 54145.3098
current_data: 2.3938, 2512162, 8.9094, 12311.3204
current_data: 1.0521, 5078134, 5.1235, 3890.0223
current_data: 0.3842, 19740058, 77.0244, 16610.7200
current_data: 2.5484, 90764, 0.0013, 0.0000
current_data: 2.4639, 250884, 31.9676, 54294.0607
current_data: 2.3964, 2419911, 8.9500, 12268.1952
current_data: 1.0520, 5081299, 5.1455, 3816.2718
current_data: 0.3843, 19684433, 77.0363, 16626.9701
current_data: 2.5495, 86434, 0.0010, 0.6250
current_data: 2.4647, 246665, 31.9663, 54205.3102
current_data: 2.4000, 2360180, 8.9502, 12387.5709
current_data: 1.0503, 5058251, 5.1080, 3910.0224
current_data: 0.3844, 19664552, 77.0132, 16528.2196
current_data: 2.5499, 82644, 0.0010, 1.2500
current_data: 2.4665, 237614, 31.9701, 54222.8103
current_data: 2.3971, 2472380, 8.9194, 12360.0707
current_data: 1.0562, 5105618, 5.1000, 3823.1469
current_data: 0.3843, 19733715, 77.0426, 16640.7202
current_data: 2.5498, 82038, 0.0010, 0.6250
current_data: 2.4688, 246315, 31.9674, 54450.3116
current_data: 2.3369, 2550422, 9.8508, 12570.6969
current_data: 1.0550, 5071281, 5.0882, 3858.1471
current_data: 0.3865, 18454519, 75.2422, 16628.8452
current_data: 2.5493, 81387, 0.0009, 0.0000
current_data: 2.4684, 235484, 31.9680, 54527.8120
current_data: 2.4022, 2454712, 8.9236, 12394.4459
current_data: 1.0578, 5113253, 5.0652, 3916.2724
current_data: 0.3841, 19709984, 77.0288, 16569.4698
current_data: 2.5501, 79007, 0.0008, 0.0000
current_data: 2.4684, 237088, 31.9691, 54410.9363
current_data: 2.3116, 2366331, 10.1294, 13560.7026
current_data: 1.0621, 5134045, 5.0428, 3873.1472
current_data: 0.3841, 19734459, 77.0397, 16497.5944
current_data: 2.5490, 80449, 0.0009, 0.0000
current_data: 2.3922, 263182, 26.0091, 45131.5082
current_data: 2.4070, 2449545, 8.9263, 12403.8210
current_data: 1.0568, 5123906, 5.0878, 3840.0220
current_data: 0.3841, 19767578, 77.0256, 16691.9705
current_data: 2.5502, 81569, 0.0010, 0.0000
current_data: 2.5400, 255585, 24.9777, 45670.8863
current_data: 2.3168, 2390067, 10.0908, 13537.5775
current_data: 1.0591, 5124657, 5.0575, 3833.7719
current_data: 0.3841, 19687468, 77.0626, 16621.3451
current_data: 2.5506, 80674, 0.0008, 0.0000
current_data: 2.5559, 248349, 24.9763, 45836.5123
current_data: 2.4063, 2433174, 8.8986, 12313.8205
current_data: 1.0528, 5094829, 5.2237, 3916.2724
current_data: 0.3842, 19710957, 76.9901, 16612.5951
current_data: 2.5490, 88408, 0.0012, 0.6250
current_data: 2.5564, 258635, 24.9738, 45815.8872
current_data: 2.3100, 2327494, 10.1502, 13502.5773
current_data: 1.0559, 5097665, 5.0970, 3990.0228
current_data: 0.3842, 19771693, 76.9928, 16592.5949
current_data: 2.5483, 88526, 0.0013, 0.0000
current_data: 2.5205, 256099, 24.9748, 45305.8842
current_data: 2.4085, 2436120, 8.9536, 12393.8209
current_data: 1.0564, 4875909, 5.1408, 3689.3961
current_data: 0.3844, 19751964, 76.9998, 16631.9702
current_data: 2.5494, 79910, 0.0007, 3.1250
current_data: 2.5045, 251426, 24.9761, 44985.2574
current_data: 2.3613, 2249369, 9.5496, 13637.5780
current_data: 1.0598, 5109366, 5.1035, 3910.0224
current_data: 0.3844, 19769325, 77.0026, 16620.0951
current_data: 2.5504, 79464, 0.0008, 0.6250
current_data: 2.5582, 252140, 24.9748, 46064.6386
current_data: 2.4120, 2490857, 8.8728, 12362.5707
current_data: 1.0616, 5132486, 5.0394, 3952.5226
current_data: 0.3841, 19760056, 77.0449, 16661.9703
current_data: 2.5502, 78968, 0.0007, 0.0000
current_data: 2.5578, 247915, 24.9733, 46067.1386
current_data: 2.4107, 2427969, 8.8989, 12293.8203
current_data: 1.0573, 5133992, 5.1211, 3926.8975
current_data: 0.3843, 19724637, 77.0135, 16571.9698
current_data: 2.5493, 83150, 0.0009, 0.6250
current_data: 2.2571, 274771, 30.4925, 47617.1475
current_data: 2.4135, 2486445, 8.9298, 12459.4463
current_data: 1.0520, 5100539, 5.2154, 3936.8975
current_data: 0.3841, 19743988, 77.0269, 16715.7206
current_data: 2.5497, 85465, 0.0011, 1.8750
current_data: 2.4632, 256357, 31.9672, 54444.0615
current_data: 2.4020, 2424294, 8.9507, 12376.9458
current_data: 1.0509, 5072640, 5.1065, 3925.6475
current_data: 0.3840, 19716683, 77.0344, 16610.0950
current_data: 2.5495, 91945, 0.0012, 1.2500
current_data: 2.4612, 254990, 31.9663, 54269.0605
current_data: 2.3668, 2548479, 9.2194, 12364.4457
current_data: 1.0528, 5081355, 5.0713, 3744.3964
current_data: 0.3841, 19753573, 77.0158, 16780.0960
current_data: 2.5503, 86122, 0.0010, 3.1250
current_data: 2.4632, 250232, 31.9660, 54240.3104
current_data: 2.3964, 2382680, 8.8913, 12268.1952
current_data: 1.0551, 5093160, 5.1023, 3896.2723
current_data: 0.3810, 18498891, 76.2803, 16663.2203
current_data: 2.5496, 82330, 0.0009, 0.6250
current_data: 2.4624, 241197, 31.9667, 54292.8107
current_data: 2.3239, 2383135, 10.1172, 13149.4502
current_data: 1.0535, 5058666, 5.1763, 3833.7719
current_data: 0.3845, 19648434, 77.0187, 16580.7199
current_data: 2.5504, 80105, 0.0009, 0.0000
current_data: 2.4667, 240073, 31.9681, 54112.8096
current_data: 2.4046, 2429493, 8.9437, 12363.8207
current_data: 1.0545, 5116245, 5.2258, 3874.3972
current_data: 0.3844, 19725835, 77.0268, 16561.9698
current_data: 2.5502, 80688, 0.0007, 1.8750
current_data: 2.4642, 242020, 31.9688, 54490.3118
current_data: 2.3264, 2402708, 10.1476, 13623.2030
current_data: 1.0526, 5072057, 5.1587, 3926.2725
current_data: 0.3844, 19681401, 77.0080, 16637.5952
current_data: 2.5489, 84182, 0.0009, 1.2500
current_data: 2.4666, 248006, 31.9663, 54345.3110
current_data: 2.3993, 2346042, 8.8845, 12271.3202
current_data: 1.0548, 4807949, 5.1127, 3758.1465
current_data: 0.3846, 19745333, 76.9976, 16632.5952
current_data: 2.5485, 88435, 0.0013, 0.6250
current_data: 2.1937, 259919, 33.3766, 50297.1628
current_data: 2.3193, 2286139, 10.1481, 13584.4527
current_data: 1.0598, 5110040, 5.2078, 3851.8970
current_data: 0.3850, 19741978, 77.0349, 16692.5955
current_data: 2.5496, 88674, 0.0015, 2.5000
current_data: 2.1753, 248462, 34.2663, 46059.6386
current_data: 2.4169, 2484788, 8.9142, 12425.0711
current_data: 1.0649, 5129667, 5.1473, 4038.1481
current_data: 0.3851, 19729700, 77.0468, 16716.9707
current_data: 2.5500, 81677, 0.0009, 1.2500
current_data: 2.1755, 234118, 34.2665, 46172.7642
current_data: 2.3249, 2337486, 10.0990, 13516.3273
current_data: 1.0646, 5167931, 5.0557, 3882.5222
current_data: 0.3851, 19774743, 77.0273, 16591.9699
current_data: 2.5494, 86438, 0.0011, 0.0000
current_data: 2.1250, 256625, 34.3208, 45391.5097
current_data: 2.4174, 2490481, 8.9180, 12457.5713
current_data: 1.0285, 4993192, 5.1729, 3863.7721
current_data: 0.3829, 19676685, 77.0176, 16503.2194
current_data: 2.5492, 90891, 0.0013, 1.2500
current_data: 1.7158, 5522897, 31.3988, 56059.6958
current_data: 2.3294, 2214003, 9.1856, 13138.8252
current_data: 1.0523, 5075957, 5.1444, 3857.5221
current_data: 0.3841, 19657155, 77.0216, 16435.0940
current_data: 2.5481, 87303, 0.0012, 0.0000
current_data: 2.7828, 291455, 25.6299, 51285.9185
current_data: 2.4083, 2415430, 8.9385, 12369.4458
current_data: 1.0526, 5072218, 5.1399, 3921.8974
current_data: 0.3843, 19739834, 77.0138, 16543.2197
current_data: 2.5494, 86871, 0.0012, 1.8750
current_data: 2.6576, 301071, 25.1035, 48972.1552
current_data: 2.3907, 2495332, 8.8959, 12953.1991
current_data: 1.0139, 4782837, 5.2385, 3938.7725
current_data: 0.3826, 19687195, 76.9893, 16532.5946
current_data: 2.5487, 91891, 0.0016, 0.6250
current_data: 2.2171, 243627, 26.4881, 60725.9725
current_data: 2.3486, 2389414, 8.9497, 12173.1947
current_data: 1.0219, 4861442, 5.1196, 3768.7716
current_data: 0.3827, 19671257, 76.9999, 16631.3452
current_data: 2.5498, 85581, 0.0012, 0.6250
current_data: 2.2172, 238071, 26.4854, 60678.4722
current_data: 2.3518, 2344223, 8.9335, 12521.9467
current_data: 1.0340, 4972793, 5.0258, 3683.7711
current_data: 0.3833, 19699851, 77.0071, 16617.5951
current_data: 2.5491, 82232, 0.0009, 1.2500
current_data: 2.2759, 239873, 28.2414, 58439.0844
current_data: 2.3737, 2458545, 8.9238, 12261.9452
current_data: 1.0532, 5075964, 5.0198, 3842.5220
current_data: 0.3844, 19678129, 77.0294, 16610.0950
current_data: 2.5507, 82455, 0.0008, 1.2500
current_data: 2.4646, 239147, 31.9692, 54249.0604
current_data: 2.3984, 2458524, 8.8971, 12890.0738
current_data: 1.0548, 5059128, 4.9975, 3838.7720
current_data: 0.3850, 19361265, 76.3372, 16806.9712
current_data: 2.5485, 86139, 0.0010, 0.6250
current_data: 2.4662, 238096, 31.9689, 54319.0608
current_data: 2.4050, 2411031, 8.9088, 12381.3208
current_data: 1.0528, 5092829, 5.0730, 3749.3965
current_data: 0.3844, 19757435, 77.0168, 16672.5954
current_data: 2.5493, 81050, 0.0009, 1.2500
current_data: 2.4646, 241547, 31.9635, 54307.1857
current_data: 2.4060, 2413927, 8.8829, 12321.3205
current_data: 1.0501, 5069553, 5.1558, 3905.6473
current_data: 0.3842, 19718291, 77.0189, 16612.5951
current_data: 2.5486, 89697, 0.0014, 1.2500
current_data: 2.4644, 254386, 31.9647, 54210.9352
current_data: 2.4065, 2504341, 8.8835, 12355.6957
current_data: 1.0505, 5073750, 5.1180, 3926.2725
current_data: 0.3844, 19684397, 76.9973, 16559.4698
current_data: 2.5484, 88256, 0.0013, 0.6250
current_data: 2.4666, 248537, 31.9684, 54183.4350
current_data: 2.3794, 2427682, 8.9463, 12284.4453
current_data: 1.0554, 5122648, 5.1217, 4038.1481
current_data: 0.3842, 19703084, 77.0355, 16638.8452
current_data: 2.5485, 86198, 0.0011, 0.0000
current_data: 2.4679, 247621, 31.9679, 54412.1863
current_data: 2.3772, 2395353, 8.9338, 12251.3201
current_data: 1.0540, 5096281, 5.0821, 3845.0220
current_data: 0.3844, 19742198, 77.0236, 16679.4704
current_data: 2.5502, 79575, 0.0008, 0.0000
current_data: 2.4684, 234060, 31.9689, 54419.6864
current_data: 2.3740, 2418325, 8.9184, 12218.8199
current_data: 1.0544, 5045376, 5.0724, 3823.1469
current_data: 0.3844, 19718286, 77.0426, 16551.9697
current_data: 2.5491, 80876, 0.0008, 0.6250
current_data: 2.4042, 218467, 31.9198, 53158.4292
current_data: 2.3830, 2388900, 8.9203, 12256.9451
current_data: 1.0600, 5122028, 5.0571, 3882.5222
current_data: 0.3844, 19763239, 77.0261, 16585.7199
current_data: 2.5493, 83122, 0.0011, 2.5000
current_data: 2.5504, 247931, 24.9756, 45699.6365
current_data: 2.3892, 2414887, 8.9646, 12345.0706
current_data: 1.0590, 5156865, 5.1894, 3888.7723
current_data: 0.3846, 19762611, 77.0124, 16519.4695
current_data: 2.5498, 80972, 0.0008, 1.8750
current_data: 2.5453, 241263, 24.9774, 45619.6360
current_data: 2.3929, 2435789, 8.8888, 12251.3201
current_data: 1.0564, 5125368, 5.1563, 3868.7721
current_data: 0.3843, 19719332, 77.0554, 16504.4694
current_data: 2.5497, 81116, 0.0007, 0.0000
current_data: 2.5628, 240883, 24.9756, 45892.1376
current_data: 2.3872, 2392966, 8.9191, 12288.1953
current_data: 1.0581, 5100198, 5.1101, 3887.5222
current_data: 0.3846, 19693506, 77.0053, 16580.0949
current_data: 2.5498, 79692, 0.0008, 0.0000
current_data: 2.5684, 236489, 24.9758, 46016.5133
current_data: 2.3882, 2419210, 8.9479, 12228.1950
current_data: 1.0578, 5062387, 5.0613, 3794.3967
current_data: 0.3846, 19605034, 77.0165, 16608.2200
current_data: 2.5497, 81795, 0.0009, 0.6250
current_data: 2.5273, 240975, 24.9749, 45252.7589
current_data: 2.3881, 2430190, 8.9287, 12257.5701
current_data: 1.0605, 5133754, 5.1003, 3894.3973
current_data: 0.3844, 19720049, 77.0552, 16678.8454
current_data: 2.5503, 81507, 0.0008, 0.6250
current_data: 2.4944, 236332, 24.9783, 44924.0071
current_data: 2.3940, 2400727, 8.9528, 12373.8208
current_data: 1.0570, 5118824, 5.1287, 3943.1476
current_data: 0.3845, 19751025, 77.0194, 16634.4702
current_data: 2.5503, 80914, 0.0008, 0.6250
current_data: 2.5642, 240412, 24.9769, 46129.6390
current_data: 2.3907, 2476295, 8.9476, 12354.4457
current_data: 1.0563, 5105900, 5.1277, 3867.5221
current_data: 0.3888, 18730278, 75.0673, 16740.7208
current_data: 2.5486, 86640, 0.0011, 1.8750
current_data: 2.5585, 250231, 24.9732, 46015.2633
current_data: 2.3869, 2431019, 8.9045, 12246.9451
current_data: 1.0543, 5096336, 5.1245, 3838.7720
current_data: 0.3843, 19754587, 77.0069, 16695.0955
current_data: 2.5486, 90892, 0.0015, 0.0000
current_data: 2.2581, 289132, 31.4974, 49340.9073
current_data: 2.3882, 2391815, 8.9604, 12329.4455
current_data: 1.0510, 5086063, 5.1421, 3831.8969
current_data: 0.3844, 19738990, 77.0228, 16570.7198
current_data: 2.5491, 88897, 0.0012, 0.0000
current_data: 2.4652, 260722, 31.9662, 54417.8114
current_data: 2.3764, 2431852, 8.9357, 12256.3201
current_data: 1.0532, 5089485, 5.1136, 3958.7727
current_data: 0.3844, 19740046, 77.0193, 16641.9702
current_data: 2.5502, 81480, 0.0008, 1.8750
current_data: 2.4648, 243503, 31.9645, 54360.3111
current_data: 2.3856, 2351753, 8.9399, 12301.3204
current_data: 1.0548, 5093957, 5.1548, 3921.2724
current_data: 0.3842, 19737911, 77.0557, 16620.0951
current_data: 2.5497, 83180, 0.0009, 2.5000
current_data: 2.4648, 250429, 31.9639, 54334.6859
current_data: 2.3862, 2413338, 8.8971, 12260.6952
current_data: 1.0527, 5059189, 5.1867, 3881.2722
current_data: 0.3843, 19728988, 77.0409, 16732.5957
current_data: 2.5498, 80741, 0.0008, 0.6250
current_data: 2.4649, 240348, 31.9662, 54274.6856
current_data: 2.3784, 2431056, 8.9289, 12314.4455
current_data: 1.0542, 5061208, 5.0887, 3931.8975
current_data: 0.3844, 19665552, 77.0177, 16470.7192
current_data: 2.5502, 80519, 0.0008, 0.0000
current_data: 2.4680, 244778, 31.9667, 54215.3102
current_data: 2.3778, 2455125, 8.9054, 12250.0701
current_data: 1.0529, 5094104, 5.1317, 3923.7725
current_data: 0.3843, 19681810, 77.0348, 16496.3444
current_data: 2.5496, 78659, 0.0007, 0.0000
current_data: 2.4681, 238226, 31.9676, 54410.3113
current_data: 2.3864, 2417742, 8.9183, 12275.0702
current_data: 1.0532, 5121527, 5.1792, 3900.6473
current_data: 0.3842, 19727673, 77.0470, 16551.9697
current_data: 2.5496, 83309, 0.0009, 4.3750
current_data: 2.4678, 246980, 31.9663, 54567.1872
current_data: 2.3865, 2477667, 8.9442, 12340.6956
current_data: 1.0561, 5104559, 5.0315, 3750.0215
current_data: 0.3845, 19744109, 77.0371, 16583.8449
current_data: 2.5495, 84787, 0.0010, 0.0000
current_data: 2.1688, 255502, 33.7950, 49514.0333
current_data: 2.3909, 2498200, 8.9325, 12389.4459
current_data: 1.0626, 5131258, 5.0933, 3796.8967
current_data: 0.3852, 19782295, 77.0007, 16624.4701
current_data: 2.5493, 85744, 0.0011, 0.0000
current_data: 2.1771, 235255, 34.2656, 46101.5138
current_data: 2.4021, 2390613, 8.8887, 12285.0703
current_data: 1.0613, 5124827, 5.1546, 3919.3974
current_data: 0.3853, 19790002, 76.9998, 16678.8454
current_data: 2.5491, 81366, 0.0008, 0.6250
current_data: 2.1777, 226893, 34.2687, 46170.8892
current_data: 2.4042, 2402346, 8.8671, 12305.0704
current_data: 1.0629, 5128933, 5.1328, 3998.7729
current_data: 0.3850, 19714333, 77.0404, 16631.9702
current_data: 2.5507, 80108, 0.0008, 1.2500
current_data: 2.1086, 812714, 32.9875, 44427.1292
current_data: 2.3955, 2412688, 8.9158, 12290.0703
current_data: 1.0291, 4946067, 5.0034, 3678.1460
current_data: 0.3828, 19554909, 77.0385, 16548.2197
current_data: 2.5483, 84140, 0.0010, 0.6250
current_data: 1.7910, 4615066, 31.6958, 56575.3237
current_data: 2.3474, 2345420, 8.9287, 12041.3189
current_data: 1.0530, 5041082, 5.0753, 3793.1467
current_data: 0.3888, 18626643, 75.0310, 16673.2204
current_data: 2.5486, 90166, 0.0014, 0.0000
current_data: 2.7713, 308339, 25.5366, 50809.0407
current_data: 2.3910, 2425013, 8.9616, 12269.4452
current_data: 1.0486, 5005515, 5.1682, 3782.5216
current_data: 0.3841, 19635193, 76.9801, 16619.4701
current_data: 2.5495, 87767, 0.0012, 1.2500
current_data: 2.5794, 295909, 25.3019, 50182.1621
current_data: 2.3664, 2387206, 8.9545, 12563.8219
current_data: 1.0255, 4910563, 5.0223, 3675.6460
current_data: 0.3827, 19488730, 77.0305, 16411.9689
current_data: 2.5503, 83939, 0.0008, 1.2500
current_data: 2.2233, 228284, 26.4888, 60496.5962
current_data: 2.3361, 2355708, 9.0136, 12070.0691
current_data: 1.0277, 4947965, 5.1714, 3806.8968
current_data: 0.3827, 19542078, 77.0242, 16473.8443
current_data: 2.5499, 80953, 0.0008, 0.6250
current_data: 2.2177, 228362, 26.4870, 60534.0964
current_data: 2.2447, 2300699, 10.2415, 13221.3257
current_data: 1.0334, 4988020, 5.1401, 3759.3965
current_data: 0.3831, 19516498, 77.0649, 16540.0946
current_data: 2.5506, 87045, 0.0011, 0.6250
current_data: 2.3014, 248059, 28.7625, 57628.4548
current_data: 2.3609, 2449549, 8.9535, 12195.6948
current_data: 1.0537, 5053068, 5.1361, 3863.7721
current_data: 0.3842, 19561715, 77.0680, 16545.0947
current_data: 2.5505, 83401, 0.0009, 2.5000
current_data: 2.4682, 240543, 31.9673, 54127.1847
current_data: 2.2975, 2339932, 10.2243, 13233.2007
current_data: 1.0520, 5057373, 5.1398, 3857.5221
current_data: 0.3843, 19573885, 77.0323, 16509.4695
current_data: 2.5492, 82285, 0.0008, 0.0000
current_data: 2.4663, 234844, 31.9669, 54042.1842
current_data: 2.3861, 2459880, 8.8988, 12203.8198
current_data: 1.0551, 5070371, 5.0528, 3741.2714
current_data: 0.3843, 19598607, 77.0515, 16433.8440
current_data: 2.5506, 81397, 0.0008, 3.1250
current_data: 2.4667, 233491, 31.9692, 54092.8095
current_data: 2.3659, 2570229, 9.1717, 12295.0704
current_data: 1.0535, 5042114, 5.0244, 3746.2714
current_data: 0.3843, 19623621, 77.0175, 16543.8447
current_data: 2.5490, 89207, 0.0012, 1.8750
current_data: 2.4661, 247490, 31.9658, 54239.0604
current_data: 2.3902, 2404007, 8.9378, 12313.1955
current_data: 1.0515, 5050322, 5.0695, 3819.3969
current_data: 0.3842, 19635741, 77.0427, 16498.8444
current_data: 2.5495, 86752, 0.0011, 0.6250
current_data: 2.4674, 240873, 31.9680, 54317.1858
current_data: 2.3964, 2441143, 8.8830, 12333.1956
current_data: 1.0517, 5095125, 5.1708, 3946.8976
current_data: 0.3844, 19731980, 77.0290, 16617.5951
current_data: 2.5516, 82695, 0.0008, 0.6250
current_data: 2.4686, 236444, 31.9698, 54680.9379
current_data: 2.3933, 2350887, 8.9317, 12311.3204
current_data: 1.0554, 5083622, 5.0699, 3844.3970
current_data: 0.3846, 19759294, 77.0000, 16701.3456
current_data: 2.5499, 83760, 0.0009, 1.2500
current_data: 2.4696, 231013, 31.9701, 54575.9373
current_data: 2.3920, 2416391, 8.8989, 12282.5703
current_data: 1.0533, 4836104, 5.2238, 3664.3960
current_data: 0.3844, 19725311, 77.0251, 16575.7198
current_data: 2.5486, 86026, 0.0010, 1.2500
current_data: 2.3278, 221658, 32.4375, 52318.4244
current_data: 2.3952, 2458863, 8.9033, 12295.0704
current_data: 1.0592, 5113571, 4.9740, 3888.7723
current_data: 0.3844, 19730990, 77.0137, 16569.4698
current_data: 2.5489, 92189, 0.0015, 0.0000
current_data: 2.5449, 266535, 24.9727, 45780.8870
current_data: 2.3858, 2557200, 9.0462, 12428.1961
current_data: 1.0564, 5036910, 5.0986, 3842.5220
current_data: 0.3895, 18637717, 75.0696, 16680.7204
current_data: 2.5490, 85849, 0.0010, 1.8750
current_data: 2.5395, 258498, 24.9741, 45374.0096
current_data: 2.4035, 2429847, 8.8825, 12321.9455
current_data: 1.0567, 5079928, 5.0816, 3785.0217
current_data: 0.3845, 19695626, 77.0129, 16606.3450
current_data: 2.5495, 82941, 0.0008, 0.6250
current_data: 2.5559, 250840, 24.9740, 45838.3873
current_data: 2.3960, 2511826, 8.9243, 12317.5705
current_data: 1.0631, 5152393, 5.1001, 3824.3969
current_data: 0.3844, 19725131, 77.0159, 16643.2202
current_data: 2.5500, 85055, 0.0010, 0.6250
current_data: 2.5627, 251764, 24.9727, 46042.7635
current_data: 2.4014, 2483986, 8.8956, 12303.1954
current_data: 1.0593, 5139220, 5.1120, 4006.8979
current_data: 0.3840, 19685436, 77.0515, 16567.5948
current_data: 2.5501, 82125, 0.0008, 0.0000
current_data: 2.5203, 247945, 24.9757, 45115.2582
current_data: 2.3869, 2525977, 8.9757, 12354.4457
[32m[info] [src/pairwise_allocator.cpp:allocating:1174] Will begin allocating cache, allocation_ready_queue size 1, allocation_complete_queue size 4
[mcurrent_data: 1.0466, 938872, 5.5544, 1005.6308
current_data: 0.4557, 5834974, 63.5234, 3483.7699
current_data: 2.5478, 18816, 0.0014, 0.0000
current_data: 1.1201, 25952, 25.0211, 3805.6468
current_data: 1.0583, 231651, 20.4425, 2285.6381
[32m[info] [src/pairwise_allocator.cpp:binary_serch_cache_roofline:462] descriptor COLS 3, find_cache_roofline_times: 1, roofline ipc: 2.5478, current ipc 2.5478, gap: 0.0000, lway: 1, rway: 14
[mcurrent_data: 1.0331, 823414, 6.1211, 1006.2558
current_data: 0.4709, 5831690, 61.8221, 3235.0185
current_data: 2.5494, 16678, 0.0006, 0.0000
current_data: 1.1219, 19889, 25.0241, 3829.3969
current_data: 2.1095, 355681, 6.7983, 1588.1341
[32m[info] [src/pairwise_allocator.cpp:binary_serch_cache_roofline:462] descriptor COLS 3, find_cache_roofline_times: 2, roofline ipc: 2.5494, current ipc 2.5494, gap: 0.0000, lway: 1, rway: 7
[mcurrent_data: 1.0291, 787484, 5.9611, 957.5055
current_data: 0.4802, 5977489, 60.7500, 3245.0186
current_data: 2.5495, 15727, 0.0006, 0.0000
current_data: 1.1195, 21959, 25.0262, 3814.3968
current_data: 1.0950, 190761, 20.1480, 2339.3884
[32m[info] [src/pairwise_allocator.cpp:binary_serch_cache_roofline:462] descriptor COLS 3, find_cache_roofline_times: 3, roofline ipc: 2.5495, current ipc 2.5495, gap: 0.0000, lway: 1, rway: 4
[mcurrent_data: 1.0334, 787412, 5.8956, 981.8806
current_data: 0.4740, 5846089, 61.4623, 3224.3935
current_data: 2.5479, 17103, 0.0009, 0.6250
current_data: 1.1206, 21425, 25.0250, 3810.6468
current_data: 2.1042, 325554, 6.8286, 1551.8839
[32m[info] [src/pairwise_allocator.cpp:binary_serch_cache_roofline:462] descriptor COLS 3, find_cache_roofline_times: 4, roofline ipc: 2.5495, current ipc 2.5479, gap: 0.0006, lway: 1, rway: 2
[mcurrent_data: 1.0276, 786785, 6.1565, 995.0057
current_data: 0.4756, 5948533, 61.1367, 3276.2687
current_data: 2.5469, 19605, 0.0018, 0.0000
current_data: 1.1191, 23162, 25.0281, 3839.3970
current_data: 1.1555, 196303, 18.3373, 2357.5135
[32m[info] [src/pairwise_allocator.cpp:binary_serch_cache_roofline:462] descriptor COLS 3, find_cache_roofline_times: 5, roofline ipc: 2.5495, current ipc 2.5469, gap: 0.0010, lway: 1, rway: 1
[mcurrent_data: 1.0311, 778147, 6.2812, 989.3807
current_data: 0.4744, 5930164, 61.4443, 3225.0185
current_data: 2.5493, 15665, 0.0008, 0.0000
current_data: 1.1207, 20833, 25.0267, 3803.1468
current_data: 2.0901, 362357, 6.9043, 1572.5090
[32m[info] [src/pairwise_allocator.cpp:found_cache_roofline:405] Found_cache_roofline, obj_id 134584, roofline cache way: 1, roofline remain cache: 14, roofline cache bitmask: 0x7ffe
[m[32m[info] [src/pairwise_allocator.cpp:binary_serch_cache_roofline:462] descriptor COLS 3, find_cache_roofline_times: 6, roofline ipc: 2.5495, current ipc 2.5493, gap: 0.0001, lway: 1, rway: 1
[m[32m[info] [src/pairwise_allocator.cpp:allocating_cache:846] binary_serch_cache_roofline first pair success
[m[32m[info] [src/pairwise_allocator.cpp:pair_allocating_cache:770] pair_allocating_cache begin, allocating time: 0, descriptor roofline cache way: 1, system remain cache way: 5, complete queue size: 4
[m[32m[info] [src/pairwise_allocator.cpp:allocating_cache:852] Complete pair_allocating_cache, allocate cache ways: 1
[m[34m[critical] [src/pairwise_allocator.cpp:print_allocating_cache_results:815] print_allocating_cache_results: system remain cache: 4
[m[34m[critical] [src/pairwise_allocator.cpp:print_allocating_cache_results:818] obj: 137579, cache_way: 1, roofline cache way: 1
[m[34m[critical] [src/pairwise_allocator.cpp:print_allocating_cache_results:818] obj: 134569, cache_way: 4, roofline cache way: 4
[m[34m[critical] [src/pairwise_allocator.cpp:print_allocating_cache_results:818] obj: 137589, cache_way: 4, roofline cache way: 4
[m[34m[critical] [src/pairwise_allocator.cpp:print_allocating_cache_results:818] obj: 134574, cache_way: 1, roofline cache way: 1
[m[34m[critical] [src/pairwise_allocator.cpp:print_allocating_cache_results:823] obj: 134584, cache_way: 1, roofline cache way: 1
[mSKT0: MBA COS6 => 100% requested, 100% applied
current_data: 1.0501, 948606, 5.5762, 1008.1308
current_data: 0.3615, 3509850, 80.8201, 3533.1452
current_data: 2.5467, 18229, 0.0019, 0.0000
current_data: 0.9298, 21876, 32.0033, 3930.0225
current_data: 1.5885, 337137, 12.1848, 1935.6361
SKT0: MBA COS6 => 60% requested, 60% applied
[32m[info] [src/pairwise_allocator.cpp:binary_serch_mb_roofline:937] descriptor1 COLS 3, find_mb_roofline_time: 1, roofline mb: 0.0000, current mb 0.0000, gap: -nan, lmb_throttle: 20, rmb_throttle: 100
[mcurrent_data: 1.0360, 791776, 5.8005, 893.7551
current_data: 0.3676, 3347474, 79.8806, 3161.8931
current_data: 2.5505, 16880, 0.0016, 0.0000
current_data: 0.9304, 19186, 32.0084, 3860.6471
current_data: 2.1127, 326859, 6.6953, 1588.1341
SKT0: MBA COS6 => 40% requested, 40% applied
[32m[info] [src/pairwise_allocator.cpp:binary_serch_mb_roofline:937] descriptor1 COLS 3, find_mb_roofline_time: 2, roofline mb: 0.0000, current mb 0.0000, gap: -nan, lmb_throttle: 20, rmb_throttle: 60
[mcurrent_data: 1.0294, 780445, 6.0382, 920.6303
current_data: 0.3701, 3479164, 79.4506, 3265.6437
current_data: 2.5481, 15355, 0.0011, 0.0000
current_data: 0.9292, 17887, 32.0024, 3951.2726
current_data: 1.7323, 316841, 10.2671, 1841.8855
SKT0: MBA COS6 => 30% requested, 30% applied
[32m[info] [src/pairwise_allocator.cpp:binary_serch_mb_roofline:937] descriptor1 COLS 3, find_mb_roofline_time: 3, roofline mb: 0.0000, current mb 0.0000, gap: -nan, lmb_throttle: 20, rmb_throttle: 40
[mcurrent_data: 1.0274, 793848, 6.1037, 1008.1308
current_data: 0.3675, 3400657, 79.8532, 3266.2687
current_data: 2.5491, 15873, 0.0012, 0.0000
current_data: 0.9294, 19343, 32.0094, 3921.8974
current_data: 2.0838, 315019, 7.1073, 1517.5087
SKT0: MBA COS6 => 20% requested, 20% applied
[32m[info] [src/pairwise_allocator.cpp:binary_serch_mb_roofline:937] descriptor1 COLS 3, find_mb_roofline_time: 4, roofline mb: 0.0000, current mb 0.0000, gap: -nan, lmb_throttle: 20, rmb_throttle: 30
[mcurrent_data: 1.0305, 801076, 6.0363, 900.0051
current_data: 0.3704, 3482041, 79.4569, 3297.5189
current_data: 2.5492, 17594, 0.0015, 0.0000
current_data: 0.9310, 18421, 32.0128, 3918.7724
current_data: 1.6948, 307047, 10.8235, 1898.1359
SKT0: MBA COS6 => 20% requested, 20% applied
[32m[info] [src/pairwise_allocator.cpp:binary_serch_mb_roofline:937] descriptor1 COLS 3, find_mb_roofline_time: 5, roofline mb: 0.0000, current mb 0.0000, gap: -nan, lmb_throttle: 20, rmb_throttle: 20
[mcurrent_data: 1.0247, 729821, 5.9447, 876.2550
current_data: 0.3678, 3302132, 79.7445, 3145.6430
current_data: 2.5506, 16585, 0.0017, 0.0000
current_data: 0.9292, 19815, 32.0126, 3876.2722
current_data: 2.1139, 332813, 6.6057, 1611.8842
[32m[info] [src/pairwise_allocator.cpp:found_mb_roofline:887] Fast found mb roofline, obj_id 134584, roofline mb: 0.00 MB/s, roofline mb throttle: 20
[m[32m[info] [src/pairwise_allocator.cpp:binary_serch_mb_roofline:937] descriptor1 COLS 3, find_mb_roofline_time: 6, roofline mb: 0.0000, current mb 0.0000, gap: -nan, lmb_throttle: 20, rmb_throttle: 20
[m[32m[info] [src/pairwise_allocator.cpp:allocating_mb:1147] binary_serch_mb_roofline first pair success
[m[32m[info] [src/pairwise_allocator.cpp:pair_allocating_mb:1088] pair_allocating_mb begin, allocating times: 0, descriptor roofline mb throttle: 20, system remain mb: 93879.92 MB/s
[mSKT0: MBA COS3 => 20% requested, 20% applied
current_data: 1.0286, 1015340, 5.6591, 971.2556
current_data: 0.4312, 5544957, 68.4062, 3598.1456
current_data: 2.5484, 19748, 0.0019, 0.0000
current_data: 2.4702, 51495, 31.9753, 10565.6855
current_data: 2.5771, 470625, 6.5226, 1830.6355
[32m[info] [src/pairwise_allocator.cpp:pair_allocating_mb:1088] pair_allocating_mb begin, allocating times: 1, descriptor roofline mb throttle: 20, system remain mb: 93879.92 MB/s
[m[32m[info] [src/pairwise_allocator.cpp:allocating_fit_mb:958] Will allocating_fit_mb mb throttle: 20
[mSKT0: MBA COS3 => 20% requested, 20% applied
current_data: 1.0451, 817500, 5.2064, 630.6286
current_data: 0.4288, 4176161, 68.7346, 2720.6406
current_data: 2.5480, 14837, 0.0011, 0.0000
current_data: 2.4489, 41989, 31.9663, 8988.8014
current_data: 2.0293, 404674, 14.2500, 2910.0167
[32m[info] [src/pairwise_allocator.cpp:allocating_mb:1121] Allocate mb: 0.00 MB/s, mb_throttle: 20
[mcurrent_data: 1.0533, 853056, 5.1291, 664.3788
current_data: 0.4282, 4121098, 68.9317, 2849.3913
current_data: 2.5479, 14477, 0.0013, 0.0000
current_data: 2.4696, 42295, 31.9641, 8868.8007
current_data: 2.5860, 416035, 6.8166, 1615.0092
current_data: 1.0559, 4966476, 5.1310, 3845.0220
current_data: 0.4257, 24253716, 69.3525, 16031.3417
current_data: 2.5500, 80891, 0.0009, 0.0000
current_data: 2.4639, 229691, 31.9718, 53121.5540
current_data: 2.3115, 2258029, 10.2353, 13383.2016
current_data: 1.0523, 4991026, 5.0901, 3823.1469
current_data: 0.4216, 23772174, 70.0286, 16101.3421
current_data: 2.5496, 81717, 0.0009, 0.0000
current_data: 2.4655, 232078, 31.9700, 53149.6791
current_data: 2.3866, 2439611, 9.0062, 12139.4445
current_data: 1.0525, 4880575, 5.2366, 3665.0210
current_data: 0.4172, 23218207, 70.8395, 16476.9693
current_data: 2.5502, 81944, 0.0009, 0.0000
current_data: 2.1627, 234745, 33.9709, 48199.6508
current_data: 2.4033, 2313392, 8.9875, 12114.4443
current_data: 1.0609, 4976932, 5.0796, 3808.7718
current_data: 0.4139, 22800250, 71.4541, 16421.3440
current_data: 2.5484, 104866, 0.0018, 0.6250
current_data: 2.1708, 242976, 34.2667, 45027.7577
current_data: 2.3658, 2270997, 9.3846, 12989.4493
current_data: 1.0616, 5005232, 5.1174, 3859.3971
current_data: 0.4119, 22609548, 71.8630, 16411.9689
current_data: 2.5497, 85106, 0.0012, 0.0000
current_data: 2.1759, 234711, 34.2682, 45320.2593
current_data: 2.4080, 2342926, 8.9536, 12229.4450
current_data: 1.0634, 4953614, 5.1041, 3731.8964
current_data: 0.4103, 22145594, 72.1537, 16333.8435
current_data: 2.5501, 84560, 0.0011, 0.0000
current_data: 2.1099, 247558, 34.3500, 43997.7518
current_data: 2.3470, 2407332, 10.0275, 12831.9484
current_data: 1.0288, 4872978, 5.2139, 3828.1469
current_data: 0.4066, 22184616, 72.3569, 16346.9685
current_data: 2.5476, 88500, 0.0014, 0.0000
current_data: 1.6895, 5344269, 32.1118, 55384.6919
current_data: 2.3453, 2296830, 9.0335, 11935.0683
current_data: 1.0479, 4978557, 5.1337, 3910.0224
current_data: 0.4068, 22151291, 72.5929, 16358.8436
current_data: 2.5478, 89842, 0.0014, 0.6250
current_data: 2.7955, 269798, 25.5823, 50557.1643
current_data: 2.4005, 2334753, 8.9287, 12207.5699
current_data: 1.0519, 4969666, 5.0949, 3888.7723
current_data: 0.3961, 19347465, 73.5624, 16682.5955
current_data: 2.5503, 82695, 0.0009, 0.0000
current_data: 2.7220, 276387, 24.8329, 48042.1499
current_data: 2.3342, 2267791, 9.8057, 13466.9521
current_data: 1.0200, 4731262, 5.1416, 3751.2715
current_data: 0.3827, 19125097, 76.9853, 16105.0922
current_data: 2.5483, 88623, 0.0016, 0.0000
current_data: 2.2201, 230846, 26.4896, 59172.2136
current_data: 2.3425, 2324105, 9.0538, 11984.4436
current_data: 1.0227, 4830800, 5.1771, 3881.8972
current_data: 0.3827, 19153922, 77.0270, 16143.8424
current_data: 2.5502, 79493, 0.0008, 1.2500
current_data: 2.2222, 220045, 26.4863, 59400.3399
current_data: 2.3448, 2333178, 8.9752, 11962.5685
current_data: 1.0261, 4794473, 5.0927, 3695.6461
current_data: 0.3827, 19162166, 77.0215, 16106.3422
current_data: 2.5492, 81377, 0.0010, 0.6250
current_data: 2.2203, 230286, 26.8762, 58480.9596
current_data: 2.3416, 2299899, 8.9737, 11912.5682
current_data: 1.0534, 4971141, 5.1152, 3775.0216
current_data: 0.3843, 19268878, 77.0346, 16245.0930
current_data: 2.5489, 83442, 0.0011, 0.6250
current_data: 2.4677, 239044, 31.9656, 53298.4300
current_data: 2.4001, 2343374, 8.9334, 12178.8197
current_data: 1.0530, 4986852, 5.0927, 3798.7717
current_data: 0.3840, 19370169, 77.0792, 16523.8446
current_data: 2.5490, 81843, 0.0010, 0.0000
current_data: 2.4652, 241171, 31.9655, 53506.5562
current_data: 2.3172, 2308295, 10.2135, 13157.5753
current_data: 1.0452, 4867556, 5.1068, 3929.3975
current_data: 0.3843, 19406352, 77.0132, 16231.9679
current_data: 2.5500, 81482, 0.0009, 0.6250
current_data: 2.4658, 230937, 31.9662, 53565.9315
current_data: 2.4014, 2354384, 8.9249, 12236.3200
current_data: 0.9835, 3861545, 5.2043, 3153.7680
current_data: 0.3840, 19349421, 77.0572, 16216.9678
current_data: 2.5502, 79531, 0.0009, 0.6250
current_data: 2.4643, 234131, 31.9664, 53472.1810
current_data: 2.3972, 2397793, 8.9859, 12238.1950
current_data: 1.0489, 4908461, 5.1990, 3924.3975
current_data: 0.3842, 19477659, 77.0313, 16327.5934
current_data: 2.5493, 88361, 0.0013, 0.6250
current_data: 2.4648, 250106, 31.9652, 53790.9328
current_data: 2.3867, 2332299, 8.9239, 12166.9446
current_data: 1.0525, 5030384, 5.1102, 3865.0221
current_data: 0.3842, 19522876, 77.0449, 16378.8437
current_data: 2.5503, 80626, 0.0009, 0.6250
current_data: 2.4668, 237786, 31.9688, 53945.3087
current_data: 2.3985, 2438425, 8.8711, 12220.6949
current_data: 1.0545, 5027926, 5.0855, 3839.3970
current_data: 0.3842, 19492469, 77.0264, 16390.0938
current_data: 2.5493, 83596, 0.0010, 1.2500
current_data: 2.4647, 240586, 31.9676, 53771.5577
current_data: 2.3206, 2279235, 9.9695, 13468.2021
current_data: 1.0478, 5034472, 5.2078, 3911.2724
current_data: 0.3841, 19635224, 77.0376, 16491.9694
current_data: 2.5483, 89765, 0.0014, 0.6250
current_data: 2.4667, 250894, 31.9621, 54506.5619
current_data: 2.4057, 2464383, 8.8533, 12495.6965
current_data: 1.0512, 5082233, 5.1622, 3983.7728
current_data: 0.3844, 19861677, 77.0006, 16698.2205
current_data: 2.5489, 93758, 0.0015, 0.0000
current_data: 2.3125, 258372, 28.3380, 46860.2681
current_data: 2.3485, 2117625, 9.7178, 13486.9522
current_data: 1.0536, 4999703, 5.1783, 4017.5230
current_data: 0.3842, 19496911, 77.0437, 16423.8440
current_data: 2.5502, 87956, 0.0012, 2.5000
current_data: 2.5510, 253404, 24.9744, 45187.1336
current_data: 2.4145, 2319249, 8.8732, 12203.8198
current_data: 1.0533, 4955431, 5.2113, 3923.1474
current_data: 0.3892, 18521049, 75.0560, 16478.2193
current_data: 2.5489, 83494, 0.0009, 1.2500
current_data: 2.5384, 249197, 24.9727, 44900.8819
current_data: 2.3116, 2297533, 10.1677, 13424.4518
current_data: 1.0561, 5007006, 5.1115, 3856.2721
current_data: 0.3843, 19567503, 77.0064, 16490.0944
current_data: 2.5503, 80689, 0.0009, 1.8750
current_data: 2.5498, 240564, 24.9740, 45325.2594
current_data: 2.4081, 2400037, 8.9471, 12355.6957
current_data: 1.0509, 4931644, 5.2032, 3956.2726
current_data: 0.3845, 19577367, 77.0151, 16448.2191
current_data: 2.5500, 82210, 0.0010, 1.8750
current_data: 2.5547, 252312, 24.9697, 45590.2609
current_data: 2.3145, 2333068, 10.1993, 13641.3281
current_data: 1.0560, 5025666, 5.1390, 3846.2720
current_data: 0.3844, 19547907, 77.0320, 16560.7198
current_data: 2.5497, 85557, 0.0012, 1.2500
current_data: 2.4679, 242134, 24.9748, 44031.5020
current_data: 2.4141, 2431023, 8.9162, 12338.8206
current_data: 1.0579, 5058276, 5.1508, 3942.5226
current_data: 0.3844, 19626833, 77.0302, 16540.0946
current_data: 2.5500, 81202, 0.0009, 0.6250
current_data: 2.5448, 237483, 24.9773, 45550.2606
current_data: 2.3403, 2438050, 10.1045, 12911.3239
current_data: 1.0565, 5057663, 5.1311, 3883.7722
current_data: 0.3843, 19566454, 77.0363, 16560.0948
current_data: 2.5505, 80935, 0.0008, 1.2500
current_data: 2.5598, 240069, 24.9736, 45639.6362
current_data: 2.4115, 2384444, 8.9412, 12311.9454
current_data: 1.0570, 5040876, 5.1320, 3852.5220
current_data: 0.3844, 19579443, 77.0368, 16566.9698
current_data: 2.5487, 85755, 0.0013, 1.8750
current_data: 2.2995, 263965, 26.7518, 43089.6216
current_data: 2.3899, 2557732, 9.1570, 12349.4457
current_data: 1.0483, 5006443, 5.1403, 3831.8969
current_data: 0.3841, 19625788, 77.0442, 16483.2193
current_data: 2.5486, 89462, 0.0013, 1.2500
current_data: 2.4600, 272202, 31.9659, 54144.0598
current_data: 2.3983, 2408110, 9.0021, 12348.1957
current_data: 1.0503, 4970040, 5.1412, 3916.8974
current_data: 0.3842, 19569918, 77.0400, 16428.2190
current_data: 2.5492, 82302, 0.0010, 1.2500
current_data: 2.4601, 253413, 31.9642, 53974.0588
current_data: 2.4056, 2324110, 8.9013, 12271.9452
current_data: 1.0368, 4765478, 5.2857, 3981.2728
current_data: 0.3839, 19629297, 77.0362, 16443.2191
current_data: 2.5500, 86915, 0.0012, 0.0000
current_data: 2.4547, 263596, 31.9583, 53974.0588
current_data: 2.4036, 2270372, 8.9196, 12271.9452
current_data: 1.0468, 4977562, 5.2162, 4008.1479
current_data: 0.3841, 19563473, 77.0546, 16416.9689
current_data: 2.5494, 87593, 0.0013, 0.6250
current_data: 2.4606, 259958, 31.9652, 53929.0586
current_data: 2.3998, 2443154, 8.8959, 12331.9456
current_data: 1.0531, 5035994, 5.1411, 3962.5227
current_data: 0.3843, 19637103, 77.0131, 16486.9693
current_data: 2.5482, 91109, 0.0014, 1.2500
current_data: 2.4593, 269348, 31.9644, 54070.3094
current_data: 2.3977, 2505527, 8.9323, 12305.6954
current_data: 1.0495, 5014971, 5.2170, 3972.5227
current_data: 0.3844, 19546655, 76.9866, 16478.2193
current_data: 2.5487, 87520, 0.0011, 0.0000
current_data: 2.4640, 258516, 31.9660, 53862.1832
current_data: 2.4064, 2389211, 8.9262, 12308.1954
current_data: 1.0517, 5044116, 5.1904, 3943.1476
current_data: 0.3843, 19610199, 77.0357, 16549.4697
current_data: 2.5505, 84111, 0.0009, 0.0000
current_data: 2.4631, 246434, 31.9657, 54043.4342
current_data: 2.3668, 2239027, 9.3525, 13398.2017
current_data: 1.0510, 5033949, 5.1953, 3900.6473
current_data: 0.3843, 19600477, 77.0266, 16598.2200
current_data: 2.5490, 83055, 0.0008, 0.0000
current_data: 2.4659, 241667, 31.9680, 54095.3095
current_data: 2.4076, 2293179, 8.8781, 12203.8198
current_data: 1.0594, 5079430, 5.1249, 3945.0226
current_data: 0.3893, 18640405, 75.0365, 16671.9704
current_data: 2.5498, 84451, 0.0010, 0.0000
current_data: 2.0434, 244594, 34.7564, 45642.7612
current_data: 2.3221, 2413753, 10.0963, 13488.2022
current_data: 1.0621, 5040782, 5.1361, 3890.6473
current_data: 0.3851, 19631739, 77.0235, 16541.3447
current_data: 2.5495, 86345, 0.0009, 0.6250
current_data: 2.1756, 229759, 34.2661, 45929.6378
current_data: 2.4226, 2405809, 8.9107, 12384.4459
current_data: 1.0621, 5072778, 5.1001, 3852.5220
current_data: 0.3851, 19633480, 77.0215, 16545.7197
current_data: 2.5495, 85768, 0.0011, 0.0000
current_data: 2.1740, 238206, 34.2667, 45925.8878
current_data: 2.3306, 2317259, 10.0733, 13485.7022
current_data: 1.0508, 4879037, 5.1940, 3985.6478
current_data: 0.3843, 19641156, 77.0205, 16498.2194
current_data: 2.5501, 84222, 0.0009, 0.0000
current_data: 2.3051, 5676849, 26.9997, 44562.1300
current_data: 2.4034, 2378812, 8.9017, 12392.5709
current_data: 1.0293, 4953135, 5.1812, 3759.3965
current_data: 0.3828, 19636379, 77.0584, 16579.4699
current_data: 2.5488, 88093, 0.0013, 0.0000
current_data: 2.0045, 424295, 31.3982, 57437.2037
current_data: 2.2765, 2302731, 10.2001, 13399.4517
current_data: 1.0441, 4835002, 5.2055, 3908.1474
current_data: 0.3838, 19635325, 77.0551, 16615.7201
current_data: 2.5508, 82405, 0.0009, 0.0000
current_data: 2.7458, 288996, 25.3589, 50259.6626
current_data: 2.4067, 2343990, 8.9083, 12402.5710
current_data: 1.0299, 4844068, 5.2225, 3826.8969
current_data: 0.3832, 19606335, 77.0398, 16474.4693
current_data: 2.5484, 80014, 0.0009, 0.0000
current_data: 2.4053, 254531, 25.8081, 53739.0575
current_data: 2.2922, 2358601, 10.2064, 13218.2006
current_data: 1.0182, 4846894, 5.1671, 3770.6466
current_data: 0.3824, 19700174, 77.0249, 16531.9696
current_data: 2.5488, 87999, 0.0014, 0.6250
current_data: 2.2157, 240222, 26.4841, 61005.3491
current_data: 2.3512, 2289034, 8.9623, 12196.3198
current_data: 1.0110, 4791329, 5.3149, 3896.8973
current_data: 0.3820, 19619218, 77.0458, 16483.8443
current_data: 2.5487, 92946, 0.0016, 0.6250
current_data: 2.2077, 245259, 26.4830, 60424.7208
current_data: 2.3499, 2345144, 8.9543, 12225.6950
current_data: 1.0341, 4896654, 5.2581, 3993.1478
current_data: 0.3832, 19704808, 77.0568, 16579.4699
current_data: 2.5481, 92240, 0.0016, 0.0000
current_data: 2.3737, 267346, 30.6185, 55500.9426
current_data: 2.3957, 2403267, 8.9296, 12408.8210
current_data: 1.0428, 4939711, 5.3480, 4098.7735
current_data: 0.3842, 19746432, 77.0201, 16563.8448
current_data: 2.5486, 91088, 0.0015, 0.6250
current_data: 2.4626, 265610, 31.9619, 54259.0605
current_data: 2.4034, 2358235, 8.9137, 12414.4460
current_data: 1.0574, 5092620, 5.0432, 3994.3979
current_data: 0.3844, 19719407, 77.0246, 16690.7205
current_data: 2.5494, 79519, 0.0007, 0.6250
current_data: 2.4683, 233853, 31.9678, 54477.8117
current_data: 2.3952, 2309355, 8.8748, 12232.5700
current_data: 1.0548, 5101286, 5.1207, 3896.8973
current_data: 0.3843, 19701488, 77.0481, 16581.3449
current_data: 2.5496, 79122, 0.0008, 0.0000
current_data: 2.4679, 232866, 31.9700, 54452.1866
current_data: 2.3791, 2464986, 8.9227, 12282.5703
current_data: 1.0515, 5074200, 5.2368, 4027.5230
current_data: 0.3843, 19733321, 77.0135, 16651.9703
current_data: 2.5478, 87687, 0.0012, 0.6250
current_data: 2.4674, 241638, 31.9669, 54457.8116
current_data: 2.3796, 2381467, 8.8948, 12213.8199
[32m[info] [src/pairwise_allocator.cpp:allocating:1174] Will begin allocating cache, allocation_ready_queue size 1, allocation_complete_queue size 4
[mcurrent_data: 1.0510, 934872, 5.5012, 1002.5057
current_data: 0.4590, 5925001, 63.0796, 3308.7689
current_data: 2.5458, 16326, 0.0013, 0.0000
current_data: 0.9291, 21307, 32.0093, 3871.8972
current_data: 2.1170, 383413, 6.5141, 1450.6333
[32m[info] [src/pairwise_allocator.cpp:binary_serch_cache_roofline:462] descriptor COLS 3, find_cache_roofline_times: 1, roofline ipc: 2.5458, current ipc 2.5458, gap: 0.0000, lway: 1, rway: 14
[mcurrent_data: 1.0318, 812214, 5.9913, 933.7553
current_data: 0.4715, 5898574, 61.8393, 3186.2682
current_data: 2.5465, 17589, 0.0010, 0.0000
current_data: 0.9279, 21293, 31.9950, 3926.2725
current_data: 1.8564, 340478, 9.0299, 1665.0095
[32m[info] [src/pairwise_allocator.cpp:binary_serch_cache_roofline:462] descriptor COLS 3, find_cache_roofline_times: 2, roofline ipc: 2.5465, current ipc 2.5465, gap: 0.0000, lway: 1, rway: 7
[mcurrent_data: 1.0299, 788285, 5.9946, 959.3805
current_data: 0.4739, 5932954, 61.3754, 3210.0184
current_data: 2.5479, 16298, 0.0011, 0.0000
current_data: 0.9294, 19028, 32.0040, 3937.5225
current_data: 2.1231, 329531, 6.6375, 1545.6338
[32m[info] [src/pairwise_allocator.cpp:binary_serch_cache_roofline:462] descriptor COLS 3, find_cache_roofline_times: 3, roofline ipc: 2.5479, current ipc 2.5479, gap: 0.0000, lway: 1, rway: 4
[mcurrent_data: 1.0289, 774264, 6.0300, 920.0053
current_data: 0.4748, 5924194, 61.4673, 3217.5184
current_data: 2.5482, 15781, 0.0006, 0.0000
current_data: 0.9296, 22075, 31.9939, 3869.3971
current_data: 2.0317, 326258, 7.1662, 1503.7586
[32m[info] [src/pairwise_allocator.cpp:binary_serch_cache_roofline:462] descriptor COLS 3, find_cache_roofline_times: 4, roofline ipc: 2.5482, current ipc 2.5482, gap: 0.0000, lway: 1, rway: 2
[mcurrent_data: 1.0267, 791000, 6.1069, 930.6303
current_data: 0.4723, 5909320, 61.4923, 3140.0180
current_data: 2.5470, 18695, 0.0015, 0.0000
current_data: 0.9277, 20087, 32.0018, 3885.6472
current_data: 2.1156, 346893, 6.5041, 1540.0088
[32m[info] [src/pairwise_allocator.cpp:binary_serch_cache_roofline:462] descriptor COLS 3, find_cache_roofline_times: 5, roofline ipc: 2.5482, current ipc 2.5470, gap: 0.0005, lway: 1, rway: 1
[mcurrent_data: 1.0273, 792422, 6.1550, 959.3805
current_data: 0.4722, 5900889, 61.6022, 3140.0180
current_data: 2.5483, 17710, 0.0013, 0.0000
current_data: 0.9306, 20191, 31.9935, 3885.6472
current_data: 2.1199, 356058, 6.5767, 1580.0090
[32m[info] [src/pairwise_allocator.cpp:found_cache_roofline:405] Found_cache_roofline, obj_id 134584, roofline cache way: 1, roofline remain cache: 14, roofline cache bitmask: 0x7ffe
[m[32m[info] [src/pairwise_allocator.cpp:binary_serch_cache_roofline:462] descriptor COLS 3, find_cache_roofline_times: 6, roofline ipc: 2.5483, current ipc 2.5483, gap: 0.0000, lway: 1, rway: 1
[m[32m[info] [src/pairwise_allocator.cpp:allocating_cache:846] binary_serch_cache_roofline first pair success
[m[32m[info] [src/pairwise_allocator.cpp:pair_allocating_cache:770] pair_allocating_cache begin, allocating time: 0, descriptor roofline cache way: 1, system remain cache way: 5, complete queue size: 4
[m[32m[info] [src/pairwise_allocator.cpp:allocating_cache:852] Complete pair_allocating_cache, allocate cache ways: 1
[m[34m[critical] [src/pairwise_allocator.cpp:print_allocating_cache_results:815] print_allocating_cache_results: system remain cache: 4
[m[34m[critical] [src/pairwise_allocator.cpp:print_allocating_cache_results:818] obj: 137579, cache_way: 1, roofline cache way: 1
[m[34m[critical] [src/pairwise_allocator.cpp:print_allocating_cache_results:818] obj: 134569, cache_way: 4, roofline cache way: 4
[m[34m[critical] [src/pairwise_allocator.cpp:print_allocating_cache_results:818] obj: 137589, cache_way: 4, roofline cache way: 4
[m[34m[critical] [src/pairwise_allocator.cpp:print_allocating_cache_results:818] obj: 134574, cache_way: 1, roofline cache way: 1
[m[34m[critical] [src/pairwise_allocator.cpp:print_allocating_cache_results:823] obj: 134584, cache_way: 1, roofline cache way: 1
[mSKT0: MBA COS6 => 100% requested, 100% applied
current_data: 1.0458, 941925, 5.7358, 990.0057
current_data: 0.4663, 6144044, 61.9468, 3301.2689
current_data: 2.5494, 18450, 0.0022, 0.0000
current_data: 1.1200, 22947, 25.0243, 3831.2719
current_data: 1.1263, 280630, 18.6300, 2431.2639
SKT0: MBA COS6 => 60% requested, 60% applied
[32m[info] [src/pairwise_allocator.cpp:binary_serch_mb_roofline:937] descriptor1 COLS 3, find_mb_roofline_time: 1, roofline mb: 0.0000, current mb 0.0000, gap: -nan, lmb_throttle: 20, rmb_throttle: 100
[mcurrent_data: 1.0341, 888551, 6.0273, 1012.5058
current_data: 0.4732, 6494672, 61.4537, 3500.0200
current_data: 2.5480, 18780, 0.0016, 0.0000
current_data: 1.1202, 23008, 25.0246, 4140.0237
current_data: 2.1041, 355143, 6.8432, 1665.6345
SKT0: MBA COS6 => 40% requested, 40% applied
[32m[info] [src/pairwise_allocator.cpp:binary_serch_mb_roofline:937] descriptor1 COLS 3, find_mb_roofline_time: 2, roofline mb: 0.0000, current mb 0.0000, gap: -nan, lmb_throttle: 20, rmb_throttle: 60
[mcurrent_data: 1.0254, 802606, 6.0503, 935.0054
current_data: 0.4768, 6128466, 60.9306, 3231.2685
current_data: 2.5478, 18045, 0.0018, 0.0000
current_data: 1.1195, 23739, 25.0246, 3857.5221
current_data: 1.3108, 212586, 15.3164, 2330.0133
SKT0: MBA COS6 => 30% requested, 30% applied
[32m[info] [src/pairwise_allocator.cpp:binary_serch_mb_roofline:937] descriptor1 COLS 3, find_mb_roofline_time: 3, roofline mb: 0.0000, current mb 0.0000, gap: -nan, lmb_throttle: 20, rmb_throttle: 40
[mcurrent_data: 1.0292, 792629, 6.0881, 958.1305
current_data: 0.4761, 5995728, 61.2209, 3259.3937
current_data: 2.5499, 18787, 0.0025, 0.0000
current_data: 1.1209, 23465, 25.0212, 3831.2719
current_data: 2.1397, 355981, 6.3198, 1602.5092
SKT0: MBA COS6 => 20% requested, 20% applied
[32m[info] [src/pairwise_allocator.cpp:binary_serch_mb_roofline:937] descriptor1 COLS 3, find_mb_roofline_time: 4, roofline mb: 0.0000, current mb 0.0000, gap: -nan, lmb_throttle: 20, rmb_throttle: 30
[mcurrent_data: 1.0315, 762182, 5.9306, 891.8801
current_data: 0.4881, 6148036, 59.8770, 3152.5180
current_data: 2.5486, 16647, 0.0015, 0.0000
current_data: 1.1206, 21451, 25.0194, 3645.0209
current_data: 1.2310, 184078, 16.4609, 2288.1381
SKT0: MBA COS6 => 20% requested, 20% applied
[32m[info] [src/pairwise_allocator.cpp:binary_serch_mb_roofline:937] descriptor1 COLS 3, find_mb_roofline_time: 5, roofline mb: 0.0000, current mb 0.0000, gap: -nan, lmb_throttle: 20, rmb_throttle: 20
[mcurrent_data: 1.0295, 845304, 6.1594, 1039.3809
current_data: 0.4773, 6325247, 61.1384, 3341.8941
current_data: 2.5485, 17004, 0.0013, 0.0000
current_data: 1.1208, 21203, 25.0252, 3993.1478
current_data: 2.1347, 304942, 6.4409, 1586.2591
[32m[info] [src/pairwise_allocator.cpp:found_mb_roofline:887] Fast found mb roofline, obj_id 134584, roofline mb: 0.00 MB/s, roofline mb throttle: 20
[m[32m[info] [src/pairwise_allocator.cpp:binary_serch_mb_roofline:937] descriptor1 COLS 3, find_mb_roofline_time: 6, roofline mb: 0.0000, current mb 0.0000, gap: -nan, lmb_throttle: 20, rmb_throttle: 20
[m[32m[info] [src/pairwise_allocator.cpp:allocating_mb:1147] binary_serch_mb_roofline first pair success
[m[32m[info] [src/pairwise_allocator.cpp:pair_allocating_mb:1088] pair_allocating_mb begin, allocating times: 0, descriptor roofline mb throttle: 20, system remain mb: 93879.92 MB/s
[mSKT0: MBA COS3 => 20% requested, 20% applied
current_data: 1.0425, 985211, 5.4674, 943.1304
current_data: 0.4258, 5300141, 69.3716, 3664.3960
current_data: 2.5470, 19079, 0.0022, 5.6250
current_data: 2.4513, 44137, 24.9931, 8506.9237
current_data: 2.5667, 471509, 6.8013, 1825.6354
[32m[info] [src/pairwise_allocator.cpp:pair_allocating_mb:1088] pair_allocating_mb begin, allocating times: 1, descriptor roofline mb throttle: 20, system remain mb: 93879.92 MB/s
[m[32m[info] [src/pairwise_allocator.cpp:allocating_fit_mb:958] Will allocating_fit_mb mb throttle: 20
[mSKT0: MBA COS3 => 20% requested, 20% applied
current_data: 1.0484, 833083, 5.1545, 679.3789
current_data: 0.4239, 4108164, 69.6148, 2886.2665
current_data: 2.5504, 16569, 0.0019, 8.1250
current_data: 2.5440, 48341, 24.9752, 7593.1684
current_data: 2.0137, 426319, 14.7036, 2785.0159
[32m[info] [src/pairwise_allocator.cpp:allocating_mb:1121] Allocate mb: 8.13 MB/s, mb_throttle: 20
[mcurrent_data: 1.0601, 808753, 5.0031, 648.1287
current_data: 0.4225, 3905820, 69.8717, 2693.7654
current_data: 2.5460, 15852, 0.0017, 9.3751
current_data: 2.5707, 44323, 24.9777, 7463.1677
current_data: 2.5769, 437191, 6.7096, 1645.0094
current_data: 1.0587, 5025025, 5.0894, 3840.0220
current_data: 0.4203, 23509440, 70.2450, 16599.4700
current_data: 2.5505, 78349, 0.0009, 0.0000
current_data: 2.5398, 246890, 24.9779, 44286.5034
current_data: 2.3492, 2247145, 9.2109, 12501.9465
current_data: 1.0607, 5024930, 5.0667, 3790.6467
current_data: 0.4176, 23228592, 70.7479, 16465.0942
current_data: 2.5493, 80243, 0.0009, 1.8750
current_data: 2.5547, 245571, 24.9753, 44732.1310
current_data: 2.3882, 2355239, 8.9744, 11943.8183
current_data: 1.0605, 4995804, 5.1041, 3751.8965
current_data: 0.4153, 23005867, 71.1665, 16492.5944
current_data: 2.5493, 82024, 0.0010, 2.5000
current_data: 2.2847, 256432, 28.3607, 44422.1292
current_data: 2.3859, 2336747, 8.9242, 12026.3188
current_data: 1.0519, 4990179, 5.1662, 3709.3962
current_data: 0.4129, 22724440, 71.5931, 16366.3436
current_data: 2.5494, 80371, 0.0009, 0.0000
current_data: 2.4633, 250555, 31.9695, 53119.6790
current_data: 2.3732, 2341247, 8.9597, 11860.0679
current_data: 1.0528, 4937745, 5.1898, 3754.3965
current_data: 0.4112, 22285522, 71.8648, 16294.4682
current_data: 2.5503, 82635, 0.0010, 0.0000
current_data: 2.4619, 247293, 31.9683, 52432.1750
current_data: 2.3736, 2379444, 9.0301, 11905.0681
current_data: 1.0537, 5002501, 5.1610, 3785.0217
current_data: 0.4099, 22359202, 72.1175, 16533.8446
current_data: 2.5500, 80758, 0.0010, 1.8750
current_data: 2.4633, 241177, 31.9688, 53109.6789
current_data: 2.3835, 2343669, 8.9580, 12020.6938
current_data: 1.0526, 5007470, 5.1227, 3823.7719
current_data: 0.4082, 22327816, 72.3680, 16435.7190
current_data: 2.5481, 88373, 0.0013, 27.5002
current_data: 2.4607, 257143, 31.9663, 53327.1801
current_data: 2.3730, 2316801, 8.9003, 12080.0691
current_data: 1.0534, 4969390, 5.1459, 3838.1470
current_data: 0.4073, 22126017, 72.5539, 16457.5942
current_data: 2.5487, 89191, 0.0014, 24.3751
current_data: 2.4628, 259599, 31.9662, 53198.4294
current_data: 2.3847, 2364864, 8.9467, 12086.9442
current_data: 1.0553, 5019615, 5.1835, 3851.2720
current_data: 0.4059, 22115288, 72.8201, 16646.3453
current_data: 2.5503, 81351, 0.0009, 3.7500
current_data: 2.4644, 252358, 31.9663, 53702.8073
current_data: 2.3065, 2318107, 10.1894, 13031.9496
[32m[info] [src/pairwise_allocator.cpp:allocating:1174] Will begin allocating cache, allocation_ready_queue size 1, allocation_complete_queue size 4
[mcurrent_data: 1.0511, 941392, 5.4799, 992.5057
current_data: 0.3600, 3439574, 81.0681, 3324.3940
current_data: 2.5483, 16122, 0.0010, 5.0000
current_data: 0.8781, 23657, 31.6244, 3651.2709
current_data: 1.6571, 342850, 11.2102, 1775.6352
[32m[info] [src/pairwise_allocator.cpp:binary_serch_cache_roofline:462] descriptor COLS 3, find_cache_roofline_times: 1, roofline ipc: 2.5483, current ipc 2.5483, gap: 0.0000, lway: 1, rway: 14
[mcurrent_data: 1.0361, 759836, 5.9554, 901.2552
current_data: 0.3627, 3121574, 80.4658, 2935.0168
current_data: 2.5483, 14919, 0.0006, 0.0000
current_data: 0.1800, 35769, 108.4089, 2805.0161
current_data: 2.1043, 338538, 6.7034, 1535.6338
[32m[info] [src/pairwise_allocator.cpp:binary_serch_cache_roofline:462] descriptor COLS 3, find_cache_roofline_times: 2, roofline ipc: 2.5483, current ipc 2.5483, gap: 0.0000, lway: 1, rway: 7
[mcurrent_data: 1.0346, 787944, 6.0030, 936.2554
current_data: 0.3725, 3485630, 79.2170, 3096.2677
current_data: 2.5511, 15751, 0.0007, 2.5000
current_data: 0.9383, 35234, 34.3348, 3766.8966
current_data: 1.9183, 346481, 8.2865, 1562.5089
[32m[info] [src/pairwise_allocator.cpp:binary_serch_cache_roofline:462] descriptor COLS 3, find_cache_roofline_times: 3, roofline ipc: 2.5511, current ipc 2.5511, gap: 0.0000, lway: 1, rway: 4
[mcurrent_data: 1.0392, 782094, 5.9393, 968.1305
current_data: 0.3707, 3435728, 79.4555, 3162.5181
current_data: 2.5505, 16821, 0.0009, 0.0000
current_data: 0.9389, 33190, 34.3416, 3749.3965
current_data: 2.0897, 321678, 6.8274, 1518.7587
[32m[info] [src/pairwise_allocator.cpp:binary_serch_cache_roofline:462] descriptor COLS 3, find_cache_roofline_times: 4, roofline ipc: 2.5511, current ipc 2.5505, gap: 0.0002, lway: 1, rway: 2
[mcurrent_data: 1.0310, 776370, 6.3154, 986.2556
current_data: 0.3711, 3416544, 79.4834, 3123.1429
current_data: 2.5502, 15012, 0.0010, 0.0000
current_data: 0.9383, 32161, 34.3473, 3750.6465
current_data: 2.1239, 342907, 6.4843, 1530.6338
[32m[info] [src/pairwise_allocator.cpp:binary_serch_cache_roofline:462] descriptor COLS 3, find_cache_roofline_times: 5, roofline ipc: 2.5511, current ipc 2.5502, gap: 0.0003, lway: 1, rway: 1
[mcurrent_data: 1.0335, 776467, 6.1247, 974.3806
current_data: 0.3721, 3471978, 79.2082, 3132.5179
current_data: 2.5469, 15203, 0.0009, 0.0000
current_data: 0.9387, 31188, 34.3500, 3756.2715
current_data: 2.0441, 338352, 6.6066, 1495.0086
[32m[info] [src/pairwise_allocator.cpp:found_cache_roofline:405] Found_cache_roofline, obj_id 134584, roofline cache way: 1, roofline remain cache: 14, roofline cache bitmask: 0x7ffe
[m[32m[info] [src/pairwise_allocator.cpp:binary_serch_cache_roofline:462] descriptor COLS 3, find_cache_roofline_times: 6, roofline ipc: 2.5511, current ipc 2.5469, gap: 0.0016, lway: 1, rway: 1
[m[32m[info] [src/pairwise_allocator.cpp:allocating_cache:846] binary_serch_cache_roofline first pair success
[m[32m[info] [src/pairwise_allocator.cpp:pair_allocating_cache:770] pair_allocating_cache begin, allocating time: 0, descriptor roofline cache way: 1, system remain cache way: 5, complete queue size: 4
[m[32m[info] [src/pairwise_allocator.cpp:allocating_cache:852] Complete pair_allocating_cache, allocate cache ways: 1
[m[34m[critical] [src/pairwise_allocator.cpp:print_allocating_cache_results:815] print_allocating_cache_results: system remain cache: 4
[m[34m[critical] [src/pairwise_allocator.cpp:print_allocating_cache_results:818] obj: 137579, cache_way: 1, roofline cache way: 1
[m[34m[critical] [src/pairwise_allocator.cpp:print_allocating_cache_results:818] obj: 134569, cache_way: 4, roofline cache way: 4
[m[34m[critical] [src/pairwise_allocator.cpp:print_allocating_cache_results:818] obj: 137589, cache_way: 4, roofline cache way: 4
[m[34m[critical] [src/pairwise_allocator.cpp:print_allocating_cache_results:818] obj: 134574, cache_way: 1, roofline cache way: 1
[m[34m[critical] [src/pairwise_allocator.cpp:print_allocating_cache_results:823] obj: 134584, cache_way: 1, roofline cache way: 1
[mSKT0: MBA COS6 => 100% requested, 100% applied
current_data: 1.0452, 937252, 5.7073, 1016.8808
current_data: 0.4572, 5918573, 62.7323, 3301.8939
current_data: 2.5492, 17795, 0.0019, 7.5000
current_data: 0.7316, 23368, 26.3947, 3825.0219
current_data: 2.1400, 421892, 6.3044, 1543.7588
SKT0: MBA COS6 => 60% requested, 60% applied
[32m[info] [src/pairwise_allocator.cpp:binary_serch_mb_roofline:937] descriptor1 COLS 3, find_mb_roofline_time: 1, roofline mb: 7.5000, current mb 7.5000, gap: 0.0000, lmb_throttle: 20, rmb_throttle: 100
[mcurrent_data: 1.0355, 790291, 5.9256, 966.8805
current_data: 0.4695, 5582300, 61.4511, 3041.8924
current_data: 2.5498, 15372, 0.0012, 0.0000
current_data: 1.0090, 48331, 25.0886, 3025.0173
current_data: 1.0938, 183409, 19.7200, 2345.6384
SKT0: MBA COS6 => 40% requested, 40% applied
[32m[info] [src/pairwise_allocator.cpp:binary_serch_mb_roofline:937] descriptor1 COLS 3, find_mb_roofline_time: 2, roofline mb: 0.0000, current mb 0.0000, gap: -nan, lmb_throttle: 20, rmb_throttle: 60
[mcurrent_data: 1.0326, 786950, 6.0428, 961.2555
current_data: 0.4760, 6012311, 61.1380, 3234.3935
current_data: 2.5492, 17221, 0.0019, 3.7500
current_data: 1.1017, 26786, 25.5183, 3868.1471
current_data: 2.1117, 382285, 6.6752, 1633.7593
SKT0: MBA COS6 => 30% requested, 30% applied
[32m[info] [src/pairwise_allocator.cpp:binary_serch_mb_roofline:937] descriptor1 COLS 3, find_mb_roofline_time: 3, roofline mb: 0.0000, current mb 3.7500, gap: inf, lmb_throttle: 20, rmb_throttle: 40
[mcurrent_data: 1.0248, 806199, 6.0982, 1014.3808
current_data: 0.4773, 6090830, 60.7415, 3152.5180
current_data: 2.5457, 19127, 0.0019, 13.1251
current_data: 1.1011, 28289, 25.5172, 3850.6470
current_data: 1.1427, 192308, 18.7120, 2405.6388
SKT0: MBA COS6 => 20% requested, 20% applied
[32m[info] [src/pairwise_allocator.cpp:binary_serch_mb_roofline:937] descriptor1 COLS 3, find_mb_roofline_time: 4, roofline mb: 0.0000, current mb 13.1251, gap: inf, lmb_throttle: 20, rmb_throttle: 30
[mcurrent_data: 1.0287, 789313, 5.8952, 920.6303
current_data: 0.4775, 6009451, 60.9849, 3188.7682
current_data: 2.5482, 16973, 0.0018, 8.1250
current_data: 1.1023, 28622, 25.5207, 3852.5220
current_data: 2.1333, 350640, 6.4038, 1599.3842
SKT0: MBA COS6 => 20% requested, 20% applied
[32m[info] [src/pairwise_allocator.cpp:binary_serch_mb_roofline:937] descriptor1 COLS 3, find_mb_roofline_time: 5, roofline mb: 0.0000, current mb 8.1250, gap: inf, lmb_throttle: 20, rmb_throttle: 20
[mcurrent_data: 1.0267, 782178, 6.0340, 990.6307
current_data: 0.4791, 6033897, 60.6921, 3085.6427
current_data: 2.5489, 17584, 0.0019, 13.7501
current_data: 1.1011, 25918, 25.5172, 3828.1469
current_data: 1.0870, 243399, 19.8931, 2394.3887
[32m[info] [src/pairwise_allocator.cpp:found_mb_roofline:887] Fast found mb roofline, obj_id 134584, roofline mb: 0.00 MB/s, roofline mb throttle: 20
[m[32m[info] [src/pairwise_allocator.cpp:binary_serch_mb_roofline:937] descriptor1 COLS 3, find_mb_roofline_time: 6, roofline mb: 0.0000, current mb 13.7501, gap: inf, lmb_throttle: 20, rmb_throttle: 20
[m[32m[info] [src/pairwise_allocator.cpp:allocating_mb:1147] binary_serch_mb_roofline first pair success
[m[32m[info] [src/pairwise_allocator.cpp:pair_allocating_mb:1088] pair_allocating_mb begin, allocating times: 0, descriptor roofline mb throttle: 20, system remain mb: 93879.92 MB/s
[mSKT0: MBA COS3 => 20% requested, 20% applied
current_data: 1.0021, 969692, 5.6530, 886.2551
current_data: 0.4594, 6356281, 63.3485, 3635.0208
current_data: 2.5468, 18583, 0.0016, 0.0000
current_data: 2.2083, 41724, 26.5072, 11763.1923
current_data: 2.0077, 399022, 13.8483, 2968.7670
[32m[info] [src/pairwise_allocator.cpp:pair_allocating_mb:1088] pair_allocating_mb begin, allocating times: 1, descriptor roofline mb throttle: 20, system remain mb: 93879.92 MB/s
[m[32m[info] [src/pairwise_allocator.cpp:allocating_fit_mb:958] Will allocating_fit_mb mb throttle: 20
[mSKT0: MBA COS3 => 20% requested, 20% applied
current_data: 1.0258, 804848, 5.2508, 663.7538
current_data: 0.4587, 4940903, 63.7557, 2798.7660
current_data: 2.5499, 14635, 0.0012, 0.0000
current_data: 2.2292, 37464, 26.4928, 10356.3093
current_data: 2.5424, 408008, 6.5549, 1672.5096
[32m[info] [src/pairwise_allocator.cpp:allocating_mb:1121] Allocate mb: 0.00 MB/s, mb_throttle: 20
[mcurrent_data: 1.0187, 836858, 5.0222, 625.6286
current_data: 0.4547, 4867575, 64.0099, 2815.6411
current_data: 2.5476, 14195, 0.0010, 0.0000
current_data: 2.2064, 36641, 26.4922, 10115.0579
current_data: 2.0303, 349137, 13.3682, 2794.3910
current_data: 1.0268, 4885575, 5.0383, 3591.8956
current_data: 0.4023, 20166671, 72.1495, 16531.3446
current_data: 2.5494, 81376, 0.0009, 0.0000
current_data: 2.2210, 212587, 26.4897, 59782.8421
current_data: 2.3354, 2306309, 8.9668, 11870.0679
current_data: 1.0240, 4815619, 5.1247, 3703.1462
current_data: 0.3827, 19034621, 76.9984, 16013.8416
current_data: 2.5490, 86976, 0.0013, 1.2500
current_data: 2.2201, 228374, 26.4855, 58789.0864
current_data: 2.3322, 2289026, 9.0193, 11760.0673
current_data: 1.0492, 4911845, 5.1090, 3671.8960
current_data: 0.3843, 19104626, 77.0147, 16114.4672
current_data: 2.5506, 79078, 0.0008, 0.0000
current_data: 2.4333, 225896, 31.6762, 52695.3015
current_data: 2.3723, 2361296, 8.9081, 11848.8178
current_data: 1.0529, 4922876, 5.1498, 3696.2712
current_data: 0.3844, 19016718, 77.0316, 16065.7169
current_data: 2.5491, 79494, 0.0009, 0.0000
current_data: 2.4677, 224411, 31.9699, 52557.1757
current_data: 2.3837, 2308491, 9.0074, 11887.5680
current_data: 1.0536, 4902248, 5.1155, 3661.2709
current_data: 0.3845, 19018672, 77.0171, 16093.2171
current_data: 2.5499, 78872, 0.0010, 0.0000
current_data: 2.4681, 221541, 31.9679, 52542.1756
current_data: 2.3843, 2313378, 8.9735, 11877.5680
current_data: 1.0533, 4893124, 5.1012, 3578.1455
current_data: 0.3841, 18998757, 77.0654, 16111.3422
current_data: 2.5493, 83369, 0.0012, 0.0000
current_data: 2.4621, 228238, 31.9689, 52430.3000
current_data: 2.2901, 2264798, 10.2338, 13154.4503
current_data: 1.0556, 4902065, 5.0439, 3726.2713
current_data: 0.3845, 18997538, 77.0157, 15965.7164
current_data: 2.5493, 77118, 0.0008, 1.2500
current_data: 2.4669, 220984, 31.9707, 52574.6758
current_data: 2.3848, 2331098, 8.9243, 11972.5685
current_data: 1.0520, 4897266, 5.1235, 3677.5210
current_data: 0.3843, 19113261, 77.0436, 16075.7170
current_data: 2.5501, 78853, 0.0009, 0.0000
current_data: 2.4681, 222235, 31.9724, 52755.9269
current_data: 2.3869, 2331200, 9.0223, 11933.1933
current_data: 1.0554, 4892654, 5.0561, 3760.0215
current_data: 0.3844, 19041613, 77.0164, 16047.5918
current_data: 2.5490, 85022, 0.0011, 1.8750
current_data: 2.4680, 229291, 31.9679, 52639.0512
current_data: 2.3070, 2308432, 10.1908, 12700.0727
current_data: 1.0533, 4977302, 5.1394, 3777.5216
current_data: 0.3843, 19256250, 77.0285, 16188.2176
current_data: 2.5490, 86116, 0.0013, 0.6250
current_data: 2.4692, 239490, 31.9675, 53259.6798
current_data: 2.3829, 2349953, 8.9837, 12019.4438
current_data: 1.0532, 4992634, 5.0708, 3686.2711
current_data: 0.3843, 19301549, 77.0189, 16208.8427
current_data: 2.5487, 88442, 0.0013, 1.8750
current_data: 2.2648, 236089, 32.6505, 50965.2916
current_data: 2.3874, 2384845, 8.8973, 12070.0691
current_data: 1.0608, 5009537, 5.1213, 3782.5216
current_data: 0.3847, 19302221, 77.0033, 16162.5925
current_data: 2.5500, 79322, 0.0009, 0.0000
current_data: 2.5534, 234791, 24.9750, 44930.8821
current_data: 2.3007, 2375285, 10.2430, 13277.5760
current_data: 1.0581, 5039639, 5.1614, 3943.7726
current_data: 0.3845, 19475163, 77.0203, 16477.5943
current_data: 2.5503, 79820, 0.0009, 0.0000
current_data: 2.5456, 236682, 24.9772, 45159.0084
current_data: 2.3957, 2346699, 8.9280, 12086.9442
current_data: 1.0596, 5018522, 5.1028, 3707.5212
current_data: 0.3845, 19379103, 77.0237, 16294.4682
current_data: 2.5490, 81260, 0.0009, 1.8750
current_data: 2.5635, 228855, 24.9770, 45258.3840
current_data: 2.3976, 2447745, 8.8940, 12216.3199
current_data: 1.0569, 5023890, 5.0529, 3866.8971
current_data: 0.3844, 19424235, 77.0292, 16409.4689
current_data: 2.5500, 84261, 0.0011, 0.0000
current_data: 2.5607, 233067, 24.9748, 45361.5096
current_data: 2.3943, 2475618, 8.9422, 12161.3196
current_data: 1.0574, 5067399, 5.2090, 3955.6476
current_data: 0.3884, 18471541, 75.0419, 16657.5953
current_data: 2.5504, 79086, 0.0008, 0.0000
current_data: 2.5234, 233006, 24.9749, 44918.3820
current_data: 2.3965, 2458912, 8.8960, 12208.1949
current_data: 1.0531, 4995632, 5.1284, 3884.3972
current_data: 0.3845, 19528736, 77.0147, 16487.5943
current_data: 2.5494, 80444, 0.0009, 0.6250
current_data: 2.4985, 234920, 24.9766, 44466.5044
current_data: 2.3035, 2281993, 10.1997, 13353.2014
current_data: 1.0549, 5059508, 5.1972, 3936.2725
current_data: 0.3844, 19579410, 77.0349, 16506.9695
current_data: 2.5496, 85189, 0.0012, 2.5000
current_data: 2.5613, 242765, 24.9736, 45763.3869
current_data: 2.3976, 2420335, 8.9354, 12291.3203
current_data: 1.0559, 5063776, 5.1791, 3854.3971
current_data: 0.3844, 19562391, 77.0390, 16465.7192
current_data: 2.5503, 81821, 0.0008, 0.6250
current_data: 2.5597, 239117, 24.9724, 45650.2612
current_data: 2.3859, 2506064, 8.8890, 12211.9449
current_data: 1.0581, 5043141, 5.0227, 3807.5218
current_data: 0.3843, 19491640, 77.0704, 16489.4694
current_data: 2.5512, 80252, 0.0008, 0.6250
current_data: 2.2604, 262673, 30.4321, 47550.8971
current_data: 2.4009, 2361173, 8.8993, 12160.0696
current_data: 1.0539, 5038114, 5.0765, 3798.7717
current_data: 0.3844, 19621966, 77.0409, 16570.0948
current_data: 2.5495, 81541, 0.0009, 0.6250
current_data: 2.4654, 251281, 31.9661, 54140.3098
current_data: 2.3894, 2469472, 8.8557, 12194.4448
current_data: 1.0530, 5055880, 5.1001, 3780.0216
current_data: 0.3844, 19531308, 77.0194, 16413.2189
current_data: 2.5493, 84245, 0.0010, 5.6250
current_data: 2.4621, 250070, 31.9645, 53815.9329
current_data: 2.3732, 2273817, 8.9396, 12800.6982
current_data: 1.0532, 5034573, 5.0215, 3838.7720
current_data: 0.3843, 19572914, 77.0156, 16462.5942
current_data: 2.5493, 86911, 0.0012, 7.5000
current_data: 2.4632, 256238, 31.9644, 53929.0586
current_data: 2.3934, 2482650, 8.8680, 12235.0700
current_data: 1.0510, 5022223, 5.1663, 3961.8977
current_data: 0.3843, 19595150, 77.0076, 16467.5942
current_data: 2.5479, 88040, 0.0014, 1.2500
current_data: 2.4601, 256609, 31.9639, 53937.8086
current_data: 2.2977, 2428886, 10.1799, 13505.7023
current_data: 1.0520, 5033191, 5.1313, 3820.6469
current_data: 0.3843, 19648862, 77.0237, 16488.8443
current_data: 2.5503, 80967, 0.0010, 1.2500
current_data: 2.4662, 249495, 31.9663, 54364.0611
current_data: 2.3907, 2464432, 8.8924, 12295.0704
current_data: 1.0536, 5091701, 5.1494, 3883.1472
current_data: 0.3845, 19752538, 77.0117, 16580.0949
current_data: 2.5509, 79841, 0.0009, 0.0000
current_data: 2.4676, 242882, 31.9667, 54540.9371
current_data: 2.3378, 2466559, 9.7312, 12425.0711
current_data: 1.0592, 5103149, 4.9920, 3753.1465
current_data: 0.3843, 19750258, 77.0357, 16703.2206
current_data: 2.5493, 81158, 0.0009, 0.0000
current_data: 2.4674, 240301, 31.9675, 54561.5622
current_data: 2.3912, 2480592, 8.8750, 12269.4452
current_data: 1.0612, 5138877, 5.0331, 3845.6470
current_data: 0.3845, 19712520, 77.0094, 16565.0948
current_data: 2.5496, 83564, 0.0010, 0.0000
current_data: 2.2398, 255524, 33.2795, 51395.9191
current_data: 2.4000, 2462539, 8.8803, 12273.8202
[32m[info] [src/pairwise_allocator.cpp:allocating:1174] Will begin allocating cache, allocation_ready_queue size 1, allocation_complete_queue size 4
[mcurrent_data: 1.0539, 945485, 5.6132, 970.6306
current_data: 0.4664, 6071827, 62.2191, 3505.0201
current_data: 2.5468, 19189, 0.0018, 0.0000
current_data: 0.9424, 28489, 34.3098, 3790.6467
current_data: 1.3083, 319412, 16.7736, 2341.2634
[32m[info] [src/pairwise_allocator.cpp:binary_serch_cache_roofline:462] descriptor COLS 3, find_cache_roofline_times: 1, roofline ipc: 2.5468, current ipc 2.5468, gap: 0.0000, lway: 1, rway: 14
[mcurrent_data: 1.0353, 810207, 5.8892, 918.7553
current_data: 0.4773, 5982569, 61.1759, 3288.1438
current_data: 2.5494, 16172, 0.0007, 1.8750
current_data: 0.9439, 27871, 34.3000, 3811.2718
current_data: 2.0816, 379345, 6.9858, 1569.3840
[32m[info] [src/pairwise_allocator.cpp:binary_serch_cache_roofline:462] descriptor COLS 3, find_cache_roofline_times: 2, roofline ipc: 2.5494, current ipc 2.5494, gap: 0.0000, lway: 1, rway: 7
[mcurrent_data: 1.0340, 774542, 5.8620, 863.7549
current_data: 0.4817, 5984194, 60.6239, 3254.3936
current_data: 2.5499, 17208, 0.0009, 0.0000
current_data: 0.9429, 23823, 34.3002, 3753.7715
current_data: 1.5300, 286220, 13.0829, 2075.0119
[32m[info] [src/pairwise_allocator.cpp:binary_serch_cache_roofline:462] descriptor COLS 3, find_cache_roofline_times: 3, roofline ipc: 2.5499, current ipc 2.5499, gap: 0.0000, lway: 1, rway: 4
[mcurrent_data: 1.0343, 778431, 5.9841, 888.7551
current_data: 0.4834, 6061065, 60.5580, 3296.2689
current_data: 2.5499, 15956, 0.0009, 0.0000
current_data: 0.9444, 25325, 34.3033, 3806.8968
current_data: 2.1001, 365010, 6.8294, 1613.1342
[32m[info] [src/pairwise_allocator.cpp:binary_serch_cache_roofline:462] descriptor COLS 3, find_cache_roofline_times: 4, roofline ipc: 2.5499, current ipc 2.5499, gap: 0.0000, lway: 1, rway: 2
[mcurrent_data: 1.0384, 792508, 6.2247, 1007.5058
current_data: 0.4833, 6139114, 60.5134, 3342.5191
current_data: 2.5513, 15761, 0.0011, 0.0000
current_data: 0.7402, 33888, 37.2547, 3273.7687
current_data: 1.6130, 287572, 11.9490, 1923.7610
[32m[info] [src/pairwise_allocator.cpp:binary_serch_cache_roofline:462] descriptor COLS 3, find_cache_roofline_times: 5, roofline ipc: 2.5513, current ipc 2.5513, gap: 0.0000, lway: 1, rway: 1
[mcurrent_data: 1.0333, 746292, 6.1791, 892.5051
current_data: 0.4787, 5778085, 60.9474, 3159.3931
current_data: 2.5490, 15228, 0.0012, 0.0000
current_data: 0.9475, 24833, 33.9114, 3743.1464
current_data: 2.0933, 363318, 6.8361, 1625.0093
[32m[info] [src/pairwise_allocator.cpp:found_cache_roofline:405] Found_cache_roofline, obj_id 134584, roofline cache way: 1, roofline remain cache: 14, roofline cache bitmask: 0x7ffe
[m[32m[info] [src/pairwise_allocator.cpp:binary_serch_cache_roofline:462] descriptor COLS 3, find_cache_roofline_times: 6, roofline ipc: 2.5513, current ipc 2.5490, gap: 0.0009, lway: 1, rway: 1
[m[32m[info] [src/pairwise_allocator.cpp:allocating_cache:846] binary_serch_cache_roofline first pair success
[m[32m[info] [src/pairwise_allocator.cpp:pair_allocating_cache:770] pair_allocating_cache begin, allocating time: 0, descriptor roofline cache way: 1, system remain cache way: 5, complete queue size: 4
[m[32m[info] [src/pairwise_allocator.cpp:allocating_cache:852] Complete pair_allocating_cache, allocate cache ways: 1
[m[34m[critical] [src/pairwise_allocator.cpp:print_allocating_cache_results:815] print_allocating_cache_results: system remain cache: 4
[m[34m[critical] [src/pairwise_allocator.cpp:print_allocating_cache_results:818] obj: 137579, cache_way: 1, roofline cache way: 1
[m[34m[critical] [src/pairwise_allocator.cpp:print_allocating_cache_results:818] obj: 134569, cache_way: 4, roofline cache way: 4
[m[34m[critical] [src/pairwise_allocator.cpp:print_allocating_cache_results:818] obj: 137589, cache_way: 4, roofline cache way: 4
[m[34m[critical] [src/pairwise_allocator.cpp:print_allocating_cache_results:818] obj: 134574, cache_way: 1, roofline cache way: 1
[m[34m[critical] [src/pairwise_allocator.cpp:print_allocating_cache_results:823] obj: 134584, cache_way: 1, roofline cache way: 1
[mSKT0: MBA COS6 => 100% requested, 100% applied
current_data: 1.0449, 930013, 5.6758, 1011.8808
current_data: 0.4687, 6293262, 61.3139, 3418.7696
current_data: 2.5488, 18473, 0.0023, 0.0000
current_data: 0.7239, 20899, 26.5525, 3801.2718
current_data: 2.1620, 369924, 6.3261, 1583.1341
SKT0: MBA COS6 => 60% requested, 60% applied
[32m[info] [src/pairwise_allocator.cpp:binary_serch_mb_roofline:937] descriptor1 COLS 3, find_mb_roofline_time: 1, roofline mb: 0.0000, current mb 0.0000, gap: -nan, lmb_throttle: 20, rmb_throttle: 100
[mcurrent_data: 1.0224, 821664, 5.8686, 871.8800
current_data: 0.4744, 6178024, 60.4944, 3288.1438
current_data: 2.5475, 19425, 0.0021, 0.0000
current_data: 0.7242, 22100, 26.5494, 3856.2721
current_data: 2.0961, 336550, 6.8101, 1505.0086
SKT0: MBA COS6 => 40% requested, 40% applied
[32m[info] [src/pairwise_allocator.cpp:binary_serch_mb_roofline:937] descriptor1 COLS 3, find_mb_roofline_time: 2, roofline mb: 0.0000, current mb 0.0000, gap: -nan, lmb_throttle: 20, rmb_throttle: 60
[mcurrent_data: 1.0217, 790597, 5.9048, 968.1305
current_data: 0.4805, 6131376, 60.0696, 3224.3935
current_data: 2.5487, 17469, 0.0016, 0.0000
current_data: 0.7240, 21136, 26.5316, 3663.7710
current_data: 2.1262, 334363, 6.7247, 1491.8835
SKT0: MBA COS6 => 30% requested, 30% applied
[32m[info] [src/pairwise_allocator.cpp:binary_serch_mb_roofline:937] descriptor1 COLS 3, find_mb_roofline_time: 3, roofline mb: 0.0000, current mb 0.0000, gap: -nan, lmb_throttle: 20, rmb_throttle: 40
[mcurrent_data: 1.0242, 768061, 6.0189, 926.2553
current_data: 0.4826, 6158993, 59.7818, 3253.7686
current_data: 2.5508, 15607, 0.0010, 0.0000
current_data: 0.7242, 17901, 26.5438, 3750.0215
current_data: 2.0328, 326808, 6.6207, 1501.2586
SKT0: MBA COS6 => 20% requested, 20% applied
[32m[info] [src/pairwise_allocator.cpp:binary_serch_mb_roofline:937] descriptor1 COLS 3, find_mb_roofline_time: 4, roofline mb: 0.0000, current mb 0.0000, gap: -nan, lmb_throttle: 20, rmb_throttle: 30
[mcurrent_data: 1.0239, 788592, 6.1009, 911.2552
current_data: 0.4822, 6208854, 60.0349, 3284.3938
current_data: 2.5489, 16264, 0.0012, 0.0000
current_data: 0.7241, 18688, 26.5511, 3810.0218
current_data: 2.1415, 320035, 6.6009, 1576.8840
SKT0: MBA COS6 => 20% requested, 20% applied
[32m[info] [src/pairwise_allocator.cpp:binary_serch_mb_roofline:937] descriptor1 COLS 3, find_mb_roofline_time: 5, roofline mb: 0.0000, current mb 0.0000, gap: -nan, lmb_throttle: 20, rmb_throttle: 20
[mcurrent_data: 1.0202, 787875, 6.0219, 899.3801
current_data: 0.4822, 6195072, 59.7559, 3201.2683
current_data: 2.5496, 16093, 0.0013, 0.0000
current_data: 0.7246, 18058, 26.5444, 3755.6465
current_data: 1.8919, 280386, 7.1846, 1713.1348
[32m[info] [src/pairwise_allocator.cpp:found_mb_roofline:887] Fast found mb roofline, obj_id 134584, roofline mb: 0.00 MB/s, roofline mb throttle: 20
[m[32m[info] [src/pairwise_allocator.cpp:binary_serch_mb_roofline:937] descriptor1 COLS 3, find_mb_roofline_time: 6, roofline mb: 0.0000, current mb 0.0000, gap: -nan, lmb_throttle: 20, rmb_throttle: 20
[m[32m[info] [src/pairwise_allocator.cpp:allocating_mb:1147] binary_serch_mb_roofline first pair success
[m[32m[info] [src/pairwise_allocator.cpp:pair_allocating_mb:1088] pair_allocating_mb begin, allocating times: 0, descriptor roofline mb throttle: 20, system remain mb: 93879.92 MB/s
[mSKT0: MBA COS3 => 20% requested, 20% applied
current_data: 0.9983, 929000, 5.3898, 951.2554
current_data: 0.4293, 5569746, 68.2450, 3439.3947
current_data: 2.5462, 20672, 0.0021, 0.6250
current_data: 2.2008, 42441, 26.4947, 11790.0675
current_data: 2.3930, 342941, 6.8758, 2234.3878
[32m[info] [src/pairwise_allocator.cpp:pair_allocating_mb:1088] pair_allocating_mb begin, allocating times: 1, descriptor roofline mb throttle: 20, system remain mb: 93879.92 MB/s
[m[32m[info] [src/pairwise_allocator.cpp:allocating_fit_mb:958] Will allocating_fit_mb mb throttle: 20
[mSKT0: MBA COS3 => 20% requested, 20% applied
current_data: 1.0036, 801512, 5.2435, 657.5038
current_data: 0.4259, 4329533, 68.9066, 2697.5154
current_data: 2.5470, 18847, 0.0031, 1.2500
current_data: 2.2205, 41283, 26.4866, 10580.0605
current_data: 2.4294, 498389, 7.9732, 1688.1347
[32m[info] [src/pairwise_allocator.cpp:allocating_mb:1121] Allocate mb: 1.25 MB/s, mb_throttle: 20
[mcurrent_data: 1.0267, 812735, 5.3289, 705.6290
current_data: 0.4247, 4194973, 69.3255, 2661.2652
current_data: 2.5464, 16761, 0.0020, 0.6250
current_data: 2.3945, 47246, 31.1537, 9294.4282
current_data: 2.5773, 423100, 6.6583, 1699.3847
current_data: 1.0497, 4909120, 5.1612, 3702.5212
current_data: 0.4220, 23797002, 69.9602, 15625.7144
current_data: 2.5499, 86039, 0.0013, 1.2500
current_data: 2.4669, 232298, 31.9692, 53059.0536
current_data: 2.3875, 2332557, 9.0255, 11966.3185
current_data: 1.0522, 4968884, 5.1497, 3823.7719
current_data: 0.4192, 23511527, 70.4675, 15571.3391
current_data: 2.5499, 81731, 0.0009, 1.8750
current_data: 2.4645, 228577, 31.9691, 53195.9294
current_data: 2.3724, 2369043, 8.9027, 12405.6960
current_data: 1.0520, 4974074, 5.0991, 3681.2711
current_data: 0.4166, 23194017, 70.9209, 15562.5890
current_data: 2.5505, 79885, 0.0008, 1.2500
current_data: 2.4668, 224671, 31.9698, 53239.0546
current_data: 2.3941, 2410627, 8.9154, 12108.8193
current_data: 1.0515, 4982274, 5.1080, 3733.7714
current_data: 0.4146, 22979856, 71.2499, 15668.2147
current_data: 2.5496, 86311, 0.0013, 1.8750
current_data: 2.4656, 233710, 31.9691, 53267.1798
current_data: 2.3960, 2354082, 8.9439, 12039.4439
current_data: 1.0508, 4955693, 5.1535, 3822.5219
current_data: 0.4131, 22739631, 71.5283, 15746.3401
current_data: 2.5499, 82843, 0.0010, 1.8750
current_data: 2.4667, 234785, 31.9666, 53130.9290
current_data: 2.3990, 2358909, 8.9441, 12057.5690
current_data: 1.0503, 4935482, 5.1516, 3909.3974
current_data: 0.4117, 22626687, 71.7532, 15790.7154
current_data: 2.5488, 85809, 0.0012, 2.5000
current_data: 2.4659, 240275, 31.9654, 53262.8048
current_data: 2.3928, 2301050, 8.9814, 11990.0686
current_data: 1.0509, 4928535, 5.0778, 3848.1470
current_data: 0.4101, 22323434, 72.0263, 15621.9644
current_data: 2.5483, 87896, 0.0015, 1.2500
current_data: 2.4683, 241826, 31.9655, 53231.5546
current_data: 2.3991, 2354108, 8.8867, 12135.0694
current_data: 1.0535, 4983399, 5.1057, 3808.1468
current_data: 0.4089, 22424833, 72.2528, 15879.4659
current_data: 2.5499, 86721, 0.0012, 2.5000
current_data: 2.4690, 236170, 31.9654, 53702.8073
current_data: 2.4006, 2330909, 8.9544, 12095.6942
current_data: 1.0571, 5024398, 5.0383, 3835.6469
current_data: 0.4082, 22320411, 72.4220, 16027.5917
current_data: 2.5498, 84980, 0.0012, 2.5000
current_data: 2.3089, 245217, 29.2258, 47434.0214
current_data: 2.4061, 2355139, 8.8574, 12107.5693
current_data: 1.0593, 5029157, 5.0330, 3843.7720
current_data: 0.4072, 22198041, 72.5989, 15990.7165
current_data: 2.5496, 78560, 0.0007, 1.2500
current_data: 2.5594, 237485, 24.9768, 45267.7590
current_data: 2.3168, 2347619, 10.1593, 13323.8262
current_data: 1.0590, 5041464, 5.1460, 3826.2719
current_data: 0.4064, 22122433, 72.7523, 16055.7169
current_data: 2.5508, 81260, 0.0008, 1.2500
current_data: 2.5494, 239811, 24.9758, 45133.3833
current_data: 2.4075, 2485285, 8.9241, 12237.5700
current_data: 1.0578, 5042880, 5.1480, 3915.0224
current_data: 0.4103, 21080415, 71.4309, 16194.4677
current_data: 2.5497, 81951, 0.0010, 0.6250
current_data: 2.5581, 240752, 24.9742, 45269.0090
current_data: 2.4123, 2350845, 8.8370, 12208.8199
[32m[info] [src/pairwise_allocator.cpp:allocating:1174] Will begin allocating cache, allocation_ready_queue size 1, allocation_complete_queue size 4
[mcurrent_data: 1.0464, 893117, 5.6475, 896.2551
current_data: 0.4538, 5573095, 63.7819, 3163.7681
current_data: 2.5473, 17338, 0.0013, 0.0000
current_data: 1.1190, 26233, 25.0188, 3823.1469
current_data: 1.8476, 417003, 9.0536, 1701.8847
[32m[info] [src/pairwise_allocator.cpp:binary_serch_cache_roofline:462] descriptor COLS 3, find_cache_roofline_times: 1, roofline ipc: 2.5473, current ipc 2.5473, gap: 0.0000, lway: 1, rway: 14
[mcurrent_data: 1.0277, 833336, 6.2093, 939.3804
current_data: 0.4617, 5710733, 62.8522, 3171.8931
current_data: 2.5492, 17290, 0.0009, 0.0000
current_data: 1.1205, 25805, 25.0187, 3852.5220
current_data: 2.1013, 341402, 6.8269, 1550.6339
[32m[info] [src/pairwise_allocator.cpp:binary_serch_cache_roofline:462] descriptor COLS 3, find_cache_roofline_times: 2, roofline ipc: 2.5492, current ipc 2.5492, gap: 0.0000, lway: 1, rway: 7
[mcurrent_data: 1.0273, 818759, 6.0505, 928.1303
current_data: 0.4670, 5830990, 62.3684, 3122.5179
current_data: 2.5473, 16194, 0.0006, 0.0000
current_data: 1.1199, 23146, 25.0259, 3862.5221
current_data: 1.9087, 350717, 8.4721, 1645.6344
[32m[info] [src/pairwise_allocator.cpp:binary_serch_cache_roofline:462] descriptor COLS 3, find_cache_roofline_times: 3, roofline ipc: 2.5492, current ipc 2.5473, gap: 0.0008, lway: 1, rway: 4
[mcurrent_data: 1.0294, 748973, 6.0603, 870.0050
current_data: 0.4705, 5593333, 62.0185, 2994.3921
current_data: 2.5486, 15251, 0.0007, 0.0000
current_data: 1.1206, 23664, 25.0259, 3726.8963
current_data: 2.0806, 369455, 6.9675, 1545.6338
[32m[info] [src/pairwise_allocator.cpp:binary_serch_cache_roofline:462] descriptor COLS 3, find_cache_roofline_times: 4, roofline ipc: 2.5492, current ipc 2.5486, gap: 0.0002, lway: 1, rway: 2
[mcurrent_data: 1.0325, 787148, 6.2634, 998.1307
current_data: 0.4730, 5916804, 61.8429, 3175.0182
current_data: 2.5492, 16335, 0.0014, 0.0000
current_data: 1.1206, 24637, 25.0300, 3850.0220
current_data: 2.0425, 345828, 7.3182, 1513.7587
[32m[info] [src/pairwise_allocator.cpp:binary_serch_cache_roofline:462] descriptor COLS 3, find_cache_roofline_times: 5, roofline ipc: 2.5492, current ipc 2.5492, gap: 0.0000, lway: 1, rway: 1
[mcurrent_data: 1.0268, 798774, 6.0995, 945.6304
current_data: 0.4671, 5808509, 62.2714, 3195.6433
current_data: 2.5484, 17648, 0.0017, 0.0000
current_data: 1.1203, 25761, 25.0274, 3858.7721
current_data: 2.0670, 337679, 6.8747, 1462.5084
[32m[info] [src/pairwise_allocator.cpp:found_cache_roofline:405] Found_cache_roofline, obj_id 134584, roofline cache way: 1, roofline remain cache: 14, roofline cache bitmask: 0x7ffe
[m[32m[info] [src/pairwise_allocator.cpp:binary_serch_cache_roofline:462] descriptor COLS 3, find_cache_roofline_times: 6, roofline ipc: 2.5492, current ipc 2.5484, gap: 0.0003, lway: 1, rway: 1
[m[32m[info] [src/pairwise_allocator.cpp:allocating_cache:846] binary_serch_cache_roofline first pair success
[m[32m[info] [src/pairwise_allocator.cpp:pair_allocating_cache:770] pair_allocating_cache begin, allocating time: 0, descriptor roofline cache way: 1, system remain cache way: 5, complete queue size: 4
[m[32m[info] [src/pairwise_allocator.cpp:allocating_cache:852] Complete pair_allocating_cache, allocate cache ways: 1
[m[34m[critical] [src/pairwise_allocator.cpp:print_allocating_cache_results:815] print_allocating_cache_results: system remain cache: 4
[m[34m[critical] [src/pairwise_allocator.cpp:print_allocating_cache_results:818] obj: 137579, cache_way: 1, roofline cache way: 1
[m[34m[critical] [src/pairwise_allocator.cpp:print_allocating_cache_results:818] obj: 134569, cache_way: 4, roofline cache way: 4
[m[34m[critical] [src/pairwise_allocator.cpp:print_allocating_cache_results:818] obj: 137589, cache_way: 4, roofline cache way: 4
[m[34m[critical] [src/pairwise_allocator.cpp:print_allocating_cache_results:818] obj: 134574, cache_way: 1, roofline cache way: 1
[m[34m[critical] [src/pairwise_allocator.cpp:print_allocating_cache_results:823] obj: 134584, cache_way: 1, roofline cache way: 1
[mSKT0: MBA COS6 => 100% requested, 100% applied
current_data: 1.0508, 952772, 5.7276, 970.6306
current_data: 0.4574, 5929172, 63.3631, 3396.2694
current_data: 2.5479, 17447, 0.0019, 0.0000
current_data: 0.9281, 23735, 32.0070, 3908.1474
current_data: 2.1115, 422652, 6.8220, 1471.8834
SKT0: MBA COS6 => 60% requested, 60% applied
[32m[info] [src/pairwise_allocator.cpp:binary_serch_mb_roofline:937] descriptor1 COLS 3, find_mb_roofline_time: 1, roofline mb: 0.0000, current mb 0.0000, gap: -nan, lmb_throttle: 20, rmb_throttle: 100
[mcurrent_data: 1.0314, 802588, 5.9334, 978.1306
current_data: 0.4719, 5795916, 61.4908, 3128.7679
current_data: 2.5497, 15586, 0.0012, 0.0000
current_data: 0.9284, 23613, 31.9899, 3843.1470
current_data: 1.7089, 285764, 9.3363, 1850.0106
SKT0: MBA COS6 => 40% requested, 40% applied
[32m[info] [src/pairwise_allocator.cpp:binary_serch_mb_roofline:937] descriptor1 COLS 3, find_mb_roofline_time: 2, roofline mb: 0.0000, current mb 0.0000, gap: -nan, lmb_throttle: 20, rmb_throttle: 60
[mcurrent_data: 1.0350, 804159, 5.8209, 917.5053
current_data: 0.4716, 5873999, 61.8354, 3279.3938
current_data: 2.5484, 16124, 0.0013, 0.6250
current_data: 0.9302, 23613, 32.0011, 3887.5222
current_data: 2.1668, 315887, 6.3797, 1542.5088
SKT0: MBA COS6 => 30% requested, 30% applied
[32m[info] [src/pairwise_allocator.cpp:binary_serch_mb_roofline:937] descriptor1 COLS 3, find_mb_roofline_time: 3, roofline mb: 0.0000, current mb 0.6250, gap: inf, lmb_throttle: 20, rmb_throttle: 40
[mcurrent_data: 1.0283, 797106, 6.0680, 918.7553
current_data: 0.4765, 5991691, 61.1780, 3205.6433
current_data: 2.5493, 15236, 0.0011, 0.0000
current_data: 0.9278, 21312, 32.0014, 3909.3974
current_data: 1.7142, 289593, 9.0981, 1861.2607
SKT0: MBA COS6 => 20% requested, 20% applied
[32m[info] [src/pairwise_allocator.cpp:binary_serch_mb_roofline:937] descriptor1 COLS 3, find_mb_roofline_time: 4, roofline mb: 0.0000, current mb 0.0000, gap: -nan, lmb_throttle: 20, rmb_throttle: 30
[mcurrent_data: 1.0250, 769611, 5.9775, 933.1303
current_data: 0.4703, 5896661, 61.9502, 3213.1434
current_data: 2.5485, 16911, 0.0014, 0.0000
current_data: 0.9280, 23623, 32.0105, 3990.6478
current_data: 2.1084, 386598, 6.8054, 1601.8842
SKT0: MBA COS6 => 20% requested, 20% applied
[32m[info] [src/pairwise_allocator.cpp:binary_serch_mb_roofline:937] descriptor1 COLS 3, find_mb_roofline_time: 5, roofline mb: 0.0000, current mb 0.0000, gap: -nan, lmb_throttle: 20, rmb_throttle: 20
[mcurrent_data: 1.0312, 781261, 5.8803, 933.7553
current_data: 0.4780, 5886228, 60.9866, 3135.6429
current_data: 2.5474, 16208, 0.0014, 0.6250
current_data: 0.9290, 21486, 31.9999, 3713.7713
current_data: 1.5461, 264099, 11.2810, 1958.1362
[32m[info] [src/pairwise_allocator.cpp:found_mb_roofline:887] Fast found mb roofline, obj_id 134584, roofline mb: 0.00 MB/s, roofline mb throttle: 20
[m[32m[info] [src/pairwise_allocator.cpp:binary_serch_mb_roofline:937] descriptor1 COLS 3, find_mb_roofline_time: 6, roofline mb: 0.0000, current mb 0.6250, gap: inf, lmb_throttle: 20, rmb_throttle: 20
[m[32m[info] [src/pairwise_allocator.cpp:allocating_mb:1147] binary_serch_mb_roofline first pair success
[m[32m[info] [src/pairwise_allocator.cpp:pair_allocating_mb:1088] pair_allocating_mb begin, allocating times: 0, descriptor roofline mb throttle: 20, system remain mb: 93879.92 MB/s
[mSKT0: MBA COS3 => 20% requested, 20% applied
current_data: 1.0318, 1009848, 5.6206, 992.5057
current_data: 0.4494, 6081323, 65.5377, 3541.2703
current_data: 2.5471, 18924, 0.0020, 0.0000
current_data: 2.4488, 47266, 31.9708, 10461.3099
current_data: 2.0515, 427157, 14.0307, 2975.0170
[32m[info] [src/pairwise_allocator.cpp:pair_allocating_mb:1088] pair_allocating_mb begin, allocating times: 1, descriptor roofline mb throttle: 20, system remain mb: 93879.92 MB/s
[m[32m[info] [src/pairwise_allocator.cpp:allocating_fit_mb:958] Will allocating_fit_mb mb throttle: 20
[mSKT0: MBA COS3 => 20% requested, 20% applied
current_data: 1.0457, 823946, 5.1089, 663.1288
current_data: 0.4472, 4578136, 65.9541, 2766.2658
current_data: 2.5511, 15028, 0.0017, 0.0000
current_data: 2.4639, 42666, 31.9627, 9083.8020
current_data: 2.5979, 430336, 6.5761, 1643.1344
[32m[info] [src/pairwise_allocator.cpp:allocating_mb:1121] Allocate mb: 0.00 MB/s, mb_throttle: 20
[mcurrent_data: 1.0508, 853261, 5.1063, 697.5040
current_data: 0.4453, 4603439, 66.2097, 2811.2661
current_data: 2.5496, 14998, 0.0017, 0.0000
current_data: 2.4696, 41202, 31.9678, 9230.6778
current_data: 2.5887, 433475, 6.7085, 1626.8843
current_data: 1.0555, 5002334, 5.0715, 3839.3970
current_data: 0.4417, 26181604, 66.7949, 16163.8425
current_data: 2.5492, 78698, 0.0008, 0.0000
current_data: 2.4644, 230569, 31.9737, 53174.0543
current_data: 2.4016, 2321200, 8.9348, 12005.6937
current_data: 1.0537, 4938623, 5.0941, 3766.8966
current_data: 0.4368, 25606251, 67.5647, 16038.2168
current_data: 2.5510, 79493, 0.0008, 0.0000
current_data: 2.4630, 235042, 31.9714, 53122.1790
current_data: 2.3092, 2274934, 10.1650, 13222.5757
current_data: 1.0569, 5015553, 5.0269, 3694.3961
current_data: 0.4330, 25305563, 68.1652, 16055.0919
current_data: 2.5491, 80897, 0.0008, 0.0000
current_data: 2.4654, 231080, 31.9716, 53505.9312
current_data: 2.4008, 2357694, 8.9521, 12128.8194
current_data: 1.0524, 4940350, 5.1370, 3663.1460
current_data: 0.4294, 24779810, 68.7467, 15702.5899
current_data: 2.5504, 79352, 0.0007, 0.0000
current_data: 2.4651, 227498, 31.9721, 53292.8049
current_data: 2.4012, 2318579, 8.9240, 12055.0690
current_data: 1.0632, 5022199, 5.0873, 3921.8974
current_data: 0.4272, 24436068, 69.2064, 15788.2153
current_data: 2.5488, 88371, 0.0014, 0.6250
current_data: 2.0224, 244313, 35.3245, 44297.7535
current_data: 2.3799, 2281552, 9.1543, 12861.9486
current_data: 1.0666, 5039302, 5.1237, 3825.6469
current_data: 0.4248, 24136253, 69.6186, 15791.9654
current_data: 2.5497, 85991, 0.0012, 0.0000
current_data: 2.1754, 231309, 34.2674, 45172.7585
current_data: 2.4142, 2358498, 8.9263, 12162.5696
current_data: 1.0649, 5026586, 5.0926, 3668.7710
current_data: 0.4230, 23978084, 69.9340, 15713.8399
current_data: 2.5508, 81937, 0.0008, 0.0000
current_data: 2.1765, 226430, 34.2668, 45315.2593
current_data: 2.4198, 2335287, 8.9473, 12148.1945
current_data: 1.0552, 4975260, 5.1279, 3781.8966
current_data: 0.4203, 23695989, 70.2306, 15759.4652
current_data: 2.5495, 82799, 0.0009, 0.0000
current_data: 2.1081, 5706737, 28.5690, 45412.7599
current_data: 2.3642, 2353738, 8.9322, 12001.9437
current_data: 1.0357, 4937794, 5.1613, 3705.6462
current_data: 0.4174, 23596537, 70.5570, 15831.3406
current_data: 2.5497, 82485, 0.0010, 0.6250
current_data: 2.2190, 416034, 29.0526, 56263.4469
current_data: 2.3497, 2385926, 8.9536, 11975.6935
current_data: 1.0537, 4988567, 5.0989, 3801.2718
current_data: 0.4168, 23479442, 70.8337, 15951.9663
current_data: 2.5495, 89974, 0.0014, 0.0000
current_data: 2.7499, 301992, 25.3189, 49699.6594
current_data: 2.3817, 2389562, 8.8561, 12109.4443
current_data: 1.0409, 4953751, 5.0435, 3688.1461
current_data: 0.4062, 20662238, 71.7075, 16346.9685
current_data: 2.5498, 83263, 0.0010, 0.0000
current_data: 2.3952, 255730, 25.8686, 53640.9319
current_data: 2.3512, 2351978, 8.9294, 11973.8185
current_data: 1.0246, 4803426, 5.0482, 3612.5207
current_data: 0.3828, 19156821, 76.9872, 16147.5924
current_data: 2.5489, 80008, 0.0009, 0.0000
current_data: 2.2227, 226379, 26.4836, 59332.8395
current_data: 2.3281, 2301537, 8.9897, 11760.0673
current_data: 1.0256, 4834340, 5.0801, 3560.6454
current_data: 0.3828, 19239960, 77.0057, 16173.2175
current_data: 2.5495, 78453, 0.0008, 1.2500
current_data: 2.2222, 223150, 26.4862, 59690.3416
current_data: 2.3252, 2336533, 8.9872, 11788.8175
current_data: 1.0418, 4958490, 5.0868, 3852.5220
current_data: 0.3837, 19286997, 77.0242, 16313.8433
current_data: 2.5501, 79689, 0.0007, 0.0000
current_data: 2.3559, 229455, 30.1192, 54999.6897
current_data: 2.3422, 2292477, 8.9811, 12491.9465
current_data: 1.0510, 4986183, 5.1298, 3794.3967
current_data: 0.3843, 19370174, 77.0111, 16292.5932
current_data: 2.5480, 87470, 0.0014, 0.0000
current_data: 2.4674, 241022, 31.9680, 53534.6813
current_data: 2.3723, 2415084, 8.9277, 12090.0692
current_data: 1.0535, 5004896, 5.1576, 3756.2715
current_data: 0.3842, 19375646, 77.0541, 16356.3436
current_data: 2.5504, 80039, 0.0008, 0.0000
current_data: 2.4667, 226270, 31.9673, 53549.6814
current_data: 2.3745, 2466298, 8.9803, 12047.5689
current_data: 1.0521, 4977862, 5.1149, 3678.1460
current_data: 0.3844, 19411761, 77.0223, 16378.2187
current_data: 2.5482, 80587, 0.0009, 0.0000
current_data: 2.4647, 226737, 31.9690, 53510.9312
current_data: 2.3681, 2413308, 8.8841, 12241.9450
current_data: 1.0539, 5037173, 5.1441, 3802.5218
current_data: 0.3842, 19443493, 77.0420, 16360.0936
current_data: 2.5486, 87214, 0.0013, 0.6250
current_data: 2.4671, 228872, 31.9690, 53847.8081
current_data: 2.3812, 2314085, 8.8946, 12020.6938
current_data: 1.0526, 5024857, 5.1225, 3757.5215
current_data: 0.3845, 19555957, 76.9869, 16430.0940
current_data: 2.5489, 88155, 0.0013, 0.6250
current_data: 2.4680, 234215, 31.9686, 53933.4336
current_data: 2.3815, 2303789, 8.8711, 12047.5689
current_data: 1.0512, 4772148, 5.0801, 3694.3961
current_data: 0.3844, 19555460, 76.9814, 16429.4690
current_data: 2.5478, 91049, 0.0015, 0.6250
current_data: 2.4672, 245628, 31.9669, 54004.0590
current_data: 2.3801, 2392960, 8.9319, 12160.0696
current_data: 1.0541, 5036190, 5.0491, 3850.6470
current_data: 0.3844, 19539775, 77.0132, 16379.4687
current_data: 2.5494, 85623, 0.0012, 0.0000
current_data: 2.4687, 235645, 31.9662, 53900.3084
current_data: 2.3845, 2403031, 8.9002, 12176.9447
current_data: 1.0548, 5041248, 5.1231, 3830.0219
current_data: 0.3842, 19626703, 77.0244, 16436.9691
current_data: 2.5495, 89009, 0.0013, 0.6250
current_data: 2.2605, 236752, 32.4417, 51107.1674
current_data: 2.2921, 2412219, 10.1346, 13385.0766
current_data: 1.0578, 5128141, 5.1241, 3912.5224
current_data: 0.3846, 19651634, 76.9983, 16530.0946
current_data: 2.5505, 79781, 0.0008, 0.0000
current_data: 2.5549, 237349, 24.9748, 45694.0115
current_data: 2.3905, 2441853, 8.8650, 12230.6950
current_data: 1.0598, 5071608, 5.0545, 3760.6465
current_data: 0.3844, 19571300, 77.0101, 16391.9688
current_data: 2.5493, 84719, 0.0011, 0.6250
current_data: 2.5405, 245813, 24.9757, 45340.8844
current_data: 2.3923, 2424726, 8.8632, 12155.6946
current_data: 1.0570, 5064691, 5.1132, 3866.2721
current_data: 0.3843, 19599095, 77.0432, 16585.0949
current_data: 2.5502, 84244, 0.0011, 0.0000
current_data: 2.5606, 231416, 24.9761, 45760.2618
current_data: 2.3942, 2406611, 8.8645, 12181.3197
current_data: 1.0571, 5100328, 5.1719, 4017.5230
current_data: 0.3837, 19549857, 76.8590, 16632.5952
current_data: 2.5499, 81537, 0.0009, 0.0000
current_data: 2.5680, 228791, 24.9746, 45904.0127
current_data: 2.3912, 2406008, 8.8518, 12173.1947
current_data: 1.0564, 5059913, 5.1986, 3936.2725
current_data: 0.3844, 19602759, 77.0267, 16446.3441
current_data: 2.5496, 82801, 0.0009, 0.0000
current_data: 2.5254, 229626, 24.9761, 45070.8829
current_data: 2.3075, 2227785, 10.0862, 13296.3261
current_data: 1.0582, 5087451, 5.1058, 3868.7721
current_data: 0.3845, 19660825, 77.0295, 16568.2198
current_data: 2.5497, 84445, 0.0010, 0.0000
current_data: 2.4959, 237648, 24.9740, 44729.0059
current_data: 2.3945, 2404260, 8.8865, 12186.9447
current_data: 1.0586, 5083941, 5.0789, 3998.1479
current_data: 0.3843, 19626652, 77.0322, 16530.0946
current_data: 2.5497, 83078, 0.0010, 0.6250
current_data: 2.5614, 234911, 24.9752, 45884.6376
current_data: 2.3677, 2531516, 9.1090, 12165.6946
current_data: 1.0589, 5060971, 5.0541, 3889.3973
current_data: 0.3844, 19610711, 77.0454, 16572.5948
current_data: 2.5497, 80843, 0.0008, 0.0000
current_data: 2.5635, 236748, 24.9727, 45877.1375
current_data: 2.3921, 2392124, 8.8670, 12158.8196
current_data: 1.0532, 5064267, 5.1920, 3954.3976
current_data: 0.3843, 19595146, 77.0246, 16533.8446
current_data: 2.5491, 89622, 0.0013, 0.0000
current_data: 2.2435, 272014, 31.7271, 48734.6539
current_data: 2.3925, 2379577, 8.8745, 12169.4446
current_data: 1.0543, 5037622, 5.0615, 3845.0220
current_data: 0.3842, 19592587, 77.0310, 16496.9694
current_data: 2.5503, 85756, 0.0011, 1.2500
current_data: 2.4627, 257139, 31.9648, 54032.8092
current_data: 2.3391, 2251663, 9.4851, 13410.7017
current_data: 1.0524, 5037028, 5.1108, 3916.2724
current_data: 0.3845, 19539134, 76.9891, 16432.5940
current_data: 2.5491, 84968, 0.0012, 0.0000
current_data: 2.4640, 256072, 31.9641, 53801.5579
current_data: 2.3850, 2363802, 8.9019, 12106.3193
current_data: 1.0535, 5076704, 5.0942, 3949.3976
current_data: 0.3845, 19650975, 77.0064, 16460.7192
current_data: 2.5509, 81716, 0.0009, 0.0000
current_data: 2.4657, 243536, 31.9665, 54187.1851
current_data: 2.3593, 2560172, 9.2365, 12142.5695
current_data: 1.0507, 5057495, 5.1596, 3982.5228
current_data: 0.3843, 19600913, 77.0330, 16424.4690
current_data: 2.5505, 81239, 0.0009, 0.6250
current_data: 2.4646, 241900, 31.9656, 54052.1843
current_data: 2.3883, 2408982, 8.8787, 12167.5696
current_data: 1.0542, 5045757, 5.0755, 3906.8974
current_data: 0.3845, 19566976, 77.0142, 16438.8441
current_data: 2.5509, 81179, 0.0008, 0.0000
current_data: 2.4676, 240671, 31.9676, 54065.3094
current_data: 2.3888, 2422810, 8.8801, 12148.8195
current_data: 1.0534, 5040355, 5.0775, 3766.8966
current_data: 0.3844, 19648674, 77.0114, 16573.2198
current_data: 2.5493, 80913, 0.0008, 0.0000
current_data: 2.4648, 240662, 31.9677, 54234.6853
current_data: 2.3255, 2284904, 9.5718, 13414.4518
current_data: 1.0544, 5094801, 5.1523, 3818.7719
current_data: 0.3845, 19624959, 76.9959, 16557.5947
current_data: 2.5499, 82865, 0.0009, 0.0000
current_data: 2.4668, 241529, 31.9676, 54165.3099
current_data: 2.3835, 2422614, 8.9100, 12178.8197
current_data: 1.0580, 5076937, 5.0710, 3864.3971
current_data: 0.3846, 19579004, 77.0251, 16487.5943
current_data: 2.5498, 79906, 0.0008, 0.0000
current_data: 2.2016, 249370, 33.5556, 50102.1617
current_data: 2.3842, 2472185, 8.9137, 12114.4443
current_data: 1.0664, 5091948, 5.0315, 3863.1471
current_data: 0.3890, 18541658, 75.0100, 16644.4702
current_data: 2.5506, 80234, 0.0008, 0.0000
current_data: 2.1774, 225646, 34.2690, 45921.5128
current_data: 2.3997, 2389009, 8.9172, 12176.3197
current_data: 1.0642, 5107436, 5.1725, 3866.8971
current_data: 0.3852, 19672564, 77.0096, 16586.9699
current_data: 2.5500, 82860, 0.0008, 0.6250
current_data: 2.1771, 223507, 34.2700, 46072.7636
current_data: 2.4009, 2425312, 8.8918, 12311.3204
current_data: 1.0651, 5141744, 5.0807, 3970.0227
current_data: 0.3851, 19738657, 77.0255, 16643.2202
current_data: 2.5493, 79757, 0.0007, 0.0000
current_data: 2.1246, 250785, 34.3025, 45437.1350
current_data: 2.3684, 2287870, 9.1298, 13126.9501
current_data: 1.0251, 4909652, 5.1945, 3846.2720
current_data: 0.3826, 19725014, 77.0522, 16681.9705
current_data: 2.5493, 89734, 0.0013, 0.0000
current_data: 1.6867, 5273078, 32.3893, 57316.5780
current_data: 2.3458, 2385219, 8.9418, 12211.9449
current_data: 1.0472, 4972820, 5.1992, 4016.8980
current_data: 0.3840, 19734292, 77.0392, 16661.9703
current_data: 2.5494, 95227, 0.0015, 0.6250
current_data: 2.7713, 324070, 25.5850, 51245.2932
current_data: 2.3089, 2351604, 10.0892, 13551.9525
current_data: 1.0515, 5059297, 5.1933, 3997.5229
current_data: 0.3840, 19753787, 77.0467, 16760.0959
current_data: 2.5489, 88514, 0.0012, 0.6250
current_data: 2.6243, 302864, 25.1850, 49583.4087
current_data: 2.3817, 2401761, 8.8833, 12245.0701
current_data: 1.0243, 4963142, 5.1533, 3777.5216
current_data: 0.3827, 19704674, 77.0090, 16576.9699
current_data: 2.5487, 87836, 0.0012, 0.0000
current_data: 2.2211, 239820, 26.4879, 60944.7237
current_data: 2.3426, 2443862, 8.8964, 12111.3193
current_data: 1.0223, 4969396, 5.0655, 3816.2718
current_data: 0.3828, 19662681, 77.0198, 16480.7193
current_data: 2.5497, 82449, 0.0008, 0.0000
current_data: 2.2229, 228069, 26.4862, 60847.8482
current_data: 2.3403, 2396938, 8.8914, 12038.1939
current_data: 1.0352, 4999576, 5.1247, 3763.7715
current_data: 0.3833, 19641079, 77.0134, 16489.4694
current_data: 2.5487, 82345, 0.0009, 0.0000
current_data: 2.2901, 246166, 28.5549, 57839.0810
current_data: 2.3657, 2521685, 8.8418, 12131.3194
current_data: 1.0546, 5108694, 5.0320, 3873.7722
current_data: 0.3845, 19756682, 77.0003, 16525.0946
current_data: 2.5496, 83315, 0.0009, 0.0000
current_data: 2.4661, 236261, 31.9708, 54459.0616
current_data: 2.3112, 2288779, 10.1164, 13470.7021
current_data: 1.0518, 5061894, 5.1863, 4025.6480
current_data: 0.3843, 19736506, 77.0375, 16582.5949
current_data: 2.5491, 82847, 0.0009, 0.6250
current_data: 2.4675, 236012, 31.9675, 54432.8115
current_data: 2.3832, 2428793, 8.9039, 12243.8201
current_data: 1.0503, 5099705, 5.2169, 3961.8977
current_data: 0.3844, 19792206, 77.0081, 16788.8461
current_data: 2.5493, 90235, 0.0013, 0.0000
current_data: 2.4658, 241729, 31.9678, 54435.3115
current_data: 2.3903, 2331633, 8.8812, 12231.9450
current_data: 1.0536, 5096357, 5.1346, 3781.2716
current_data: 0.3846, 19757521, 77.0040, 16592.5949
current_data: 2.5492, 82546, 0.0008, 0.0000
current_data: 2.4673, 227619, 31.9693, 54538.4371
current_data: 2.3931, 2360989, 8.9038, 12239.4450
current_data: 1.0524, 4751440, 5.1646, 3687.5211
current_data: 0.3841, 19616027, 77.0586, 16556.9697
current_data: 2.5484, 83406, 0.0009, 0.0000
current_data: 2.4673, 233859, 31.9699, 54258.4355
current_data: 2.3909, 2419208, 8.8883, 12204.4448
current_data: 1.0525, 5055080, 5.0239, 3735.0214
current_data: 0.3886, 18594469, 75.0459, 16691.3455
current_data: 2.5491, 82037, 0.0008, 0.0000
current_data: 2.4669, 227207, 31.9704, 54162.1849
current_data: 2.3307, 2340244, 9.6260, 13472.5771
current_data: 1.0525, 5048382, 5.1451, 3808.1468
current_data: 0.3846, 19616561, 76.9894, 16508.8445
current_data: 2.5509, 82378, 0.0009, 0.6250
current_data: 2.4696, 230082, 31.9685, 54267.1855
current_data: 2.3902, 2421280, 8.9016, 12212.5699
current_data: 1.0518, 5056151, 5.1159, 3855.0221
current_data: 0.3844, 19637767, 77.0141, 16512.5945
current_data: 2.5489, 88838, 0.0013, 0.0000
current_data: 2.3526, 224667, 32.1993, 52166.5485
current_data: 2.3793, 2458299, 8.9218, 12161.3196
current_data: 1.0562, 5102279, 5.1123, 3838.1470
current_data: 0.3845, 19596521, 76.9946, 16470.0942
current_data: 2.5489, 90612, 0.0014, 0.0000
current_data: 2.5506, 257152, 24.9736, 45525.8855
current_data: 2.3960, 2454073, 8.9025, 12245.0701
current_data: 1.0556, 5056109, 5.1113, 3957.5226
current_data: 0.3843, 19583772, 77.0421, 16539.4696
current_data: 2.5486, 90000, 0.0013, 0.0000
current_data: 2.5401, 251158, 24.9748, 45340.2594
current_data: 2.3981, 2479442, 8.8693, 12255.6951
[32m[info] [src/pairwise_allocator.cpp:allocating:1174] Will begin allocating cache, allocation_ready_queue size 1, allocation_complete_queue size 4
[mcurrent_data: 1.0534, 945249, 5.7359, 1096.8813
current_data: 0.4616, 5903031, 62.8475, 3393.7694
current_data: 2.5495, 16840, 0.0014, 0.0000
current_data: 1.1173, 22570, 25.0238, 3655.6459
current_data: 2.1335, 427626, 6.5560, 1451.8833
[32m[info] [src/pairwise_allocator.cpp:binary_serch_cache_roofline:462] descriptor COLS 3, find_cache_roofline_times: 1, roofline ipc: 2.5495, current ipc 2.5495, gap: 0.0000, lway: 1, rway: 14
[mcurrent_data: 1.0312, 837604, 5.9939, 1063.7561
current_data: 0.4704, 5969573, 61.7330, 3289.3938
current_data: 2.5493, 17779, 0.0011, 0.0000
current_data: 1.1200, 24263, 25.0229, 3901.8973
current_data: 1.9321, 341885, 6.9724, 1667.5095
[32m[info] [src/pairwise_allocator.cpp:binary_serch_cache_roofline:462] descriptor COLS 3, find_cache_roofline_times: 2, roofline ipc: 2.5495, current ipc 2.5493, gap: 0.0001, lway: 1, rway: 7
[mcurrent_data: 1.0282, 817614, 6.0199, 1031.2559
current_data: 0.4721, 5947580, 61.7075, 3254.3936
current_data: 2.5485, 16126, 0.0006, 0.0000
current_data: 1.1194, 21074, 25.0310, 3833.7719
current_data: 2.1332, 334017, 6.5875, 1518.7587
[32m[info] [src/pairwise_allocator.cpp:binary_serch_cache_roofline:462] descriptor COLS 3, find_cache_roofline_times: 3, roofline ipc: 2.5495, current ipc 2.5485, gap: 0.0004, lway: 1, rway: 4
[mcurrent_data: 1.0292, 791403, 6.1322, 1015.0058
current_data: 0.4740, 5862477, 61.3319, 3188.7682
current_data: 2.5485, 16109, 0.0008, 0.0000
current_data: 1.1210, 20374, 25.0188, 3750.6465
current_data: 1.7624, 285961, 8.4225, 1778.7602
[32m[info] [src/pairwise_allocator.cpp:binary_serch_cache_roofline:462] descriptor COLS 3, find_cache_roofline_times: 4, roofline ipc: 2.5495, current ipc 2.5485, gap: 0.0004, lway: 1, rway: 2
[mcurrent_data: 1.0306, 806588, 5.8251, 1003.7557
current_data: 0.4723, 5866644, 61.6706, 3228.1435
current_data: 2.5493, 17410, 0.0014, 0.0000
current_data: 1.0855, 22682, 25.0277, 3705.6462
current_data: 2.1022, 365142, 6.9170, 1560.0089
[32m[info] [src/pairwise_allocator.cpp:binary_serch_cache_roofline:462] descriptor COLS 3, find_cache_roofline_times: 5, roofline ipc: 2.5495, current ipc 2.5493, gap: 0.0001, lway: 1, rway: 1
[mcurrent_data: 1.0243, 769741, 6.2220, 968.7555
current_data: 0.4776, 5970302, 61.0312, 3246.2686
current_data: 2.5492, 15482, 0.0009, 0.0000
current_data: 1.1203, 20677, 25.0249, 3808.7718
current_data: 1.5242, 246409, 11.4461, 2025.0116
[32m[info] [src/pairwise_allocator.cpp:found_cache_roofline:405] Found_cache_roofline, obj_id 134584, roofline cache way: 1, roofline remain cache: 14, roofline cache bitmask: 0x7ffe
[m[32m[info] [src/pairwise_allocator.cpp:binary_serch_cache_roofline:462] descriptor COLS 3, find_cache_roofline_times: 6, roofline ipc: 2.5495, current ipc 2.5492, gap: 0.0001, lway: 1, rway: 1
[m[32m[info] [src/pairwise_allocator.cpp:allocating_cache:846] binary_serch_cache_roofline first pair success
[m[32m[info] [src/pairwise_allocator.cpp:pair_allocating_cache:770] pair_allocating_cache begin, allocating time: 0, descriptor roofline cache way: 1, system remain cache way: 5, complete queue size: 4
[m[32m[info] [src/pairwise_allocator.cpp:allocating_cache:852] Complete pair_allocating_cache, allocate cache ways: 1
[m[34m[critical] [src/pairwise_allocator.cpp:print_allocating_cache_results:815] print_allocating_cache_results: system remain cache: 4
[m[34m[critical] [src/pairwise_allocator.cpp:print_allocating_cache_results:818] obj: 137579, cache_way: 1, roofline cache way: 1
[m[34m[critical] [src/pairwise_allocator.cpp:print_allocating_cache_results:818] obj: 134569, cache_way: 4, roofline cache way: 4
[m[34m[critical] [src/pairwise_allocator.cpp:print_allocating_cache_results:818] obj: 137589, cache_way: 4, roofline cache way: 4
[m[34m[critical] [src/pairwise_allocator.cpp:print_allocating_cache_results:818] obj: 134574, cache_way: 1, roofline cache way: 1
[m[34m[critical] [src/pairwise_allocator.cpp:print_allocating_cache_results:823] obj: 134584, cache_way: 1, roofline cache way: 1
[mSKT0: MBA COS6 => 100% requested, 100% applied
current_data: 1.0465, 934063, 5.6077, 1040.0060
current_data: 0.4636, 6140117, 62.3005, 3579.3955
current_data: 2.5472, 18046, 0.0018, 0.0000
current_data: 0.9288, 22483, 32.0051, 3960.6477
current_data: 2.0281, 426896, 6.7623, 1431.2582
SKT0: MBA COS6 => 60% requested, 60% applied
[32m[info] [src/pairwise_allocator.cpp:binary_serch_mb_roofline:937] descriptor1 COLS 3, find_mb_roofline_time: 1, roofline mb: 0.0000, current mb 0.0000, gap: -nan, lmb_throttle: 20, rmb_throttle: 100
[mcurrent_data: 1.0333, 824181, 6.0569, 1002.5057
current_data: 0.4731, 5843487, 61.5793, 3335.0191
current_data: 2.5501, 15198, 0.0009, 0.0000
current_data: 0.9299, 18216, 32.0166, 3816.8968
current_data: 2.1648, 298760, 6.3168, 1495.6336
SKT0: MBA COS6 => 40% requested, 40% applied
[32m[info] [src/pairwise_allocator.cpp:binary_serch_mb_roofline:937] descriptor1 COLS 3, find_mb_roofline_time: 2, roofline mb: 0.0000, current mb 0.0000, gap: -nan, lmb_throttle: 20, rmb_throttle: 60
[mcurrent_data: 1.0305, 807893, 5.9250, 1013.7558
current_data: 0.4809, 6094542, 60.6063, 3397.5194
current_data: 2.5476, 18570, 0.0019, 0.0000
current_data: 0.9299, 22042, 32.0019, 3911.8974
current_data: 1.9402, 365163, 6.7595, 1603.1342
SKT0: MBA COS6 => 30% requested, 30% applied
[32m[info] [src/pairwise_allocator.cpp:binary_serch_mb_roofline:937] descriptor1 COLS 3, find_mb_roofline_time: 3, roofline mb: 0.0000, current mb 0.0000, gap: -nan, lmb_throttle: 20, rmb_throttle: 40
[mcurrent_data: 1.0310, 804388, 6.0628, 987.5057
current_data: 0.4762, 6025116, 61.2651, 3342.5191
current_data: 2.5475, 15402, 0.0010, 0.0000
current_data: 0.9301, 19134, 32.0054, 3939.3975
current_data: 2.1131, 323593, 6.9579, 1532.5088
SKT0: MBA COS6 => 20% requested, 20% applied
[32m[info] [src/pairwise_allocator.cpp:binary_serch_mb_roofline:937] descriptor1 COLS 3, find_mb_roofline_time: 4, roofline mb: 0.0000, current mb 0.0000, gap: -nan, lmb_throttle: 20, rmb_throttle: 30
[mcurrent_data: 1.0268, 780695, 6.2867, 1039.3809
current_data: 0.4800, 6008446, 60.5427, 3298.7689
current_data: 2.5482, 16348, 0.0010, 0.0000
current_data: 0.9283, 19048, 31.9954, 3824.3969
current_data: 1.7910, 286548, 8.1598, 1701.2597
SKT0: MBA COS6 => 20% requested, 20% applied
[32m[info] [src/pairwise_allocator.cpp:binary_serch_mb_roofline:937] descriptor1 COLS 3, find_mb_roofline_time: 5, roofline mb: 0.0000, current mb 0.0000, gap: -nan, lmb_throttle: 20, rmb_throttle: 20
[mcurrent_data: 1.0354, 779569, 6.1050, 1064.3811
current_data: 0.4824, 6071822, 60.6873, 3315.6440
current_data: 2.5490, 17074, 0.0014, 0.0000
current_data: 0.9304, 19945, 32.0188, 3846.2720
current_data: 2.1154, 317205, 6.8428, 1458.7583
[32m[info] [src/pairwise_allocator.cpp:found_mb_roofline:887] Fast found mb roofline, obj_id 134584, roofline mb: 0.00 MB/s, roofline mb throttle: 20
[m[32m[info] [src/pairwise_allocator.cpp:binary_serch_mb_roofline:937] descriptor1 COLS 3, find_mb_roofline_time: 6, roofline mb: 0.0000, current mb 0.0000, gap: -nan, lmb_throttle: 20, rmb_throttle: 20
[m[32m[info] [src/pairwise_allocator.cpp:allocating_mb:1147] binary_serch_mb_roofline first pair success
[m[32m[info] [src/pairwise_allocator.cpp:pair_allocating_mb:1088] pair_allocating_mb begin, allocating times: 0, descriptor roofline mb throttle: 20, system remain mb: 93879.92 MB/s
[mSKT0: MBA COS3 => 20% requested, 20% applied
current_data: 1.0365, 1050247, 5.4995, 937.5054
current_data: 0.4342, 5820189, 67.9620, 3694.3961
current_data: 2.5481, 19099, 0.0015, 0.6250
current_data: 2.4668, 49116, 31.9638, 10883.8123
current_data: 2.5829, 490864, 6.7275, 1885.6358
[32m[info] [src/pairwise_allocator.cpp:pair_allocating_mb:1088] pair_allocating_mb begin, allocating times: 1, descriptor roofline mb throttle: 20, system remain mb: 93879.92 MB/s
[m[32m[info] [src/pairwise_allocator.cpp:allocating_fit_mb:958] Will allocating_fit_mb mb throttle: 20
[mSKT0: MBA COS3 => 20% requested, 20% applied
current_data: 1.0479, 833810, 5.0709, 684.3789
current_data: 0.4325, 4309403, 68.2077, 2796.8910
current_data: 2.5480, 15192, 0.0014, 0.0000
current_data: 2.4507, 42989, 31.9645, 9087.5520
current_data: 2.0148, 369284, 14.5519, 2882.5165
[32m[info] [src/pairwise_allocator.cpp:allocating_mb:1121] Allocate mb: 0.00 MB/s, mb_throttle: 20
[mcurrent_data: 1.0543, 841252, 5.0636, 618.7535
current_data: 0.4303, 4234785, 68.5712, 2790.0160
current_data: 2.5513, 14453, 0.0016, 0.0000
current_data: 2.4741, 39733, 31.9772, 9138.8023
current_data: 2.5928, 427437, 6.6027, 1669.3846
current_data: 1.0520, 4987746, 5.2487, 3875.0222
current_data: 0.4279, 24634501, 68.9821, 16272.5931
current_data: 2.5499, 81070, 0.0009, 0.6250
current_data: 2.4617, 230325, 31.9674, 53274.0548
current_data: 2.3442, 2289879, 9.2731, 12812.5733
current_data: 1.0557, 4988487, 5.0891, 3703.7712
current_data: 0.4241, 24085724, 69.6300, 16210.0928
current_data: 2.5504, 79079, 0.0008, 0.0000
current_data: 2.4651, 226107, 31.9712, 53157.8042
current_data: 2.3871, 2392702, 8.8946, 12076.3191
current_data: 1.0549, 4754609, 5.1271, 3588.7705
current_data: 0.4209, 23770063, 70.1759, 16251.3430
current_data: 2.5497, 80864, 0.0009, 0.0000
current_data: 2.4682, 230548, 31.9703, 53394.6805
current_data: 2.3943, 2376076, 8.8899, 12107.5693
current_data: 1.0554, 4967664, 5.0709, 3795.6467
current_data: 0.4181, 23384460, 70.6147, 16060.7169
current_data: 2.5492, 81834, 0.0009, 0.0000
current_data: 2.4652, 235071, 31.9669, 53184.0543
current_data: 2.3016, 2216512, 10.1855, 13170.7004
current_data: 1.0547, 4935992, 5.0871, 3814.3968
current_data: 0.4158, 22921336, 71.0373, 15885.7159
current_data: 2.5495, 79769, 0.0009, 0.0000
current_data: 2.4662, 231724, 31.9672, 52779.0520
current_data: 2.3839, 2381462, 8.9877, 11938.1933
current_data: 1.0608, 5004024, 4.9707, 3750.0215
current_data: 0.4170, 22231368, 70.3292, 15850.7157
current_data: 2.5506, 78762, 0.0009, 0.0000
current_data: 2.1265, 223899, 34.2105, 47164.0199
current_data: 2.4004, 2353533, 8.9006, 12055.0690
current_data: 1.0655, 5050935, 5.0462, 3870.0221
current_data: 0.3852, 19162672, 77.0069, 16183.2176
current_data: 2.5503, 81146, 0.0010, 0.0000
current_data: 2.1755, 217059, 34.2683, 44897.7569
current_data: 2.3181, 2313096, 10.1786, 13356.9514
current_data: 1.0660, 5021767, 5.0366, 3776.2716
current_data: 0.3852, 19232111, 77.0221, 16184.4676
current_data: 2.5501, 79829, 0.0008, 0.0000
current_data: 2.1775, 215291, 34.2706, 45047.7578
current_data: 2.4096, 2412456, 8.9184, 12040.6939
current_data: 1.0697, 5008626, 5.1063, 3750.0215
current_data: 0.3852, 19124139, 77.0150, 16079.4670
current_data: 2.5494, 77931, 0.0008, 0.0000
current_data: 2.1221, 677825, 33.3372, 43194.6222
current_data: 2.4073, 2442010, 8.9004, 12076.3191
current_data: 1.0309, 4879698, 5.1111, 3766.2716
current_data: 0.3827, 19223674, 77.0427, 16238.2179
current_data: 2.5499, 81660, 0.0010, 0.0000
current_data: 1.7847, 5283048, 31.0133, 56094.6960
current_data: 2.3533, 2352048, 8.9177, 11891.9430
current_data: 1.0528, 4952337, 5.0853, 3708.7712
current_data: 0.3841, 19157051, 77.0294, 16161.3425
current_data: 2.5490, 86741, 0.0013, 0.0000
current_data: 2.7802, 276944, 25.6194, 50084.0366
current_data: 2.3945, 2414168, 8.9091, 12047.5689
current_data: 1.0509, 4988207, 5.1244, 3833.7719
current_data: 0.3841, 19240464, 77.0356, 16301.3433
current_data: 2.5484, 88022, 0.0014, 0.0000
current_data: 2.6721, 329459, 25.0748, 47581.5223
current_data: 2.3963, 2400356, 8.9296, 12023.8188
current_data: 1.0313, 4860264, 5.1024, 3716.8963
current_data: 0.3827, 19233166, 77.0237, 16109.4672
current_data: 2.5499, 78689, 0.0008, 0.0000
current_data: 2.2220, 215942, 26.4904, 59575.9659
current_data: 2.3485, 2251613, 8.9255, 11864.4429
current_data: 1.0249, 4903970, 5.1456, 3776.8966
current_data: 0.3825, 19335451, 77.0492, 16169.4675
current_data: 2.5497, 81408, 0.0008, 0.0000
current_data: 2.2200, 215913, 26.4883, 59888.4677
current_data: 2.3404, 2418136, 8.9238, 12111.3193
current_data: 1.0297, 4922321, 5.0656, 3688.1461
current_data: 0.3829, 19391282, 77.0621, 16288.2182
current_data: 2.5498, 80661, 0.0008, 0.0000
current_data: 2.2462, 225764, 27.5159, 58414.0842
current_data: 2.3613, 2388881, 8.8534, 11982.5686
current_data: 1.0563, 5026150, 5.0234, 3748.7715
current_data: 0.3845, 19443446, 77.0252, 16366.9687
current_data: 2.5499, 81267, 0.0008, 0.6250
current_data: 2.4683, 231036, 31.9689, 53671.5571
current_data: 2.4044, 2380154, 8.8678, 12053.1940
current_data: 1.0549, 5030375, 5.0587, 3713.1462
current_data: 0.3845, 19515536, 77.0009, 16378.2187
current_data: 2.5503, 85851, 0.0010, 0.0000
current_data: 2.4667, 232884, 31.9693, 53652.1820
current_data: 2.3937, 2436850, 8.8498, 12089.4442
current_data: 1.0537, 5020440, 5.1089, 3770.6466
current_data: 0.3843, 19533504, 77.0273, 16548.8447
current_data: 2.5496, 83400, 0.0010, 0.0000
current_data: 2.4672, 225338, 31.9702, 53823.4330
current_data: 2.3946, 2378563, 8.8101, 12075.0691
current_data: 1.0510, 5027993, 5.2387, 4069.3983
current_data: 0.3843, 19531436, 76.9949, 16468.2192
current_data: 2.5482, 90573, 0.0013, 0.0000
current_data: 2.4669, 234119, 31.9685, 53984.6839
current_data: 2.3494, 2483442, 9.5235, 12160.6946
current_data: 1.0527, 5026428, 5.0694, 3733.1464
current_data: 0.3843, 19544965, 77.0339, 16489.4694
current_data: 2.5499, 80381, 0.0008, 0.0000
current_data: 2.4678, 230085, 31.9698, 53993.4340
current_data: 2.3951, 2399718, 8.8890, 12160.6946
current_data: 1.0532, 5039419, 5.1481, 3875.6472
current_data: 0.3886, 18509988, 75.0269, 16586.9699
current_data: 2.5487, 82677, 0.0010, 0.0000
current_data: 2.4679, 232273, 31.9703, 53970.9338
current_data: 2.3995, 2428222, 8.8500, 12135.0694
current_data: 1.0540, 5053246, 5.1229, 3908.7724
current_data: 0.3846, 19662568, 76.9854, 16511.9695
current_data: 2.5497, 81476, 0.0009, 0.0000
current_data: 2.4664, 225708, 31.9691, 54272.1855
current_data: 2.3392, 2340903, 9.6962, 13520.0774
current_data: 1.0541, 5058334, 5.1278, 3818.7719
current_data: 0.3845, 19609017, 77.0192, 16548.8447
current_data: 2.5500, 82237, 0.0009, 0.0000
current_data: 2.4700, 232303, 31.9678, 54219.6852
current_data: 2.3974, 2424373, 8.8813, 12216.3199
current_data: 1.0559, 5000188, 5.0883, 3736.8964
current_data: 0.3844, 19561844, 76.9998, 16482.5943
current_data: 2.5483, 93279, 0.0016, 0.0000
current_data: 2.3273, 255753, 27.0490, 45220.2588
current_data: 2.4014, 2459051, 8.9015, 12254.4451
current_data: 1.0548, 4993245, 5.1430, 3838.7720
current_data: 0.3843, 19589860, 77.0071, 16523.8446
current_data: 2.5488, 89875, 0.0015, 0.0000
current_data: 2.5533, 254207, 24.9744, 45597.1359
current_data: 2.4054, 2401003, 8.8668, 12203.8198
current_data: 1.0507, 4956641, 5.1522, 3880.6472
current_data: 0.3842, 19688713, 77.0501, 16675.7204
current_data: 2.5490, 86863, 0.0012, 0.0000
current_data: 2.5637, 251615, 24.9716, 45974.0131
current_data: 2.4044, 2461140, 8.8851, 12339.4456
current_data: 1.0584, 5089609, 5.0820, 3751.2715
current_data: 0.3846, 19647304, 76.9994, 16440.7191
current_data: 2.5498, 82423, 0.0009, 0.0000
current_data: 2.5613, 234007, 24.9751, 45782.1370
current_data: 2.3464, 2330655, 9.6786, 13522.5774
current_data: 1.0560, 5088158, 5.2029, 3886.2722
current_data: 0.3844, 19616106, 77.0359, 16443.2191
current_data: 2.5496, 83750, 0.0010, 0.0000
current_data: 2.5551, 232041, 24.9762, 45675.2614
current_data: 2.4097, 2478920, 8.8428, 12297.5704
current_data: 1.0628, 5099179, 5.1262, 3980.0228
current_data: 0.3844, 19629184, 77.0594, 16498.2194
current_data: 2.5496, 79633, 0.0008, 0.0000
current_data: 2.5015, 227807, 24.9770, 44749.0061
current_data: 2.3741, 2587747, 9.4079, 12225.6950
current_data: 1.0561, 5000420, 5.1453, 3746.2714
current_data: 0.3844, 19508479, 77.0253, 16333.2185
current_data: 2.5502, 83897, 0.0010, 0.0000
current_data: 2.5536, 236508, 24.9743, 45415.2599
current_data: 2.4045, 2416948, 8.8586, 12231.9450
current_data: 1.0572, 5081022, 5.2113, 4008.7729
current_data: 0.3843, 19613785, 77.0242, 16483.2193
current_data: 2.5488, 88661, 0.0012, 0.0000
current_data: 2.5575, 241959, 24.9710, 45762.1369
current_data: 2.4043, 2480392, 8.8725, 12261.9452
current_data: 1.0574, 5108498, 5.1243, 3890.0223
current_data: 0.3846, 19671806, 76.9856, 16536.9696
current_data: 2.5507, 81441, 0.0008, 0.0000
current_data: 2.2760, 263112, 28.5192, 44967.7573
current_data: 2.3540, 2283179, 9.5435, 13478.8271
current_data: 1.0534, 5071370, 5.0788, 3885.0222
current_data: 0.3844, 19615691, 77.0088, 16491.3444
current_data: 2.5496, 83634, 0.0011, 0.0000
current_data: 2.4647, 258354, 31.9691, 54231.5603
current_data: 2.3985, 2359535, 8.8841, 12173.1947
current_data: 1.0548, 5060524, 5.0624, 3833.7719
current_data: 0.3844, 19591976, 77.0392, 16499.4694
current_data: 2.5490, 83444, 0.0008, 0.0000
current_data: 2.4625, 247640, 31.9681, 54049.6843
current_data: 2.3952, 2440096, 8.8137, 12159.4446
current_data: 1.0531, 5029203, 5.0006, 3791.2717
current_data: 0.3879, 18545888, 75.3074, 16664.4704
current_data: 2.5498, 84614, 0.0009, 0.0000
current_data: 2.4625, 247074, 31.9660, 54194.6851
current_data: 2.4001, 2422806, 8.8993, 12300.0704
current_data: 1.0521, 5085759, 5.1326, 3970.6477
current_data: 0.3840, 19732700, 77.0608, 16603.8450
current_data: 2.5491, 82668, 0.0009, 0.0000
current_data: 2.4629, 238707, 31.9693, 54383.4362
current_data: 2.4110, 2408765, 8.7876, 12208.8199
current_data: 1.0558, 5098435, 5.0654, 3823.1469
current_data: 0.3839, 19795823, 77.0271, 16566.9698
current_data: 2.5490, 92374, 0.0014, 0.0000
current_data: 2.4616, 255628, 31.9691, 54540.9371
current_data: 2.3836, 2449301, 8.8839, 12924.4490
current_data: 1.0524, 5068458, 5.1717, 3830.6469
current_data: 0.3840, 19765147, 77.0327, 16705.7206
current_data: 2.5485, 90199, 0.0013, 0.0000
current_data: 2.4634, 260834, 31.9676, 54527.8120
current_data: 2.4005, 2442779, 8.8374, 12275.6952
current_data: 1.0532, 5080065, 5.1707, 3879.3972
current_data: 0.3841, 19751803, 77.0384, 16650.7203
current_data: 2.5497, 84139, 0.0008, 0.0000
current_data: 2.4643, 243657, 31.9693, 54700.9380
current_data: 2.3077, 2382984, 10.1216, 13563.2026
current_data: 1.0555, 5113697, 5.1343, 3958.1476
current_data: 0.3842, 19786907, 77.0174, 16691.9705
current_data: 2.5488, 84745, 0.0010, 0.0000
current_data: 2.4056, 239179, 31.9187, 53402.1806
current_data: 2.4113, 2446380, 8.8224, 12263.8202
current_data: 1.0633, 5174257, 5.0619, 3916.2724
current_data: 0.3850, 19824396, 76.9939, 16606.3450
current_data: 2.5494, 84989, 0.0010, 0.0000
current_data: 2.1756, 249782, 34.2678, 46179.0142
current_data: 2.4160, 2476743, 8.8784, 12384.4459
current_data: 1.0621, 5144544, 5.2133, 4073.1483
current_data: 0.3847, 19776118, 77.0676, 16718.8457
current_data: 2.5509, 81701, 0.0008, 0.0000
current_data: 2.1763, 236379, 34.2672, 46134.0140
current_data: 2.4237, 2401109, 8.8663, 12350.6957
current_data: 1.0647, 5112291, 5.0465, 3770.0216
current_data: 0.3850, 19764740, 76.9933, 16579.4699
current_data: 2.5496, 85309, 0.0011, 0.0000
current_data: 2.1152, 251032, 34.4338, 45242.7589
current_data: 2.4180, 2559311, 8.8070, 12300.6954
current_data: 1.0407, 4998411, 5.1563, 3820.6469
current_data: 0.3833, 19724421, 77.0281, 16564.4698
current_data: 2.5495, 87486, 0.0012, 0.0000
current_data: 1.6921, 5699306, 33.4927, 51335.2937
current_data: 2.3650, 2384997, 8.8921, 12575.6970
current_data: 1.0466, 5059185, 5.1040, 3776.8966
current_data: 0.3836, 19771883, 77.0239, 16646.3453
current_data: 2.5509, 82758, 0.0008, 0.0000
current_data: 2.7081, 346717, 25.5874, 54196.5601
current_data: 2.3748, 2465512, 8.8168, 12156.3196
current_data: 1.0556, 5060344, 5.0564, 3843.7720
current_data: 0.3841, 19729783, 77.0351, 16705.0956
current_data: 2.5497, 82607, 0.0008, 0.0000
current_data: 2.7183, 306369, 25.1111, 49475.2831
current_data: 2.3161, 2551286, 9.8027, 12400.0710
current_data: 1.0314, 4998869, 5.1039, 3791.8967
current_data: 0.3826, 19674900, 77.0502, 16635.7202
current_data: 2.5494, 82495, 0.0009, 0.0000
current_data: 2.2075, 238649, 26.5676, 58929.0872
current_data: 2.3382, 2407297, 8.9425, 12105.6943
current_data: 1.0247, 4965120, 5.1022, 3796.8967
current_data: 0.3826, 19671101, 77.0103, 16697.5955
current_data: 2.5499, 80274, 0.0007, 0.0000
current_data: 2.2237, 222463, 26.4872, 60955.9738
current_data: 2.3374, 2294543, 8.8966, 11946.9434
current_data: 1.0244, 4985026, 5.0685, 3732.5214
current_data: 0.3808, 18069860, 75.5856, 16696.3455
current_data: 2.5503, 81296, 0.0009, 0.0000
current_data: 2.2112, 235904, 26.7420, 60160.9692
current_data: 2.2571, 2375072, 10.2273, 13390.7016
current_data: 1.0517, 5085157, 5.0531, 3831.2719
current_data: 0.3845, 19762919, 76.9871, 16620.0951
current_data: 2.5488, 90901, 0.0014, 0.6250
current_data: 2.4675, 244809, 31.9690, 54482.1867
current_data: 2.3729, 2508530, 8.9204, 12302.5704
current_data: 1.0521, 5089566, 5.1092, 3864.3971
current_data: 0.3845, 19771181, 76.9854, 16605.7200
current_data: 2.5483, 90785, 0.0014, 0.0000
current_data: 2.4664, 246786, 31.9685, 54467.1867
current_data: 2.3777, 2347278, 8.9309, 12209.4449
current_data: 1.0530, 5089036, 5.1239, 3922.5224
current_data: 0.3844, 19760138, 77.0299, 16745.0958
current_data: 2.5497, 83102, 0.0008, 0.0000
current_data: 2.4670, 230594, 31.9679, 54525.3120
current_data: 2.3776, 2414546, 8.9395, 12235.6950
current_data: 1.0528, 5100372, 5.1565, 3852.5220
current_data: 0.3844, 19772947, 77.0315, 16628.2201
current_data: 2.5498, 84002, 0.0008, 0.0000
current_data: 2.4672, 232366, 31.9699, 54439.0615
current_data: 2.3837, 2420653, 8.8327, 12164.4446
current_data: 1.0515, 5089392, 5.0515, 3840.6470
current_data: 0.3843, 19755514, 77.0533, 16673.2204
current_data: 2.5502, 81963, 0.0008, 0.0000
current_data: 2.4669, 234523, 31.9697, 54469.6867
current_data: 2.2867, 2357523, 10.1883, 13250.0758
current_data: 1.0530, 5091579, 5.1874, 3956.2726
current_data: 0.3845, 19756270, 77.0189, 16731.3457
current_data: 2.5500, 80377, 0.0008, 0.0000
current_data: 2.4692, 232606, 31.9695, 54467.8117
current_data: 2.3766, 2528202, 8.9006, 12237.5700
current_data: 1.0545, 5110379, 5.0830, 3810.0218
current_data: 0.3844, 19785551, 77.0372, 16569.4698
current_data: 2.5497, 79859, 0.0008, 0.0000
current_data: 2.4695, 232257, 31.9685, 54679.0629
current_data: 2.3804, 2351519, 8.9130, 12180.6947
current_data: 1.0537, 5114176, 5.0780, 3961.2727
current_data: 0.3844, 19761991, 77.0249, 16628.2201
current_data: 2.5502, 79706, 0.0008, 0.0000
current_data: 2.4679, 232206, 31.9688, 54589.6874
current_data: 2.3810, 2425239, 8.8779, 12253.1951
current_data: 1.0567, 5126836, 5.1594, 3810.6468
current_data: 0.3843, 19755295, 77.0542, 16589.4699
current_data: 2.5499, 80948, 0.0008, 0.0000
current_data: 2.3280, 253575, 26.7187, 45205.8837
current_data: 2.3874, 2536632, 8.8506, 12236.3200
current_data: 1.0563, 5084787, 5.1203, 3870.0221
current_data: 0.3844, 19726999, 77.0535, 16584.4699
current_data: 2.5490, 85785, 0.0010, 0.0000
current_data: 2.5423, 256117, 24.9798, 45682.7614
current_data: 2.3156, 2331599, 10.1406, 12841.3235
current_data: 1.0555, 5074192, 5.0670, 3738.1464
current_data: 0.3844, 19701215, 77.0229, 16573.2198
current_data: 2.5501, 88686, 0.0012, 0.0000
current_data: 2.5598, 259036, 24.9742, 45992.7632
current_data: 2.3905, 2369293, 8.8787, 12238.1950
current_data: 1.0566, 5111249, 5.0795, 3955.0226
current_data: 0.3846, 19784568, 77.0102, 16720.7207
current_data: 2.5496, 80831, 0.0008, 0.0000
current_data: 2.5563, 247388, 24.9746, 46025.2634
current_data: 2.3912, 2442828, 8.8922, 12284.4453
current_data: 1.0576, 5125313, 5.0703, 3850.6470
current_data: 0.3844, 19731649, 77.0394, 16610.0950
current_data: 2.5495, 84430, 0.0010, 0.0000
current_data: 2.5261, 248183, 24.9779, 45401.5098
current_data: 2.3941, 2416797, 8.8882, 12183.8197
current_data: 1.0595, 5094509, 5.1130, 3932.5225
current_data: 0.3879, 19237588, 75.9352, 16528.8446
current_data: 2.5496, 88390, 0.0012, 0.0000
current_data: 2.4973, 256961, 24.9752, 44702.7558
current_data: 2.3933, 2389531, 8.8402, 12173.8197
current_data: 1.0573, 5123657, 5.0885, 3830.0219
current_data: 0.3843, 19729074, 77.0009, 16676.9704
current_data: 2.5492, 90309, 0.0013, 0.0000
current_data: 2.5386, 268407, 24.9737, 45504.0104
current_data: 2.3172, 2526827, 9.9022, 12489.4465
current_data: 1.0579, 5079665, 5.1120, 3953.7726
current_data: 0.3845, 19752086, 76.9974, 16633.8452
current_data: 2.5493, 88653, 0.0013, 0.0000
current_data: 2.5586, 254162, 24.9731, 45998.3882
current_data: 2.3884, 2409535, 8.9421, 12329.4455
current_data: 1.0558, 5137446, 5.1656, 4019.3980
current_data: 0.3845, 19788157, 77.0194, 16712.5956
current_data: 2.5500, 82216, 0.0008, 0.0000
current_data: 2.2687, 280803, 29.6274, 47220.8952
current_data: 2.3859, 2487847, 8.8445, 12206.9448
current_data: 1.0551, 5075327, 5.0101, 3777.5216
current_data: 0.3842, 19765930, 77.0450, 16678.8454
current_data: 2.5498, 80501, 0.0007, 0.0000
current_data: 2.4616, 253409, 31.9678, 54519.0620
current_data: 2.3721, 2461261, 8.8210, 12581.3220
current_data: 1.0521, 5110767, 5.1159, 3938.1475
current_data: 0.3843, 19722730, 77.0339, 16625.0951
current_data: 2.5486, 86080, 0.0011, 0.0000
current_data: 2.4634, 253144, 31.9683, 54422.1864
current_data: 2.3768, 2504292, 8.9124, 12209.4449
current_data: 1.0544, 5065715, 5.0924, 3975.0227
current_data: 0.3842, 19708531, 77.0395, 16651.3453
current_data: 2.5489, 91227, 0.0013, 0.0000
current_data: 2.4626, 253934, 31.9672, 54308.4358
current_data: 2.3610, 2530357, 9.1458, 12266.9452
current_data: 1.0523, 5038400, 5.1255, 3814.3968
current_data: 0.3842, 19701463, 77.0358, 16519.4695
current_data: 2.5490, 92156, 0.0015, 0.0000
current_data: 2.4614, 257569, 31.9656, 54302.1857
current_data: 2.3790, 2520134, 8.9127, 12280.0703
current_data: 1.0532, 5083033, 5.1678, 3836.8970
current_data: 0.3844, 19760418, 77.0146, 16585.0949
current_data: 2.5488, 86865, 0.0010, 0.0000
current_data: 2.4644, 250601, 31.9688, 54542.1871
current_data: 2.3894, 2356794, 8.8791, 12211.3199
current_data: 1.0528, 5085027, 5.1072, 3827.5219
current_data: 0.3843, 19743284, 77.0335, 16543.8447
current_data: 2.5496, 88970, 0.0012, 0.0000
current_data: 2.4640, 249675, 31.9677, 54462.1866
current_data: 2.3205, 2225810, 9.7577, 13445.7019
current_data: 1.0539, 5096866, 5.0731, 3864.3971
current_data: 0.3843, 19776936, 77.0331, 16539.4696
current_data: 2.5496, 86305, 0.0010, 0.0000
current_data: 2.4664, 252409, 31.9661, 54630.3126
current_data: 2.3818, 2413611, 8.8310, 12168.8196
current_data: 1.0545, 5098960, 5.1984, 3892.5223
current_data: 0.3845, 19759207, 77.0221, 16611.9701
current_data: 2.5504, 83147, 0.0008, 0.0000
current_data: 2.2321, 249243, 33.1693, 51502.1697
current_data: 2.3880, 2436055, 8.9183, 12297.5704
current_data: 1.0629, 5125613, 5.1797, 4025.6480
current_data: 0.3852, 19792403, 77.0025, 16682.5955
current_data: 2.5489, 86713, 0.0010, 0.0000
current_data: 2.1763, 236883, 34.2679, 46162.1391
current_data: 2.4011, 2423786, 8.8916, 12278.8203
current_data: 1.0627, 5161294, 5.0745, 3860.6471
current_data: 0.3852, 19806450, 76.9962, 16676.3454
current_data: 2.5489, 91433, 0.0012, 0.0000
current_data: 2.1760, 238883, 34.2685, 46248.3896
current_data: 2.4016, 2452011, 8.8700, 12321.9455
current_data: 1.0630, 5108948, 5.0288, 3860.6471
current_data: 0.3849, 19724801, 77.0460, 16662.5953
current_data: 2.5493, 86734, 0.0010, 0.0000
current_data: 2.1183, 258335, 34.3513, 45370.8846
current_data: 2.3252, 2253214, 9.9412, 13450.7020
current_data: 1.0339, 5029285, 5.1908, 3905.0223
current_data: 0.3826, 19683041, 76.9805, 16616.9701
current_data: 2.5502, 84048, 0.0009, 0.0000
current_data: 1.7052, 5773304, 31.6008, 54239.0604
current_data: 2.3519, 2453965, 8.9175, 12156.9446
current_data: 1.0561, 5076749, 5.0660, 3748.1464
current_data: 0.3843, 19676467, 76.9971, 16570.0948
current_data: 2.5492, 82421, 0.0007, 0.0000
current_data: 2.8123, 292719, 25.4630, 52186.5486
current_data: 2.3878, 2367597, 8.8962, 12146.3195
current_data: 1.0538, 5118891, 5.1168, 3937.5225
current_data: 0.3844, 19770659, 77.0139, 16686.9705
current_data: 2.5485, 84561, 0.0010, 0.0000
current_data: 2.7490, 278684, 24.8487, 49386.5326
current_data: 2.3886, 2354997, 8.9170, 12161.9446
current_data: 1.0242, 4999860, 5.1320, 3795.0217
current_data: 0.3824, 19683006, 77.0330, 16550.7197
current_data: 2.5504, 80209, 0.0008, 0.0000
current_data: 2.2237, 224605, 26.4905, 61157.8499
current_data: 2.3416, 2496630, 8.8405, 12028.1938
current_data: 1.0245, 4940578, 5.0256, 3761.8965
current_data: 0.3826, 19654906, 77.0374, 16578.8449
current_data: 2.5490, 86646, 0.0010, 0.0000
current_data: 2.2227, 225600, 26.4866, 61021.5992
current_data: 2.2722, 2479702, 10.0526, 12516.3216
current_data: 1.0304, 5030884, 5.1775, 3805.0218
current_data: 0.3828, 19713095, 77.0453, 16616.9701
current_data: 2.5486, 91721, 0.0013, 0.0000
current_data: 2.2636, 254662, 27.8430, 59205.9638
current_data: 2.3543, 2310714, 8.8977, 12065.6940
current_data: 1.0516, 5115332, 5.1394, 3828.7719
current_data: 0.3843, 19759427, 77.0342, 16538.8446
current_data: 2.5490, 89712, 0.0012, 0.0000
current_data: 2.4664, 241723, 31.9688, 54580.3123
current_data: 2.3856, 2451391, 8.9000, 12326.9455
current_data: 1.0528, 5070357, 5.1077, 3845.6470
current_data: 0.3844, 19745346, 77.0320, 16576.9699
current_data: 2.5497, 86035, 0.0008, 0.0000
current_data: 2.4636, 237918, 31.9690, 54167.8100
current_data: 2.3487, 2376383, 9.2104, 13268.8259
current_data: 1.0534, 5100515, 5.1612, 4082.5234
current_data: 0.3844, 19703255, 77.0197, 16451.9691
current_data: 2.5498, 81919, 0.0008, 0.0000
current_data: 2.4659, 229358, 31.9671, 54210.9352
current_data: 2.3832, 2421488, 8.9402, 12308.1954
current_data: 1.0561, 5112394, 5.1015, 4009.3979
current_data: 0.3843, 19754712, 77.0342, 16540.7196
current_data: 2.5496, 81551, 0.0009, 0.0000
current_data: 2.4677, 232820, 31.9657, 54438.4365
current_data: 2.3819, 2407635, 8.8425, 12201.3198
current_data: 1.0523, 5082702, 5.1452, 3994.3979
current_data: 0.3844, 19743019, 76.9959, 16621.3451
current_data: 2.5498, 86344, 0.0012, 0.0000
current_data: 2.4672, 238376, 31.9674, 54519.6870
current_data: 2.3937, 2396637, 8.9046, 12269.4452
current_data: 1.0551, 5118337, 5.0876, 3966.2727
current_data: 0.3843, 19765065, 77.0268, 16693.8455
current_data: 2.5492, 86991, 0.0012, 0.0000
current_data: 2.4695, 243582, 31.9672, 54662.8128
current_data: 2.3874, 2428543, 8.8462, 12206.9448
current_data: 1.0518, 5102325, 5.1305, 3801.2718
current_data: 0.3843, 19788465, 77.0206, 16672.5954
current_data: 2.5495, 84770, 0.0011, 0.0000
current_data: 2.4663, 237539, 31.9654, 54687.1879
current_data: 2.2903, 2405416, 10.1359, 13467.5771
current_data: 1.0519, 5089456, 5.1611, 3858.7721
current_data: 0.3844, 19757719, 77.0330, 16631.3452
current_data: 2.5498, 80587, 0.0008, 0.0000
current_data: 2.4592, 225769, 31.9626, 54364.6861
current_data: 2.3859, 2551161, 8.8741, 12301.3204
current_data: 1.0589, 5114465, 5.0205, 3786.2717
current_data: 0.3877, 18619375, 74.9508, 16668.8454
current_data: 2.5505, 81977, 0.0008, 0.0000
current_data: 2.5357, 249017, 25.0580, 45929.0128
current_data: 2.3964, 2374061, 8.8548, 12235.6950
current_data: 1.0573, 5110703, 5.1221, 3895.0223
current_data: 0.3845, 19723573, 77.0091, 16646.9703
current_data: 2.5506, 81119, 0.0009, 0.0000
current_data: 2.5440, 239083, 24.9770, 45670.2613
current_data: 2.4003, 2383931, 8.8278, 12185.0697
current_data: 1.0582, 5103742, 5.1134, 3831.2719
current_data: 0.3845, 19753650, 77.0327, 16684.4705
current_data: 2.5497, 81573, 0.0008, 0.0000
current_data: 2.5615, 240171, 24.9765, 46039.6384
current_data: 2.3934, 2508100, 8.8788, 12345.6956
current_data: 1.0586, 5124115, 5.0931, 3825.6469
current_data: 0.3845, 19752795, 77.0276, 16710.7206
current_data: 2.5506, 81883, 0.0008, 0.0000
current_data: 2.5653, 239325, 24.9746, 46040.2634
current_data: 2.3037, 2361057, 10.0908, 13422.5768
current_data: 1.0589, 5148579, 5.1374, 3803.7718
current_data: 0.3843, 19718256, 77.0677, 16685.0955
current_data: 2.5496, 82104, 0.0007, 0.0000
current_data: 2.5230, 236481, 24.9756, 45384.0097
current_data: 2.3990, 2398446, 8.8250, 12228.1950
current_data: 1.0602, 5143515, 5.1817, 4093.1484
current_data: 0.3845, 19759268, 77.0513, 16668.2204
current_data: 2.5492, 83499, 0.0008, 0.0000
current_data: 2.4967, 236891, 24.9772, 44925.2571
current_data: 2.3922, 2476924, 8.9038, 12326.9455
current_data: 1.0571, 5103411, 5.1095, 3851.8970
current_data: 0.3844, 19646472, 77.0559, 16518.2195
current_data: 2.5490, 81310, 0.0008, 0.0000
current_data: 2.5710, 235176, 24.9774, 46029.0134
current_data: 2.3944, 2524352, 8.8565, 12130.0694
current_data: 1.0565, 5129505, 5.1065, 3977.5228
current_data: 0.3843, 19713245, 77.0648, 16608.2200
current_data: 2.5499, 82331, 0.0008, 0.0000
current_data: 2.5586, 236968, 24.9743, 45872.7625
current_data: 2.3997, 2402710, 8.8898, 12291.9453
current_data: 1.0556, 5094020, 5.1235, 3830.6469
current_data: 0.3844, 19744210, 77.0110, 16600.0950
current_data: 2.5494, 89958, 0.0013, 0.6250
current_data: 2.2368, 279412, 31.2732, 47165.8949
current_data: 2.3002, 2381829, 10.1040, 13504.4523
current_data: 1.0504, 5086192, 5.2078, 3878.1472
current_data: 0.3841, 19708204, 77.0613, 16518.8445
current_data: 2.5486, 90010, 0.0013, 0.0000
current_data: 2.4622, 272912, 31.9669, 54369.0611
current_data: 2.3885, 2410917, 8.8533, 12189.4447
current_data: 1.0507, 5089141, 5.0733, 3868.7721
current_data: 0.3842, 19723903, 77.0379, 16590.0949
current_data: 2.5491, 87644, 0.0013, 0.0000
current_data: 2.4626, 259646, 31.9647, 54201.5601
current_data: 2.3889, 2530688, 8.8767, 12270.6952
current_data: 1.0526, 5084313, 5.1544, 4020.0230
current_data: 0.3844, 19780682, 77.0026, 16675.0954
current_data: 2.5496, 83916, 0.0010, 1.2500
current_data: 2.4615, 252277, 31.9643, 54399.0613
current_data: 2.3841, 2503210, 8.8581, 12191.3198
current_data: 1.0526, 5073134, 5.1039, 3895.0223
current_data: 0.3845, 19765943, 77.0207, 16722.5957
current_data: 2.5500, 80775, 0.0007, 0.0000
current_data: 2.4653, 245849, 31.9659, 54517.1869
current_data: 2.3896, 2405953, 8.8992, 12305.6954
current_data: 1.0526, 5115147, 5.0491, 3907.5224
current_data: 0.3842, 19710581, 77.0372, 16638.2202
current_data: 2.5494, 89495, 0.0013, 0.0000
current_data: 2.4658, 256218, 31.9662, 54514.6869
current_data: 2.3106, 2416026, 10.0987, 12846.3235
current_data: 1.0527, 5106892, 5.0897, 3895.0223
current_data: 0.3887, 18769902, 75.0759, 16774.4710
current_data: 2.5498, 81145, 0.0008, 0.0000
current_data: 2.4673, 241690, 31.9683, 54660.3128
current_data: 2.3921, 2451179, 8.8600, 12205.0698
current_data: 1.0527, 5065784, 5.0643, 3858.7721
current_data: 0.3845, 19795648, 77.0054, 16697.5955
current_data: 2.5493, 81265, 0.0009, 0.0000
current_data: 2.4676, 238509, 31.9681, 54589.0624
current_data: 2.3923, 2539990, 8.8650, 12275.0702
current_data: 1.0576, 5130056, 5.1099, 3845.0220
current_data: 0.3846, 19747855, 77.0157, 16666.9704
current_data: 2.5497, 84961, 0.0010, 0.0000
current_data: 2.1631, 256258, 33.6260, 49345.2824
current_data: 2.3879, 2551680, 8.8268, 12650.0724
current_data: 1.0642, 5160388, 5.1310, 3885.6472
current_data: 0.3852, 19801663, 77.0165, 16685.7205
current_data: 2.5501, 80976, 0.0008, 0.0000
current_data: 2.1767, 235531, 34.2660, 46224.0145
current_data: 2.4086, 2383956, 8.8493, 12276.3202
current_data: 1.0644, 5143372, 5.0894, 3941.2726
current_data: 0.3851, 19753652, 77.0478, 16698.2205
current_data: 2.5496, 81888, 0.0008, 0.0000
current_data: 2.1769, 229313, 34.2693, 46066.5136
current_data: 2.3482, 2570664, 9.6897, 12380.6958
current_data: 1.0638, 5087136, 5.1604, 3908.7724
current_data: 0.3851, 19678283, 77.0381, 16620.0951
current_data: 2.5495, 82361, 0.0008, 0.0000
current_data: 2.1159, 490690, 33.9422, 44984.6324
current_data: 2.4070, 2394947, 8.8288, 12192.5698
current_data: 1.0273, 5021829, 5.1237, 3799.3967
current_data: 0.3828, 19709727, 77.0238, 16525.0946
current_data: 2.5481, 91613, 0.0014, 0.0000
current_data: 1.7983, 5310483, 30.8930, 57390.9534
current_data: 2.3568, 2441311, 8.9212, 12190.6948
current_data: 1.0539, 5121897, 5.1259, 3670.6460
current_data: 0.3842, 19696291, 77.0329, 16543.2197
current_data: 2.5490, 83309, 0.0009, 1.2500
current_data: 2.7749, 285452, 25.5728, 51274.6684
current_data: 2.3225, 2328026, 9.9597, 13481.3271
current_data: 1.0547, 5088994, 5.1063, 3986.2728
current_data: 0.3840, 19729765, 77.0120, 16586.9699
current_data: 2.5486, 93096, 0.0015, 0.0000
current_data: 2.6034, 308156, 25.2403, 50032.7863
current_data: 2.3904, 2439397, 8.8533, 12226.3200
current_data: 1.0239, 4943603, 5.1382, 3743.1464
current_data: 0.3825, 19587357, 77.0286, 16461.3442
current_data: 2.5486, 89158, 0.0014, 0.0000
current_data: 2.2207, 239673, 26.4876, 60533.4714
current_data: 2.3467, 2391254, 8.8675, 12001.3187
current_data: 1.0251, 4949388, 5.1049, 3817.5218
current_data: 0.3826, 19693496, 77.0379, 16558.2197
current_data: 2.5494, 84355, 0.0009, 0.0000
current_data: 2.2219, 231416, 26.4870, 60889.7234
current_data: 2.3433, 2311487, 8.9029, 12055.6940
current_data: 1.0348, 5000421, 5.1021, 3776.2716
current_data: 0.3833, 19659124, 77.0263, 16673.8454
current_data: 2.5494, 84003, 0.0010, 0.0000
current_data: 2.2997, 240046, 28.7805, 57732.8303
current_data: 2.3601, 2422753, 8.8211, 12087.5692
current_data: 1.0542, 5079021, 5.0901, 4006.8979
current_data: 0.3845, 19744547, 77.0039, 16664.4704
current_data: 2.5495, 86278, 0.0010, 0.0000
current_data: 2.4665, 242169, 31.9696, 54384.0612
current_data: 2.3765, 2572263, 8.9880, 12316.9455
current_data: 1.0525, 5097585, 5.1578, 3958.7727
current_data: 0.3844, 19707093, 77.0183, 16618.2201
current_data: 2.5505, 81700, 0.0008, 0.6250
current_data: 2.4675, 234281, 31.9665, 54296.5607
current_data: 2.3974, 2553398, 8.8619, 12285.6953
current_data: 1.0552, 5113074, 5.0325, 3826.2719
current_data: 0.3886, 18748443, 75.0605, 16833.2213
current_data: 2.5494, 86245, 0.0010, 0.0000
current_data: 2.4653, 232596, 31.9677, 54509.0619
current_data: 2.3980, 2381830, 8.8754, 12233.1950
current_data: 1.0544, 5145528, 5.1711, 3810.0218
current_data: 0.3844, 19803444, 77.0067, 16743.2208
current_data: 2.5495, 81599, 0.0008, 0.0000
current_data: 2.4646, 232269, 31.9680, 54525.9370
current_data: 2.3262, 2236999, 9.8073, 13488.2022
current_data: 1.0514, 5092637, 5.1339, 3898.1473
current_data: 0.3846, 19751801, 76.9959, 16570.0948
current_data: 2.5501, 81494, 0.0008, 0.0000
current_data: 2.4686, 233965, 31.9719, 54446.5615
current_data: 2.4005, 2428574, 8.8070, 12210.6949
current_data: 1.0522, 5076077, 5.1208, 3845.0220
current_data: 0.3844, 19769481, 77.0270, 16729.4707
current_data: 2.5490, 82356, 0.0008, 0.0000
current_data: 2.4679, 230287, 31.9700, 54589.6874
current_data: 2.3949, 2541630, 8.8756, 12284.4453
current_data: 1.0548, 5110374, 5.0617, 3762.5215
current_data: 0.3842, 19743648, 77.0471, 16733.8458
current_data: 2.5496, 80833, 0.0008, 0.0000
current_data: 2.4701, 225466, 31.9689, 54606.5625
current_data: 2.3955, 2538129, 8.8386, 12246.3201
current_data: 1.0531, 5075615, 5.1205, 3839.3970
current_data: 0.3844, 19750722, 77.0191, 16718.8457
current_data: 2.5497, 82605, 0.0008, 0.0000
current_data: 2.2709, 234501, 32.5473, 51882.1719
current_data: 2.4021, 2383559, 8.8932, 12291.3203
current_data: 1.0581, 5132366, 5.0866, 3888.7723
current_data: 0.3844, 19760828, 77.0347, 16643.8452
current_data: 2.5502, 82446, 0.0009, 0.0000
current_data: 2.5463, 248244, 24.9760, 45764.0119
current_data: 2.3177, 2402201, 10.0406, 13480.0771
current_data: 1.0571, 5076986, 5.0400, 3770.0216
current_data: 0.3844, 19770373, 77.0043, 16666.9704
current_data: 2.5481, 88761, 0.0013, 0.0000
current_data: 2.5490, 257974, 24.9758, 45781.5120
current_data: 2.4060, 2482326, 8.9021, 12396.9459
current_data: 1.0554, 5097151, 5.0616, 3891.2723
current_data: 0.3845, 19778939, 76.9907, 16543.2197
current_data: 2.5491, 89646, 0.0013, 0.0000
current_data: 2.5633, 254980, 24.9752, 46175.2642
current_data: 2.4075, 2487210, 8.7911, 12229.4450
current_data: 1.0558, 5124351, 5.1733, 4033.1481
current_data: 0.3844, 19763478, 77.0209, 16608.8450
current_data: 2.5497, 81748, 0.0008, 0.0000
current_data: 2.5567, 238783, 24.9743, 46037.7634
current_data: 2.4057, 2518168, 8.7895, 12255.6951
current_data: 1.0565, 5138650, 5.2202, 3966.8977
current_data: 0.3845, 19757431, 77.0167, 16621.9701
current_data: 2.5497, 80393, 0.0008, 0.0000
current_data: 2.5296, 242718, 24.9760, 45414.0099
current_data: 2.4097, 2449726, 8.8669, 12355.0707
current_data: 1.0610, 5064661, 5.0869, 3950.6476
current_data: 0.3844, 19611436, 77.0286, 16560.7198
current_data: 2.5500, 83015, 0.0009, 0.0000
current_data: 2.4943, 240649, 24.9772, 44549.6299
current_data: 2.3192, 2376473, 10.1183, 13475.7021
current_data: 1.0576, 5101258, 5.1287, 3738.7714
current_data: 0.3845, 19684842, 77.0091, 16581.9699
current_data: 2.5497, 81129, 0.0008, 0.0000
current_data: 2.5632, 241355, 24.9764, 45864.6374
current_data: 2.4071, 2400028, 8.8758, 12318.8205
current_data: 1.0573, 5082208, 5.1261, 3991.8978
current_data: 0.3844, 19723189, 77.0405, 16592.5949
current_data: 2.5501, 81532, 0.0008, 0.0000
current_data: 2.5618, 240598, 24.9742, 46040.2634
current_data: 2.4079, 2537851, 8.8558, 12385.0709
current_data: 1.0546, 5115365, 5.2154, 3900.6473
current_data: 0.3881, 18632924, 75.0442, 16762.5959
current_data: 2.5500, 83659, 0.0008, 0.0000
current_data: 2.2307, 271789, 32.5170, 49048.4057
current_data: 2.4064, 2516362, 8.8786, 12391.3209
current_data: 1.0536, 5081823, 5.0627, 3952.5226
current_data: 0.3845, 19742268, 76.9940, 16617.5951
current_data: 2.5505, 83392, 0.0008, 0.0000
current_data: 2.4655, 250792, 31.9679, 54426.5614
current_data: 2.4066, 2366459, 8.8519, 12275.6952
current_data: 1.0516, 5086178, 5.0488, 3770.6466
current_data: 0.3843, 19652369, 77.0417, 16583.8449
current_data: 2.5494, 78727, 0.0008, 0.0000
current_data: 2.4636, 221323, 31.9758, 54153.4349
current_data: 2.3179, 2424747, 10.0566, 13527.5774
current_data: 1.0515, 5090980, 5.2482, 3896.8973
current_data: 0.3844, 19704161, 77.0348, 16602.5950
current_data: 2.5503, 80434, 0.0007, 0.0000
current_data: 2.4649, 239279, 31.9691, 54397.8113
current_data: 2.3961, 2349227, 8.8867, 12214.4449
current_data: 1.0545, 5092419, 5.1465, 3884.3972
current_data: 0.3842, 19714810, 77.0668, 16681.9705
current_data: 2.5503, 80710, 0.0008, 0.0000
current_data: 2.4639, 241644, 31.9695, 54415.9364
current_data: 2.4037, 2450292, 8.8078, 12195.6948
current_data: 1.0517, 5093676, 5.1115, 3973.1477
current_data: 0.3843, 19752526, 77.0270, 16753.8459
current_data: 2.5495, 82255, 0.0009, 0.0000
current_data: 2.4650, 249473, 31.9678, 54514.6869
current_data: 2.4081, 2380420, 8.8156, 12176.3197
current_data: 1.0510, 5055301, 5.0655, 3903.1473
current_data: 0.3841, 19749567, 77.0350, 16563.2198
current_data: 2.5485, 91302, 0.0013, 0.0000
current_data: 2.4640, 257399, 31.9669, 54505.3119
current_data: 2.4013, 2525688, 8.9038, 12365.0708
current_data: 1.0522, 5073006, 5.1491, 3807.5218
current_data: 0.3843, 19754797, 77.0147, 16528.8446
current_data: 2.5485, 91656, 0.0014, 0.0000
current_data: 2.4653, 256504, 31.9674, 54468.4367
current_data: 2.3260, 2417714, 10.0816, 12921.9489
current_data: 1.0570, 5101565, 5.0667, 3881.8972
current_data: 0.3848, 19785212, 77.0012, 16633.8452
current_data: 2.5501, 80224, 0.0008, 0.0000
current_data: 2.1231, 254717, 34.0049, 48149.6505
current_data: 2.4132, 2554354, 8.8004, 12254.4451
current_data: 1.0622, 5145741, 5.0829, 3933.7725
current_data: 0.3850, 19809754, 77.0486, 16666.3454
current_data: 2.5504, 82270, 0.0008, 0.0000
current_data: 2.1756, 240704, 34.2660, 46232.7645
current_data: 2.4260, 2489305, 8.8316, 12398.8209
current_data: 1.0595, 5033440, 5.0612, 3765.0215
current_data: 0.3850, 19783203, 77.0511, 16655.7203
current_data: 2.5503, 83575, 0.0008, 0.6250
current_data: 2.1739, 236656, 34.2684, 46164.6392
current_data: 2.4102, 2486121, 8.8906, 12290.0703
current_data: 1.0623, 5103873, 5.1681, 3865.6471
current_data: 0.3849, 19735912, 77.0142, 16688.8455
current_data: 2.5508, 84920, 0.0010, 0.0000
current_data: 2.0740, 967293, 32.6714, 45340.8844
current_data: 2.4158, 2465213, 8.8173, 12249.4451
current_data: 1.0311, 5044651, 5.1087, 3774.3966
current_data: 0.3829, 19740641, 77.0243, 16551.9697
current_data: 2.5496, 86669, 0.0012, 0.0000
current_data: 1.7347, 2489099, 33.9605, 57884.7062
current_data: 2.2824, 2297664, 10.1159, 12814.4483
current_data: 1.0531, 5066560, 5.0949, 3916.2724
current_data: 0.3840, 19728327, 77.0567, 16628.8452
current_data: 2.5497, 84319, 0.0010, 0.0000
current_data: 2.7657, 284405, 25.4726, 50914.6663
current_data: 2.4021, 2439975, 8.8134, 12239.4450
current_data: 1.0493, 5067935, 5.1128, 3818.1468
current_data: 0.3883, 18743230, 75.0710, 16802.5961
current_data: 2.5501, 80371, 0.0008, 0.0000
current_data: 2.5134, 261836, 25.5145, 52083.4230
current_data: 2.3903, 2556200, 8.8704, 12286.9453
current_data: 1.0221, 4997672, 5.1818, 3887.5222
current_data: 0.3827, 19699296, 77.0223, 16582.5949
current_data: 2.5503, 84667, 0.0010, 0.0000
current_data: 2.2183, 238383, 26.4850, 60939.0987
current_data: 2.3453, 2445995, 8.8256, 12546.9468
current_data: 1.0243, 4967436, 5.0869, 3701.8962
current_data: 0.3827, 19667217, 77.0217, 16632.5952
current_data: 2.5505, 86465, 0.0009, 0.0000
current_data: 2.2212, 237240, 26.4865, 60922.8486
current_data: 2.3561, 2567846, 8.9257, 12232.5700
current_data: 1.0394, 5014554, 5.0965, 3816.8968
current_data: 0.3836, 19700253, 77.0293, 16555.7197
current_data: 2.5496, 82036, 0.0008, 0.0000
current_data: 2.3436, 239869, 29.7307, 56901.5756
current_data: 2.3845, 2411922, 8.8600, 12187.5697
current_data: 1.0508, 5111860, 5.1467, 3865.6471
current_data: 0.3842, 19742439, 77.0266, 16656.9703
current_data: 2.5490, 87479, 0.0012, 0.0000
current_data: 2.4657, 245542, 31.9696, 54525.9370
current_data: 2.3750, 2544926, 8.9117, 12296.3204
current_data: 1.0524, 5061461, 5.1444, 3831.2719
current_data: 0.3843, 19710020, 77.0221, 16715.0956
current_data: 2.5492, 86336, 0.0012, 0.0000
current_data: 2.4651, 240153, 31.9669, 54359.0610
current_data: 2.3741, 2371203, 8.9157, 12188.8197
current_data: 1.0537, 5076266, 5.0844, 3753.1465
current_data: 0.3844, 19766561, 77.0051, 16558.8448
current_data: 2.5496, 89942, 0.0012, 0.0000
current_data: 2.4657, 245323, 31.9678, 54521.5620
current_data: 2.3646, 2588128, 8.9017, 12232.5700
current_data: 1.0542, 5105112, 5.0726, 3892.5223
current_data: 0.3844, 19764872, 77.0277, 16598.8450
current_data: 2.5503, 81564, 0.0008, 0.0000
current_data: 2.4669, 234124, 31.9677, 54580.3123
current_data: 2.3773, 2491635, 8.8756, 12221.9449
current_data: 1.0517, 5098047, 5.1959, 3908.1474
current_data: 0.3844, 19750690, 77.0291, 16632.5952
current_data: 2.5498, 83324, 0.0009, 0.0000
current_data: 2.4685, 237768, 31.9692, 54591.5624
current_data: 2.3819, 2372396, 8.8771, 12171.3196
current_data: 1.0509, 5075067, 5.1828, 3961.8977
current_data: 0.3844, 19761590, 77.0150, 16561.3448
current_data: 2.5492, 84708, 0.0010, 0.6250
current_data: 2.4674, 240309, 31.9683, 54456.5616
current_data: 2.2846, 2372063, 10.1669, 13306.3261
current_data: 1.0541, 5110579, 5.1033, 3794.3967
current_data: 0.3844, 19753226, 77.0372, 16605.7200
current_data: 2.5496, 81344, 0.0008, 0.0000
current_data: 2.4704, 233373, 31.9689, 54657.1878
current_data: 2.3677, 2501219, 8.9237, 12283.8203
current_data: 1.0531, 5110237, 5.1122, 3933.1475
current_data: 0.3843, 19751254, 77.0526, 16734.4708
current_data: 2.5504, 82298, 0.0008, 0.0000
current_data: 2.2920, 242586, 31.1261, 50585.2895
current_data: 2.3825, 2392321, 8.8443, 12197.5698
current_data: 1.0579, 5104090, 5.1422, 3956.2726
current_data: 0.3846, 19761605, 76.9939, 16608.2200
current_data: 2.5493, 80542, 0.0007, 0.0000
current_data: 2.5472, 245926, 24.9766, 45702.1365
current_data: 2.3328, 2344361, 9.4992, 13491.3272
current_data: 1.0603, 5131994, 5.1153, 3934.3975
current_data: 0.3845, 19755829, 77.0248, 16642.5952
current_data: 2.5499, 84508, 0.0011, 0.0000
current_data: 2.5445, 247148, 24.9775, 45677.7614
current_data: 2.3841, 2392734, 8.9424, 12249.4451
current_data: 1.0581, 5106032, 5.0289, 3844.3970
current_data: 0.3877, 18608624, 75.0190, 16713.2206
current_data: 2.5486, 83535, 0.0010, 0.0000
current_data: 2.5626, 249916, 24.9741, 46037.7634
current_data: 2.3884, 2558701, 8.8571, 12275.0702
current_data: 1.0555, 5104360, 5.1013, 3905.6473
current_data: 0.3845, 19795437, 77.0060, 16675.0954
current_data: 2.5497, 82162, 0.0008, 0.0000
current_data: 2.5604, 241141, 24.9741, 46125.8889
current_data: 2.3850, 2430195, 8.9128, 12215.6949
current_data: 1.0587, 5119042, 5.1183, 3855.6471
current_data: 0.3844, 19730493, 77.0284, 16612.5951
current_data: 2.5487, 86200, 0.0011, 0.0000
current_data: 2.5253, 245248, 24.9774, 45412.1349
current_data: 2.3903, 2445851, 8.8492, 12230.0700
current_data: 1.0543, 5066996, 5.1487, 4023.1480
current_data: 0.3845, 19782483, 76.9777, 16656.3453
current_data: 2.5480, 92981, 0.0015, 0.6250
current_data: 2.5400, 261771, 24.9728, 45682.1364
current_data: 2.3869, 2375177, 8.8864, 12217.5699
current_data: 1.0459, 4974027, 5.3200, 3975.6477
current_data: 0.3841, 19751806, 77.0200, 16647.5953
current_data: 2.5482, 99343, 0.0019, 0.6250
current_data: 2.5584, 280005, 24.9684, 46124.6389
current_data: 2.3779, 2397636, 8.8546, 12181.9447
current_data: 1.0494, 4977821, 5.2742, 3923.7725
current_data: 0.3840, 19741432, 77.0498, 16754.4709
current_data: 2.5495, 89698, 0.0014, 0.0000
current_data: 2.4757, 247858, 24.9190, 44249.6282
current_data: 2.3818, 2445233, 8.9325, 12333.8206
[32m[info] [src/pairwise_allocator.cpp:allocating:1174] Will begin allocating cache, allocation_ready_queue size 1, allocation_complete_queue size 4
[mcurrent_data: 1.0499, 943260, 5.7312, 1061.8811
current_data: 0.4595, 5956385, 63.1153, 3296.8939
current_data: 2.5473, 18782, 0.0014, 0.0000
current_data: 0.9309, 23299, 32.0106, 3933.7725
current_data: 2.1100, 458947, 6.5708, 1542.5088
[32m[info] [src/pairwise_allocator.cpp:binary_serch_cache_roofline:462] descriptor COLS 3, find_cache_roofline_times: 1, roofline ipc: 2.5473, current ipc 2.5473, gap: 0.0000, lway: 1, rway: 14
[mcurrent_data: 1.0339, 793159, 5.8485, 926.8803
current_data: 0.4800, 6042568, 60.8275, 3099.3927
current_data: 2.5502, 16243, 0.0008, 0.0000
current_data: 0.9287, 19621, 32.0048, 3918.7724
current_data: 1.0886, 200726, 19.9061, 2358.1385
[32m[info] [src/pairwise_allocator.cpp:binary_serch_cache_roofline:462] descriptor COLS 3, find_cache_roofline_times: 2, roofline ipc: 2.5502, current ipc 2.5502, gap: 0.0000, lway: 1, rway: 7
[mcurrent_data: 1.0312, 787179, 6.0162, 921.2553
current_data: 0.4739, 5956365, 61.6276, 3200.6433
current_data: 2.5518, 16761, 0.0006, 0.0000
current_data: 0.9282, 20170, 32.0132, 3925.6475
current_data: 2.1059, 356973, 6.7732, 1554.3839
[32m[info] [src/pairwise_allocator.cpp:binary_serch_cache_roofline:462] descriptor COLS 3, find_cache_roofline_times: 3, roofline ipc: 2.5518, current ipc 2.5518, gap: 0.0000, lway: 1, rway: 4
[mcurrent_data: 1.0346, 786386, 5.8987, 984.3806
current_data: 0.4778, 6003574, 61.1523, 3161.2681
current_data: 2.5487, 16225, 0.0009, 0.0000
current_data: 0.9291, 19150, 32.0129, 3933.1475
current_data: 1.1461, 205867, 18.2316, 2434.3889
[32m[info] [src/pairwise_allocator.cpp:binary_serch_cache_roofline:462] descriptor COLS 3, find_cache_roofline_times: 4, roofline ipc: 2.5518, current ipc 2.5487, gap: 0.0012, lway: 1, rway: 2
[mcurrent_data: 1.0256, 770926, 6.1184, 916.8802
current_data: 0.4736, 5864080, 61.6515, 3100.6427
current_data: 2.5491, 15986, 0.0010, 0.0000
current_data: 0.9303, 18731, 32.0170, 3908.7724
current_data: 2.1163, 347463, 6.5792, 1579.3840
[32m[info] [src/pairwise_allocator.cpp:binary_serch_cache_roofline:462] descriptor COLS 3, find_cache_roofline_times: 5, roofline ipc: 2.5518, current ipc 2.5491, gap: 0.0011, lway: 1, rway: 1
[mcurrent_data: 1.0289, 764068, 6.1519, 938.7554
current_data: 0.4698, 5652829, 62.0393, 2990.6421
current_data: 2.5481, 14745, 0.0009, 0.0000
current_data: 0.9282, 17844, 32.0109, 3805.0218
current_data: 1.4294, 259070, 14.5745, 2182.5125
[32m[info] [src/pairwise_allocator.cpp:found_cache_roofline:405] Found_cache_roofline, obj_id 134584, roofline cache way: 1, roofline remain cache: 14, roofline cache bitmask: 0x7ffe
[m[32m[info] [src/pairwise_allocator.cpp:binary_serch_cache_roofline:462] descriptor COLS 3, find_cache_roofline_times: 6, roofline ipc: 2.5518, current ipc 2.5481, gap: 0.0014, lway: 1, rway: 1
[m[32m[info] [src/pairwise_allocator.cpp:allocating_cache:846] binary_serch_cache_roofline first pair success
[m[32m[info] [src/pairwise_allocator.cpp:pair_allocating_cache:770] pair_allocating_cache begin, allocating time: 0, descriptor roofline cache way: 1, system remain cache way: 5, complete queue size: 4
[m[32m[info] [src/pairwise_allocator.cpp:allocating_cache:852] Complete pair_allocating_cache, allocate cache ways: 1
[m[34m[critical] [src/pairwise_allocator.cpp:print_allocating_cache_results:815] print_allocating_cache_results: system remain cache: 4
[m[34m[critical] [src/pairwise_allocator.cpp:print_allocating_cache_results:818] obj: 137579, cache_way: 1, roofline cache way: 1
[m[34m[critical] [src/pairwise_allocator.cpp:print_allocating_cache_results:818] obj: 134569, cache_way: 4, roofline cache way: 4
[m[34m[critical] [src/pairwise_allocator.cpp:print_allocating_cache_results:818] obj: 137589, cache_way: 4, roofline cache way: 4
[m[34m[critical] [src/pairwise_allocator.cpp:print_allocating_cache_results:818] obj: 134574, cache_way: 1, roofline cache way: 1
[m[34m[critical] [src/pairwise_allocator.cpp:print_allocating_cache_results:823] obj: 134584, cache_way: 1, roofline cache way: 1
[mSKT0: MBA COS6 => 100% requested, 100% applied
current_data: 1.0521, 946423, 5.5299, 987.5057
current_data: 0.4496, 5753872, 64.4667, 3413.7695
current_data: 2.5483, 17461, 0.0016, 0.6250
current_data: 0.9294, 21773, 32.0083, 3902.5223
current_data: 2.0708, 450391, 6.6317, 1521.2587
SKT0: MBA COS6 => 60% requested, 60% applied
[32m[info] [src/pairwise_allocator.cpp:binary_serch_mb_roofline:937] descriptor1 COLS 3, find_mb_roofline_time: 1, roofline mb: 0.6250, current mb 0.6250, gap: 0.0000, lmb_throttle: 20, rmb_throttle: 100
[mcurrent_data: 1.0331, 816244, 6.0165, 953.7555
current_data: 0.4622, 5568141, 63.0343, 3180.0182
current_data: 2.5502, 16364, 0.0012, 0.0000
current_data: 0.9299, 21143, 32.0044, 3901.2723
current_data: 2.0080, 378552, 6.9798, 1473.7584
SKT0: MBA COS6 => 40% requested, 40% applied
[32m[info] [src/pairwise_allocator.cpp:binary_serch_mb_roofline:937] descriptor1 COLS 3, find_mb_roofline_time: 2, roofline mb: 0.0000, current mb 0.0000, gap: -nan, lmb_throttle: 20, rmb_throttle: 60
[mcurrent_data: 1.0391, 763690, 5.8215, 977.5056
current_data: 0.4712, 5719131, 62.1880, 3104.3928
current_data: 2.5497, 15441, 0.0009, 0.0000
current_data: 0.9302, 19929, 32.0193, 3869.3971
current_data: 2.0888, 352619, 6.8069, 1490.6335
SKT0: MBA COS6 => 30% requested, 30% applied
[32m[info] [src/pairwise_allocator.cpp:binary_serch_mb_roofline:937] descriptor1 COLS 3, find_mb_roofline_time: 3, roofline mb: 0.0000, current mb 0.0000, gap: -nan, lmb_throttle: 20, rmb_throttle: 40
[mcurrent_data: 1.0352, 748032, 6.0085, 920.6303
current_data: 0.4754, 5627442, 61.4556, 3062.5175
current_data: 2.5492, 14934, 0.0011, 0.0000
current_data: 0.9289, 20037, 32.0112, 3748.1464
current_data: 1.6793, 256434, 9.3874, 1917.5110
SKT0: MBA COS6 => 20% requested, 20% applied
[32m[info] [src/pairwise_allocator.cpp:binary_serch_mb_roofline:937] descriptor1 COLS 3, find_mb_roofline_time: 4, roofline mb: 0.0000, current mb 0.0000, gap: -nan, lmb_throttle: 20, rmb_throttle: 30
[mcurrent_data: 1.0296, 802199, 6.0086, 946.2554
current_data: 0.4631, 5651058, 62.9805, 3208.7684
current_data: 2.5507, 18729, 0.0015, 0.0000
current_data: 0.9284, 23867, 32.0013, 3856.2721
current_data: 2.1291, 355522, 6.3785, 1566.2590
SKT0: MBA COS6 => 20% requested, 20% applied
[32m[info] [src/pairwise_allocator.cpp:binary_serch_mb_roofline:937] descriptor1 COLS 3, find_mb_roofline_time: 5, roofline mb: 0.0000, current mb 0.0000, gap: -nan, lmb_throttle: 20, rmb_throttle: 20
[mcurrent_data: 1.0285, 748739, 6.0848, 910.6302
current_data: 0.4683, 5467501, 62.1409, 3035.6424
current_data: 2.5490, 16714, 0.0015, 0.0000
current_data: 0.9291, 22917, 31.9997, 3766.2716
current_data: 1.1309, 190985, 19.0636, 2355.0135
[32m[info] [src/pairwise_allocator.cpp:found_mb_roofline:887] Fast found mb roofline, obj_id 134584, roofline mb: 0.00 MB/s, roofline mb throttle: 20
[m[32m[info] [src/pairwise_allocator.cpp:binary_serch_mb_roofline:937] descriptor1 COLS 3, find_mb_roofline_time: 6, roofline mb: 0.0000, current mb 0.0000, gap: -nan, lmb_throttle: 20, rmb_throttle: 20
[m[32m[info] [src/pairwise_allocator.cpp:allocating_mb:1147] binary_serch_mb_roofline first pair success
[m[32m[info] [src/pairwise_allocator.cpp:pair_allocating_mb:1088] pair_allocating_mb begin, allocating times: 0, descriptor roofline mb throttle: 20, system remain mb: 93879.92 MB/s
[mSKT0: MBA COS3 => 20% requested, 20% applied
current_data: 1.0467, 956114, 5.4088, 886.8801
current_data: 0.4390, 5376202, 67.3027, 3333.1441
current_data: 2.5477, 18185, 0.0019, 0.0000
current_data: 2.1780, 46528, 34.2748, 8802.5504
current_data: 2.2370, 472177, 12.5499, 2453.1390
[32m[info] [src/pairwise_allocator.cpp:pair_allocating_mb:1088] pair_allocating_mb begin, allocating times: 1, descriptor roofline mb throttle: 20, system remain mb: 93879.92 MB/s
[m[32m[info] [src/pairwise_allocator.cpp:allocating_fit_mb:958] Will allocating_fit_mb mb throttle: 20
[mSKT0: MBA COS3 => 20% requested, 20% applied
current_data: 1.0633, 835169, 5.1156, 706.8790
current_data: 0.4372, 4447640, 67.5860, 2808.1411
current_data: 2.5495, 14058, 0.0012, 0.0000
current_data: 2.1806, 41798, 34.2663, 7890.6702
current_data: 2.5787, 467905, 6.4106, 1743.1350
[32m[info] [src/pairwise_allocator.cpp:allocating_mb:1121] Allocate mb: 0.00 MB/s, mb_throttle: 20
[mcurrent_data: 1.0654, 866081, 4.9396, 685.0039
current_data: 0.4354, 4386926, 67.8937, 2793.1410
current_data: 2.5485, 14146, 0.0008, 0.6250
current_data: 2.1683, 44532, 34.2673, 7772.5445
current_data: 2.0516, 371647, 14.1457, 2910.6417
current_data: 1.0637, 4989878, 5.1777, 3969.3977
current_data: 0.4309, 24890365, 68.6066, 16087.5921
current_data: 2.5498, 83162, 0.0011, 1.8750
current_data: 2.1749, 228604, 34.2674, 45260.8840
current_data: 2.3869, 2387866, 8.9910, 11935.6933
current_data: 1.0645, 4996878, 5.0994, 3762.5215
current_data: 0.4256, 24216875, 69.4991, 16253.8430
current_data: 2.5497, 79708, 0.0008, 1.8750
current_data: 2.1764, 222336, 34.2703, 45169.6335
current_data: 2.3964, 2411137, 8.8400, 12133.1944
current_data: 1.0599, 4971131, 5.0888, 3739.3964
current_data: 0.4216, 23762415, 70.1035, 16449.4691
current_data: 2.5496, 77857, 0.0008, 0.6250
current_data: 2.2867, 4363402, 28.1125, 44069.0022
current_data: 2.3909, 2403135, 8.8507, 12118.1943
current_data: 1.0286, 4873393, 5.1912, 3792.5217
current_data: 0.4163, 23336281, 70.6306, 16289.4682
current_data: 2.5487, 86396, 0.0014, 0.0000
current_data: 1.7135, 402213, 35.6117, 57459.7038
current_data: 2.3109, 2254605, 9.1571, 12477.5714
current_data: 1.0555, 5021285, 5.1940, 3898.1473
current_data: 0.4159, 23131626, 70.9977, 16519.4695
current_data: 2.5492, 80547, 0.0010, 1.8750
current_data: 2.7633, 280638, 25.4505, 49519.6584
current_data: 2.3814, 2343088, 8.9744, 11942.5683
current_data: 1.0461, 4943017, 5.1073, 3750.0215
current_data: 0.3902, 18516206, 74.6371, 16455.0942
current_data: 2.5501, 78224, 0.0009, 0.0000
current_data: 2.5148, 251203, 25.5116, 50803.4157
current_data: 2.3647, 2332513, 8.9170, 12010.0687
current_data: 1.0245, 4795592, 5.0893, 3596.2706
current_data: 0.3828, 18985059, 76.9890, 16091.3421
current_data: 2.5494, 81229, 0.0010, 0.6250
current_data: 2.2229, 227047, 26.4848, 58648.4606
current_data: 2.3308, 2330999, 8.9942, 11741.9422
current_data: 1.0233, 4786901, 5.0771, 3607.5206
current_data: 0.3826, 18944965, 77.0323, 15973.8414
current_data: 2.5493, 84804, 0.0012, 0.0000
current_data: 2.2218, 224191, 26.4878, 58785.3364
current_data: 2.3332, 2314689, 9.0082, 11778.1924
current_data: 1.0317, 4875712, 5.1070, 3725.0213
current_data: 0.3832, 19149549, 76.9988, 16103.8421
current_data: 2.5476, 88591, 0.0013, 0.6250
current_data: 2.2910, 241822, 28.5570, 56664.0742
current_data: 2.3521, 2372207, 8.9751, 11759.4423
current_data: 1.0501, 4902279, 5.1403, 3884.3972
current_data: 0.3842, 19170103, 77.0278, 16173.8425
current_data: 2.5487, 86729, 0.0014, 0.6250
current_data: 2.4660, 239299, 31.9682, 52996.5532
current_data: 2.3809, 2457355, 8.9228, 12096.3192
current_data: 1.0531, 4955106, 5.1393, 3934.3975
current_data: 0.3841, 19229789, 77.0380, 16266.9681
current_data: 2.5486, 88889, 0.0013, 0.0000
current_data: 2.4639, 241791, 31.9661, 53132.1790
current_data: 2.3830, 2376088, 8.8942, 11985.0686
current_data: 1.0539, 4978560, 5.0878, 3795.0217
current_data: 0.3844, 19297260, 77.0237, 16169.4675
current_data: 2.5493, 82969, 0.0010, 0.0000
current_data: 2.4667, 226802, 31.9688, 53319.0551
current_data: 2.3885, 2339510, 8.9068, 12032.5689
current_data: 1.0517, 4976167, 5.1427, 3805.0218
current_data: 0.3842, 19298990, 77.0463, 16216.3428
current_data: 2.5489, 83488, 0.0011, 0.6250
current_data: 2.4660, 227708, 31.9669, 53291.5549
current_data: 2.3731, 2364336, 8.9288, 12118.8193
current_data: 1.0533, 4986430, 5.1552, 3754.3965
current_data: 0.3843, 19358375, 77.0333, 16295.0932
current_data: 2.5500, 82065, 0.0009, 0.0000
current_data: 2.4686, 228180, 31.9687, 53568.4315
current_data: 2.3818, 2351564, 8.9407, 11977.5685
current_data: 1.0536, 5019909, 5.1559, 3927.5225
current_data: 0.3845, 19441243, 77.0075, 16275.7181
current_data: 2.5501, 80526, 0.0007, 0.0000
current_data: 2.4692, 229127, 31.9697, 53589.0566
current_data: 2.3868, 2433103, 8.9168, 12148.8195
current_data: 1.0551, 5000678, 5.0644, 3839.3970
current_data: 0.3842, 19401611, 77.0488, 16306.3433
current_data: 2.5494, 81014, 0.0008, 0.0000
current_data: 2.4689, 228034, 31.9693, 53722.1824
current_data: 2.3283, 2471292, 9.7931, 12378.8208
current_data: 1.0545, 5015049, 5.0538, 3790.0217
current_data: 0.3844, 19463351, 77.0246, 16405.0939
current_data: 2.5498, 81597, 0.0008, 0.6250
current_data: 2.4710, 231039, 31.9682, 53825.3080
current_data: 2.3837, 2402526, 8.8990, 12076.9441
current_data: 1.0558, 5028810, 5.2231, 3828.7719
current_data: 0.3845, 19444076, 77.0192, 16356.9686
current_data: 2.5506, 79992, 0.0009, 0.6250
current_data: 2.3302, 240559, 27.0815, 45055.2578
current_data: 2.3944, 2441965, 8.8725, 12195.6948
current_data: 1.0599, 5064202, 5.0880, 3932.5225
current_data: 0.3844, 19500527, 77.0445, 16440.7191
current_data: 2.5498, 81579, 0.0008, 0.0000
current_data: 2.5632, 238079, 24.9780, 45579.6358
current_data: 2.3971, 2394400, 8.9416, 12225.0700
current_data: 1.0556, 5086402, 5.1865, 4003.7729
current_data: 0.3892, 18663682, 75.0472, 16700.0956
current_data: 2.5510, 85211, 0.0011, 0.6250
current_data: 2.5594, 241406, 24.9770, 45781.5120
current_data: 2.3985, 2523180, 8.8109, 12223.8199
current_data: 1.0561, 5082035, 5.1618, 3844.3970
current_data: 0.3847, 19653332, 76.9883, 16539.4696
current_data: 2.5505, 80216, 0.0008, 0.0000
current_data: 2.5641, 236170, 24.9750, 45696.5115
current_data: 2.4007, 2467164, 8.8396, 12204.4448
current_data: 1.0557, 5075720, 5.1878, 3881.8972
current_data: 0.3846, 19628610, 76.9977, 16520.7195
current_data: 2.5501, 79931, 0.0007, 0.0000
current_data: 2.5539, 240058, 24.9747, 45610.8860
current_data: 2.3981, 2403266, 8.8300, 12188.1947
current_data: 1.0582, 5038722, 5.0303, 3800.6467
current_data: 0.3845, 19656775, 77.0072, 16595.0950
current_data: 2.5484, 89961, 0.0014, 0.6250
current_data: 2.4923, 253732, 24.9739, 44619.0053
current_data: 2.3973, 2536950, 8.8905, 12331.3206
current_data: 1.0605, 5086471, 5.0634, 3800.0217
current_data: 0.3844, 19584368, 77.0168, 16434.4690
current_data: 2.5493, 86025, 0.0012, 0.0000
current_data: 2.5470, 251564, 24.9746, 45427.1349
current_data: 2.3975, 2528490, 8.8602, 12306.3204
current_data: 1.0596, 5087537, 5.0511, 3874.3972
current_data: 0.3844, 19616654, 77.0390, 16558.8448
current_data: 2.5500, 82154, 0.0009, 1.2500
current_data: 2.5625, 243987, 24.9732, 45848.3873
current_data: 2.3896, 2584191, 8.9094, 12330.0706
current_data: 1.0589, 5101298, 5.1808, 3968.1477
current_data: 0.3844, 19629291, 77.0384, 16603.8450
current_data: 2.5506, 79735, 0.0008, 0.6250
current_data: 2.2837, 271776, 28.3639, 45100.2581
current_data: 2.3991, 2372030, 8.8967, 12223.8199
current_data: 1.0517, 5065344, 5.2166, 3928.1475
current_data: 0.3842, 19580041, 77.0641, 16491.9694
current_data: 2.5508, 83024, 0.0009, 0.6250
current_data: 2.4632, 264027, 31.9661, 54028.4342
current_data: 2.3848, 2469094, 8.9133, 12234.4450
current_data: 1.0532, 5079700, 5.1771, 3893.1473
current_data: 0.3844, 19610642, 77.0279, 16490.7194
current_data: 2.5499, 80129, 0.0008, 0.0000
current_data: 2.4627, 254718, 31.9675, 54030.3092
current_data: 2.3885, 2527129, 8.8805, 12278.1953
current_data: 1.0544, 5072644, 5.1617, 3916.8974
current_data: 0.3843, 19600089, 77.0232, 16467.5942
current_data: 2.5495, 81113, 0.0009, 0.6250
current_data: 2.4619, 248120, 31.9682, 53869.0582
current_data: 2.3900, 2458220, 8.9358, 12244.4451
current_data: 1.0552, 5072523, 5.1228, 3855.6471
current_data: 0.3842, 19590906, 77.0508, 16442.5941
current_data: 2.5505, 82625, 0.0009, 0.6250
current_data: 2.4626, 250111, 31.9705, 53942.8087
current_data: 2.3866, 2478099, 8.8531, 12198.1948
current_data: 1.0510, 5059689, 5.1846, 3850.0220
current_data: 0.3844, 19596959, 77.0277, 16475.0943
current_data: 2.5499, 83840, 0.0009, 0.6250
current_data: 2.4648, 247294, 31.9680, 54072.1844
current_data: 2.3848, 2417720, 8.8755, 12178.1947
current_data: 1.0535, 5054440, 5.1855, 4099.3985
current_data: 0.3845, 19597999, 77.0074, 16459.4692
current_data: 2.5492, 81782, 0.0008, 1.2500
current_data: 2.4656, 242484, 31.9697, 54249.0604
current_data: 2.3895, 2438084, 8.8591, 12178.8197
current_data: 1.0539, 5066864, 5.1575, 3902.5223
current_data: 0.3843, 19645425, 77.0258, 16560.0948
current_data: 2.5499, 82469, 0.0009, 0.6250
current_data: 2.4658, 241376, 31.9689, 54073.4344
current_data: 2.3876, 2393630, 8.9268, 12176.9447
current_data: 1.0540, 5066748, 5.1404, 3786.2717
current_data: 0.3841, 19566357, 77.0563, 16499.4694
current_data: 2.5496, 85357, 0.0009, 0.0000
current_data: 2.4658, 249438, 31.9658, 53944.6837
current_data: 2.3843, 2519794, 8.9094, 12314.4455
current_data: 1.0641, 5111574, 5.1288, 3854.3971
current_data: 0.3850, 19686077, 76.9891, 16587.5949
current_data: 2.5495, 80730, 0.0008, 0.0000
current_data: 2.0551, 247149, 35.3453, 45660.8863
current_data: 2.4040, 2384692, 8.8723, 12203.8198
current_data: 1.0655, 5104902, 5.0398, 3788.7717
current_data: 0.3852, 19655489, 76.9944, 16579.4699
current_data: 2.5478, 88973, 0.0014, 1.2500
current_data: 2.1751, 242120, 34.2646, 45851.5124
current_data: 2.4061, 2411746, 8.9029, 12233.8200
current_data: 1.0637, 5105138, 5.1122, 3858.7721
current_data: 0.3851, 19652429, 77.0278, 16545.0947
current_data: 2.5487, 86480, 0.0012, 1.8750
current_data: 2.1773, 235529, 34.2658, 45995.2632
current_data: 2.4052, 2393284, 8.8785, 12185.6947
current_data: 1.0483, 5024208, 5.1051, 3863.7721
current_data: 0.3841, 19596816, 77.0225, 16505.0944
current_data: 2.5496, 83138, 0.0009, 0.0000
current_data: 1.8699, 5693127, 31.6875, 48985.2803
current_data: 2.3791, 2477661, 8.8883, 12173.8197
current_data: 1.0415, 4995504, 5.1699, 3805.0218
current_data: 0.3835, 19548045, 77.0460, 16480.7193
current_data: 2.5505, 81201, 0.0008, 0.0000
current_data: 2.6186, 419835, 25.6829, 54972.8146
current_data: 2.3747, 2393220, 8.9027, 12141.9445
current_data: 1.0550, 5071775, 5.1165, 3861.2721
current_data: 0.3840, 19562564, 77.0464, 16543.2197
current_data: 2.5491, 89116, 0.0013, 0.6250
current_data: 2.7356, 304320, 25.2157, 49412.1577
current_data: 2.3942, 2464973, 8.8702, 12198.1948
current_data: 1.0343, 4952757, 5.1035, 3701.2712
current_data: 0.3830, 19550476, 77.0635, 16448.8441
current_data: 2.5489, 81718, 0.0008, 0.0000
current_data: 2.3024, 257700, 26.2071, 56580.3238
current_data: 2.3577, 2484242, 8.9144, 12153.8195
current_data: 1.0241, 4923923, 5.1930, 3817.5218
current_data: 0.3826, 19535471, 77.0503, 16468.2192
current_data: 2.5498, 80200, 0.0008, 1.2500
current_data: 2.2231, 225131, 26.4845, 60650.3470
current_data: 2.3479, 2482566, 8.9009, 12123.1944
current_data: 1.0226, 4906511, 5.0894, 3704.3962
current_data: 0.3827, 19556143, 77.0275, 16394.4688
current_data: 2.5498, 81061, 0.0008, 0.6250
current_data: 2.2219, 226512, 26.4858, 60592.2217
current_data: 2.3464, 2465753, 8.8840, 12114.4443
current_data: 1.0524, 5049850, 5.0593, 3822.5219
current_data: 0.3842, 19651320, 77.0316, 16503.8444
current_data: 2.5492, 79713, 0.0008, 0.6250
current_data: 2.4296, 233618, 31.6703, 54165.9349
current_data: 2.3670, 2305830, 9.0852, 12931.3240
current_data: 1.0534, 5037506, 5.0939, 3792.5217
current_data: 0.3843, 19627192, 77.0249, 16453.8441
current_data: 2.5491, 86586, 0.0010, 1.2500
current_data: 2.4647, 235634, 31.9694, 54098.4346
current_data: 2.3897, 2565209, 8.9222, 12341.3206
current_data: 1.0521, 4965207, 5.1668, 3801.2718
current_data: 0.3844, 19607248, 77.0065, 16535.0946
current_data: 2.5497, 84190, 0.0010, 0.0000
current_data: 2.4675, 227084, 31.9687, 54117.1847
current_data: 2.3948, 2523682, 8.8399, 12276.3202
current_data: 1.0524, 5050614, 5.1373, 3787.5217
current_data: 0.3843, 19588506, 77.0229, 16555.7197
current_data: 2.5497, 80493, 0.0009, 1.2500
current_data: 2.4645, 228820, 31.9691, 54037.1842
current_data: 2.3576, 2392846, 9.1134, 13003.8244
current_data: 1.0516, 5069753, 5.1180, 3827.5219
current_data: 0.3844, 19618812, 77.0355, 16555.7197
current_data: 2.5500, 79738, 0.0008, 0.6250
current_data: 2.4673, 227127, 31.9712, 54231.5603
current_data: 2.3915, 2458410, 8.8368, 12248.8201
current_data: 1.0503, 5039565, 5.1987, 3879.3972
current_data: 0.3889, 18633353, 75.0412, 16690.7205
current_data: 2.5493, 91748, 0.0014, 0.6250
current_data: 2.4665, 246419, 31.9686, 54140.3098
current_data: 2.3966, 2447911, 8.8473, 12167.5696
current_data: 1.0540, 5046784, 5.1493, 3802.5218
current_data: 0.3844, 19611470, 76.9934, 16486.9693
current_data: 2.5486, 91695, 0.0013, 1.8750
current_data: 2.4658, 243140, 31.9672, 54250.9354
current_data: 2.3547, 2333159, 9.2660, 13217.5756
current_data: 1.0552, 5050245, 5.0681, 3673.7710
current_data: 0.3844, 19604336, 77.0216, 16563.2198
current_data: 2.5496, 82697, 0.0009, 0.6250
current_data: 2.4684, 233143, 31.9691, 54183.4350
current_data: 2.3922, 2450068, 8.8673, 12219.4449
current_data: 1.0586, 5090068, 5.1199, 3873.1472
current_data: 0.3844, 19623765, 77.0057, 16532.5946
current_data: 2.5502, 88558, 0.0012, 0.0000
current_data: 2.3056, 256119, 29.2161, 47755.8983
current_data: 2.4038, 2418002, 8.9028, 12201.3198
current_data: 1.0580, 5116786, 5.0587, 3873.1472
current_data: 0.3843, 19614114, 77.0609, 16561.9698
current_data: 2.5507, 84194, 0.0010, 0.0000
current_data: 2.5456, 255884, 24.9739, 45367.1346
current_data: 2.3557, 2335138, 9.3903, 13496.9522
current_data: 1.0565, 5087500, 5.2113, 3815.0218
current_data: 0.3844, 19619359, 77.0341, 16612.5951
current_data: 2.5483, 83468, 0.0011, 0.0000
current_data: 2.5398, 246491, 24.9779, 45332.7594
current_data: 2.4007, 2454448, 8.8610, 12203.8198
current_data: 1.0571, 5094004, 5.1545, 3808.1468
current_data: 0.3845, 19661231, 77.0152, 16574.4698
current_data: 2.5497, 82016, 0.0009, 0.6250
current_data: 2.5549, 248095, 24.9744, 45809.0121
current_data: 2.4071, 2484297, 8.8051, 12259.4451
current_data: 1.0585, 5136156, 5.1530, 3836.2720
current_data: 0.3844, 19735379, 77.0376, 16565.0948
current_data: 2.5498, 80676, 0.0008, 0.6250
current_data: 2.5531, 243282, 24.9753, 45895.2626
current_data: 2.3947, 2508830, 8.8697, 12889.4488
current_data: 1.0573, 5094110, 5.1633, 3843.1470
current_data: 0.3845, 19718861, 77.0266, 16610.7200
current_data: 2.5492, 83660, 0.0009, 0.0000
current_data: 2.4638, 239025, 24.9791, 44235.8781
current_data: 2.4091, 2437006, 8.8321, 12275.0702
current_data: 1.0580, 5146941, 5.0945, 3982.5228
current_data: 0.3845, 19768545, 77.0198, 16568.2198
current_data: 2.5493, 81082, 0.0008, 0.0000
current_data: 2.5426, 249981, 24.9759, 45740.8867
current_data: 2.4098, 2438943, 8.8504, 12342.5706
current_data: 1.0570, 5112037, 5.1799, 3901.2723
current_data: 0.3846, 19787690, 77.0132, 16622.5951
current_data: 2.5491, 81600, 0.0008, 0.0000
current_data: 2.5585, 250392, 24.9751, 46136.5140
current_data: 2.4079, 2588426, 8.8291, 12370.6958
current_data: 1.0595, 5129892, 5.1482, 4003.7729
current_data: 0.3845, 19770333, 77.0170, 16723.8457
current_data: 2.5496, 80517, 0.0008, 0.6250
current_data: 2.3022, 273976, 26.6728, 43557.1242
current_data: 2.4047, 2495737, 8.8528, 12353.8207
current_data: 1.0586, 5118198, 5.0683, 3876.2722
current_data: 0.3845, 19746020, 77.0079, 16588.8449
current_data: 2.5488, 85273, 0.0010, 0.0000
current_data: 2.4658, 252623, 31.9698, 54484.6868
current_data: 2.3277, 2591524, 9.9424, 12685.0726
current_data: 1.0508, 5078022, 5.1618, 3866.8971
current_data: 0.3838, 19704197, 77.0691, 16621.3451
current_data: 2.5496, 91333, 0.0013, 1.2500
current_data: 2.4636, 260980, 31.9670, 54273.4356
current_data: 2.4031, 2518412, 8.8955, 12370.6958
current_data: 1.0495, 5069048, 5.1873, 3924.3975
current_data: 0.3885, 18712979, 75.0358, 16750.7208
current_data: 2.5490, 90216, 0.0013, 0.0000
current_data: 2.4622, 258254, 31.9651, 54291.5607
current_data: 2.4006, 2525291, 8.8902, 12371.9458
current_data: 1.0544, 5079466, 5.0725, 3821.2719
current_data: 0.3846, 19811628, 76.9858, 16645.0952
current_data: 2.5492, 83805, 0.0010, 0.6250
current_data: 2.4638, 238151, 31.9679, 54450.9366
current_data: 2.3190, 2255775, 10.0217, 13486.9522
current_data: 1.0547, 5083585, 5.0781, 3846.2720
current_data: 0.3844, 19716483, 77.0203, 16625.7201
current_data: 2.5496, 84675, 0.0009, 0.6250
current_data: 2.4656, 239096, 31.9690, 54284.6856
current_data: 2.4019, 2528236, 8.8350, 12300.6954
current_data: 1.0535, 5114950, 5.1279, 3923.7725
current_data: 0.3844, 19792611, 77.0202, 16645.0952
current_data: 2.5497, 88949, 0.0011, 0.6250
current_data: 2.4670, 252738, 31.9675, 54493.4368
current_data: 2.4086, 2440077, 8.8620, 12290.0703
current_data: 1.0529, 5080145, 5.0384, 3871.2722
current_data: 0.3841, 19693376, 77.0560, 16646.9703
current_data: 2.5497, 82921, 0.0009, 0.6250
current_data: 2.4651, 236317, 31.9697, 54255.9355
current_data: 2.3994, 2375937, 8.8807, 12139.4445
current_data: 1.0560, 5056002, 5.0715, 3908.7724
current_data: 0.3844, 19598387, 77.0276, 16591.3449
current_data: 2.5500, 81030, 0.0008, 0.0000
current_data: 2.4684, 236682, 31.9692, 54149.0598
current_data: 2.3925, 2521409, 8.9119, 12260.6952
current_data: 1.0624, 5093408, 5.0967, 3895.6473
current_data: 0.3851, 19605101, 77.0096, 16476.3443
current_data: 2.5500, 78933, 0.0007, 0.0000
current_data: 2.0224, 242120, 35.0644, 45012.7576
current_data: 2.4119, 2433401, 8.8092, 12235.6950
current_data: 1.0632, 5092846, 5.0401, 3895.0223
current_data: 0.3852, 19630773, 77.0199, 16517.5945
current_data: 2.5494, 78747, 0.0007, 0.0000
current_data: 2.1760, 223775, 34.2665, 45927.1378
current_data: 2.4029, 2463706, 8.8684, 12464.4463
[32m[info] [src/pairwise_allocator.cpp:allocating:1174] Will begin allocating cache, allocation_ready_queue size 1, allocation_complete_queue size 4
[mcurrent_data: 1.0400, 958818, 5.7846, 965.6305
current_data: 0.4473, 5835136, 64.2613, 3523.1452
current_data: 2.5482, 17363, 0.0013, 0.0000
current_data: 0.7315, 27536, 26.4160, 3819.3969
current_data: 1.0442, 257251, 20.8530, 2364.3885
[32m[info] [src/pairwise_allocator.cpp:binary_serch_cache_roofline:462] descriptor COLS 3, find_cache_roofline_times: 1, roofline ipc: 2.5482, current ipc 2.5482, gap: 0.0000, lway: 1, rway: 14
[mcurrent_data: 1.0317, 808538, 6.0267, 963.7555
current_data: 0.4553, 5537020, 63.3574, 3319.3940
current_data: 2.5503, 16419, 0.0011, 0.0000
current_data: 0.7321, 23406, 26.4030, 3777.5216
current_data: 2.1396, 332803, 6.5464, 1625.0093
[32m[info] [src/pairwise_allocator.cpp:binary_serch_cache_roofline:462] descriptor COLS 3, find_cache_roofline_times: 2, roofline ipc: 2.5503, current ipc 2.5503, gap: 0.0000, lway: 1, rway: 7
[mcurrent_data: 1.0269, 797658, 6.0406, 956.2555
current_data: 0.4615, 5667505, 62.6043, 3285.0188
current_data: 2.5469, 18041, 0.0010, 0.0000
current_data: 0.7315, 26623, 26.4008, 3810.0218
current_data: 1.1325, 227688, 19.0881, 2496.8893
[32m[info] [src/pairwise_allocator.cpp:binary_serch_cache_roofline:462] descriptor COLS 3, find_cache_roofline_times: 3, roofline ipc: 2.5503, current ipc 2.5469, gap: 0.0013, lway: 1, rway: 4
[mcurrent_data: 1.0271, 793331, 6.0976, 992.5057
current_data: 0.4504, 5497261, 63.9768, 3308.1439
current_data: 2.5498, 16501, 0.0006, 0.0000
current_data: 0.9997, 85263, 25.2214, 3775.0216
current_data: 2.1014, 342041, 6.9992, 1550.0089
[32m[info] [src/pairwise_allocator.cpp:binary_serch_cache_roofline:462] descriptor COLS 3, find_cache_roofline_times: 4, roofline ipc: 2.5503, current ipc 2.5498, gap: 0.0002, lway: 1, rway: 2
[mcurrent_data: 1.0313, 799897, 6.0686, 923.7553
current_data: 0.4624, 5792060, 62.9678, 3430.6446
current_data: 2.5499, 16079, 0.0011, 0.0000
current_data: 1.1019, 23597, 25.5327, 3929.3975
current_data: 1.4339, 263320, 14.8482, 2196.8876
[32m[info] [src/pairwise_allocator.cpp:binary_serch_cache_roofline:462] descriptor COLS 3, find_cache_roofline_times: 5, roofline ipc: 2.5503, current ipc 2.5499, gap: 0.0001, lway: 1, rway: 1
[mcurrent_data: 1.0281, 779243, 6.1354, 883.1301
current_data: 0.4639, 5613707, 62.8513, 3270.6437
current_data: 2.5489, 15770, 0.0009, 0.0000
current_data: 1.1030, 22933, 25.5367, 3835.0219
current_data: 2.1263, 336742, 6.7245, 1643.7594
[32m[info] [src/pairwise_allocator.cpp:found_cache_roofline:405] Found_cache_roofline, obj_id 134584, roofline cache way: 1, roofline remain cache: 14, roofline cache bitmask: 0x7ffe
[m[32m[info] [src/pairwise_allocator.cpp:binary_serch_cache_roofline:462] descriptor COLS 3, find_cache_roofline_times: 6, roofline ipc: 2.5503, current ipc 2.5489, gap: 0.0005, lway: 1, rway: 1
[m[32m[info] [src/pairwise_allocator.cpp:allocating_cache:846] binary_serch_cache_roofline first pair success
[m[32m[info] [src/pairwise_allocator.cpp:pair_allocating_cache:770] pair_allocating_cache begin, allocating time: 0, descriptor roofline cache way: 1, system remain cache way: 5, complete queue size: 4
[m[32m[info] [src/pairwise_allocator.cpp:allocating_cache:852] Complete pair_allocating_cache, allocate cache ways: 1
[m[34m[critical] [src/pairwise_allocator.cpp:print_allocating_cache_results:815] print_allocating_cache_results: system remain cache: 4
[m[34m[critical] [src/pairwise_allocator.cpp:print_allocating_cache_results:818] obj: 137579, cache_way: 1, roofline cache way: 1
[m[34m[critical] [src/pairwise_allocator.cpp:print_allocating_cache_results:818] obj: 134569, cache_way: 4, roofline cache way: 4
[m[34m[critical] [src/pairwise_allocator.cpp:print_allocating_cache_results:818] obj: 137589, cache_way: 4, roofline cache way: 4
[m[34m[critical] [src/pairwise_allocator.cpp:print_allocating_cache_results:818] obj: 134574, cache_way: 1, roofline cache way: 1
[m[34m[critical] [src/pairwise_allocator.cpp:print_allocating_cache_results:823] obj: 134584, cache_way: 1, roofline cache way: 1
[mSKT0: MBA COS6 => 100% requested, 100% applied
current_data: 1.0407, 953326, 5.8054, 998.7557
current_data: 0.4588, 5965172, 62.3449, 3473.7699
current_data: 2.5495, 17276, 0.0016, 0.0000
current_data: 0.7251, 18988, 26.5483, 3751.2715
current_data: 2.0054, 458628, 6.4782, 1506.2586
SKT0: MBA COS6 => 60% requested, 60% applied
[32m[info] [src/pairwise_allocator.cpp:binary_serch_mb_roofline:937] descriptor1 COLS 3, find_mb_roofline_time: 1, roofline mb: 0.0000, current mb 0.0000, gap: -nan, lmb_throttle: 20, rmb_throttle: 100
[mcurrent_data: 1.0293, 803976, 5.8350, 879.3800
current_data: 0.4670, 5765029, 61.7938, 3228.1435
current_data: 2.5496, 16126, 0.0010, 0.0000
current_data: 0.7248, 17699, 26.5415, 3671.8960
current_data: 2.0919, 310633, 7.0913, 1447.5083
SKT0: MBA COS6 => 40% requested, 40% applied
[32m[info] [src/pairwise_allocator.cpp:binary_serch_mb_roofline:937] descriptor1 COLS 3, find_mb_roofline_time: 2, roofline mb: 0.0000, current mb 0.0000, gap: -nan, lmb_throttle: 20, rmb_throttle: 60
[mcurrent_data: 1.0234, 792664, 5.8073, 913.7552
current_data: 0.4757, 5983083, 60.6215, 3242.5186
current_data: 2.5480, 18677, 0.0018, 0.0000
current_data: 0.7240, 19751, 26.5548, 3773.7716
current_data: 1.5830, 271180, 10.7971, 2048.1367
SKT0: MBA COS6 => 30% requested, 30% applied
[32m[info] [src/pairwise_allocator.cpp:binary_serch_mb_roofline:937] descriptor1 COLS 3, find_mb_roofline_time: 3, roofline mb: 0.0000, current mb 0.0000, gap: -nan, lmb_throttle: 20, rmb_throttle: 40
[mcurrent_data: 1.0259, 807670, 6.0193, 943.7554
current_data: 0.4691, 6035052, 61.6095, 3391.8944
current_data: 2.5486, 19568, 0.0019, 0.0000
current_data: 0.7246, 22135, 26.5464, 3890.0223
current_data: 2.1266, 359047, 6.6836, 1602.5092
SKT0: MBA COS6 => 20% requested, 20% applied
[32m[info] [src/pairwise_allocator.cpp:binary_serch_mb_roofline:937] descriptor1 COLS 3, find_mb_roofline_time: 4, roofline mb: 0.0000, current mb 0.0000, gap: -nan, lmb_throttle: 20, rmb_throttle: 30
[mcurrent_data: 1.0252, 776171, 5.9393, 894.3801
current_data: 0.4806, 6162869, 60.2710, 3328.7690
current_data: 2.5484, 16173, 0.0012, 0.0000
current_data: 0.7245, 18659, 26.5513, 3810.6468
current_data: 1.2704, 201412, 15.5568, 2336.8884
SKT0: MBA COS6 => 20% requested, 20% applied
[32m[info] [src/pairwise_allocator.cpp:binary_serch_mb_roofline:937] descriptor1 COLS 3, find_mb_roofline_time: 5, roofline mb: 0.0000, current mb 0.0000, gap: -nan, lmb_throttle: 20, rmb_throttle: 20
[mcurrent_data: 1.0222, 763188, 6.1354, 898.1301
current_data: 0.4656, 5796784, 61.9557, 3275.0187
current_data: 2.5489, 17341, 0.0017, 0.0000
current_data: 0.7252, 19847, 26.5506, 3819.3969
current_data: 2.1182, 339865, 6.7628, 1596.8841
[32m[info] [src/pairwise_allocator.cpp:found_mb_roofline:887] Fast found mb roofline, obj_id 134584, roofline mb: 0.00 MB/s, roofline mb throttle: 20
[m[32m[info] [src/pairwise_allocator.cpp:binary_serch_mb_roofline:937] descriptor1 COLS 3, find_mb_roofline_time: 6, roofline mb: 0.0000, current mb 0.0000, gap: -nan, lmb_throttle: 20, rmb_throttle: 20
[m[32m[info] [src/pairwise_allocator.cpp:allocating_mb:1147] binary_serch_mb_roofline first pair success
[m[32m[info] [src/pairwise_allocator.cpp:pair_allocating_mb:1088] pair_allocating_mb begin, allocating times: 0, descriptor roofline mb throttle: 20, system remain mb: 93879.92 MB/s
[mSKT0: MBA COS3 => 20% requested, 20% applied
current_data: 1.0302, 952324, 5.4999, 809.3796
current_data: 0.4517, 5668588, 65.2135, 3452.5198
current_data: 2.5490, 16938, 0.0016, 0.0000
current_data: 2.4682, 49087, 31.9758, 9643.1802
current_data: 2.5983, 413645, 6.4245, 1723.7599
[32m[info] [src/pairwise_allocator.cpp:pair_allocating_mb:1088] pair_allocating_mb begin, allocating times: 1, descriptor roofline mb throttle: 20, system remain mb: 93879.92 MB/s
[m[32m[info] [src/pairwise_allocator.cpp:allocating_fit_mb:958] Will allocating_fit_mb mb throttle: 20
[mSKT0: MBA COS3 => 20% requested, 20% applied
current_data: 1.0483, 833239, 5.0172, 655.0037
current_data: 0.4487, 4665965, 65.7259, 2860.6414
current_data: 2.5489, 14647, 0.0010, 0.0000
current_data: 2.4680, 43607, 31.9682, 9235.6778
current_data: 2.4211, 453099, 9.0726, 1776.2602
[32m[info] [src/pairwise_allocator.cpp:allocating_mb:1121] Allocate mb: 0.00 MB/s, mb_throttle: 20
[mcurrent_data: 1.0533, 848503, 5.0921, 673.7539
current_data: 0.4471, 4641190, 65.9672, 2795.0160
current_data: 2.5481, 14145, 0.0013, 0.0000
current_data: 2.4683, 43471, 31.9671, 9211.3027
current_data: 2.5945, 494913, 6.4175, 1778.7602
current_data: 1.0516, 4950856, 5.1580, 3719.3963
current_data: 0.4410, 26100673, 66.8751, 16258.8430
current_data: 2.5494, 89279, 0.0015, 1.2500
current_data: 2.4635, 243697, 31.9690, 53067.1787
current_data: 2.3617, 2364805, 8.9240, 11921.9432
current_data: 1.0562, 5027228, 5.0704, 3731.8964
current_data: 0.4349, 25539527, 67.8764, 16368.8437
current_data: 2.5501, 79878, 0.0008, 0.0000
current_data: 2.4655, 236476, 31.9702, 53483.4310
current_data: 2.3690, 2368566, 8.9607, 11963.1935
current_data: 1.0510, 4971899, 5.1211, 3757.5215
current_data: 0.4301, 24883365, 68.5932, 16087.5921
current_data: 2.5481, 87861, 0.0014, 0.0000
current_data: 2.4631, 249915, 31.9702, 53090.3038
current_data: 2.3669, 2445428, 8.9288, 11975.6935
current_data: 1.0513, 4973127, 5.1388, 3743.7714
current_data: 0.4035, 20094528, 72.3042, 16495.0944
current_data: 2.5487, 89341, 0.0014, 0.0000
current_data: 2.4647, 247887, 31.9699, 53230.9296
current_data: 2.3683, 2391012, 8.8847, 12067.5691
current_data: 1.0474, 4801804, 5.3291, 3976.2728
current_data: 0.3844, 19099351, 76.9821, 16071.9670
current_data: 2.5487, 88844, 0.0015, 0.0000
current_data: 2.4633, 254552, 31.9643, 52452.1751
current_data: 2.3642, 2368702, 9.0076, 11850.0678
current_data: 1.0497, 4872726, 5.1211, 3678.1460
current_data: 0.3845, 19134976, 77.0077, 16080.7170
current_data: 2.5490, 80298, 0.0010, 0.0000
current_data: 2.4670, 229829, 31.9700, 52820.9272
current_data: 2.3687, 2359069, 8.9494, 11920.6932
current_data: 1.0533, 4893853, 5.1703, 3656.8959
current_data: 0.3844, 19068761, 77.0237, 16035.7168
current_data: 2.5496, 80491, 0.0010, 0.0000
current_data: 2.2816, 239698, 32.4145, 49985.2860
current_data: 2.3713, 2352841, 8.9431, 11951.9434
current_data: 1.0586, 4927913, 5.1104, 3709.3962
current_data: 0.3844, 19097726, 77.0397, 16134.4673
current_data: 2.5496, 84591, 0.0011, 0.0000
current_data: 2.5454, 246050, 24.9782, 44212.1280
current_data: 2.3860, 2265502, 8.9208, 11961.9434
current_data: 1.0630, 5026403, 5.0567, 3714.3963
current_data: 0.3845, 19284225, 77.0457, 16316.9684
current_data: 2.5491, 80779, 0.0010, 0.0000
current_data: 2.5410, 244036, 24.9767, 44625.8804
current_data: 2.3768, 2478595, 8.9579, 12017.5688
current_data: 1.0607, 5004642, 5.0815, 3766.8966
current_data: 0.3844, 19214155, 77.0302, 16115.0922
current_data: 2.5492, 83519, 0.0010, 0.0000
current_data: 2.5579, 249866, 24.9738, 44838.3816
current_data: 2.3818, 2420418, 8.8587, 12035.0689
current_data: 1.0555, 4990286, 5.1697, 3788.1467
current_data: 0.3844, 19265370, 77.0251, 16156.9675
current_data: 2.5489, 81981, 0.0010, 0.0000
current_data: 2.5580, 242095, 24.9745, 44754.6311
current_data: 2.3835, 2411831, 8.8638, 12027.5688
current_data: 1.0581, 4980168, 5.1026, 3761.8965
current_data: 0.3846, 19285276, 77.0178, 16194.4677
current_data: 2.5494, 79789, 0.0008, 0.0000
current_data: 2.5205, 239730, 24.9747, 44285.2534
current_data: 2.3258, 2437417, 9.7823, 12361.9457
current_data: 1.0597, 5008219, 5.0505, 3901.2723
current_data: 0.3846, 19339390, 77.0237, 16228.2179
current_data: 2.5499, 79096, 0.0007, 0.0000
current_data: 2.5002, 236935, 24.9789, 44046.5020
current_data: 2.3855, 2410981, 8.8916, 12038.1939
current_data: 1.0589, 5021566, 5.1160, 3727.5213
current_data: 0.3845, 19381328, 77.0417, 16234.4679
current_data: 2.5495, 81400, 0.0008, 0.0000
current_data: 2.5444, 247462, 24.9741, 44944.0072
current_data: 2.3852, 2502856, 8.9352, 12094.4442
current_data: 1.0595, 5066868, 5.1486, 3760.0215
current_data: 0.3845, 19472644, 77.0093, 16366.9687
current_data: 2.5501, 83626, 0.0010, 0.0000
current_data: 2.5607, 249207, 24.9730, 45327.7594
current_data: 2.3841, 2513580, 8.9218, 12069.4441
current_data: 1.0628, 5035427, 4.9789, 3678.7711
current_data: 0.3846, 19433119, 76.9974, 16361.3436
current_data: 2.5494, 84246, 0.0011, 0.0000
current_data: 2.2617, 276093, 29.2424, 44828.3815
current_data: 2.2987, 2349379, 10.2355, 13152.5753
current_data: 1.0516, 5039012, 5.1927, 3889.3973
current_data: 0.3843, 19477804, 77.0062, 16372.5937
current_data: 2.5495, 90685, 0.0014, 0.0000
current_data: 2.4627, 272079, 31.9677, 53730.3074
current_data: 2.3805, 2433452, 8.8825, 12163.8196
current_data: 1.0526, 5008783, 5.1420, 3942.5226
current_data: 0.3843, 19536278, 77.0257, 16455.0942
current_data: 2.5491, 85470, 0.0012, 0.0000
current_data: 2.4618, 267495, 31.9634, 53876.5583
current_data: 2.3801, 2482931, 8.9212, 12167.5696
current_data: 1.0549, 5042117, 5.0941, 3747.5214
current_data: 0.3895, 18629651, 75.1372, 16622.5951
current_data: 2.5502, 79945, 0.0007, 0.0000
current_data: 2.4630, 252215, 31.9662, 53831.5580
current_data: 2.3769, 2424199, 8.9556, 12235.0700
current_data: 1.0544, 5057725, 5.0266, 3851.8970
current_data: 0.3845, 19665578, 77.0042, 16570.7198
current_data: 2.5508, 78975, 0.0009, 0.6250
current_data: 2.4621, 249393, 31.9681, 54090.3095
current_data: 2.3740, 2433223, 8.8538, 12080.0691
current_data: 1.0504, 5040909, 5.1914, 3886.2722
current_data: 0.3843, 19627132, 76.9843, 16477.5943
current_data: 2.5487, 92552, 0.0016, 0.0000
current_data: 2.4607, 267947, 31.9681, 53960.3088
current_data: 2.3772, 2393404, 8.9349, 12088.1942
current_data: 1.0543, 5054657, 5.1152, 3843.7720
current_data: 0.3845, 19632984, 77.0204, 16565.0948
current_data: 2.5503, 80713, 0.0010, 0.0000
current_data: 2.4656, 253556, 31.9672, 54151.5599
current_data: 2.3753, 2408188, 8.9518, 12163.1946
current_data: 1.0567, 5054071, 5.0375, 3859.3971
current_data: 0.3842, 19612387, 77.0631, 16563.8448
current_data: 2.5495, 81798, 0.0009, 0.6250
current_data: 2.4619, 246941, 31.9680, 54083.4345
current_data: 2.3206, 2244369, 9.5913, 13406.3267
current_data: 1.0521, 5042090, 5.1217, 3822.5219
current_data: 0.3842, 19563222, 77.0578, 16553.2197
current_data: 2.5501, 82195, 0.0010, 0.0000
current_data: 2.4351, 246422, 31.9462, 53389.6805
current_data: 2.3802, 2405421, 8.9249, 12113.1943
current_data: 1.0637, 5102276, 5.0951, 3959.3977
current_data: 0.3852, 19662363, 77.0121, 16486.3443
current_data: 2.5504, 79614, 0.0008, 0.0000
current_data: 2.1768, 244274, 34.2657, 45991.5132
current_data: 2.3994, 2397221, 8.8953, 12180.6947
current_data: 1.0639, 5120956, 5.0731, 3920.6474
current_data: 0.3851, 19680293, 77.0489, 16571.3448
current_data: 2.5496, 81069, 0.0008, 0.0000
current_data: 2.1766, 231121, 34.2684, 46089.6387
current_data: 2.3500, 2473212, 9.5403, 12160.0696
current_data: 1.0644, 5086820, 5.1144, 3871.2722
current_data: 0.3851, 19599785, 77.0442, 16483.2193
current_data: 2.5492, 78670, 0.0008, 0.0000
current_data: 2.1160, 238385, 34.4659, 45109.6331
current_data: 2.3946, 2418600, 8.9219, 12220.6949
current_data: 1.0462, 4996832, 5.0901, 3756.2715
current_data: 0.3837, 19567576, 77.0293, 16421.3440
current_data: 2.5499, 82242, 0.0008, 0.0000
current_data: 1.7340, 5662687, 33.4336, 49900.2855
current_data: 2.3621, 2420949, 8.8703, 12149.4445
current_data: 1.0436, 5023390, 5.1375, 3871.8972
current_data: 0.3837, 19613116, 77.0253, 16403.8439
current_data: 2.5491, 85567, 0.0010, 0.0000
current_data: 2.6558, 372260, 25.6492, 54590.3124
current_data: 2.3714, 2475781, 8.8587, 12110.0693
current_data: 1.0525, 5070741, 5.1395, 3826.2719
current_data: 0.3843, 19625082, 77.0021, 16553.8447
current_data: 2.5485, 89376, 0.0012, 0.0000
current_data: 2.7282, 313695, 25.1731, 49391.5326
current_data: 2.3776, 2460712, 8.9047, 12075.0691
current_data: 1.0322, 4960404, 5.1233, 3869.3971
current_data: 0.3831, 19558898, 77.0100, 16424.4690
current_data: 2.5495, 90092, 0.0013, 0.0000
current_data: 2.2717, 252054, 26.3402, 57298.4529
current_data: 2.3407, 2407023, 8.9636, 12080.6941
current_data: 1.0254, 4902966, 5.1094, 3721.2713
current_data: 0.3828, 19585112, 77.0238, 16448.8441
current_data: 2.5500, 81654, 0.0008, 0.0000
current_data: 2.2229, 228084, 26.4846, 60615.3468
current_data: 2.3327, 2417862, 8.9720, 12055.6940
current_data: 1.0257, 4970220, 5.1461, 3870.6471
current_data: 0.3877, 18620768, 75.1051, 16709.4706
current_data: 2.5498, 80088, 0.0008, 0.0000
current_data: 2.2204, 226654, 26.4845, 60447.2209
current_data: 2.3118, 2565446, 9.1415, 12016.9438
current_data: 1.0525, 5064630, 5.0836, 3828.7719
current_data: 0.3845, 19612300, 77.0077, 16502.5944
current_data: 2.5499, 80755, 0.0007, 0.0000
current_data: 2.4679, 230996, 31.9659, 53816.5579
current_data: 2.3852, 2420123, 8.8864, 12072.5691
current_data: 1.0543, 5046620, 5.1161, 3763.7715
current_data: 0.3844, 19615151, 77.0228, 16588.2199
current_data: 2.5499, 80409, 0.0008, 0.6250
current_data: 2.4670, 234206, 31.9680, 54027.1841
current_data: 2.3810, 2490884, 8.9557, 12176.3197
current_data: 1.0523, 5039900, 5.1639, 3811.8968
current_data: 0.3845, 19596670, 77.0158, 16508.8445
current_data: 2.5499, 79802, 0.0008, 0.0000
current_data: 2.4651, 229310, 31.9696, 53889.0584
current_data: 2.3813, 2493139, 8.8913, 12236.9450
current_data: 1.0534, 5052628, 5.0529, 3798.7717
current_data: 0.3841, 19600116, 77.0509, 16537.5946
current_data: 2.5490, 87777, 0.0013, 0.0000
current_data: 2.4634, 235613, 31.9679, 54087.1845
current_data: 2.3822, 2487630, 8.9189, 12095.0692
current_data: 1.0538, 5098490, 5.1842, 3928.1475
current_data: 0.3844, 19684119, 77.0333, 16675.0954
current_data: 2.5499, 82144, 0.0009, 0.0000
current_data: 2.4660, 235170, 31.9683, 54279.6856
current_data: 2.3858, 2393999, 8.9118, 12148.1945
current_data: 1.0518, 5064347, 5.1174, 3917.5224
current_data: 0.3845, 19615493, 77.0194, 16480.0943
current_data: 2.5512, 79574, 0.0008, 0.0000
current_data: 2.4699, 233032, 31.9698, 54053.4343
current_data: 2.3855, 2318216, 8.8869, 12075.0691
current_data: 1.0529, 5067825, 5.0427, 3715.6463
current_data: 0.3844, 19602957, 77.0426, 16395.7188
current_data: 2.5506, 81511, 0.0009, 0.0000
current_data: 2.4666, 235895, 31.9704, 53985.3089
current_data: 2.3097, 2397318, 10.1511, 13431.9519
current_data: 1.0518, 5044930, 5.1918, 3880.0222
current_data: 0.3844, 19581523, 77.0327, 16482.5943
current_data: 2.5492, 79206, 0.0008, 0.0000
current_data: 2.4680, 235007, 31.9695, 53987.1839
current_data: 2.3847, 2463555, 8.8400, 12201.9448
current_data: 1.0583, 5071249, 5.1132, 3916.2724
current_data: 0.3844, 19607303, 77.0181, 16390.7188
current_data: 2.5491, 86487, 0.0012, 0.0000
current_data: 2.3106, 263197, 28.7058, 46983.3938
current_data: 2.3905, 2571534, 8.8223, 12210.0699
current_data: 1.0553, 5080630, 5.1223, 3873.7722
current_data: 0.3844, 19610154, 77.0129, 16498.8444
current_data: 2.5491, 90358, 0.0014, 0.0000
current_data: 2.5454, 273128, 24.9750, 45290.2592
current_data: 2.3849, 2565921, 8.8849, 12285.6953
current_data: 1.0564, 5042497, 5.1040, 3706.2712
current_data: 0.3843, 19637098, 77.0153, 16588.8449
current_data: 2.5494, 89209, 0.0015, 0.0000
current_data: 2.5405, 262359, 24.9767, 45334.6344
current_data: 2.3918, 2380307, 8.9242, 12189.4447
current_data: 1.0575, 5091937, 5.1287, 3903.7723
current_data: 0.3846, 19653822, 76.9924, 16568.2198
current_data: 2.5497, 81340, 0.0009, 0.0000
current_data: 2.5564, 257737, 24.9743, 45577.1358
current_data: 2.3927, 2486403, 8.9015, 12166.3196
current_data: 1.0602, 5090369, 5.0841, 3875.6472
current_data: 0.3844, 19646813, 77.0306, 16578.8449
current_data: 2.5495, 86210, 0.0012, 0.0000
current_data: 2.5524, 256409, 24.9750, 45699.0115
current_data: 2.3882, 2368570, 8.8924, 12113.1943
current_data: 1.0579, 5078433, 5.1387, 3749.3965
current_data: 0.3890, 18628038, 75.0236, 16639.4702
current_data: 2.5493, 89485, 0.0011, 0.0000
current_data: 2.4668, 257542, 24.9766, 44079.6272
current_data: 2.3905, 2577571, 8.8672, 12203.1948
current_data: 1.0548, 5055553, 5.2073, 3894.3973
current_data: 0.3845, 19620271, 76.9856, 16513.2195
current_data: 2.5488, 89900, 0.0014, 0.0000
current_data: 2.5438, 269794, 24.9744, 45340.8844
current_data: 2.3912, 2552218, 8.8510, 12265.6952
current_data: 1.0567, 5084000, 5.1523, 3922.5224
current_data: 0.3845, 19616640, 77.0150, 16541.3447
current_data: 2.5501, 85222, 0.0011, 0.0000
current_data: 2.5578, 259684, 24.9741, 45724.0116
current_data: 2.3947, 2476570, 8.8467, 12274.4452
current_data: 1.0575, 5077251, 5.1920, 3958.7727
current_data: 0.3844, 19608646, 77.0428, 16572.5948
current_data: 2.5489, 84065, 0.0010, 0.0000
current_data: 2.2996, 272874, 26.7401, 43671.4999
current_data: 2.3382, 2311180, 9.7976, 13516.9523
current_data: 1.0528, 5071123, 5.1084, 3855.6471
current_data: 0.3844, 19631944, 77.0154, 16550.7197
current_data: 2.5500, 85648, 0.0011, 0.0000
current_data: 2.4650, 257980, 31.9672, 54034.0592
current_data: 2.3873, 2408646, 8.8610, 12093.8192
current_data: 1.0531, 5073727, 5.1623, 3932.5225
current_data: 0.3843, 19601038, 77.0578, 16632.5952
current_data: 2.5495, 83276, 0.0009, 0.0000
current_data: 2.4660, 246770, 31.9653, 53967.8088
current_data: 2.3839, 2391065, 8.9248, 12175.6947
current_data: 1.0573, 5066111, 5.0901, 3901.8973
current_data: 0.3846, 19601792, 76.9995, 16441.9691
current_data: 2.5495, 79851, 0.0008, 0.0000
current_data: 2.4651, 239822, 31.9655, 53944.6837
current_data: 2.3763, 2508222, 8.9043, 12233.1950
current_data: 1.0536, 5054113, 5.0771, 3942.5226
current_data: 0.3844, 19569011, 77.0350, 16425.0940
current_data: 2.5508, 78680, 0.0008, 0.0000
current_data: 2.4659, 239618, 31.9675, 54029.0592
current_data: 2.3816, 2502504, 8.9515, 12234.4450
current_data: 1.0542, 5050911, 5.0782, 3806.8968
current_data: 0.3844, 19633686, 77.0075, 16491.3444
current_data: 2.5497, 85407, 0.0010, 0.0000
current_data: 2.4648, 246970, 31.9675, 54161.5599
current_data: 2.3823, 2470802, 8.8660, 12237.5700
current_data: 1.0529, 5053475, 5.1538, 3799.3967
current_data: 0.3843, 19597927, 77.0248, 16460.0942
current_data: 2.5492, 87244, 0.0012, 0.0000
current_data: 2.4651, 257369, 31.9678, 54100.9346
current_data: 2.3826, 2464162, 8.8527, 12114.4443
current_data: 1.0514, 5076946, 5.1720, 4020.6480
current_data: 0.3842, 19658870, 77.0357, 16582.5949
current_data: 2.5496, 84889, 0.0011, 0.0000
current_data: 2.4648, 248498, 31.9653, 53941.5587
current_data: 2.3780, 2527512, 8.8721, 12291.3203
current_data: 1.0516, 5057926, 5.1178, 3852.5220
current_data: 0.3844, 19611103, 77.0134, 16529.4696
current_data: 2.5495, 85144, 0.0010, 0.0000
current_data: 2.4671, 244970, 31.9674, 54148.4348
current_data: 2.3859, 2516287, 8.8435, 12169.4446
current_data: 1.0643, 5104755, 5.1291, 4034.3981
current_data: 0.3848, 19603921, 77.0132, 16475.7193
current_data: 2.5504, 80460, 0.0008, 0.0000
current_data: 2.0452, 252106, 34.7954, 45775.2619
current_data: 2.4047, 2454879, 8.8485, 12280.0703
current_data: 1.0640, 5103445, 5.1125, 3854.3971
current_data: 0.3852, 19650336, 77.0084, 16525.0946
current_data: 2.5492, 81515, 0.0008, 0.0000
current_data: 2.1766, 235980, 34.2660, 45985.2631
current_data: 2.3117, 2347817, 10.1286, 13210.0756
current_data: 1.0622, 5079989, 5.1364, 3976.2728
current_data: 0.3888, 18559349, 74.9970, 16636.9702
current_data: 2.5502, 79559, 0.0008, 0.0000
current_data: 2.1763, 232068, 34.2684, 45990.2632
current_data: 2.4036, 2363911, 8.8808, 12169.4446
current_data: 1.0572, 5074146, 5.1215, 3801.8968
current_data: 0.3846, 19627935, 77.0162, 16571.3448
current_data: 2.5507, 80346, 0.0009, 0.0000
current_data: 2.2564, 5719821, 27.4839, 45090.8830
current_data: 2.3920, 2395459, 8.9036, 12204.4448
current_data: 1.0322, 4996667, 5.2129, 3826.2719
current_data: 0.3832, 19600854, 77.0283, 16525.7196
current_data: 2.5492, 81722, 0.0009, 0.0000
current_data: 2.0745, 418406, 30.6252, 57178.4522
current_data: 2.3628, 2461909, 8.9032, 12115.6943
current_data: 1.0535, 5056744, 5.0473, 3872.5222
current_data: 0.3840, 19545646, 77.0478, 16553.8447
current_data: 2.5497, 84299, 0.0010, 0.0000
current_data: 2.7524, 296508, 25.3411, 50008.4112
current_data: 2.3836, 2517228, 8.9542, 12128.1944
current_data: 1.0390, 5009898, 5.1407, 3891.2723
current_data: 0.3836, 19590710, 77.0150, 16496.9694
current_data: 2.5496, 81695, 0.0009, 0.0000
current_data: 2.4085, 262999, 25.8468, 53997.8090
current_data: 2.3674, 2409163, 8.8993, 12151.3195
current_data: 1.0263, 4951108, 5.0663, 3708.1462
current_data: 0.3826, 19560340, 77.0417, 16564.4698
current_data: 2.5495, 79130, 0.0009, 0.0000
current_data: 2.2226, 228773, 26.4866, 60407.2207
current_data: 2.3467, 2382666, 8.9259, 11945.6934
current_data: 1.0265, 4937695, 5.1184, 3763.1465
current_data: 0.3827, 19533657, 77.0377, 16538.8446
current_data: 2.5495, 81298, 0.0008, 0.0000
current_data: 2.2215, 229419, 26.4876, 60555.3465
current_data: 2.2719, 2492391, 10.0202, 12426.9461
current_data: 1.0445, 5031254, 5.1449, 3856.2721
current_data: 0.3838, 19596792, 77.0450, 16491.9694
current_data: 2.5494, 83105, 0.0009, 0.0000
current_data: 2.3828, 240902, 30.5921, 55374.0669
current_data: 2.3831, 2428205, 8.8672, 12141.3195
current_data: 1.0553, 5033421, 4.9957, 3771.8966
current_data: 0.3843, 19622800, 77.0194, 16486.9693
current_data: 2.5497, 86587, 0.0013, 0.0000
current_data: 2.4670, 247489, 31.9679, 54041.5592
current_data: 2.3832, 2467572, 8.9462, 12243.8201
current_data: 1.0519, 5052459, 5.1810, 3932.5225
current_data: 0.3844, 19651749, 77.0067, 16495.0944
current_data: 2.5495, 85269, 0.0012, 0.0000
current_data: 2.4649, 240757, 31.9674, 54067.8094
current_data: 2.3885, 2530202, 8.9460, 12254.4451
current_data: 1.0542, 5072797, 5.0277, 3788.7717
current_data: 0.3843, 19592237, 77.0371, 16478.8443
current_data: 2.5496, 84037, 0.0010, 0.0000
current_data: 2.4660, 235649, 31.9690, 53987.1839
current_data: 2.3807, 2470130, 8.8570, 12116.3193
current_data: 1.0569, 5073674, 5.1256, 3973.1477
current_data: 0.3846, 19653739, 76.9782, 16485.7193
current_data: 2.5502, 81182, 0.0008, 0.0000
current_data: 2.4665, 234797, 31.9689, 54100.9346
current_data: 2.3941, 2442931, 8.8837, 12201.3198
current_data: 1.0514, 5105333, 5.0725, 3942.5226
current_data: 0.3844, 19787971, 77.0110, 16722.5957
current_data: 2.5502, 82573, 0.0007, 0.0000
current_data: 2.4687, 241684, 31.9698, 54566.5622
current_data: 2.3933, 2490582, 8.8632, 12268.1952
current_data: 1.0514, 5094601, 5.1143, 3858.7721
current_data: 0.3843, 19731234, 77.0371, 16681.3455
current_data: 2.5505, 80476, 0.0008, 0.0000
current_data: 2.4681, 231721, 31.9700, 54500.3119
current_data: 2.3920, 2505067, 8.8607, 12317.5705
current_data: 1.0535, 5074761, 5.1339, 3863.7721
current_data: 0.3845, 19751854, 77.0108, 16685.0955
current_data: 2.5496, 81344, 0.0008, 0.0000
current_data: 2.4700, 233584, 31.9689, 54423.4364
current_data: 2.3924, 2494692, 8.8966, 12331.9456
current_data: 1.0572, 5110735, 5.0900, 3836.2720
current_data: 0.3844, 19760634, 77.0060, 16691.3455
current_data: 2.5494, 84970, 0.0009, 0.0000
current_data: 2.2963, 249696, 30.3361, 49492.7832
current_data: 2.3974, 2512767, 8.8477, 12252.5701
current_data: 1.0583, 5098985, 5.1436, 3956.2726
current_data: 0.3845, 19793390, 76.9978, 16598.8450
current_data: 2.5496, 84606, 0.0009, 0.0000
current_data: 2.5423, 248002, 24.9755, 45765.8869
current_data: 2.3849, 2468650, 8.9010, 12925.0740
current_data: 1.0569, 5111110, 5.1164, 3986.2728
current_data: 0.3843, 19753584, 77.0130, 16625.7201
current_data: 2.5489, 91616, 0.0013, 2.5000
current_data: 2.5426, 246657, 24.9770, 45762.7619
current_data: 2.4014, 2529454, 8.8620, 12329.4455
current_data: 1.0560, 5141035, 5.2459, 3994.3979
current_data: 0.3845, 19752597, 77.0157, 16614.4701
current_data: 2.5504, 82344, 0.0008, 0.6250
current_data: 2.5584, 238147, 24.9748, 46018.3883
current_data: 2.4006, 2491761, 8.8640, 12298.1954
[32m[info] [src/pairwise_allocator.cpp:allocating:1174] Will begin allocating cache, allocation_ready_queue size 1, allocation_complete_queue size 4
[mcurrent_data: 1.0490, 916763, 5.5624, 1006.2558
current_data: 0.4508, 5594586, 64.0234, 3140.0180
current_data: 2.5465, 18127, 0.0017, 0.0000
current_data: 1.1204, 23251, 25.0188, 3905.6473
current_data: 2.1490, 451439, 6.4019, 1549.3839
[32m[info] [src/pairwise_allocator.cpp:binary_serch_cache_roofline:462] descriptor COLS 3, find_cache_roofline_times: 1, roofline ipc: 2.5465, current ipc 2.5465, gap: 0.0000, lway: 1, rway: 14
[mcurrent_data: 1.0315, 821327, 6.0522, 1050.0060
current_data: 0.4711, 5855843, 61.6998, 3208.7684
current_data: 2.5485, 16997, 0.0009, 0.0000
current_data: 1.1205, 23509, 25.0196, 3864.3971
current_data: 1.1206, 212458, 19.0549, 2424.3889
[32m[info] [src/pairwise_allocator.cpp:binary_serch_cache_roofline:462] descriptor COLS 3, find_cache_roofline_times: 2, roofline ipc: 2.5485, current ipc 2.5485, gap: 0.0000, lway: 1, rway: 7
[mcurrent_data: 1.0294, 805801, 6.0718, 1046.8810
current_data: 0.4663, 5775012, 62.4585, 3145.6430
current_data: 2.5478, 17394, 0.0011, 0.0000
current_data: 1.1049, 21485, 25.0219, 3816.2718
current_data: 2.1115, 382874, 6.7257, 1577.5090
[32m[info] [src/pairwise_allocator.cpp:binary_serch_cache_roofline:462] descriptor COLS 3, find_cache_roofline_times: 3, roofline ipc: 2.5485, current ipc 2.5478, gap: 0.0003, lway: 1, rway: 4
[mcurrent_data: 1.0306, 755029, 6.1557, 976.2556
current_data: 0.4680, 5579597, 62.1599, 2993.7671
current_data: 2.5474, 18849, 0.0015, 0.0000
current_data: 1.1196, 23290, 25.0208, 3805.0218
current_data: 1.1872, 205216, 17.6249, 2529.3895
[32m[info] [src/pairwise_allocator.cpp:binary_serch_cache_roofline:462] descriptor COLS 3, find_cache_roofline_times: 4, roofline ipc: 2.5485, current ipc 2.5474, gap: 0.0004, lway: 1, rway: 2
[mcurrent_data: 1.0281, 787913, 6.1435, 1035.6309
current_data: 0.4664, 5780640, 62.5092, 3101.2677
current_data: 2.5494, 18038, 0.0014, 0.0000
current_data: 1.1219, 22178, 25.0165, 3875.6472
current_data: 2.1146, 366093, 6.7125, 1591.2591
[32m[info] [src/pairwise_allocator.cpp:binary_serch_cache_roofline:462] descriptor COLS 3, find_cache_roofline_times: 5, roofline ipc: 2.5494, current ipc 2.5494, gap: 0.0000, lway: 1, rway: 1
[mcurrent_data: 1.0312, 796525, 6.1155, 1040.0060
current_data: 0.4715, 5882059, 61.9296, 3142.5180
current_data: 2.5489, 18606, 0.0018, 0.0000
current_data: 1.1206, 22036, 25.0186, 3866.2721
current_data: 1.2464, 209006, 18.2630, 2335.0134
[32m[info] [src/pairwise_allocator.cpp:found_cache_roofline:405] Found_cache_roofline, obj_id 134584, roofline cache way: 1, roofline remain cache: 14, roofline cache bitmask: 0x7ffe
[m[32m[info] [src/pairwise_allocator.cpp:binary_serch_cache_roofline:462] descriptor COLS 3, find_cache_roofline_times: 6, roofline ipc: 2.5494, current ipc 2.5489, gap: 0.0002, lway: 1, rway: 1
[m[32m[info] [src/pairwise_allocator.cpp:allocating_cache:846] binary_serch_cache_roofline first pair success
[m[32m[info] [src/pairwise_allocator.cpp:pair_allocating_cache:770] pair_allocating_cache begin, allocating time: 0, descriptor roofline cache way: 1, system remain cache way: 5, complete queue size: 4
[m[32m[info] [src/pairwise_allocator.cpp:allocating_cache:852] Complete pair_allocating_cache, allocate cache ways: 1
[m[34m[critical] [src/pairwise_allocator.cpp:print_allocating_cache_results:815] print_allocating_cache_results: system remain cache: 4
[m[34m[critical] [src/pairwise_allocator.cpp:print_allocating_cache_results:818] obj: 137579, cache_way: 1, roofline cache way: 1
[m[34m[critical] [src/pairwise_allocator.cpp:print_allocating_cache_results:818] obj: 134569, cache_way: 4, roofline cache way: 4
[m[34m[critical] [src/pairwise_allocator.cpp:print_allocating_cache_results:818] obj: 137589, cache_way: 4, roofline cache way: 4
[m[34m[critical] [src/pairwise_allocator.cpp:print_allocating_cache_results:818] obj: 134574, cache_way: 1, roofline cache way: 1
[m[34m[critical] [src/pairwise_allocator.cpp:print_allocating_cache_results:823] obj: 134584, cache_way: 1, roofline cache way: 1
[mSKT0: MBA COS6 => 100% requested, 100% applied
current_data: 1.0393, 929691, 5.6860, 1113.7564
current_data: 0.4596, 6144913, 63.0089, 3366.2693
current_data: 2.5477, 18406, 0.0022, 0.0000
current_data: 0.9274, 25332, 31.9988, 4063.1482
current_data: 2.1346, 408706, 6.6076, 1582.5091
SKT0: MBA COS6 => 60% requested, 60% applied
[32m[info] [src/pairwise_allocator.cpp:binary_serch_mb_roofline:937] descriptor1 COLS 3, find_mb_roofline_time: 1, roofline mb: 0.0000, current mb 0.0000, gap: -nan, lmb_throttle: 20, rmb_throttle: 100
[mcurrent_data: 1.0250, 779502, 6.0046, 1009.3808
current_data: 0.4725, 5920437, 61.4171, 3093.1427
current_data: 2.5509, 16726, 0.0017, 0.0000
current_data: 0.9266, 23304, 32.0046, 4000.0229
current_data: 1.1558, 189407, 18.4455, 2413.7638
SKT0: MBA COS6 => 40% requested, 40% applied
[32m[info] [src/pairwise_allocator.cpp:binary_serch_mb_roofline:937] descriptor1 COLS 3, find_mb_roofline_time: 2, roofline mb: 0.0000, current mb 0.0000, gap: -nan, lmb_throttle: 20, rmb_throttle: 60
[mcurrent_data: 1.0257, 787295, 6.1298, 1026.2559
current_data: 0.4686, 5925942, 62.1065, 3195.6433
current_data: 2.5488, 17868, 0.0014, 0.0000
current_data: 0.9297, 22258, 32.0050, 4038.1481
current_data: 2.1260, 361182, 6.7100, 1592.5091
SKT0: MBA COS6 => 30% requested, 30% applied
[32m[info] [src/pairwise_allocator.cpp:binary_serch_mb_roofline:937] descriptor1 COLS 3, find_mb_roofline_time: 3, roofline mb: 0.0000, current mb 0.0000, gap: -nan, lmb_throttle: 20, rmb_throttle: 40
[mcurrent_data: 1.0218, 788069, 6.2500, 1078.7562
current_data: 0.4779, 6183882, 61.0258, 3189.3932
current_data: 2.5471, 18789, 0.0021, 0.0000
current_data: 0.9273, 24420, 32.0124, 4055.6482
current_data: 1.1452, 204649, 18.8479, 2393.1387
SKT0: MBA COS6 => 20% requested, 20% applied
[32m[info] [src/pairwise_allocator.cpp:binary_serch_mb_roofline:937] descriptor1 COLS 3, find_mb_roofline_time: 4, roofline mb: 0.0000, current mb 0.0000, gap: -nan, lmb_throttle: 20, rmb_throttle: 30
[mcurrent_data: 1.0235, 782584, 6.1003, 1030.0059
current_data: 0.4691, 5989939, 62.1068, 3120.6429
current_data: 2.5467, 19154, 0.0023, 0.0000
current_data: 0.9273, 26611, 31.9987, 3855.0221
current_data: 2.1044, 319277, 6.9493, 1458.7583
SKT0: MBA COS6 => 20% requested, 20% applied
[32m[info] [src/pairwise_allocator.cpp:binary_serch_mb_roofline:937] descriptor1 COLS 3, find_mb_roofline_time: 5, roofline mb: 0.0000, current mb 0.0000, gap: -nan, lmb_throttle: 20, rmb_throttle: 20
[mcurrent_data: 1.0262, 729652, 6.0724, 991.2557
current_data: 0.4753, 5621786, 61.2088, 2946.2669
current_data: 2.5497, 16234, 0.0015, 0.0000
current_data: 0.9281, 22076, 31.9937, 3683.1461
current_data: 1.0714, 189386, 20.4796, 2355.6385
[32m[info] [src/pairwise_allocator.cpp:found_mb_roofline:887] Fast found mb roofline, obj_id 134584, roofline mb: 0.00 MB/s, roofline mb throttle: 20
[m[32m[info] [src/pairwise_allocator.cpp:binary_serch_mb_roofline:937] descriptor1 COLS 3, find_mb_roofline_time: 6, roofline mb: 0.0000, current mb 0.0000, gap: -nan, lmb_throttle: 20, rmb_throttle: 20
[m[32m[info] [src/pairwise_allocator.cpp:allocating_mb:1147] binary_serch_mb_roofline first pair success
[m[32m[info] [src/pairwise_allocator.cpp:pair_allocating_mb:1088] pair_allocating_mb begin, allocating times: 0, descriptor roofline mb throttle: 20, system remain mb: 93879.92 MB/s
[mSKT0: MBA COS3 => 20% requested, 20% applied
current_data: 1.0366, 1020858, 5.5761, 980.6306
current_data: 0.4319, 5595993, 68.3286, 3555.6453
current_data: 2.5493, 18296, 0.0018, 0.6250
current_data: 2.4648, 46189, 31.9736, 10555.0604
current_data: 2.5931, 476280, 6.4998, 1836.8855
[32m[info] [src/pairwise_allocator.cpp:pair_allocating_mb:1088] pair_allocating_mb begin, allocating times: 1, descriptor roofline mb throttle: 20, system remain mb: 93879.92 MB/s
[m[32m[info] [src/pairwise_allocator.cpp:allocating_fit_mb:958] Will allocating_fit_mb mb throttle: 20
[mSKT0: MBA COS3 => 20% requested, 20% applied
current_data: 1.0417, 825761, 5.2600, 675.6289
current_data: 0.4295, 4282996, 68.6555, 2703.7655
current_data: 2.5474, 16854, 0.0021, 0.0000
current_data: 2.4502, 41918, 31.9693, 9158.8024
current_data: 2.0181, 401017, 14.3152, 2876.2665
[32m[info] [src/pairwise_allocator.cpp:allocating_mb:1121] Allocate mb: 0.00 MB/s, mb_throttle: 20
[mcurrent_data: 1.0489, 844090, 5.1504, 699.3790
current_data: 0.4263, 4243244, 69.1918, 2757.5158
current_data: 2.5488, 15498, 0.0016, 0.6250
current_data: 2.4664, 45617, 31.9634, 9317.5533
current_data: 2.5991, 399088, 6.5068, 1690.0097
current_data: 1.0513, 4920003, 5.1271, 3870.0221
current_data: 0.4215, 23838609, 70.0322, 15875.0908
current_data: 2.5495, 88766, 0.0014, 1.8750
current_data: 2.4610, 248727, 31.9699, 53317.8051
current_data: 2.3363, 2411022, 9.4212, 13034.4496
current_data: 1.0538, 4978136, 5.0430, 3723.1463
current_data: 0.4163, 23154009, 70.9411, 15886.9659
current_data: 2.5491, 85623, 0.0011, 1.8750
current_data: 2.4651, 244782, 31.9692, 53214.0545
current_data: 2.3945, 2428154, 8.9194, 12148.8195
current_data: 1.0510, 4940741, 5.1740, 3805.6468
current_data: 0.4126, 22713356, 71.5961, 15910.0910
current_data: 2.5499, 80541, 0.0009, 0.6250
current_data: 2.4654, 235928, 31.9676, 53194.6794
current_data: 2.3929, 2421281, 8.9157, 12081.3191
current_data: 1.0560, 4972981, 5.0223, 3669.3960
current_data: 0.4105, 22398751, 72.0126, 15838.8406
current_data: 2.5503, 80712, 0.0009, 0.6250
current_data: 2.4663, 235248, 31.9684, 53251.5547
current_data: 2.3933, 2419098, 8.8866, 12131.9444
current_data: 1.0646, 5031811, 5.1480, 3839.3970
current_data: 0.4089, 22214763, 72.4044, 15771.9652
current_data: 2.5504, 84264, 0.0011, 0.6250
current_data: 2.0282, 233205, 35.3401, 44588.3801
current_data: 2.4053, 2432254, 8.8514, 12123.1944
current_data: 1.0641, 5020839, 5.1024, 3855.6471
current_data: 0.4067, 21973632, 72.8122, 15917.5911
current_data: 2.5501, 80223, 0.0008, 0.0000
current_data: 2.1766, 224299, 34.2679, 45373.3846
current_data: 2.4053, 2393794, 8.9618, 12106.9443
current_data: 1.0640, 4997888, 5.0915, 3853.1470
current_data: 0.4031, 20023696, 72.3043, 16256.9680
current_data: 2.5495, 80888, 0.0008, 0.6250
current_data: 2.1772, 221561, 34.2661, 45442.7600
current_data: 2.4056, 2431424, 8.8940, 12170.0696
current_data: 1.0566, 4942492, 5.0776, 3690.0211
current_data: 0.3844, 19130761, 77.0259, 16075.0920
current_data: 2.5507, 80138, 0.0009, 0.0000
current_data: 2.1460, 5664917, 28.1721, 44549.0049
current_data: 2.3951, 2425801, 8.9455, 12030.0688
current_data: 1.0355, 4871044, 5.1252, 3692.5211
current_data: 0.3832, 19148507, 77.0270, 16123.2173
current_data: 2.5505, 80994, 0.0009, 0.0000
current_data: 2.1186, 404728, 30.0920, 55709.6938
current_data: 2.3660, 2363398, 8.9977, 11824.4427
current_data: 1.0551, 4932989, 5.1280, 3700.0212
current_data: 0.3842, 19120773, 77.0495, 16175.0926
current_data: 2.5487, 81357, 0.0009, 0.6250
current_data: 2.7555, 288526, 25.3682, 49008.4054
current_data: 2.4004, 2443490, 8.8706, 12081.3191
current_data: 1.0334, 4766859, 5.2935, 3921.2724
current_data: 0.3834, 19183183, 77.0316, 16153.8424
current_data: 2.5493, 88709, 0.0012, 1.8750
current_data: 2.4433, 257022, 25.7056, 51952.1723
current_data: 2.3741, 2368752, 8.9354, 12023.8188
current_data: 1.0210, 4748488, 5.1184, 3706.8962
current_data: 0.3825, 19182807, 77.0571, 16200.0927
current_data: 2.5501, 83384, 0.0009, 0.6250
current_data: 2.2216, 221189, 26.4871, 59542.2157
current_data: 2.3503, 2318419, 8.9919, 11849.4428
current_data: 1.0237, 4872599, 5.1751, 3663.1460
current_data: 0.3827, 19272132, 77.0373, 16274.4681
current_data: 2.5499, 80868, 0.0008, 0.6250
current_data: 2.2224, 222215, 26.4878, 59852.8425
current_data: 2.3505, 2471522, 8.9589, 11998.1937
current_data: 1.0401, 4967058, 5.1397, 3855.0221
current_data: 0.3835, 19332758, 77.0076, 16221.3428
current_data: 2.5480, 87402, 0.0012, 1.2500
current_data: 2.3385, 241576, 29.6444, 55956.5702
current_data: 2.3741, 2445481, 8.8995, 12058.8190
current_data: 1.0538, 5018653, 5.0756, 3856.2721
current_data: 0.3844, 19355879, 76.9944, 16228.2179
current_data: 2.5491, 90398, 0.0016, 1.8750
current_data: 2.4682, 254884, 31.9649, 53649.0570
current_data: 2.3318, 2529352, 9.8903, 12545.0718
current_data: 1.0533, 4972401, 5.1415, 3820.6469
current_data: 0.3841, 19324890, 77.0563, 16210.7178
current_data: 2.5488, 82395, 0.0011, 2.5000
current_data: 2.4677, 232806, 31.9664, 53554.0564
current_data: 2.3944, 2452486, 8.9232, 12171.3196
current_data: 1.0544, 5033036, 5.0805, 3806.2718
current_data: 0.3844, 19455338, 77.0164, 16332.5935
current_data: 2.5494, 79204, 0.0008, 0.6250
current_data: 2.4679, 230137, 31.9692, 53802.1829
current_data: 2.3955, 2416546, 8.9216, 12191.9448
current_data: 1.0527, 5027859, 5.1855, 3848.7720
current_data: 0.3845, 19508427, 77.0124, 16408.8439
current_data: 2.5507, 81159, 0.0009, 0.6250
current_data: 2.4674, 226185, 31.9691, 53917.8085
current_data: 2.3983, 2513984, 8.8606, 12172.5697
current_data: 1.0530, 5026214, 5.0912, 3748.7715
current_data: 0.3844, 19469982, 77.0192, 16466.3442
current_data: 2.5493, 83570, 0.0009, 1.2500
current_data: 2.4662, 234677, 31.9691, 53852.1831
current_data: 2.3400, 2314439, 9.7939, 13473.2021
current_data: 1.0512, 4999173, 5.2119, 3873.1472
current_data: 0.3843, 19547572, 77.0250, 16447.5941
current_data: 2.5501, 82427, 0.0009, 0.6250
current_data: 2.4678, 235134, 31.9670, 54058.4343
current_data: 2.4082, 2402402, 8.8520, 12151.3195
current_data: 1.0537, 5040189, 5.0984, 3781.8966
current_data: 0.3843, 19574453, 77.0260, 16453.8441
current_data: 2.5502, 82058, 0.0009, 0.6250
current_data: 2.4698, 225723, 31.9692, 54031.5592
current_data: 2.4030, 2472427, 8.9129, 12233.8200
current_data: 1.0535, 5041614, 5.1046, 3815.6468
current_data: 0.3879, 18517184, 75.0081, 16680.0954
current_data: 2.5498, 81791, 0.0008, 1.2500
current_data: 2.2860, 226387, 32.7315, 52159.0485
current_data: 2.3812, 2475727, 8.8914, 12204.4448
current_data: 1.0592, 5070746, 5.0470, 3865.0221
current_data: 0.3846, 19675124, 76.9840, 16600.0950
current_data: 2.5498, 83609, 0.0009, 0.6250
current_data: 2.5458, 249724, 24.9746, 45649.6362
current_data: 2.3853, 2484232, 8.8910, 12170.6946
current_data: 1.0601, 5075344, 5.0485, 3863.7721
current_data: 0.3845, 19597190, 77.0263, 16551.9697
current_data: 2.5498, 81430, 0.0009, 1.8750
current_data: 2.5386, 237488, 24.9786, 45323.3843
current_data: 2.3797, 2427547, 8.8704, 12167.5696
current_data: 1.0577, 5053331, 5.0214, 3775.0216
current_data: 0.3844, 19591463, 77.0168, 16447.5941
current_data: 2.5493, 87302, 0.0011, 0.6250
current_data: 2.5632, 245493, 24.9746, 45775.8869
current_data: 2.3768, 2540298, 8.8635, 12170.0696
current_data: 1.0579, 5059871, 5.1486, 3899.3973
current_data: 0.3844, 19622888, 77.0439, 16558.8448
current_data: 2.5497, 83592, 0.0011, 1.2500
current_data: 2.5626, 243869, 24.9731, 45714.0116
current_data: 2.3123, 2548724, 10.0532, 12678.1975
current_data: 1.0556, 5064945, 5.1983, 4005.6479
current_data: 0.3843, 19579344, 77.0299, 16566.9698
current_data: 2.5487, 87880, 0.0013, 0.6250
current_data: 2.5220, 251131, 24.9748, 45025.2576
current_data: 2.3814, 2467819, 8.8833, 12194.4448
current_data: 1.0543, 5043981, 5.1778, 3964.3977
current_data: 0.3846, 19615488, 76.9817, 16432.5940
current_data: 2.5480, 88691, 0.0014, 0.6250
current_data: 2.4950, 255015, 24.9744, 44503.3797
current_data: 2.3885, 2456740, 8.8922, 12163.1946
current_data: 1.0585, 5064849, 5.1137, 3874.3972
current_data: 0.3846, 19592609, 77.0035, 16415.0939
current_data: 2.5502, 80738, 0.0008, 0.6250
current_data: 2.5589, 245776, 24.9752, 45659.0113
current_data: 2.3759, 2451282, 8.9168, 12171.9446
current_data: 1.0570, 5060580, 5.1382, 3820.0219
current_data: 0.3844, 19573534, 77.0324, 16435.7190
current_data: 2.5500, 84093, 0.0010, 1.8750
current_data: 2.5607, 245054, 24.9718, 45641.5112
current_data: 2.3679, 2430269, 8.9029, 12584.4470
current_data: 1.0576, 5100376, 5.1563, 3930.0225
current_data: 0.3845, 19703137, 77.0044, 16543.8447
current_data: 2.5490, 85548, 0.0011, 1.2500
current_data: 2.2436, 280596, 31.1177, 48180.9007
current_data: 2.3808, 2476972, 8.9241, 12193.8198
current_data: 1.0532, 5076286, 5.1719, 3858.1471
current_data: 0.3844, 19612059, 77.0174, 16439.4691
current_data: 2.5498, 82555, 0.0009, 0.6250
current_data: 2.4630, 262259, 31.9667, 54173.4350
current_data: 2.3791, 2437809, 8.8915, 12180.0697
current_data: 1.0544, 5050473, 5.0402, 3850.0220
current_data: 0.3844, 19673828, 77.0204, 16629.4702
current_data: 2.5502, 81370, 0.0008, 0.6250
current_data: 2.4628, 250231, 31.9683, 54164.6849
current_data: 2.3791, 2495347, 8.8563, 12147.5695
current_data: 1.0510, 5043020, 5.1300, 3834.3969
current_data: 0.3845, 19599194, 76.9846, 16553.2197
current_data: 2.5492, 84879, 0.0010, 1.8750
current_data: 2.4626, 253549, 31.9676, 53907.1835
current_data: 2.3757, 2391336, 8.9355, 12114.4443
current_data: 1.0547, 5058645, 5.1323, 3870.6471
current_data: 0.3844, 19626916, 77.0145, 16488.2193
current_data: 2.5496, 82048, 0.0009, 0.6250
current_data: 2.4632, 245838, 31.9674, 54164.6849
current_data: 2.3745, 2393839, 8.9390, 12096.3192
current_data: 1.0528, 5060956, 5.1387, 3945.0226
current_data: 0.3870, 18414113, 75.2661, 16588.2199
current_data: 2.5497, 83774, 0.0009, 0.6250
current_data: 2.4642, 250418, 31.9696, 54185.3101
current_data: 2.3751, 2461350, 8.9421, 12115.6943
current_data: 1.0517, 5051550, 5.1327, 3836.2720
current_data: 0.3839, 19645141, 77.0551, 16525.7196
current_data: 2.5491, 89079, 0.0012, 1.2500
current_data: 2.4638, 257849, 31.9675, 54262.1855
current_data: 2.3379, 2557852, 9.4967, 12086.9442
current_data: 1.0536, 5080099, 5.0595, 3781.2716
current_data: 0.3841, 19622600, 77.0219, 16426.3440
current_data: 2.5496, 86049, 0.0011, 1.8750
current_data: 2.4655, 251006, 31.9673, 54261.5605
current_data: 2.3711, 2535051, 8.9045, 12190.0698
current_data: 1.0543, 5031478, 5.1101, 3791.8967
current_data: 0.3842, 19596300, 77.0357, 16485.0943
current_data: 2.5494, 83998, 0.0010, 1.2500
current_data: 2.2015, 260151, 33.3408, 50322.7879
current_data: 2.3750, 2535516, 8.8504, 12181.9447
current_data: 1.0617, 5067727, 5.2139, 3945.0226
current_data: 0.3847, 19608529, 77.0231, 16513.2195
current_data: 2.5489, 89501, 0.0013, 1.2500
current_data: 2.1757, 254328, 34.2670, 45945.8879
current_data: 2.3905, 2472046, 8.8790, 12215.6949
current_data: 1.0623, 5099352, 5.1356, 3900.0223
current_data: 0.3849, 19679192, 76.9965, 16618.8451
current_data: 2.5483, 91429, 0.0014, 1.2500
current_data: 2.1744, 249219, 34.2689, 46067.7636
current_data: 2.3292, 2306391, 9.7987, 13526.9524
current_data: 1.0644, 5101049, 5.1168, 3966.2727
current_data: 0.3849, 19675464, 77.0092, 16450.7191
current_data: 2.5502, 80930, 0.0008, 1.8750
current_data: 2.1206, 255146, 34.3407, 45243.3839
current_data: 2.3943, 2475358, 8.8829, 12192.5698
current_data: 1.0350, 4971362, 5.1404, 3794.3967
current_data: 0.3828, 19559395, 77.0464, 16595.7200
current_data: 2.5494, 80035, 0.0009, 1.8750
current_data: 1.7041, 5764997, 31.4989, 54144.0598
current_data: 2.3410, 2460413, 8.9346, 12097.5692
current_data: 1.0493, 5052000, 5.1491, 3916.8974
current_data: 0.3839, 19634736, 77.0118, 16488.8443
current_data: 2.5499, 79387, 0.0008, 0.0000
current_data: 2.8127, 287458, 25.4646, 51979.6724
current_data: 2.3829, 2544834, 8.8656, 12213.1949
current_data: 1.0537, 5065867, 5.1827, 3981.8978
current_data: 0.3841, 19629890, 77.0143, 16401.3438
current_data: 2.5491, 79976, 0.0008, 0.6250
current_data: 2.7543, 270015, 24.8499, 48929.0300
current_data: 2.3833, 2466132, 8.8568, 12101.3192
current_data: 1.0259, 4932849, 5.1096, 3751.2715
current_data: 0.3824, 19577465, 77.0171, 16443.2191
current_data: 2.5493, 83581, 0.0011, 0.6250
current_data: 2.2226, 237807, 26.4880, 60667.2221
current_data: 2.3362, 2395704, 8.9109, 12010.6937
current_data: 1.0246, 4938829, 5.0706, 3718.7713
current_data: 0.3821, 19515354, 77.0274, 16493.8444
current_data: 2.5505, 79746, 0.0008, 0.6250
current_data: 2.2231, 228276, 26.4868, 60615.3468
current_data: 2.3301, 2399952, 8.9014, 11984.4436
current_data: 1.0295, 4955101, 5.1150, 3795.0217
current_data: 0.3827, 19601532, 77.0093, 16593.8450
current_data: 2.5495, 81534, 0.0010, 1.8750
current_data: 2.2461, 240855, 27.5010, 59165.9636
current_data: 2.3423, 2410308, 8.9260, 12028.8188
current_data: 1.0560, 5069263, 5.1038, 3934.3975
current_data: 0.3839, 19591349, 77.0580, 16691.9705
current_data: 2.5499, 81292, 0.0009, 0.6250
current_data: 2.4639, 235984, 31.9710, 54144.0598
current_data: 2.3577, 2336848, 8.9549, 12865.0736
current_data: 1.0487, 5023686, 5.1326, 3850.6470
current_data: 0.3811, 17919756, 75.5102, 16662.5953
current_data: 2.5477, 94784, 0.0015, 1.8750
current_data: 2.4618, 254104, 31.9671, 54088.4345
current_data: 2.3742, 2470094, 8.8408, 12124.4444
current_data: 1.0519, 5063052, 5.1851, 3870.0221
current_data: 0.3846, 19612273, 77.0097, 16540.7196
current_data: 2.5496, 82296, 0.0010, 1.2500
current_data: 2.4666, 235382, 31.9686, 54094.0595
current_data: 2.3850, 2404584, 8.8470, 12091.9442
current_data: 1.0530, 5061548, 5.0550, 3784.3967
current_data: 0.3842, 19631249, 77.0213, 16562.5948
current_data: 2.5496, 86065, 0.0010, 1.8750
current_data: 2.4661, 241649, 31.9688, 54240.3104
current_data: 2.3791, 2545519, 8.8650, 12233.8200
current_data: 1.0501, 5041467, 5.1911, 3865.6471
current_data: 0.3842, 19617288, 77.0189, 16568.2198
current_data: 2.5487, 88328, 0.0013, 1.2500
current_data: 2.4647, 251490, 31.9673, 54240.9354
current_data: 2.3863, 2553175, 8.9242, 12287.5703
current_data: 1.0522, 5077624, 5.1369, 3968.7727
current_data: 0.3843, 19722855, 77.0250, 16599.4700
current_data: 2.5486, 88470, 0.0014, 1.2500
current_data: 2.4675, 249694, 31.9694, 54414.6864
current_data: 2.3848, 2408539, 8.9074, 12194.4448
current_data: 1.0561, 5072798, 5.0116, 3720.6463
current_data: 0.3843, 19642240, 77.0437, 16616.3451
current_data: 2.5505, 82349, 0.0009, 0.6250
current_data: 2.4692, 234354, 31.9678, 54433.4365
current_data: 2.3822, 2478361, 8.8809, 12188.8197
current_data: 1.0511, 5123453, 5.1023, 3902.5223
current_data: 0.3843, 19750102, 77.0250, 16696.3455
current_data: 2.5498, 83452, 0.0009, 0.6250
current_data: 2.4682, 240779, 31.9682, 54614.0625
current_data: 2.2957, 2435952, 10.1670, 13047.5747
current_data: 1.0576, 5095945, 5.1928, 3840.6470
current_data: 0.3844, 19718516, 77.0410, 16649.4703
current_data: 2.5506, 81322, 0.0008, 0.6250
current_data: 2.3355, 248895, 26.3843, 44812.1314
current_data: 2.3934, 2384562, 8.8922, 12226.9450
[32m[info] [src/pairwise_allocator.cpp:allocating:1174] Will begin allocating cache, allocation_ready_queue size 1, allocation_complete_queue size 4
[mcurrent_data: 1.0478, 947009, 5.6307, 959.3805
current_data: 0.4639, 6122931, 62.4273, 3485.6449
current_data: 2.5505, 17075, 0.0009, 0.0000
current_data: 1.1208, 24733, 25.0219, 4038.7731
current_data: 1.1424, 309750, 18.0210, 2448.1390
[32m[info] [src/pairwise_allocator.cpp:binary_serch_cache_roofline:462] descriptor COLS 3, find_cache_roofline_times: 1, roofline ipc: 2.5505, current ipc 2.5505, gap: 0.0000, lway: 1, rway: 14
[mcurrent_data: 1.0336, 839849, 5.8802, 926.8803
current_data: 0.4714, 6119830, 61.9124, 3408.1445
current_data: 2.5499, 19635, 0.0010, 0.0000
current_data: 1.1216, 24983, 25.0222, 4039.3981
current_data: 2.1259, 320850, 6.6388, 1608.7592
[32m[info] [src/pairwise_allocator.cpp:binary_serch_cache_roofline:462] descriptor COLS 3, find_cache_roofline_times: 2, roofline ipc: 2.5505, current ipc 2.5499, gap: 0.0002, lway: 1, rway: 7
[mcurrent_data: 1.0285, 830154, 6.0726, 946.2554
current_data: 0.4760, 6318707, 61.2564, 3431.2696
current_data: 2.5486, 16701, 0.0006, 0.0000
current_data: 1.1200, 23934, 25.0256, 4093.7734
current_data: 1.1299, 251937, 19.1234, 2474.3892
[32m[info] [src/pairwise_allocator.cpp:binary_serch_cache_roofline:462] descriptor COLS 3, find_cache_roofline_times: 3, roofline ipc: 2.5505, current ipc 2.5486, gap: 0.0007, lway: 1, rway: 4
[mcurrent_data: 1.0268, 841066, 6.0818, 990.6307
current_data: 0.4694, 6244493, 62.0771, 3523.7702
current_data: 2.5503, 18184, 0.0009, 0.6250
current_data: 1.1217, 23270, 25.0193, 4085.6484
current_data: 2.1007, 359963, 6.8232, 1607.5092
[32m[info] [src/pairwise_allocator.cpp:binary_serch_cache_roofline:462] descriptor COLS 3, find_cache_roofline_times: 4, roofline ipc: 2.5505, current ipc 2.5503, gap: 0.0001, lway: 1, rway: 2
[mcurrent_data: 1.0297, 813291, 6.1331, 940.0054
current_data: 0.4774, 6291041, 61.1277, 3506.8951
current_data: 2.5513, 17407, 0.0014, 0.0000
current_data: 1.1215, 23851, 25.0177, 3921.2724
current_data: 1.1053, 205772, 19.4990, 2401.8887
[32m[info] [src/pairwise_allocator.cpp:binary_serch_cache_roofline:462] descriptor COLS 3, find_cache_roofline_times: 5, roofline ipc: 2.5513, current ipc 2.5513, gap: 0.0000, lway: 1, rway: 1
[mcurrent_data: 1.0319, 831482, 6.1130, 1008.7558
current_data: 0.4744, 6290967, 61.6093, 3483.7699
current_data: 2.5473, 17937, 0.0014, 0.6250
current_data: 1.1215, 24176, 25.0225, 4027.5230
current_data: 2.1057, 374468, 6.7315, 1604.3842
[32m[info] [src/pairwise_allocator.cpp:found_cache_roofline:405] Found_cache_roofline, obj_id 134584, roofline cache way: 1, roofline remain cache: 14, roofline cache bitmask: 0x7ffe
[m[32m[info] [src/pairwise_allocator.cpp:binary_serch_cache_roofline:462] descriptor COLS 3, find_cache_roofline_times: 6, roofline ipc: 2.5513, current ipc 2.5473, gap: 0.0016, lway: 1, rway: 1
[m[32m[info] [src/pairwise_allocator.cpp:allocating_cache:846] binary_serch_cache_roofline first pair success
[m[32m[info] [src/pairwise_allocator.cpp:pair_allocating_cache:770] pair_allocating_cache begin, allocating time: 0, descriptor roofline cache way: 1, system remain cache way: 5, complete queue size: 4
[m[32m[info] [src/pairwise_allocator.cpp:allocating_cache:852] Complete pair_allocating_cache, allocate cache ways: 1
[m[34m[critical] [src/pairwise_allocator.cpp:print_allocating_cache_results:815] print_allocating_cache_results: system remain cache: 4
[m[34m[critical] [src/pairwise_allocator.cpp:print_allocating_cache_results:818] obj: 137579, cache_way: 1, roofline cache way: 1
[m[34m[critical] [src/pairwise_allocator.cpp:print_allocating_cache_results:818] obj: 134569, cache_way: 4, roofline cache way: 4
[m[34m[critical] [src/pairwise_allocator.cpp:print_allocating_cache_results:818] obj: 137589, cache_way: 4, roofline cache way: 4
[m[34m[critical] [src/pairwise_allocator.cpp:print_allocating_cache_results:818] obj: 134574, cache_way: 1, roofline cache way: 1
[m[34m[critical] [src/pairwise_allocator.cpp:print_allocating_cache_results:823] obj: 134584, cache_way: 1, roofline cache way: 1
[mSKT0: MBA COS6 => 100% requested, 100% applied
current_data: 1.0475, 944292, 5.6542, 931.8803
current_data: 0.4687, 6379333, 61.9177, 3425.0196
current_data: 2.5477, 18232, 0.0018, 0.6250
current_data: 1.1194, 24987, 25.0299, 3963.1477
current_data: 1.1338, 239566, 18.3527, 2358.7635
SKT0: MBA COS6 => 60% requested, 60% applied
[32m[info] [src/pairwise_allocator.cpp:binary_serch_mb_roofline:937] descriptor1 COLS 3, find_mb_roofline_time: 1, roofline mb: 0.6250, current mb 0.6250, gap: 0.0000, lmb_throttle: 20, rmb_throttle: 100
[mcurrent_data: 1.0286, 816266, 6.0076, 881.2550
current_data: 0.4665, 5868277, 62.2413, 3171.8931
current_data: 2.5472, 18242, 0.0017, 0.0000
current_data: 1.1199, 24756, 25.0337, 3910.0224
current_data: 2.1376, 344196, 6.3863, 1623.1343
SKT0: MBA COS6 => 40% requested, 40% applied
[32m[info] [src/pairwise_allocator.cpp:binary_serch_mb_roofline:937] descriptor1 COLS 3, find_mb_roofline_time: 2, roofline mb: 0.6250, current mb 0.0000, gap: 1.0000, lmb_throttle: 20, rmb_throttle: 60
[mcurrent_data: 1.0333, 768455, 5.8349, 897.5051
current_data: 0.4726, 5626840, 61.7061, 3019.3923
current_data: 2.5487, 15674, 0.0011, 0.6250
current_data: 1.1209, 23712, 25.0179, 3626.2707
current_data: 1.2123, 219920, 18.8853, 2298.1382
SKT0: MBA COS6 => 30% requested, 30% applied
[32m[info] [src/pairwise_allocator.cpp:binary_serch_mb_roofline:937] descriptor1 COLS 3, find_mb_roofline_time: 3, roofline mb: 0.6250, current mb 0.6250, gap: 0.0000, lmb_throttle: 20, rmb_throttle: 40
[mcurrent_data: 1.0301, 774931, 5.8882, 906.2552
current_data: 0.4709, 5764788, 61.8817, 3088.1427
current_data: 2.5491, 15429, 0.0010, 0.6250
current_data: 1.1202, 22969, 25.0335, 3776.2716
current_data: 2.0787, 365209, 6.9060, 1558.7589
SKT0: MBA COS6 => 20% requested, 20% applied
[32m[info] [src/pairwise_allocator.cpp:binary_serch_mb_roofline:937] descriptor1 COLS 3, find_mb_roofline_time: 4, roofline mb: 0.6250, current mb 0.6250, gap: 0.0000, lmb_throttle: 20, rmb_throttle: 30
[mcurrent_data: 1.0269, 787964, 5.8335, 868.7550
current_data: 0.4700, 5655832, 61.9753, 3063.1425
current_data: 2.5501, 14931, 0.0009, 0.0000
current_data: 1.1209, 24916, 25.0175, 3763.7715
current_data: 1.7990, 346144, 9.6208, 1649.3844
SKT0: MBA COS6 => 20% requested, 20% applied
[32m[info] [src/pairwise_allocator.cpp:binary_serch_mb_roofline:937] descriptor1 COLS 3, find_mb_roofline_time: 5, roofline mb: 0.0000, current mb 0.0000, gap: -nan, lmb_throttle: 20, rmb_throttle: 20
[mcurrent_data: 1.0279, 785445, 6.0936, 950.6304
current_data: 0.4706, 5739930, 61.7605, 3110.6428
current_data: 2.5467, 18310, 0.0016, 0.0000
current_data: 1.1203, 23644, 25.0242, 3706.8962
current_data: 2.1100, 319697, 6.7021, 1357.5078
[32m[info] [src/pairwise_allocator.cpp:found_mb_roofline:887] Fast found mb roofline, obj_id 134584, roofline mb: 0.00 MB/s, roofline mb throttle: 20
[m[32m[info] [src/pairwise_allocator.cpp:binary_serch_mb_roofline:937] descriptor1 COLS 3, find_mb_roofline_time: 6, roofline mb: 0.0000, current mb 0.0000, gap: -nan, lmb_throttle: 20, rmb_throttle: 20
[m[32m[info] [src/pairwise_allocator.cpp:allocating_mb:1147] binary_serch_mb_roofline first pair success
[m[32m[info] [src/pairwise_allocator.cpp:pair_allocating_mb:1088] pair_allocating_mb begin, allocating times: 0, descriptor roofline mb throttle: 20, system remain mb: 93879.92 MB/s
[mSKT0: MBA COS3 => 20% requested, 20% applied
current_data: 1.0357, 988317, 5.4652, 886.2551
current_data: 0.4363, 5673712, 67.6086, 3528.7702
current_data: 2.5502, 19503, 0.0020, 0.0000
current_data: 2.4673, 49710, 31.9759, 10496.9351
current_data: 2.2753, 497784, 11.3686, 2289.3881
[32m[info] [src/pairwise_allocator.cpp:pair_allocating_mb:1088] pair_allocating_mb begin, allocating times: 1, descriptor roofline mb throttle: 20, system remain mb: 93879.92 MB/s
[m[32m[info] [src/pairwise_allocator.cpp:allocating_fit_mb:958] Will allocating_fit_mb mb throttle: 20
[mSKT0: MBA COS3 => 20% requested, 20% applied
current_data: 1.0479, 838264, 5.3215, 660.6288
current_data: 0.4331, 4351716, 68.0812, 2868.1414
current_data: 2.5482, 14803, 0.0011, 0.0000
current_data: 2.4619, 43578, 31.9723, 9193.8026
current_data: 2.5739, 410666, 6.9332, 1643.1344
[32m[info] [src/pairwise_allocator.cpp:allocating_mb:1121] Allocate mb: 0.00 MB/s, mb_throttle: 20
[mcurrent_data: 1.0538, 850017, 5.0078, 641.8787
current_data: 0.4321, 4322636, 68.2947, 2881.8915
current_data: 2.5489, 14822, 0.0013, 0.0000
current_data: 2.4618, 41569, 31.9700, 9216.3027
current_data: 2.0997, 376129, 14.1856, 2789.3910
current_data: 1.0540, 4972012, 5.1401, 3786.8967
current_data: 0.4276, 24563911, 69.0335, 16476.9693
current_data: 2.5505, 79856, 0.0008, 0.0000
current_data: 2.4629, 237113, 31.9689, 53160.9292
current_data: 2.3808, 2384383, 8.9810, 12015.0688
current_data: 1.0560, 4986571, 5.0959, 3765.0215
current_data: 0.4225, 23831197, 69.8868, 16360.0936
current_data: 2.5497, 79024, 0.0008, 0.0000
current_data: 2.4616, 233599, 31.9710, 53084.6788
current_data: 2.3833, 2426312, 8.9853, 12013.1937
current_data: 1.0527, 4971838, 5.1801, 3780.0216
current_data: 0.4186, 23436518, 70.5551, 16409.4689
current_data: 2.5489, 87109, 0.0012, 0.0000
current_data: 2.4619, 239057, 31.9706, 53150.3041
current_data: 2.3811, 2424652, 8.9867, 12022.5688
current_data: 1.0567, 4957965, 5.0809, 3860.6471
current_data: 0.4092, 20797021, 71.2104, 16655.0953
current_data: 2.5490, 86327, 0.0012, 0.0000
current_data: 2.4638, 249066, 31.9697, 53295.3050
current_data: 2.3785, 2417609, 8.9561, 11990.0686
current_data: 1.0520, 4904359, 5.1809, 3948.7726
current_data: 0.3843, 19022446, 77.0175, 16037.5918
current_data: 2.5500, 84268, 0.0012, 0.0000
current_data: 2.4643, 242081, 31.9687, 52551.5507
current_data: 2.3710, 2378357, 8.9681, 11889.4430
current_data: 1.0527, 4874490, 5.1063, 3744.3964
current_data: 0.3843, 18945948, 77.0265, 15905.7160
current_data: 2.5494, 82362, 0.0012, 0.6250
current_data: 2.4659, 232498, 31.9686, 52419.0499
current_data: 2.3700, 2330895, 8.9307, 11882.5680
current_data: 1.0566, 4920758, 5.1423, 3861.2721
current_data: 0.3845, 19030300, 77.0150, 16073.2170
current_data: 2.5482, 86604, 0.0014, 0.6250
current_data: 2.1725, 250435, 33.7857, 47967.7745
current_data: 2.3930, 2396205, 8.9339, 12011.3187
current_data: 1.0643, 4997399, 5.1204, 3814.3968
current_data: 0.3850, 19162993, 77.0185, 16160.7175
current_data: 2.5488, 86876, 0.0013, 0.0000
current_data: 2.1755, 243817, 34.2660, 44997.1325
current_data: 2.3971, 2452702, 8.9608, 11991.9436
current_data: 1.0655, 5020534, 5.1542, 3888.7723
current_data: 0.3850, 19204096, 77.0420, 16209.4678
current_data: 2.5500, 83200, 0.0013, 0.0000
current_data: 2.1757, 237781, 34.2671, 44919.0070
current_data: 2.4021, 2430441, 8.9467, 12053.8190
current_data: 1.0627, 4972244, 5.1364, 3753.1465
current_data: 0.3851, 19214528, 77.0287, 16261.9681
current_data: 2.5487, 82651, 0.0011, 0.0000
current_data: 2.1203, 248349, 34.3384, 44103.3774
current_data: 2.3970, 2445197, 8.9275, 12038.8189
current_data: 1.0342, 4881639, 5.1525, 3760.0215
current_data: 0.3831, 19159997, 77.0340, 16085.7170
current_data: 2.5497, 78787, 0.0009, 0.0000
current_data: 1.6912, 5719353, 31.7739, 52783.4270
current_data: 2.3547, 2381664, 8.9226, 11963.1935
current_data: 1.0470, 4966542, 5.1412, 3848.7720
current_data: 0.3841, 19336139, 77.0241, 16248.2180
current_data: 2.5513, 81840, 0.0008, 0.0000
current_data: 2.7870, 291880, 25.4951, 51716.5459
current_data: 2.3802, 2457236, 8.9490, 11950.0684
current_data: 1.0561, 4987992, 5.1062, 3771.2716
current_data: 0.3842, 19296959, 77.0376, 16200.0927
current_data: 2.5493, 85008, 0.0009, 0.0000
current_data: 2.7083, 299337, 25.0542, 47957.1494
current_data: 2.3826, 2448415, 8.9216, 12035.0689
current_data: 1.0273, 4847421, 5.1298, 3706.8962
current_data: 0.3828, 19283328, 77.0209, 16216.9678
current_data: 2.5496, 80333, 0.0009, 0.0000
current_data: 2.1764, 236357, 26.6817, 58512.2098
current_data: 2.3361, 2384635, 8.9335, 11893.1931
current_data: 1.0243, 4868502, 5.2088, 3878.7722
current_data: 0.3827, 19343169, 77.0002, 16169.4675
current_data: 2.5483, 85631, 0.0011, 0.0000
current_data: 2.2227, 229071, 26.4854, 59955.3431
current_data: 2.3398, 2417281, 8.9452, 11897.5681
current_data: 1.0307, 4905691, 5.0621, 3880.0222
current_data: 0.3827, 19354589, 77.0143, 16428.8440
current_data: 2.5495, 79398, 0.0008, 0.6250
current_data: 2.2083, 228410, 26.5559, 59411.5900
current_data: 2.3443, 2337147, 8.9321, 11901.3181
current_data: 1.0549, 5024877, 5.1069, 3826.8969
current_data: 0.3844, 19461064, 77.0042, 16363.2186
current_data: 2.5496, 82083, 0.0008, 0.0000
current_data: 2.4662, 232531, 31.9695, 53894.6834
current_data: 2.3883, 2384776, 8.9069, 12040.0689
current_data: 1.0561, 4990199, 5.0433, 3831.2719
current_data: 0.3843, 19399538, 77.0475, 16377.5937
current_data: 2.5493, 80421, 0.0009, 0.0000
current_data: 2.4665, 233923, 31.9674, 53622.8068
current_data: 2.3865, 2454731, 8.8871, 12045.0689
current_data: 1.0548, 5039439, 5.0180, 3841.8970
current_data: 0.3882, 18440834, 75.0245, 16560.7198
current_data: 2.5500, 81135, 0.0008, 0.0000
current_data: 2.4658, 231213, 31.9683, 53838.4331
current_data: 2.3909, 2588206, 8.8605, 12208.1949
current_data: 1.0540, 5055763, 5.0985, 3928.7725
current_data: 0.3845, 19601683, 77.0019, 16541.9697
current_data: 2.5495, 84913, 0.0011, 0.0000
current_data: 2.4662, 233453, 31.9681, 54036.5592
current_data: 2.3879, 2550789, 8.8577, 12181.3197
current_data: 1.0518, 5024417, 5.1362, 3790.0217
current_data: 0.3844, 19606937, 77.0007, 16475.0943
current_data: 2.5495, 89458, 0.0013, 0.0000
current_data: 2.4634, 248458, 31.9673, 54070.3094
current_data: 2.3881, 2487825, 8.8739, 12330.0706
current_data: 1.0520, 5019777, 5.0817, 3807.5218
current_data: 0.3844, 19629325, 77.0122, 16580.7199
current_data: 2.5493, 87076, 0.0013, 0.0000
current_data: 2.4683, 247535, 31.9692, 54288.4356
current_data: 2.3833, 2449290, 8.9761, 12195.6948
current_data: 1.0535, 5050847, 5.1885, 3920.0224
current_data: 0.3843, 19618745, 77.0492, 16630.7202
current_data: 2.5502, 80659, 0.0008, 0.0000
current_data: 2.4683, 234818, 31.9688, 54274.0606
current_data: 2.3853, 2544531, 8.8958, 12246.3201
current_data: 1.0524, 5065784, 5.0529, 3966.2727
current_data: 0.3843, 19598208, 77.0471, 16558.2197
current_data: 2.5500, 79957, 0.0008, 0.0000
current_data: 2.4687, 236542, 31.9695, 54255.9355
current_data: 2.3922, 2545339, 8.8916, 12264.4452
current_data: 1.0568, 5052104, 5.0518, 3781.8966
current_data: 0.3844, 19603663, 77.0298, 16510.0945
current_data: 2.5495, 81523, 0.0009, 0.0000
current_data: 2.3112, 249318, 28.2424, 46546.5163
current_data: 2.4027, 2518894, 8.8897, 12244.4451
current_data: 1.0579, 5061254, 5.0652, 3823.7719
current_data: 0.3846, 19629790, 77.0209, 16461.9692
current_data: 2.5505, 81578, 0.0009, 0.0000
current_data: 2.5550, 251413, 24.9773, 45583.3858
current_data: 2.4025, 2494706, 8.8937, 12257.5701
current_data: 1.0588, 5064096, 5.1006, 3828.1469
current_data: 0.3845, 19594163, 77.0525, 16550.0947
current_data: 2.5493, 79859, 0.0008, 0.0000
current_data: 2.5403, 246642, 24.9783, 45344.0095
current_data: 2.4015, 2495244, 8.8896, 12194.4448
current_data: 1.0568, 5049019, 5.0731, 3946.8976
current_data: 0.3845, 19571533, 77.0308, 16428.8440
current_data: 2.5498, 80488, 0.0009, 0.0000
current_data: 2.5640, 246835, 24.9761, 45772.1369
current_data: 2.3618, 2629417, 9.4069, 12197.5698
current_data: 1.0560, 5090981, 5.1868, 3979.3978
current_data: 0.3846, 19639211, 77.0133, 16461.9692
current_data: 2.5501, 82922, 0.0008, 0.0000
current_data: 2.5553, 250748, 24.9750, 45769.6369
current_data: 2.3999, 2498933, 8.8551, 12272.5702
current_data: 1.0566, 5106595, 5.0740, 3886.8972
current_data: 0.3845, 19738649, 77.0314, 16681.3455
current_data: 2.5492, 84535, 0.0009, 0.0000
current_data: 2.4733, 247147, 24.9789, 44552.1299
current_data: 2.4058, 2484982, 8.8387, 12267.5702
current_data: 1.0584, 5127050, 5.0320, 3821.2719
current_data: 0.3846, 19751558, 77.0109, 16655.0953
current_data: 2.5502, 80608, 0.0008, 0.0000
current_data: 2.5489, 246445, 24.9794, 45885.2626
current_data: 2.4068, 2477235, 8.8226, 12238.1950
current_data: 1.0593, 5145267, 5.1113, 3926.2725
current_data: 0.3846, 19771294, 77.0076, 16641.3452
current_data: 2.5502, 81432, 0.0008, 0.0000
current_data: 2.5553, 248442, 24.9751, 46030.8884
current_data: 2.3997, 2576228, 8.8904, 12233.1950
current_data: 1.0584, 5109747, 5.0951, 3813.1468
current_data: 0.3880, 18591773, 75.0020, 16610.0950
current_data: 2.5495, 85086, 0.0010, 0.0000
current_data: 2.2989, 274294, 27.6476, 45219.0087
current_data: 2.3946, 2506629, 8.8868, 12301.9454
current_data: 1.0509, 5066952, 5.1490, 3866.2721
current_data: 0.3845, 19722635, 76.9926, 16675.7204
current_data: 2.5492, 88199, 0.0013, 0.0000
current_data: 2.4633, 266214, 31.9657, 54345.9360
current_data: 2.3915, 2487116, 8.8749, 12261.3202
current_data: 1.0538, 5073408, 5.1326, 3918.1474
current_data: 0.3844, 19762449, 76.9979, 16626.9701
current_data: 2.5489, 91429, 0.0013, 0.0000
current_data: 2.4630, 263724, 31.9642, 54465.3117
current_data: 2.3102, 2403198, 10.1556, 13161.3253
current_data: 1.0521, 5025412, 5.2136, 3875.0222
current_data: 0.3844, 19743470, 77.0108, 16668.8454
current_data: 2.5493, 86488, 0.0011, 0.0000
current_data: 2.4633, 254638, 31.9652, 54478.4367
current_data: 2.3895, 2510965, 8.8805, 12263.8202
current_data: 1.0541, 5083852, 5.0918, 3834.3969
current_data: 0.3844, 19761723, 77.0345, 16639.4702
current_data: 2.5503, 82731, 0.0008, 0.0000
current_data: 2.4632, 247391, 31.9658, 54527.8120
current_data: 2.3915, 2521758, 8.8778, 12262.5702
current_data: 1.0531, 5070981, 5.1330, 3924.3975
current_data: 0.3842, 19726858, 77.0693, 16743.2208
current_data: 2.5502, 81744, 0.0008, 0.0000
current_data: 2.4642, 245617, 31.9683, 54534.6870
current_data: 2.3959, 2514645, 8.8580, 12273.1952
current_data: 1.0526, 5088021, 5.1979, 3871.8972
current_data: 0.3845, 19761088, 77.0004, 16536.3446
current_data: 2.5503, 83845, 0.0008, 0.0000
current_data: 2.4664, 247765, 31.9689, 54595.3124
current_data: 2.3921, 2525335, 8.8772, 12245.0701
current_data: 1.0533, 5080794, 5.1722, 3852.5220
current_data: 0.3844, 19727196, 77.0153, 16526.9696
current_data: 2.5495, 85198, 0.0010, 0.0000
current_data: 2.4658, 249153, 31.9670, 54509.6869
current_data: 2.3908, 2492360, 8.8712, 12240.6950
current_data: 1.0532, 5117288, 5.1566, 4019.3980
current_data: 0.3843, 19797927, 77.0137, 16678.8454
current_data: 2.5490, 87158, 0.0011, 0.0000
current_data: 2.4665, 256066, 31.9648, 54755.3133
current_data: 2.3968, 2518172, 8.8460, 12291.9453
current_data: 1.0641, 5139556, 5.0726, 3891.2723
current_data: 0.3849, 19767523, 77.0364, 16545.0947
current_data: 2.5484, 85367, 0.0010, 0.0000
current_data: 2.1357, 251635, 34.6293, 46408.3906
current_data: 2.3843, 2344418, 9.0574, 13165.7003
current_data: 1.0661, 5138537, 5.0244, 3852.5220
current_data: 0.3851, 19778621, 77.0370, 16683.2205
current_data: 2.5501, 83098, 0.0009, 0.0000
current_data: 2.1767, 229614, 34.2674, 46427.1407
current_data: 2.4092, 2488747, 8.9224, 12337.5706
current_data: 1.0634, 5140815, 5.1334, 3884.3972
current_data: 0.3851, 19775134, 77.0302, 16755.0959
current_data: 2.5501, 88850, 0.0011, 0.0000
current_data: 2.1192, 243797, 34.4617, 45608.3860
current_data: 2.4143, 2451720, 8.8831, 12323.8205
current_data: 1.0467, 5057569, 5.0355, 3784.3967
current_data: 0.3838, 19764877, 77.0091, 16628.2201
current_data: 2.5505, 84509, 0.0009, 0.0000
current_data: 1.6917, 5691306, 33.9682, 50802.7907
current_data: 2.3267, 2577442, 9.6758, 12319.4455
current_data: 1.0413, 5059339, 5.1424, 3923.7725
current_data: 0.3836, 19681433, 77.0418, 16653.8453
current_data: 2.5487, 91703, 0.0012, 0.0000
current_data: 2.6771, 383622, 25.6188, 54522.1870
current_data: 2.3891, 2560582, 8.8499, 12274.4452
current_data: 1.0515, 5090488, 5.2048, 3945.0226
current_data: 0.3884, 18722470, 75.0435, 16769.4710
current_data: 2.5484, 92968, 0.0015, 0.0000
current_data: 2.7218, 315071, 25.1432, 49555.9086
current_data: 2.4014, 2591970, 8.8996, 12395.6959
current_data: 1.0326, 4971375, 5.0899, 3713.7713
current_data: 0.3831, 19657457, 77.0064, 16581.9699
current_data: 2.5497, 87311, 0.0011, 0.0000
current_data: 2.2395, 250591, 26.4679, 58505.9598
current_data: 2.3574, 2534228, 8.9229, 12217.5699
current_data: 1.0261, 4988355, 5.1677, 3776.8966
current_data: 0.3826, 19708090, 77.0229, 16554.4697
current_data: 2.5489, 86865, 0.0011, 0.0000
current_data: 2.2197, 238836, 26.4858, 61025.3492
current_data: 2.3523, 2452083, 8.9019, 12027.5688
current_data: 1.0244, 4944009, 5.1574, 3738.1464
current_data: 0.3827, 19687846, 77.0227, 16629.4702
current_data: 2.5495, 80409, 0.0007, 0.0000
current_data: 2.2131, 230893, 26.4802, 61030.3492
current_data: 2.3546, 2398873, 8.9474, 12113.8193
current_data: 1.0559, 5124941, 5.1988, 3925.6475
current_data: 0.3843, 19745479, 77.0348, 16688.8455
current_data: 2.5502, 81726, 0.0008, 0.0000
current_data: 2.4662, 241405, 31.9696, 54605.9375
current_data: 2.4001, 2578533, 8.8926, 12385.0709
current_data: 1.0540, 5103300, 5.1220, 3860.0221
current_data: 0.3842, 19741918, 77.0603, 16724.4707
current_data: 2.5497, 79598, 0.0008, 0.0000
current_data: 2.4661, 241321, 31.9700, 54577.8123
current_data: 2.3920, 2549789, 8.8845, 12326.3205
current_data: 1.0511, 5074751, 5.0984, 3710.6462
current_data: 0.3844, 19782803, 77.0154, 16635.0952
current_data: 2.5491, 82896, 0.0009, 0.0000
current_data: 2.4658, 238878, 31.9685, 54490.9368
current_data: 2.4074, 2448559, 8.8722, 12307.5704
current_data: 1.0521, 5088896, 5.1070, 3821.8969
current_data: 0.3843, 19740582, 77.0465, 16558.2197
current_data: 2.5498, 81332, 0.0008, 0.0000
current_data: 2.4659, 235041, 31.9688, 54572.8123
current_data: 2.4044, 2446347, 8.8798, 12285.6953
current_data: 1.0558, 5100475, 5.1025, 3919.3974
current_data: 0.3843, 19719828, 77.0419, 16599.4700
current_data: 2.5505, 78484, 0.0008, 0.0000
current_data: 2.4681, 231016, 31.9707, 54437.1865
current_data: 2.4045, 2435000, 8.8727, 12283.8203
current_data: 1.0547, 5117170, 5.0848, 3900.0223
current_data: 0.3843, 19767242, 77.0256, 16562.5948
current_data: 2.5508, 82756, 0.0010, 0.0000
current_data: 2.4681, 246555, 31.9701, 54511.5619
current_data: 2.3959, 2509314, 8.8718, 12200.0698
current_data: 1.0513, 5059445, 5.1026, 3886.2722
current_data: 0.3840, 19638843, 77.0524, 16556.3447
current_data: 2.5506, 79615, 0.0008, 0.0000
current_data: 2.4689, 232744, 31.9682, 54312.1858
current_data: 2.4055, 2447750, 8.9086, 12304.4454
current_data: 1.0520, 5089861, 5.1057, 3943.7726
current_data: 0.3844, 19720923, 77.0323, 16610.7200
current_data: 2.5494, 80544, 0.0008, 0.0000
current_data: 2.4707, 231952, 31.9694, 54484.0618
current_data: 2.4041, 2602911, 8.8957, 12405.6960
current_data: 1.0563, 5106491, 5.0774, 3776.2716
current_data: 0.3845, 19757311, 76.9976, 16570.0948
current_data: 2.5492, 87518, 0.0012, 0.0000
current_data: 2.3238, 264429, 27.1605, 45753.3868
current_data: 2.3178, 2485517, 10.0914, 13454.4520
current_data: 1.0575, 5119294, 5.0398, 3836.8970
current_data: 0.3844, 19763595, 77.0267, 16686.3455
current_data: 2.5485, 86717, 0.0012, 0.0000
current_data: 2.5517, 256703, 24.9779, 45797.1371
current_data: 2.4054, 2540731, 8.8873, 12322.5705
current_data: 1.0573, 5080183, 5.1099, 3979.3978
current_data: 0.3877, 18471452, 74.9530, 16588.8449
current_data: 2.5497, 82484, 0.0010, 0.0000
current_data: 2.5570, 246630, 24.9750, 45534.6356
current_data: 2.4095, 2480358, 8.8779, 12250.0701
current_data: 1.0589, 5073076, 5.1047, 3961.8977
current_data: 0.3844, 19660065, 77.0194, 16573.8448
current_data: 2.5507, 85569, 0.0009, 0.0000
current_data: 2.5609, 249990, 24.9751, 45756.5118
current_data: 2.4091, 2550829, 8.8692, 12296.3204
current_data: 1.0600, 5071198, 5.0450, 3741.2714
current_data: 0.3844, 19578874, 77.0259, 16443.8441
current_data: 2.5496, 82899, 0.0009, 0.6250
current_data: 2.5542, 242143, 24.9755, 45455.2601
current_data: 2.4151, 2548509, 8.8675, 12300.6954
current_data: 1.0598, 5093218, 5.1088, 3860.0221
current_data: 0.3845, 19561591, 77.0355, 16516.9695
current_data: 2.5496, 79771, 0.0008, 0.0000
current_data: 2.5055, 238414, 24.9780, 44609.0053
current_data: 2.4107, 2451666, 8.8808, 12233.8200
current_data: 1.0581, 5076978, 5.2549, 3997.5229
current_data: 0.3845, 19611077, 77.0312, 16516.9695
current_data: 2.5504, 78712, 0.0007, 0.6250
current_data: 2.5453, 247758, 24.9756, 45397.1348
current_data: 2.4037, 2413883, 8.8715, 12103.8193
current_data: 1.0611, 5078719, 5.0807, 3856.8971
current_data: 0.3844, 19633176, 77.0354, 16461.9692
current_data: 2.5501, 80149, 0.0008, 0.0000
current_data: 2.5589, 247876, 24.9741, 45824.0122
current_data: 2.3684, 2577627, 9.0302, 12119.4443
current_data: 1.0567, 5059193, 5.0678, 3765.6465
current_data: 0.3844, 19620848, 77.0430, 16596.3450
current_data: 2.5488, 82074, 0.0008, 0.0000
current_data: 2.2753, 272532, 28.5184, 45013.3826
current_data: 2.3846, 2426882, 8.8865, 12140.0695
current_data: 1.0543, 5092114, 5.0872, 3800.6467
current_data: 0.3843, 19736698, 77.0338, 16540.0946
current_data: 2.5495, 79961, 0.0007, 0.0000
current_data: 2.4652, 263939, 31.9649, 54570.9373
current_data: 2.3754, 2416676, 8.8894, 12124.4444
[32m[info] [src/pairwise_allocator.cpp:allocating:1174] Will begin allocating cache, allocation_ready_queue size 1, allocation_complete_queue size 4
[mcurrent_data: 1.0475, 937562, 5.5283, 1033.1309
current_data: 0.4642, 6108726, 62.4522, 3443.1447
current_data: 2.5490, 18205, 0.0012, 0.0000
current_data: 0.9296, 22966, 32.0163, 3936.8975
current_data: 1.1066, 274006, 19.1028, 2338.7634
[32m[info] [src/pairwise_allocator.cpp:binary_serch_cache_roofline:462] descriptor COLS 3, find_cache_roofline_times: 1, roofline ipc: 2.5490, current ipc 2.5490, gap: 0.0000, lway: 1, rway: 14
[mcurrent_data: 1.0295, 800210, 6.0395, 972.5056
current_data: 0.4647, 5582469, 62.7621, 3171.2681
current_data: 2.5485, 15552, 0.0008, 0.0000
current_data: 0.9297, 20518, 32.0083, 3832.5219
current_data: 2.1416, 321112, 6.4336, 1585.0091
[32m[info] [src/pairwise_allocator.cpp:binary_serch_cache_roofline:462] descriptor COLS 3, find_cache_roofline_times: 2, roofline ipc: 2.5490, current ipc 2.5485, gap: 0.0002, lway: 1, rway: 7
[mcurrent_data: 1.0322, 791505, 5.9669, 1041.8810
current_data: 0.4790, 6003739, 61.1013, 3251.2686
current_data: 2.5478, 15847, 0.0004, 0.0000
current_data: 0.9271, 17824, 32.0091, 3861.8971
current_data: 1.0712, 222464, 19.9403, 2343.7634
[32m[info] [src/pairwise_allocator.cpp:binary_serch_cache_roofline:462] descriptor COLS 3, find_cache_roofline_times: 3, roofline ipc: 2.5490, current ipc 2.5478, gap: 0.0005, lway: 1, rway: 4
[mcurrent_data: 1.0339, 794487, 5.8428, 936.2554
current_data: 0.4685, 5832785, 62.3969, 3353.7692
current_data: 2.5503, 18404, 0.0014, 0.0000
current_data: 0.9298, 22667, 32.0160, 3960.0227
current_data: 2.0789, 356977, 7.0592, 1515.6337
[32m[info] [src/pairwise_allocator.cpp:binary_serch_cache_roofline:462] descriptor COLS 3, find_cache_roofline_times: 4, roofline ipc: 2.5503, current ipc 2.5503, gap: 0.0000, lway: 1, rway: 2
[mcurrent_data: 1.0343, 779249, 6.1746, 1022.5059
current_data: 0.4735, 5926926, 61.8484, 3318.1440
current_data: 2.5490, 16789, 0.0013, 0.0000
current_data: 0.9302, 19648, 32.0241, 3930.6475
current_data: 1.2726, 229070, 17.8919, 2304.3882
[32m[info] [src/pairwise_allocator.cpp:binary_serch_cache_roofline:462] descriptor COLS 3, find_cache_roofline_times: 5, roofline ipc: 2.5503, current ipc 2.5490, gap: 0.0005, lway: 1, rway: 1
[mcurrent_data: 1.0347, 791209, 6.0758, 1019.3808
current_data: 0.4717, 5946001, 62.0701, 3418.7696
current_data: 2.5510, 16901, 0.0011, 0.0000
current_data: 0.9285, 21606, 32.0135, 3966.2727
current_data: 2.0982, 362593, 6.7206, 1572.5090
[32m[info] [src/pairwise_allocator.cpp:found_cache_roofline:405] Found_cache_roofline, obj_id 134584, roofline cache way: 1, roofline remain cache: 14, roofline cache bitmask: 0x7ffe
[m[32m[info] [src/pairwise_allocator.cpp:binary_serch_cache_roofline:462] descriptor COLS 3, find_cache_roofline_times: 6, roofline ipc: 2.5510, current ipc 2.5510, gap: 0.0000, lway: 1, rway: 1
[m[32m[info] [src/pairwise_allocator.cpp:allocating_cache:846] binary_serch_cache_roofline first pair success
[m[32m[info] [src/pairwise_allocator.cpp:pair_allocating_cache:770] pair_allocating_cache begin, allocating time: 0, descriptor roofline cache way: 1, system remain cache way: 5, complete queue size: 4
[m[32m[info] [src/pairwise_allocator.cpp:allocating_cache:852] Complete pair_allocating_cache, allocate cache ways: 1
[m[34m[critical] [src/pairwise_allocator.cpp:print_allocating_cache_results:815] print_allocating_cache_results: system remain cache: 4
[m[34m[critical] [src/pairwise_allocator.cpp:print_allocating_cache_results:818] obj: 137579, cache_way: 1, roofline cache way: 1
[m[34m[critical] [src/pairwise_allocator.cpp:print_allocating_cache_results:818] obj: 134569, cache_way: 4, roofline cache way: 4
[m[34m[critical] [src/pairwise_allocator.cpp:print_allocating_cache_results:818] obj: 137589, cache_way: 4, roofline cache way: 4
[m[34m[critical] [src/pairwise_allocator.cpp:print_allocating_cache_results:818] obj: 134574, cache_way: 1, roofline cache way: 1
[m[34m[critical] [src/pairwise_allocator.cpp:print_allocating_cache_results:823] obj: 134584, cache_way: 1, roofline cache way: 1
[mSKT0: MBA COS6 => 100% requested, 100% applied
current_data: 1.0535, 953444, 5.5231, 1004.3807
current_data: 0.4558, 5932499, 63.7033, 3506.8951
current_data: 2.5477, 17618, 0.0015, 0.0000
current_data: 0.9289, 20596, 32.0056, 3925.6475
current_data: 1.8795, 462498, 8.3420, 1608.7592
SKT0: MBA COS6 => 60% requested, 60% applied
[32m[info] [src/pairwise_allocator.cpp:binary_serch_mb_roofline:937] descriptor1 COLS 3, find_mb_roofline_time: 1, roofline mb: 0.0000, current mb 0.0000, gap: -nan, lmb_throttle: 20, rmb_throttle: 100
[mcurrent_data: 1.0363, 814742, 5.8707, 965.0055
current_data: 0.4556, 5562570, 64.0424, 3338.7691
current_data: 2.5501, 19202, 0.0015, 0.0000
current_data: 0.9296, 20926, 32.0151, 4023.7730
current_data: 2.0803, 344143, 6.9334, 1559.3839
SKT0: MBA COS6 => 40% requested, 40% applied
[32m[info] [src/pairwise_allocator.cpp:binary_serch_mb_roofline:937] descriptor1 COLS 3, find_mb_roofline_time: 2, roofline mb: 0.0000, current mb 0.0000, gap: -nan, lmb_throttle: 20, rmb_throttle: 60
[mcurrent_data: 1.0334, 769182, 6.1065, 967.5055
current_data: 0.4651, 5515678, 62.6515, 3200.6433
current_data: 2.5483, 16169, 0.0017, 0.0000
current_data: 0.9297, 17811, 32.0087, 3797.5217
current_data: 2.0752, 383684, 7.0631, 1452.5083
SKT0: MBA COS6 => 30% requested, 30% applied
[32m[info] [src/pairwise_allocator.cpp:binary_serch_mb_roofline:937] descriptor1 COLS 3, find_mb_roofline_time: 3, roofline mb: 0.0000, current mb 0.0000, gap: -nan, lmb_throttle: 20, rmb_throttle: 40
[mcurrent_data: 1.0264, 791042, 6.2568, 978.7556
current_data: 0.4735, 5862665, 61.6263, 3310.6439
current_data: 2.5503, 15072, 0.0008, 0.0000
current_data: 0.9288, 17647, 32.0142, 3895.6473
current_data: 1.7833, 295814, 8.0056, 1810.0104
SKT0: MBA COS6 => 20% requested, 20% applied
[32m[info] [src/pairwise_allocator.cpp:binary_serch_mb_roofline:937] descriptor1 COLS 3, find_mb_roofline_time: 4, roofline mb: 0.0000, current mb 0.0000, gap: -nan, lmb_throttle: 20, rmb_throttle: 30
[mcurrent_data: 1.0315, 801724, 6.0985, 1010.0058
current_data: 0.4664, 5742287, 62.5479, 3303.7689
current_data: 2.5496, 16145, 0.0010, 0.0000
current_data: 0.9295, 19623, 32.0099, 3849.3970
current_data: 2.1175, 331821, 6.6000, 1453.7583
SKT0: MBA COS6 => 20% requested, 20% applied
[32m[info] [src/pairwise_allocator.cpp:binary_serch_mb_roofline:937] descriptor1 COLS 3, find_mb_roofline_time: 5, roofline mb: 0.0000, current mb 0.0000, gap: -nan, lmb_throttle: 20, rmb_throttle: 20
[mcurrent_data: 1.0273, 779283, 6.2222, 934.3803
current_data: 0.4744, 5851059, 61.4244, 3313.1440
current_data: 2.5480, 15354, 0.0014, 0.0000
current_data: 0.8703, 18059, 31.5668, 3539.3953
current_data: 1.1151, 214146, 18.8576, 2368.7636
[32m[info] [src/pairwise_allocator.cpp:found_mb_roofline:887] Fast found mb roofline, obj_id 134584, roofline mb: 0.00 MB/s, roofline mb throttle: 20
[m[32m[info] [src/pairwise_allocator.cpp:binary_serch_mb_roofline:937] descriptor1 COLS 3, find_mb_roofline_time: 6, roofline mb: 0.0000, current mb 0.0000, gap: -nan, lmb_throttle: 20, rmb_throttle: 20
[m[32m[info] [src/pairwise_allocator.cpp:allocating_mb:1147] binary_serch_mb_roofline first pair success
[m[32m[info] [src/pairwise_allocator.cpp:pair_allocating_mb:1088] pair_allocating_mb begin, allocating times: 0, descriptor roofline mb throttle: 20, system remain mb: 93879.92 MB/s
[mSKT0: MBA COS3 => 20% requested, 20% applied
current_data: 1.0473, 1018207, 5.6008, 945.6304
current_data: 0.4256, 5392009, 69.4904, 3706.8962
current_data: 2.5496, 18651, 0.0017, 1.8750
current_data: 2.1767, 47187, 34.2749, 9036.9267
current_data: 2.5755, 472976, 6.7122, 1793.7603
[32m[info] [src/pairwise_allocator.cpp:pair_allocating_mb:1088] pair_allocating_mb begin, allocating times: 1, descriptor roofline mb throttle: 20, system remain mb: 93879.92 MB/s
[m[32m[info] [src/pairwise_allocator.cpp:allocating_fit_mb:958] Will allocating_fit_mb mb throttle: 20
[mSKT0: MBA COS3 => 20% requested, 20% applied
current_data: 1.0640, 826369, 5.1952, 683.1289
current_data: 0.4231, 4128141, 69.8340, 2765.0158
current_data: 2.5495, 15816, 0.0019, 0.0000
current_data: 2.1701, 41916, 34.2709, 7818.1697
current_data: 2.0157, 395756, 14.7692, 2873.1414
[32m[info] [src/pairwise_allocator.cpp:allocating_mb:1121] Allocate mb: 0.00 MB/s, mb_throttle: 20
[mcurrent_data: 1.0636, 837559, 5.0452, 653.7537
current_data: 0.4218, 4098747, 70.1354, 2833.1412
current_data: 2.5505, 13289, 0.0009, 0.0000
current_data: 2.1763, 40527, 34.2682, 7773.7945
current_data: 2.5827, 473547, 6.5976, 1644.3844
current_data: 1.0645, 5025442, 5.0788, 3798.7717
current_data: 0.4184, 23326912, 70.7229, 16746.3458
current_data: 2.5509, 82382, 0.0010, 0.0000
current_data: 2.1239, 244350, 34.3551, 44510.8797
current_data: 2.3913, 2444604, 8.8721, 12095.0692
current_data: 1.0351, 4892277, 5.2132, 3729.3963
current_data: 0.4116, 22717645, 71.5101, 16735.7208
current_data: 2.5497, 86246, 0.0013, 1.2500
current_data: 1.6925, 5754254, 31.8037, 52857.8025
current_data: 2.3529, 2469081, 8.8332, 11438.8155
current_data: 1.0499, 4956981, 5.0899, 3725.0213
current_data: 0.4096, 22430361, 72.0678, 16765.0959
current_data: 2.5490, 85594, 0.0013, 7.5000
current_data: 2.7810, 307732, 25.5025, 51667.7956
current_data: 2.3744, 2430373, 8.9231, 11935.6933
current_data: 1.0537, 4974442, 5.1143, 3708.1462
current_data: 0.4096, 20917472, 71.0574, 16763.2209
current_data: 2.5500, 82449, 0.0009, 8.7501
current_data: 2.7072, 315008, 25.0587, 48115.2753
current_data: 2.3743, 2457828, 8.8930, 12075.0691
current_data: 1.0281, 4807028, 5.1405, 3728.1463
current_data: 0.3827, 19011694, 77.0257, 16058.2169
current_data: 2.5483, 87589, 0.0013, 3.1250
current_data: 2.1890, 242711, 26.6244, 57295.3278
current_data: 2.3307, 2346342, 9.0115, 11713.8170
current_data: 1.0246, 4746393, 5.0307, 3531.2702
current_data: 0.3827, 18879756, 77.0196, 15922.5911
current_data: 2.5501, 79693, 0.0010, 0.6250
current_data: 2.2231, 219201, 26.4859, 58409.7092
current_data: 2.3242, 2406585, 9.0525, 11622.5665
current_data: 1.0260, 4782587, 5.0227, 3524.3952
current_data: 0.3826, 18934149, 77.0321, 15945.7162
current_data: 2.5498, 83178, 0.0010, 1.8750
current_data: 2.2219, 228563, 26.4837, 58797.8364
current_data: 2.3280, 2356294, 9.0442, 11763.1923
current_data: 1.0528, 4934135, 5.0407, 3751.8965
current_data: 0.3842, 19089997, 77.0312, 16129.4673
current_data: 2.5496, 79162, 0.0008, 0.6250
current_data: 2.4373, 231945, 31.7584, 52671.5514
current_data: 2.3701, 2373242, 8.9652, 11837.5677
current_data: 1.0549, 4922699, 5.0110, 3820.0219
current_data: 0.3843, 19131597, 77.0501, 16148.2174
current_data: 2.5510, 79130, 0.0007, 0.6250
current_data: 2.4680, 226038, 31.9706, 52956.5530
current_data: 2.3746, 2408579, 8.9540, 11936.9433
current_data: 1.0553, 4957570, 4.9651, 3760.6465
current_data: 0.3843, 19223834, 77.0539, 16311.3433
current_data: 2.5499, 78592, 0.0008, 0.6250
current_data: 2.4671, 225430, 31.9680, 53175.3043
current_data: 2.3711, 2438920, 9.0189, 12023.8188
current_data: 1.0541, 4975543, 5.1544, 3746.2714
current_data: 0.3843, 19309032, 77.0269, 16230.0929
current_data: 2.5494, 82212, 0.0009, 0.0000
current_data: 2.4673, 225219, 31.9694, 53372.8054
current_data: 2.3768, 2435473, 8.9085, 12012.5687
current_data: 1.0504, 4985837, 5.1372, 3731.8964
current_data: 0.3844, 19306920, 77.0146, 16147.5924
current_data: 2.5494, 84147, 0.0010, 0.0000
current_data: 2.4657, 230812, 31.9687, 53365.9304
current_data: 2.3777, 2529156, 8.9369, 12062.5690
current_data: 1.0605, 4999472, 5.0225, 3807.5218
current_data: 0.3845, 19346626, 77.0034, 16248.2180
current_data: 2.5503, 78799, 0.0008, 0.0000
current_data: 2.4696, 229960, 31.9681, 53558.4315
current_data: 2.3780, 2497844, 8.8594, 12111.9443
current_data: 1.0540, 5025026, 5.1283, 3758.7715
current_data: 0.3844, 19435294, 77.0097, 16335.0935
current_data: 2.5489, 84335, 0.0010, 0.0000
current_data: 2.4691, 234530, 31.9676, 53783.4328
current_data: 2.3797, 2523906, 8.8862, 12145.6945
current_data: 1.0534, 5024628, 5.1535, 3840.6470
current_data: 0.3844, 19425352, 77.0133, 16293.8432
current_data: 2.5498, 82287, 0.0010, 0.0000
current_data: 2.4694, 232076, 31.9681, 53787.1828
current_data: 2.3771, 2470057, 8.9686, 12041.9439
current_data: 1.0555, 5006845, 5.0456, 3735.0214
current_data: 0.3843, 19423672, 77.0225, 16416.3439
current_data: 2.5493, 87074, 0.0013, 0.0000
current_data: 2.2692, 250619, 31.1289, 49123.4061
current_data: 2.3831, 2494989, 8.9449, 12176.9447
current_data: 1.0570, 5028507, 5.1531, 3805.6468
current_data: 0.3845, 19470495, 76.9919, 16403.8439
current_data: 2.5496, 86667, 0.0013, 0.6250
current_data: 2.5506, 263356, 24.9740, 45222.1338
current_data: 2.3845, 2461935, 8.8448, 12100.6942
current_data: 1.0564, 5044479, 5.1069, 3803.1468
current_data: 0.3843, 19521422, 76.9991, 16392.5938
current_data: 2.5487, 90570, 0.0014, 2.5000
current_data: 2.5361, 266973, 24.9733, 45091.5080
current_data: 2.3844, 2465223, 8.9166, 12081.3191
current_data: 1.0601, 5073541, 5.1542, 3994.3979
current_data: 0.3880, 18476939, 74.9943, 16487.5943
current_data: 2.5500, 80558, 0.0009, 4.3750
current_data: 2.5613, 252641, 24.9737, 45778.3869
current_data: 2.3895, 2460967, 8.8479, 12146.9445
current_data: 1.0570, 5117996, 5.1245, 3853.7721
current_data: 0.3846, 19638203, 77.0139, 16537.5946
current_data: 2.5501, 80247, 0.0009, 1.2500
current_data: 2.5575, 245698, 24.9745, 45625.2611
current_data: 2.3453, 2321277, 9.3995, 13258.2009
current_data: 1.0571, 5087960, 5.1998, 3961.2727
current_data: 0.3846, 19679990, 76.9980, 16581.9699
current_data: 2.5496, 83038, 0.0009, 0.6250
current_data: 2.5204, 250048, 24.9757, 45032.7577
current_data: 2.3869, 2404034, 8.9122, 12135.0694
current_data: 1.0604, 5115628, 5.1167, 3857.5221
current_data: 0.3846, 19597158, 77.0217, 16510.7195
current_data: 2.5507, 81490, 0.0009, 1.2500
current_data: 2.4894, 243554, 24.9792, 44560.8800
current_data: 2.3916, 2512389, 8.8602, 12167.5696
current_data: 1.0607, 5082584, 5.0085, 3762.5215
current_data: 0.3844, 19586893, 77.0278, 16530.0946
current_data: 2.5500, 78668, 0.0008, 0.6250
current_data: 2.5570, 243865, 24.9759, 45715.2616
current_data: 2.3925, 2511856, 8.8571, 12211.3199
current_data: 1.0586, 5114084, 5.1271, 3806.8968
current_data: 0.3843, 19638498, 77.0671, 16559.4698
current_data: 2.5485, 83651, 0.0010, 0.0000
current_data: 2.5586, 248933, 24.9736, 45829.0122
current_data: 2.3363, 2564978, 9.7719, 12326.3205
current_data: 1.0547, 5054681, 5.0654, 3821.2719
current_data: 0.3844, 19631407, 77.0156, 16501.3444
current_data: 2.5493, 81767, 0.0010, 1.8750
current_data: 2.2460, 270698, 32.6580, 50607.1646
current_data: 2.3792, 2461872, 8.8696, 12137.5695
current_data: 1.0547, 5054059, 5.0465, 3856.8971
current_data: 0.3842, 19551479, 77.0717, 16423.8440
current_data: 2.5500, 80204, 0.0009, 0.6250
current_data: 2.4658, 249409, 31.9639, 54079.6844
current_data: 2.3860, 2493295, 8.8959, 12126.3194
current_data: 1.0552, 5056594, 5.0326, 3676.2710
current_data: 0.3845, 19593705, 77.0179, 16427.5940
current_data: 2.5500, 80497, 0.0009, 0.0000
current_data: 2.4658, 239646, 31.9665, 54119.6847
current_data: 2.3827, 2495827, 8.8850, 12172.5697
current_data: 1.0553, 4819413, 5.0705, 3655.6459
current_data: 0.3843, 19588325, 77.0325, 16451.9691
current_data: 2.5502, 82525, 0.0009, 0.6250
current_data: 2.4661, 246371, 31.9640, 54165.3099
current_data: 2.3831, 2474048, 8.8698, 12145.6945
current_data: 1.0518, 5041843, 5.0871, 3788.1467
current_data: 0.3843, 19637490, 77.0068, 16540.0946
current_data: 2.5489, 91103, 0.0014, 1.2500
current_data: 2.4635, 256592, 31.9654, 54175.3100
current_data: 2.3801, 2542979, 8.8965, 12198.8198
current_data: 1.0519, 5059877, 5.1275, 3950.6476
current_data: 0.3843, 19636552, 77.0149, 16493.8444
current_data: 2.5500, 88553, 0.0014, 3.7500
current_data: 2.4671, 255018, 31.9656, 54179.6850
current_data: 2.3801, 2472147, 8.8987, 12175.6947
current_data: 1.0533, 5037168, 5.0482, 3833.7719
current_data: 0.3845, 19530278, 77.0026, 16443.2191
current_data: 2.5492, 81495, 0.0008, 0.6250
current_data: 2.4666, 236590, 31.9666, 54025.3091
current_data: 2.3850, 2493212, 8.8618, 12172.5697
current_data: 1.0560, 5053604, 5.1017, 3957.5226
current_data: 0.3844, 19567238, 77.0167, 16487.5943
current_data: 2.5511, 79860, 0.0008, 1.2500
current_data: 2.4683, 235852, 31.9660, 54110.3096
current_data: 2.3776, 2480521, 8.9295, 12180.6947
current_data: 1.0578, 5072953, 5.0473, 3775.0216
current_data: 0.3884, 18540446, 75.0054, 16594.4700
current_data: 2.5502, 82423, 0.0008, 1.2500
current_data: 2.1519, 242711, 33.8582, 48984.6553
current_data: 2.3903, 2450527, 8.8952, 12093.1942
current_data: 1.0653, 5066656, 5.0406, 3815.0218
current_data: 0.3852, 19661271, 76.9952, 16537.5946
current_data: 2.5497, 86028, 0.0011, 2.5000
current_data: 2.1770, 225848, 34.2677, 46107.1388
current_data: 2.4003, 2531615, 8.8385, 12212.5699
current_data: 1.0642, 5101476, 5.1291, 3946.2726
current_data: 0.3852, 19664559, 77.0176, 16581.9699
current_data: 2.5503, 81859, 0.0009, 0.6250
current_data: 2.1773, 226442, 34.2691, 46175.2642
current_data: 2.3961, 2493042, 8.9070, 12193.8198
current_data: 1.0658, 5109182, 5.0285, 3871.8972
current_data: 0.3850, 19630018, 77.0461, 16633.8452
current_data: 2.5498, 81749, 0.0009, 0.0000
current_data: 2.1521, 801901, 32.5785, 44318.3786
current_data: 2.3986, 2512569, 8.8236, 12240.0700
current_data: 1.0268, 4938643, 5.1198, 3771.2716
current_data: 0.3829, 19561760, 77.0259, 16475.0943
current_data: 2.5502, 80261, 0.0007, 6.8750
current_data: 1.8110, 5061705, 31.1705, 56505.3233
current_data: 2.3464, 2375155, 8.9138, 12355.6957
current_data: 1.0548, 5078492, 5.0874, 3983.1478
current_data: 0.3840, 19593791, 77.0591, 16554.4697
current_data: 2.5502, 79047, 0.0008, 0.6250
current_data: 2.7752, 282863, 25.5520, 50982.1667
current_data: 2.3849, 2434455, 8.8891, 12146.3195
current_data: 1.0534, 5060933, 5.1082, 3811.8968
current_data: 0.3840, 19601867, 77.0216, 16647.5953
current_data: 2.5489, 84061, 0.0009, 1.2500
current_data: 2.5913, 286986, 25.2930, 50242.1625
current_data: 2.3769, 2501038, 8.9134, 12160.6946
current_data: 1.0247, 4887487, 5.1119, 3631.8958
current_data: 0.3824, 19426369, 77.0543, 16354.4686
current_data: 2.5483, 85666, 0.0011, 0.6250
current_data: 2.2218, 239633, 26.4867, 60370.9704
current_data: 2.3402, 2432429, 8.9284, 12017.5688
current_data: 1.0239, 4935341, 5.1929, 3767.5216
current_data: 0.3827, 19547365, 77.0081, 16414.4689
current_data: 2.5502, 82792, 0.0009, 1.2500
current_data: 2.2217, 234552, 26.4869, 60609.0968
current_data: 2.3376, 2416992, 8.9049, 12016.9438
current_data: 1.0332, 4992152, 5.0907, 3755.0215
current_data: 0.3832, 19611488, 77.0047, 16400.7188
current_data: 2.5480, 86712, 0.0012, 3.1250
current_data: 2.3011, 249500, 28.7153, 57860.9561
current_data: 2.3572, 2550371, 8.8829, 12173.8197
current_data: 1.0512, 5046360, 5.0999, 3923.7725
current_data: 0.3842, 19610999, 77.0275, 16518.2195
current_data: 2.5481, 90787, 0.0014, 0.0000
current_data: 2.4672, 244793, 31.9675, 54287.1856
current_data: 2.3850, 2539002, 8.8960, 12208.1949
current_data: 1.0535, 5054018, 5.0980, 3860.6471
current_data: 0.3843, 19587702, 77.0144, 16472.5943
current_data: 2.5491, 88303, 0.0011, 1.2500
current_data: 2.4683, 240528, 31.9669, 54160.3099
current_data: 2.3789, 2540461, 8.8739, 12184.4447
current_data: 1.0494, 4814048, 5.1653, 3732.5214
current_data: 0.3844, 19658581, 76.9949, 16583.8449
current_data: 2.5486, 90511, 0.0014, 1.8750
current_data: 2.4665, 244492, 31.9662, 54062.1843
current_data: 2.3857, 2498043, 8.9012, 12197.5698
current_data: 1.0524, 5033494, 5.1160, 3891.8973
current_data: 0.3844, 19595657, 77.0035, 16508.2195
current_data: 2.5489, 83914, 0.0011, 0.0000
current_data: 2.4647, 231551, 31.9687, 53996.5590
current_data: 2.3650, 2431883, 8.9660, 12959.4492
current_data: 1.0550, 5067612, 5.0945, 3904.3973
current_data: 0.3842, 19633074, 77.0460, 16605.0950
current_data: 2.5491, 84184, 0.0011, 0.6250
current_data: 2.4682, 238810, 31.9687, 54284.0606
current_data: 2.3875, 2489270, 8.8635, 12169.4446
current_data: 1.0519, 5077443, 5.1346, 3912.5224
current_data: 0.3881, 18483946, 75.0145, 16551.9697
current_data: 2.5502, 82809, 0.0010, 0.0000
current_data: 2.4671, 239088, 31.9676, 54087.1845
current_data: 2.3837, 2502597, 8.8958, 12163.1946
current_data: 1.0548, 5046495, 5.0739, 3785.0217
current_data: 0.3844, 19550822, 77.0125, 16458.8442
current_data: 2.5498, 80606, 0.0008, 0.0000
current_data: 2.4694, 226043, 31.9693, 53942.1837
current_data: 2.3847, 2498156, 8.8902, 12215.0699
current_data: 1.0539, 5085609, 5.2196, 3925.6475
current_data: 0.3845, 19626142, 77.0072, 16574.4698
current_data: 2.5500, 80386, 0.0007, 0.0000
current_data: 2.4175, 221030, 31.9273, 53157.1792
current_data: 2.3416, 2605559, 9.6873, 12264.4452
[32m[info] [src/pairwise_allocator.cpp:allocating:1174] Will begin allocating cache, allocation_ready_queue size 1, allocation_complete_queue size 4
[mcurrent_data: 1.0501, 952398, 5.5618, 1045.0060
current_data: 0.4499, 5783931, 64.4009, 3365.6443
current_data: 2.5492, 18125, 0.0014, 0.0000
current_data: 1.1210, 24386, 25.0238, 3868.7721
current_data: 2.1532, 483480, 6.1555, 1593.7591
[32m[info] [src/pairwise_allocator.cpp:binary_serch_cache_roofline:462] descriptor COLS 3, find_cache_roofline_times: 1, roofline ipc: 2.5492, current ipc 2.5492, gap: 0.0000, lway: 1, rway: 14
[mcurrent_data: 1.0363, 801746, 5.9885, 932.5053
current_data: 0.4756, 5896381, 61.4097, 3136.2679
current_data: 2.5479, 16693, 0.0008, 0.0000
current_data: 1.1192, 23701, 25.0203, 3791.2717
current_data: 1.1433, 199427, 18.5270, 2398.7637
[32m[info] [src/pairwise_allocator.cpp:binary_serch_cache_roofline:462] descriptor COLS 3, find_cache_roofline_times: 2, roofline ipc: 2.5492, current ipc 2.5479, gap: 0.0005, lway: 1, rway: 7
[mcurrent_data: 1.0337, 760727, 6.0812, 922.5053
current_data: 0.4664, 5609597, 62.6533, 3069.3926
current_data: 2.5476, 15380, 0.0006, 0.0000
current_data: 1.1206, 22156, 25.0268, 3766.2716
current_data: 2.1080, 341489, 6.8812, 1550.0089
[32m[info] [src/pairwise_allocator.cpp:binary_serch_cache_roofline:462] descriptor COLS 3, find_cache_roofline_times: 3, roofline ipc: 2.5492, current ipc 2.5476, gap: 0.0006, lway: 1, rway: 4
[mcurrent_data: 1.0280, 773946, 5.8938, 875.6300
current_data: 0.4706, 5753799, 62.0201, 3051.8925
current_data: 2.5477, 16026, 0.0009, 0.0000
current_data: 1.1192, 20747, 25.0230, 3754.3965
current_data: 1.0993, 223089, 19.4636, 2382.5136
[32m[info] [src/pairwise_allocator.cpp:binary_serch_cache_roofline:462] descriptor COLS 3, find_cache_roofline_times: 4, roofline ipc: 2.5492, current ipc 2.5477, gap: 0.0006, lway: 1, rway: 2
[mcurrent_data: 1.0278, 795195, 6.0658, 926.2553
current_data: 0.4609, 5658545, 63.2473, 3216.8934
current_data: 2.5485, 17204, 0.0013, 0.6250
current_data: 1.1195, 24315, 25.0224, 3862.5221
current_data: 2.1310, 376969, 6.5512, 1637.5094
[32m[info] [src/pairwise_allocator.cpp:binary_serch_cache_roofline:462] descriptor COLS 3, find_cache_roofline_times: 5, roofline ipc: 2.5492, current ipc 2.5485, gap: 0.0003, lway: 1, rway: 1
[mcurrent_data: 1.0284, 779328, 6.0674, 960.0055
current_data: 0.4621, 5618221, 63.0930, 3120.0179
current_data: 2.5499, 17417, 0.0014, 1.8750
current_data: 1.1193, 22972, 25.0374, 3841.8970
current_data: 1.4289, 276027, 14.6162, 2251.2629
[32m[info] [src/pairwise_allocator.cpp:found_cache_roofline:405] Found_cache_roofline, obj_id 134584, roofline cache way: 1, roofline remain cache: 14, roofline cache bitmask: 0x7ffe
[m[32m[info] [src/pairwise_allocator.cpp:binary_serch_cache_roofline:462] descriptor COLS 3, find_cache_roofline_times: 6, roofline ipc: 2.5499, current ipc 2.5499, gap: 0.0000, lway: 1, rway: 1
[m[32m[info] [src/pairwise_allocator.cpp:allocating_cache:846] binary_serch_cache_roofline first pair success
[m[32m[info] [src/pairwise_allocator.cpp:pair_allocating_cache:770] pair_allocating_cache begin, allocating time: 0, descriptor roofline cache way: 1, system remain cache way: 5, complete queue size: 4
[m[32m[info] [src/pairwise_allocator.cpp:allocating_cache:852] Complete pair_allocating_cache, allocate cache ways: 1
[m[34m[critical] [src/pairwise_allocator.cpp:print_allocating_cache_results:815] print_allocating_cache_results: system remain cache: 4
[m[34m[critical] [src/pairwise_allocator.cpp:print_allocating_cache_results:818] obj: 137579, cache_way: 1, roofline cache way: 1
[m[34m[critical] [src/pairwise_allocator.cpp:print_allocating_cache_results:818] obj: 134569, cache_way: 4, roofline cache way: 4
[m[34m[critical] [src/pairwise_allocator.cpp:print_allocating_cache_results:818] obj: 137589, cache_way: 4, roofline cache way: 4
[m[34m[critical] [src/pairwise_allocator.cpp:print_allocating_cache_results:818] obj: 134574, cache_way: 1, roofline cache way: 1
[m[34m[critical] [src/pairwise_allocator.cpp:print_allocating_cache_results:823] obj: 134584, cache_way: 1, roofline cache way: 1
[mSKT0: MBA COS6 => 100% requested, 100% applied
current_data: 1.0491, 916732, 5.5385, 903.1302
current_data: 0.4573, 5808236, 63.2360, 3236.8935
current_data: 2.5496, 17146, 0.0016, 1.8750
current_data: 1.1207, 24409, 25.0191, 3804.3968
current_data: 2.1112, 481568, 6.5139, 1575.6340
SKT0: MBA COS6 => 60% requested, 60% applied
[32m[info] [src/pairwise_allocator.cpp:binary_serch_mb_roofline:937] descriptor1 COLS 3, find_mb_roofline_time: 1, roofline mb: 1.8750, current mb 1.8750, gap: 0.0000, lmb_throttle: 20, rmb_throttle: 100
[mcurrent_data: 1.0383, 792057, 5.7023, 918.7553
current_data: 0.4683, 5712552, 62.2328, 3109.3928
current_data: 2.5485, 17344, 0.0019, 0.0000
current_data: 1.1205, 23763, 25.0306, 3789.3967
current_data: 2.1147, 359449, 6.6981, 1606.8842
SKT0: MBA COS6 => 40% requested, 40% applied
[32m[info] [src/pairwise_allocator.cpp:binary_serch_mb_roofline:937] descriptor1 COLS 3, find_mb_roofline_time: 2, roofline mb: 1.8750, current mb 0.0000, gap: 1.0000, lmb_throttle: 20, rmb_throttle: 60
[mcurrent_data: 1.0240, 789009, 6.0639, 972.5056
current_data: 0.4202, 3101854, 64.0523, 3291.8938
current_data: 2.5484, 15631, 0.0009, 0.6250
current_data: 1.1201, 23230, 25.0225, 3856.8971
current_data: 1.9789, 331458, 6.4615, 1608.7592
SKT0: MBA COS6 => 30% requested, 30% applied
[32m[info] [src/pairwise_allocator.cpp:binary_serch_mb_roofline:937] descriptor1 COLS 3, find_mb_roofline_time: 3, roofline mb: 1.8750, current mb 0.6250, gap: 0.6667, lmb_throttle: 20, rmb_throttle: 40
[mcurrent_data: 1.0292, 775094, 6.2521, 965.6305
current_data: 0.3641, 3296058, 80.7416, 3234.3935
current_data: 2.5497, 15537, 0.0010, 0.6250
current_data: 1.1217, 22193, 25.0196, 3792.5217
current_data: 2.1287, 332529, 6.7557, 1553.7589
SKT0: MBA COS6 => 20% requested, 20% applied
[32m[info] [src/pairwise_allocator.cpp:binary_serch_mb_roofline:937] descriptor1 COLS 3, find_mb_roofline_time: 4, roofline mb: 0.6250, current mb 0.6250, gap: 0.0000, lmb_throttle: 20, rmb_throttle: 30
[mcurrent_data: 1.0307, 758232, 6.0206, 970.6306
current_data: 0.3720, 3430808, 79.1231, 3168.7681
current_data: 2.5497, 17189, 0.0013, 0.6250
current_data: 1.1186, 23105, 25.0308, 3780.0216
current_data: 1.3678, 242639, 13.7646, 2271.2630
SKT0: MBA COS6 => 20% requested, 20% applied
[32m[info] [src/pairwise_allocator.cpp:binary_serch_mb_roofline:937] descriptor1 COLS 3, find_mb_roofline_time: 5, roofline mb: 0.6250, current mb 0.6250, gap: 0.0000, lmb_throttle: 20, rmb_throttle: 20
[mcurrent_data: 1.0287, 780193, 5.9762, 910.0052
current_data: 0.3639, 3315733, 80.7384, 3219.3934
current_data: 2.5480, 20201, 0.0019, 0.0000
current_data: 1.1204, 24635, 25.0279, 3835.0219
current_data: 2.1550, 368953, 6.3672, 1671.8846
[32m[info] [src/pairwise_allocator.cpp:found_mb_roofline:887] Fast found mb roofline, obj_id 134584, roofline mb: 0.63 MB/s, roofline mb throttle: 20
[m[32m[info] [src/pairwise_allocator.cpp:binary_serch_mb_roofline:937] descriptor1 COLS 3, find_mb_roofline_time: 6, roofline mb: 0.6250, current mb 0.0000, gap: 1.0000, lmb_throttle: 20, rmb_throttle: 20
[m[32m[info] [src/pairwise_allocator.cpp:allocating_mb:1147] binary_serch_mb_roofline first pair success
[m[32m[info] [src/pairwise_allocator.cpp:pair_allocating_mb:1088] pair_allocating_mb begin, allocating times: 0, descriptor roofline mb throttle: 20, system remain mb: 93879.92 MB/s
[mSKT0: MBA COS3 => 20% requested, 20% applied
current_data: 1.0329, 997059, 5.4012, 866.2550
current_data: 0.4264, 5217855, 69.1894, 3490.0200
current_data: 2.5479, 18661, 0.0021, 0.0000
current_data: 2.4525, 49969, 31.9754, 9857.5564
current_data: 2.0192, 431635, 14.2719, 2915.6417
[32m[info] [src/pairwise_allocator.cpp:pair_allocating_mb:1088] pair_allocating_mb begin, allocating times: 1, descriptor roofline mb throttle: 20, system remain mb: 93879.92 MB/s
[m[32m[info] [src/pairwise_allocator.cpp:allocating_fit_mb:958] Will allocating_fit_mb mb throttle: 20
[mSKT0: MBA COS3 => 20% requested, 20% applied
current_data: 1.0511, 845518, 5.1486, 631.8786
current_data: 0.4250, 4204622, 69.4652, 2738.1407
current_data: 2.5490, 15140, 0.0014, 0.0000
current_data: 2.4689, 44687, 31.9727, 9293.8032
current_data: 2.5746, 474883, 6.8135, 1664.3845
[32m[info] [src/pairwise_allocator.cpp:allocating_mb:1121] Allocate mb: 0.00 MB/s, mb_throttle: 20
[mcurrent_data: 1.0476, 845569, 5.1438, 665.6288
current_data: 0.4228, 4124322, 69.7513, 2702.5155
current_data: 2.5507, 14476, 0.0012, 0.0000
current_data: 2.4513, 45976, 31.9637, 9130.6772
current_data: 2.0221, 423420, 13.9852, 2889.3915
current_data: 1.0548, 4963167, 5.1068, 3780.6466
current_data: 0.4195, 23498758, 70.3974, 15752.5901
current_data: 2.5497, 79670, 0.0008, 0.0000
current_data: 2.4618, 242366, 31.9669, 53045.3035
current_data: 2.3818, 2413808, 8.9085, 12010.6937
current_data: 1.0536, 4969659, 5.0905, 3775.6466
current_data: 0.4156, 23019759, 71.1059, 15713.8399
current_data: 2.5506, 78129, 0.0008, 0.0000
current_data: 2.4627, 235296, 31.9689, 53145.3041
current_data: 2.3861, 2469009, 8.9471, 12029.4438
current_data: 1.0566, 4949190, 5.0254, 3631.8958
current_data: 0.4116, 22589104, 71.7623, 15698.8398
current_data: 2.5481, 87224, 0.0014, 0.0000
current_data: 2.4614, 250493, 31.9687, 53291.5549
current_data: 2.3833, 2507937, 8.9507, 12065.6940
current_data: 1.0524, 4964240, 5.1140, 3744.3964
current_data: 0.4084, 22212691, 72.3353, 15663.8396
current_data: 2.5482, 86481, 0.0014, 0.0000
current_data: 2.4602, 260597, 31.9663, 53113.4289
current_data: 2.3834, 2470555, 8.9207, 12025.0688
current_data: 1.0526, 4996487, 5.1541, 3808.7718
current_data: 0.4061, 21942323, 72.7821, 15703.8399
current_data: 2.5501, 79568, 0.0008, 0.0000
current_data: 2.4640, 246398, 31.9677, 53315.3051
current_data: 2.3816, 2472183, 8.9937, 12041.3189
current_data: 1.0549, 4989333, 5.1470, 3767.5216
current_data: 0.4044, 21737403, 73.0881, 15675.7147
current_data: 2.5496, 78598, 0.0009, 0.0000
current_data: 2.4646, 240741, 31.9677, 53307.1800
current_data: 2.3965, 2426311, 8.8936, 12076.9441
current_data: 1.0550, 4986871, 5.0735, 3886.8972
current_data: 0.4030, 21573773, 73.3622, 15758.2152
current_data: 2.5505, 78934, 0.0008, 0.0000
current_data: 2.4653, 240118, 31.9689, 53369.6804
current_data: 2.3851, 2484426, 8.9623, 12019.4438
current_data: 1.0613, 5051041, 5.0914, 3820.6469
current_data: 0.4019, 21381200, 73.6516, 15752.5901
current_data: 2.5504, 78836, 0.0008, 0.0000
current_data: 2.1045, 239833, 34.3951, 46665.8920
current_data: 2.3960, 2448367, 8.9116, 12053.1940
current_data: 1.0643, 5049087, 5.1109, 3917.5224
current_data: 0.4010, 21434478, 73.8918, 15988.8415
current_data: 2.5501, 80332, 0.0008, 0.0000
current_data: 2.1758, 234777, 34.2668, 45748.3868
current_data: 2.4021, 2514627, 8.9165, 12142.5695
current_data: 1.0636, 5073114, 5.1991, 3883.1472
current_data: 0.3901, 18545427, 74.6196, 16490.7194
current_data: 2.5486, 85713, 0.0012, 0.0000
current_data: 2.1744, 237815, 34.2684, 45594.0109
current_data: 2.4027, 2469444, 8.9040, 12134.4444
current_data: 1.0624, 4983812, 5.1417, 3796.8967
current_data: 0.3849, 19235215, 77.0051, 16183.8426
current_data: 2.5500, 85468, 0.0011, 0.0000
current_data: 2.0599, 833673, 33.0017, 44005.8768
current_data: 2.3935, 2475214, 8.9379, 11981.3186
current_data: 1.0307, 4913601, 5.1042, 3693.7711
current_data: 0.3829, 19247233, 77.0277, 16245.0930
current_data: 2.5494, 84147, 0.0011, 0.0000
current_data: 1.7385, 3593547, 33.0309, 56135.9462
current_data: 2.3570, 2503018, 8.9524, 11991.3186
current_data: 1.0526, 4975002, 5.1888, 3758.1465
current_data: 0.3840, 19266928, 77.0632, 16228.8429
current_data: 2.5499, 83707, 0.0009, 0.0000
current_data: 2.7700, 294368, 25.5422, 50060.9115
current_data: 2.3904, 2468899, 8.8988, 12012.5687
current_data: 1.0524, 4971732, 5.1779, 3793.1467
current_data: 0.3840, 19302867, 77.0593, 16237.5929
current_data: 2.5502, 78845, 0.0008, 0.0000
current_data: 2.6026, 302639, 25.2353, 49125.9061
current_data: 2.3899, 2519639, 8.8893, 12175.0697
current_data: 1.0239, 4876839, 5.1534, 3710.6462
current_data: 0.3825, 19231571, 77.0634, 16310.7183
current_data: 2.5492, 80087, 0.0008, 0.0000
current_data: 2.2222, 217055, 26.4915, 59687.8415
current_data: 2.3501, 2411320, 8.8795, 11949.4434
current_data: 1.0194, 4555614, 5.2097, 3508.7701
current_data: 0.3826, 19282460, 77.0026, 16230.7179
current_data: 2.5490, 91852, 0.0015, 0.0000
current_data: 2.2207, 235764, 26.4864, 59756.5919
current_data: 2.3426, 2399684, 8.9039, 11889.4430
current_data: 1.0340, 4943648, 5.0600, 3758.7715
current_data: 0.3831, 19368563, 77.0024, 16227.5929
current_data: 2.5488, 88545, 0.0014, 0.0000
current_data: 2.2689, 243761, 28.1405, 57601.5796
current_data: 2.3675, 2473828, 8.8240, 11997.5687
current_data: 1.0517, 5009690, 5.1963, 3922.5224
current_data: 0.3842, 19431245, 77.0408, 16347.5935
current_data: 2.5504, 82963, 0.0010, 0.0000
current_data: 2.4669, 233348, 31.9683, 53774.0577
current_data: 2.3890, 2571920, 8.8759, 12206.9448
current_data: 1.0564, 5025991, 5.0276, 3800.6467
current_data: 0.3844, 19488152, 77.0036, 16335.0935
current_data: 2.5492, 85211, 0.0011, 0.0000
current_data: 2.4661, 231194, 31.9680, 53879.6833
current_data: 2.3970, 2443269, 8.8814, 12113.8193
current_data: 1.0528, 5056375, 5.0802, 3857.5221
current_data: 0.3844, 19510096, 77.0264, 16385.0938
current_data: 2.5498, 82543, 0.0009, 0.0000
current_data: 2.4670, 227702, 31.9684, 53886.5583
current_data: 2.3896, 2480464, 8.9218, 12211.3199
current_data: 1.0544, 5044095, 5.1299, 3802.5218
current_data: 0.3844, 19512209, 77.0135, 16498.2194
current_data: 2.5501, 80537, 0.0008, 0.0000
current_data: 2.4675, 227362, 31.9699, 53909.6835
current_data: 2.3980, 2585381, 8.8869, 12228.8200
current_data: 1.0550, 5038030, 5.0748, 3763.7715
current_data: 0.3845, 19527176, 76.9925, 16443.8441
current_data: 2.5500, 80567, 0.0008, 0.0000
current_data: 2.4685, 224713, 31.9715, 54082.1845
current_data: 2.3582, 2391263, 9.3254, 12991.3243
current_data: 1.0505, 5059827, 5.1135, 3820.6469
current_data: 0.3843, 19588761, 77.0238, 16502.5944
current_data: 2.5484, 89722, 0.0014, 0.0000
current_data: 2.4682, 245193, 31.9668, 54247.8104
current_data: 2.3909, 2501867, 8.9102, 12187.5697
current_data: 1.0542, 5094789, 5.1090, 3811.2718
current_data: 0.3881, 18539266, 74.9901, 16616.3451
current_data: 2.5498, 84457, 0.0009, 0.0000
current_data: 2.4681, 230212, 31.9714, 54256.5605
current_data: 2.3943, 2515431, 8.8885, 12200.6948
current_data: 1.0554, 5063862, 5.0892, 3795.6467
current_data: 0.3846, 19626174, 76.9937, 16551.9697
current_data: 2.5502, 87391, 0.0011, 0.6250
current_data: 2.4710, 233565, 31.9689, 54284.0606
current_data: 2.3998, 2577002, 8.9014, 12257.5701
current_data: 1.0569, 5059210, 5.1425, 3936.8975
current_data: 0.3845, 19629410, 77.0008, 16490.0944
current_data: 2.5497, 83716, 0.0011, 0.0000
current_data: 2.3249, 251360, 26.3058, 44313.3786
current_data: 2.3767, 2666371, 9.2389, 12220.0699
current_data: 1.0574, 5075325, 5.1051, 3788.7717
current_data: 0.3844, 19615165, 77.0283, 16581.9699
current_data: 2.5503, 81823, 0.0009, 0.0000
current_data: 2.5453, 250914, 24.9762, 45377.1347
current_data: 2.4098, 2525752, 8.8392, 12221.9449
current_data: 1.0579, 5052424, 5.0869, 3857.5221
current_data: 0.3844, 19574375, 77.0356, 16541.3447
current_data: 2.5494, 81023, 0.0008, 0.0000
current_data: 2.5604, 246852, 24.9775, 45706.5115
current_data: 2.3977, 2575782, 8.8664, 12222.5699
current_data: 1.0578, 5051804, 5.0502, 3777.5216
current_data: 0.3842, 19591301, 77.0539, 16574.4698
current_data: 2.5493, 84663, 0.0011, 0.0000
current_data: 2.5634, 254737, 24.9729, 45799.6371
current_data: 2.4080, 2469225, 8.8689, 12182.5697
current_data: 1.0556, 5046125, 5.1733, 3851.2720
current_data: 0.3844, 19609745, 76.9834, 16462.5942
current_data: 2.5494, 92882, 0.0014, 0.0000
current_data: 2.5186, 260648, 24.9742, 44902.7569
current_data: 2.4056, 2518165, 8.8431, 12289.4453
current_data: 1.0560, 5075979, 5.1454, 3873.1472
current_data: 0.3843, 19603659, 77.0377, 16469.4692
current_data: 2.5496, 86533, 0.0011, 0.0000
current_data: 2.5038, 251433, 24.9765, 44686.5057
current_data: 2.4028, 2542003, 8.8564, 12240.0700
current_data: 1.0598, 5091451, 5.0553, 3870.0221
current_data: 0.3845, 19626282, 77.0179, 16544.4697
current_data: 2.5495, 80723, 0.0009, 0.0000
current_data: 2.5478, 244297, 24.9756, 45432.1350
current_data: 2.4083, 2561313, 8.8961, 12200.6948
current_data: 1.0555, 5063308, 5.2056, 3856.8971
current_data: 0.3845, 19603572, 77.0262, 16431.3440
current_data: 2.5502, 78976, 0.0008, 0.0000
current_data: 2.5642, 244506, 24.9725, 45736.5117
current_data: 2.4056, 2504003, 8.8542, 12215.0699
current_data: 1.0577, 5080931, 5.0857, 3831.2719
current_data: 0.3844, 19604907, 77.0483, 16473.8443
current_data: 2.5498, 79431, 0.0008, 0.0000
current_data: 2.2722, 270131, 29.2447, 46506.5161
current_data: 2.4043, 2565770, 8.8423, 12306.3204
current_data: 1.0546, 5065994, 5.0194, 3749.3965
current_data: 0.3842, 19566877, 77.0484, 16516.9695
current_data: 2.5509, 81139, 0.0009, 0.0000
current_data: 2.4661, 255840, 31.9668, 53980.3089
current_data: 2.3984, 2512040, 8.8687, 12073.1941
current_data: 1.0531, 5051992, 5.1274, 3845.0220
current_data: 0.3845, 19656368, 76.9981, 16526.3446
current_data: 2.5507, 80293, 0.0008, 0.0000
current_data: 2.4637, 249144, 31.9659, 54077.1844
current_data: 2.4001, 2510482, 8.8762, 12202.5698
current_data: 1.0545, 5061057, 5.0782, 3846.8970
current_data: 0.3844, 19618754, 77.0305, 16599.4700
current_data: 2.5495, 81722, 0.0009, 0.0000
current_data: 2.4644, 242850, 31.9662, 54154.6849
current_data: 2.4003, 2468682, 8.8962, 12234.4450
current_data: 1.0547, 5043491, 5.1413, 3965.0227
current_data: 0.3888, 18615162, 75.0620, 16655.7203
current_data: 2.5495, 81559, 0.0009, 0.0000
current_data: 2.4636, 246068, 31.9663, 54212.1852
current_data: 2.4005, 2509232, 8.8711, 12251.9451
current_data: 1.0542, 5072386, 5.1271, 3846.2720
current_data: 0.3845, 19648438, 77.0048, 16555.0947
current_data: 2.5497, 81633, 0.0009, 0.0000
current_data: 2.4653, 249684, 31.9663, 54284.0606
current_data: 2.3876, 2483384, 8.9054, 12166.3196
current_data: 1.0550, 5040859, 5.0555, 3785.0217
current_data: 0.3845, 19618816, 77.0048, 16492.5944
current_data: 2.5510, 79947, 0.0009, 0.0000
current_data: 2.4675, 243634, 31.9694, 54208.4352
current_data: 2.3755, 2469726, 8.8524, 12089.4442
current_data: 1.0549, 5078228, 5.0820, 3857.5221
current_data: 0.3844, 19617120, 77.0123, 16546.9697
current_data: 2.5509, 80798, 0.0008, 0.0000
current_data: 2.4663, 237363, 31.9705, 54194.6851
current_data: 2.3766, 2542168, 8.9745, 12177.5697
current_data: 1.0515, 5080057, 5.1743, 3975.6477
current_data: 0.3843, 19604486, 77.0257, 16529.4696
current_data: 2.5493, 85259, 0.0011, 0.0000
current_data: 2.3414, 246138, 32.1961, 52166.5485
current_data: 2.3763, 2490804, 8.8426, 12097.5692
current_data: 1.0633, 5098128, 5.0472, 3887.5222
current_data: 0.3848, 19624313, 77.0595, 16564.4698
current_data: 2.5489, 87149, 0.0013, 0.0000
current_data: 2.1763, 253356, 34.2674, 46110.2638
current_data: 2.3872, 2448797, 8.9392, 12155.6946
current_data: 1.0646, 5119894, 5.1539, 3913.1474
current_data: 0.3849, 19658132, 77.0473, 16635.7202
current_data: 2.5511, 83930, 0.0011, 0.0000
current_data: 2.1759, 239436, 34.2672, 46139.6390
current_data: 2.3861, 2453756, 8.8306, 12164.4446
current_data: 1.0641, 5114466, 5.1186, 3870.6471
current_data: 0.3852, 19643205, 77.0152, 16401.3438
current_data: 2.5500, 79422, 0.0008, 0.0000
current_data: 2.1158, 242537, 34.4375, 45289.6341
current_data: 2.3918, 2431544, 8.9006, 12103.1943
current_data: 1.0437, 4996028, 5.1409, 3840.6470
current_data: 0.3837, 19553091, 77.0352, 16426.9690
current_data: 2.5496, 83824, 0.0009, 0.0000
current_data: 1.6872, 5727850, 33.6809, 50693.4151
current_data: 2.3552, 2495823, 8.9262, 12063.1940
current_data: 1.0459, 5016794, 5.0866, 3803.7718
current_data: 0.3837, 19499936, 77.0417, 16313.2183
current_data: 2.5494, 80077, 0.0009, 0.0000
current_data: 2.6877, 354480, 25.6093, 53809.0579
current_data: 2.3602, 2464798, 8.9287, 12035.0689
current_data: 1.0558, 5043473, 5.1345, 3902.5223
current_data: 0.3842, 19538286, 77.0378, 16396.3438
current_data: 2.5499, 79203, 0.0007, 0.0000
current_data: 2.7252, 296862, 25.1457, 49052.7807
current_data: 2.3771, 2562349, 8.8917, 12214.4449
current_data: 1.0335, 4956694, 5.0450, 3761.8965
current_data: 0.3830, 19484380, 77.0309, 16413.2189
current_data: 2.5502, 79386, 0.0008, 0.0000
current_data: 2.2454, 251914, 26.4134, 57526.5792
current_data: 2.3322, 2489832, 8.9024, 11995.6936
current_data: 1.0244, 4877880, 5.1032, 3746.8964
current_data: 0.3826, 19491520, 77.0212, 16534.4696
current_data: 2.5496, 81942, 0.0008, 0.0000
current_data: 2.2208, 223496, 26.4859, 60419.7207
current_data: 2.3265, 2450223, 8.9855, 11906.9431
current_data: 1.0171, 4835848, 5.1800, 3765.6465
current_data: 0.3825, 19559132, 77.0260, 16493.8444
current_data: 2.5492, 86644, 0.0012, 0.0000
current_data: 2.2187, 235220, 26.4849, 60583.4717
current_data: 2.3316, 2426864, 8.9014, 11920.6932
current_data: 1.0506, 5024588, 5.1469, 3828.7719
current_data: 0.3843, 19585482, 77.0146, 16541.3447
current_data: 2.5499, 86365, 0.0010, 0.0000
current_data: 2.4661, 242497, 31.9687, 54137.8098
current_data: 2.3702, 2522619, 8.9118, 12148.8195
current_data: 1.0546, 5043864, 5.0683, 3870.0221
current_data: 0.3879, 18461636, 74.9770, 16575.0948
current_data: 2.5484, 81137, 0.0009, 0.0000
current_data: 2.4647, 235554, 31.9697, 53974.0588
current_data: 2.3702, 2509719, 8.9139, 12091.3192
current_data: 1.0557, 5047474, 5.1219, 3815.6468
current_data: 0.3845, 19603335, 77.0017, 16528.8446
current_data: 2.5497, 81937, 0.0008, 0.0000
current_data: 2.4655, 233031, 31.9691, 54062.1843
current_data: 2.3617, 2517452, 8.8361, 12097.5692
current_data: 1.0515, 5037697, 5.2094, 3911.8974
current_data: 0.3844, 19590041, 77.0036, 16500.0944
current_data: 2.5491, 83524, 0.0011, 0.0000
current_data: 2.4650, 240795, 31.9663, 53822.1830
current_data: 2.3784, 2429251, 8.9221, 12092.5692
current_data: 1.0525, 5053034, 5.1504, 3869.3971
current_data: 0.3842, 19563946, 77.0387, 16542.5947
current_data: 2.5491, 87581, 0.0013, 0.0000
current_data: 2.4653, 242409, 31.9678, 53933.4336
current_data: 2.3746, 2524668, 8.8934, 12108.1943
current_data: 1.0518, 5035650, 5.2007, 3948.7726
current_data: 0.3841, 19537206, 77.0417, 16513.8445
current_data: 2.5485, 90859, 0.0015, 0.0000
current_data: 2.4668, 246982, 31.9684, 53915.9335
current_data: 2.3709, 2476230, 8.9062, 12095.6942
current_data: 1.0533, 5052331, 5.0778, 3832.5219
current_data: 0.3842, 19530499, 77.0544, 16545.0947
current_data: 2.5498, 81447, 0.0010, 0.6250
current_data: 2.4691, 238053, 31.9686, 53922.8085
current_data: 2.3716, 2514461, 8.9175, 12091.3192
current_data: 1.0543, 5066282, 5.1206, 3951.8976
current_data: 0.3843, 19602143, 77.0163, 16469.4692
current_data: 2.5496, 83540, 0.0010, 0.0000
current_data: 2.4669, 237682, 31.9698, 54066.5594
current_data: 2.3742, 2503622, 8.8863, 12098.1942
current_data: 1.0573, 5063799, 5.0875, 3888.7723
current_data: 0.3844, 19502404, 77.0275, 16316.3434
current_data: 2.5497, 83937, 0.0010, 0.0000
current_data: 2.3161, 252353, 28.6212, 47128.3947
current_data: 2.3799, 2524456, 8.8701, 12085.6942
current_data: 1.0617, 5059101, 5.0383, 3928.7725
current_data: 0.3845, 19606392, 77.0217, 16482.5943
current_data: 2.5495, 80613, 0.0008, 0.0000
current_data: 2.5483, 244771, 24.9763, 45428.3849
current_data: 2.3814, 2593248, 8.9048, 12273.1952
current_data: 1.0580, 5067741, 5.0732, 3851.2720
current_data: 0.3846, 19618791, 77.0054, 16485.7193
current_data: 2.5501, 80299, 0.0007, 0.0000
current_data: 2.5430, 251009, 24.9737, 45483.3853
current_data: 2.3915, 2532110, 8.8251, 12208.1949
current_data: 1.0597, 5108688, 5.0792, 3906.2724
current_data: 0.3845, 19685766, 77.0092, 16541.3447
current_data: 2.5505, 80110, 0.0008, 0.0000
current_data: 2.5608, 243491, 24.9750, 45895.8876
current_data: 2.3816, 2615129, 8.8478, 12238.8200
current_data: 1.0519, 5020403, 5.1784, 3932.5225
current_data: 0.3843, 19710841, 77.0167, 16669.4704
current_data: 2.5490, 91192, 0.0015, 0.0000
current_data: 2.5561, 247292, 24.9803, 45825.2622
current_data: 2.3826, 2440352, 8.8441, 12146.9445
current_data: 1.0561, 5062213, 5.1024, 3860.6471
current_data: 0.3847, 19729173, 76.9715, 16570.7198
current_data: 2.5496, 88192, 0.0013, 0.0000
current_data: 2.4704, 252119, 24.9741, 44408.3791
current_data: 2.3873, 2571703, 8.8202, 12215.6949
current_data: 1.0555, 5112346, 5.1636, 3838.1470
current_data: 0.3843, 19691519, 77.0580, 16616.9701
current_data: 2.5503, 79332, 0.0008, 0.0000
current_data: 2.5516, 243545, 24.9769, 45710.2616
current_data: 2.3808, 2564407, 8.8173, 12189.4447
current_data: 1.0564, 5078695, 5.1061, 3946.8976
current_data: 0.3884, 18622548, 75.0369, 16768.2209
current_data: 2.5492, 81561, 0.0008, 0.0000
current_data: 2.5614, 240226, 24.9762, 45881.5125
current_data: 2.3857, 2592277, 8.8315, 12223.1949
current_data: 1.0580, 5098598, 5.1338, 3938.1475
current_data: 0.3846, 19754017, 77.0171, 16681.9705
current_data: 2.5491, 85307, 0.0010, 0.0000
current_data: 2.2944, 268552, 27.3065, 43947.1265
current_data: 2.3883, 2551905, 8.8998, 12218.1949
current_data: 1.0536, 5064325, 5.0868, 3841.2720
current_data: 0.3844, 19735375, 77.0035, 16613.2201
current_data: 2.5490, 88938, 0.0012, 0.0000
current_data: 2.4622, 267761, 31.9656, 54301.5607
current_data: 2.3766, 2589285, 8.8515, 12231.9450
current_data: 1.0531, 5061508, 5.1251, 3863.7721
current_data: 0.3843, 19737098, 77.0276, 16578.2199
current_data: 2.5486, 85943, 0.0011, 0.0000
current_data: 2.4619, 258142, 31.9667, 54381.5612
current_data: 2.3772, 2600331, 8.8883, 12304.4454
current_data: 1.0533, 5069387, 5.0485, 3854.3971
current_data: 0.3844, 19694788, 77.0327, 16683.8455
current_data: 2.5502, 80586, 0.0007, 0.0000
current_data: 2.4638, 244020, 31.9672, 54377.8112
current_data: 2.3813, 2572593, 8.9145, 12255.0701
current_data: 1.0553, 5109781, 5.1901, 4001.8979
current_data: 0.3843, 19711897, 77.0375, 16708.2206
current_data: 2.5493, 85099, 0.0010, 0.0000
current_data: 2.4646, 247349, 31.9670, 54454.6866
current_data: 2.3521, 2557688, 9.3789, 12560.0719
current_data: 1.0564, 5112572, 5.0622, 3915.0224
current_data: 0.3845, 19717803, 77.0120, 16517.5945
current_data: 2.5506, 79615, 0.0008, 0.0000
current_data: 2.4660, 241387, 31.9691, 54547.8121
current_data: 2.3824, 2607779, 8.8310, 12249.4451
current_data: 1.0552, 5082655, 5.0494, 3819.3969
current_data: 0.3840, 19640388, 77.0549, 16509.4695
current_data: 2.5492, 83194, 0.0010, 0.0000
current_data: 2.4677, 245095, 31.9683, 54417.8114
current_data: 2.3846, 2617117, 8.8420, 12288.1953
current_data: 1.0533, 5050916, 5.1211, 3990.6478
current_data: 0.3845, 19707593, 77.0106, 16537.5946
current_data: 2.5493, 80805, 0.0009, 0.0000
current_data: 2.4659, 233844, 31.9685, 54419.0614
current_data: 2.3786, 2616383, 8.8769, 12281.3203
current_data: 1.0486, 5074866, 5.1076, 3806.8968
current_data: 0.3843, 19744285, 76.9894, 16550.7197
current_data: 2.5466, 90751, 0.0014, 0.0000
current_data: 2.4649, 252317, 31.9674, 54526.5620
current_data: 2.3795, 2586355, 8.9088, 12298.8204
current_data: 1.0621, 5119275, 5.1739, 3910.6474
current_data: 0.3851, 19747230, 77.0170, 16603.2200
current_data: 2.5493, 81771, 0.0009, 0.0000
current_data: 2.0210, 243592, 35.2818, 45236.5088
current_data: 2.3927, 2591285, 8.8774, 12288.1953
current_data: 1.0653, 5136556, 5.0708, 3888.1472
current_data: 0.3851, 19721453, 77.0154, 16650.7203
current_data: 2.5498, 82679, 0.0009, 0.0000
current_data: 2.1765, 226258, 34.2677, 46282.7648
current_data: 2.3915, 2554149, 8.9210, 12318.1955
current_data: 1.0660, 5135353, 5.0876, 3956.8976
current_data: 0.3853, 19792095, 76.9916, 16697.5955
current_data: 2.5499, 83239, 0.0010, 0.0000
current_data: 2.1773, 230296, 34.2647, 46387.7654
current_data: 2.3957, 2523965, 8.8968, 12267.5702
current_data: 1.0493, 5084213, 5.1525, 3915.6474
current_data: 0.3840, 19667046, 77.0190, 16516.3445
current_data: 2.5485, 86723, 0.0012, 0.6250
current_data: 1.8596, 5688235, 31.8386, 49277.1570
current_data: 2.3733, 2433749, 8.8892, 12106.9443
current_data: 1.0412, 5040006, 5.0884, 3854.3971
current_data: 0.3865, 18528518, 74.9558, 16640.0952
current_data: 2.5487, 85062, 0.0011, 0.0000
current_data: 2.6250, 404839, 25.6802, 55271.5663
current_data: 2.3617, 2513429, 8.9013, 12103.1943
current_data: 1.0545, 5131355, 5.1199, 3793.1467
current_data: 0.3844, 19749944, 76.9829, 16560.7198
current_data: 2.5477, 89564, 0.0013, 0.0000
current_data: 2.7355, 296725, 25.2042, 49779.6598
current_data: 2.3872, 2486384, 8.8722, 12173.1947
current_data: 1.0359, 5027065, 5.0724, 3850.0220
current_data: 0.3831, 19698009, 77.0339, 16544.4697
current_data: 2.5495, 82291, 0.0009, 0.0000
current_data: 2.2830, 245427, 26.2801, 57329.7030
current_data: 2.3475, 2565210, 8.8858, 12116.3193
current_data: 1.0252, 4978249, 5.1150, 3763.1465
current_data: 0.3828, 19674735, 77.0102, 16568.8448
current_data: 2.5494, 79328, 0.0008, 0.0000
current_data: 2.2224, 220149, 26.4884, 61003.4741
current_data: 2.3389, 2499502, 8.9213, 12118.8193
current_data: 1.0259, 4949961, 5.0463, 3836.8970
current_data: 0.3828, 19668987, 77.0336, 16558.8448
current_data: 2.5498, 80710, 0.0008, 0.0000
current_data: 2.2222, 225183, 26.4870, 61020.3492
current_data: 2.3435, 2376703, 8.8899, 11913.1932
current_data: 1.0529, 5114023, 5.1132, 3910.6474
current_data: 0.3842, 19747214, 77.0564, 16783.8460
current_data: 2.5504, 81071, 0.0009, 0.0000
current_data: 2.4693, 228974, 31.9701, 54669.0628
current_data: 2.3836, 2555251, 8.9497, 12300.6954
current_data: 1.0525, 5048618, 5.1296, 3941.8976
current_data: 0.3844, 19725781, 77.0279, 16580.7199
current_data: 2.5502, 78822, 0.0008, 0.0000
current_data: 2.4679, 231489, 31.9700, 54385.9362
current_data: 2.3913, 2457223, 8.8830, 12191.3198
current_data: 1.0561, 5098104, 5.0905, 3883.7722
current_data: 0.3844, 19718317, 77.0313, 16535.0946
current_data: 2.5500, 79345, 0.0008, 0.0000
current_data: 2.4671, 224848, 31.9713, 54358.4360
current_data: 2.3871, 2566152, 8.8131, 12221.3199
current_data: 1.0511, 5065355, 5.1577, 3839.3970
current_data: 0.3845, 19751643, 77.0159, 16673.8454
current_data: 2.5512, 80755, 0.0008, 0.0000
current_data: 2.4665, 229322, 31.9697, 54379.0612
current_data: 2.3810, 2624198, 8.8653, 12252.5701
current_data: 1.0527, 5065159, 5.1062, 3835.6469
current_data: 0.3844, 19708110, 77.0143, 16588.2199
current_data: 2.5493, 86556, 0.0012, 0.0000
current_data: 2.4652, 235290, 31.9699, 54390.9362
current_data: 2.3904, 2447527, 8.8594, 12243.1951
current_data: 1.0512, 5057193, 5.1912, 3989.3978
current_data: 0.3844, 19713027, 77.0128, 16502.5944
current_data: 2.5490, 85728, 0.0012, 0.0000
current_data: 2.4685, 234723, 31.9698, 54525.3120
current_data: 2.3868, 2504973, 8.8252, 12143.8195
current_data: 1.0511, 5042194, 5.1498, 4003.7729
current_data: 0.3842, 19733542, 77.0392, 16650.7203
current_data: 2.5487, 89944, 0.0013, 0.0000
current_data: 2.4685, 236457, 31.9688, 54572.1873
current_data: 2.3856, 2607619, 8.8207, 12221.9449
current_data: 1.0506, 5089689, 5.1563, 3925.6475
current_data: 0.3844, 19768393, 77.0140, 16675.0954
current_data: 2.5490, 86438, 0.0012, 0.0000
current_data: 2.4683, 235001, 31.9695, 54640.9377
current_data: 2.3835, 2591142, 8.8862, 12288.1953
current_data: 1.0498, 4723276, 5.2053, 3713.7713
current_data: 0.3842, 19690654, 77.0184, 16630.7202
current_data: 2.5491, 90918, 0.0015, 0.0000
current_data: 2.3248, 272359, 27.8211, 46660.8920
current_data: 2.3538, 2564044, 9.5298, 12686.9476
current_data: 1.0532, 5009092, 5.2038, 3855.6471
current_data: 0.3879, 18653009, 75.0367, 16719.4707
current_data: 2.5488, 93626, 0.0016, 0.0000
current_data: 2.5521, 257579, 24.9760, 45824.6372
current_data: 2.3968, 2573579, 8.9076, 12352.5707
current_data: 1.0576, 5094776, 5.0715, 3781.2716
current_data: 0.3846, 19764120, 77.0021, 16646.9703
current_data: 2.5511, 83491, 0.0010, 0.0000
current_data: 2.5508, 242962, 24.9751, 45736.5117
current_data: 2.3971, 2547150, 8.8487, 12265.6952
current_data: 1.0580, 5115518, 5.0891, 3897.5223
current_data: 0.3845, 19764981, 77.0083, 16686.9705
current_data: 2.5497, 85642, 0.0011, 0.0000
current_data: 2.5547, 247429, 24.9723, 45864.6374
current_data: 2.3922, 2521067, 8.8951, 12345.6956
current_data: 1.0589, 5122309, 5.1329, 3811.8968
current_data: 0.3846, 19776190, 77.0161, 16677.5954
current_data: 2.5498, 83073, 0.0010, 0.0000
current_data: 2.5627, 236265, 24.9765, 46137.7640
current_data: 2.3603, 2617259, 9.4670, 12183.1947
current_data: 1.0598, 5106052, 5.1099, 3950.6476
current_data: 0.3845, 19731539, 77.0419, 16682.5955
current_data: 2.5497, 81074, 0.0008, 0.0000
current_data: 2.4908, 236795, 24.9756, 44794.0063
current_data: 2.3982, 2529378, 8.9024, 12270.6952
current_data: 1.0606, 5103192, 5.0308, 3795.0217
current_data: 0.3844, 19679369, 77.0645, 16745.7208
current_data: 2.5498, 80714, 0.0008, 0.0000
current_data: 2.5433, 239611, 24.9764, 45669.6363
current_data: 2.4005, 2492201, 8.8702, 12146.9445
current_data: 1.0562, 5101925, 5.0325, 3864.3971
current_data: 0.3844, 19724810, 77.0329, 16628.2201
current_data: 2.5488, 88212, 0.0012, 0.0000
current_data: 2.5586, 244557, 24.9734, 45892.7626
current_data: 2.3971, 2648165, 8.8314, 12287.5703
current_data: 1.0588, 5121090, 5.0760, 3847.5220
current_data: 0.3845, 19710000, 77.0181, 16536.3446
current_data: 2.5492, 90914, 0.0014, 0.0000
current_data: 2.2799, 277651, 28.4720, 45488.3853
current_data: 2.3948, 2557894, 8.9070, 12355.6957
current_data: 1.0525, 5101772, 5.1944, 3943.7726
current_data: 0.3843, 19751163, 77.0169, 16613.2201
current_data: 2.5496, 87157, 0.0012, 0.0000
current_data: 2.4648, 262442, 31.9678, 54554.6872
current_data: 2.3878, 2636506, 8.8324, 12239.4450
current_data: 1.0517, 5073141, 5.1074, 3975.6477
current_data: 0.3844, 19712635, 77.0005, 16478.8443
current_data: 2.5487, 88493, 0.0012, 0.0000
current_data: 2.4622, 260053, 31.9657, 54324.6858
current_data: 2.3824, 2611024, 8.8466, 12222.5699
current_data: 1.0526, 5086430, 5.1214, 3816.2718
current_data: 0.3845, 19757558, 77.0012, 16628.2201
current_data: 2.5492, 81430, 0.0009, 0.0000
current_data: 2.4624, 250157, 31.9673, 54472.8117
current_data: 2.3893, 2640219, 8.8424, 12319.4455
current_data: 1.0527, 5112547, 5.1319, 3907.5224
current_data: 0.3843, 19761294, 77.0301, 16737.5958
current_data: 2.5499, 85303, 0.0011, 0.0000
current_data: 2.4613, 253811, 31.9668, 54480.3117
current_data: 2.3862, 2598560, 8.9409, 12369.4458
current_data: 1.0526, 5034604, 5.0952, 3797.5217
current_data: 0.3844, 19635002, 76.9957, 16500.7194
current_data: 2.5482, 91097, 0.0014, 0.0000
current_data: 2.4616, 260165, 31.9658, 54200.9351
current_data: 2.3701, 2557716, 8.8858, 12245.6951
current_data: 1.0517, 5060111, 5.0547, 3832.5219
current_data: 0.3843, 19704249, 77.0060, 16646.3453
current_data: 2.5480, 91348, 0.0014, 0.0000
current_data: 2.4641, 264242, 31.9659, 54259.0605
current_data: 2.3873, 2479546, 8.9344, 12233.8200
current_data: 1.0519, 5041724, 5.1413, 3881.2722
current_data: 0.3880, 18627762, 75.0125, 16657.5953
current_data: 2.5496, 82312, 0.0009, 0.0000
current_data: 2.4644, 246062, 31.9665, 54328.4359
current_data: 2.3897, 2524556, 8.9238, 12297.5704
current_data: 1.0534, 5069488, 5.0762, 3765.6465
current_data: 0.3845, 19741194, 77.0044, 16638.8452
current_data: 2.5517, 82470, 0.0009, 0.0000
current_data: 2.3884, 233331, 31.9027, 52679.6764
current_data: 2.3927, 2473805, 8.9004, 12210.0699
current_data: 1.0595, 4799486, 5.1735, 3735.0214
current_data: 0.3852, 19771275, 77.0008, 16616.3451
current_data: 2.5496, 88119, 0.0011, 0.0000
current_data: 2.1755, 249393, 34.2677, 46377.1404
current_data: 2.3640, 2535605, 9.4758, 12217.5699
current_data: 1.0615, 5144243, 5.2421, 4073.7733
current_data: 0.3852, 19785181, 77.0276, 16705.0956
current_data: 2.5492, 80609, 0.0008, 0.0000
current_data: 2.1761, 238840, 34.2665, 46416.5156
current_data: 2.4103, 2574868, 8.8676, 12356.9457
current_data: 1.0652, 5137419, 5.1007, 3871.8972
current_data: 0.3851, 19736334, 77.0316, 16686.9705
current_data: 2.5503, 82852, 0.0009, 0.0000
current_data: 2.1175, 247312, 34.4324, 45493.3853
current_data: 2.4049, 2558570, 8.9192, 12369.4458
current_data: 1.0450, 5061751, 5.0456, 3839.3970
current_data: 0.3835, 19686524, 77.0588, 16699.4706
current_data: 2.5494, 79718, 0.0008, 0.0000
current_data: 1.6958, 5722182, 33.4267, 51549.6700
current_data: 2.3685, 2601341, 8.9394, 12276.9452
current_data: 1.0469, 5032155, 5.0317, 3895.6473
current_data: 0.3838, 19719051, 77.0274, 16568.8448
current_data: 2.5497, 80808, 0.0008, 0.0000
current_data: 2.7079, 345709, 25.5855, 54022.8091
current_data: 2.3753, 2584263, 8.8681, 12204.4448
current_data: 1.0530, 5113822, 5.1346, 3890.0223
current_data: 0.3842, 19734501, 77.0501, 16583.2199
current_data: 2.5507, 81025, 0.0009, 0.0000
current_data: 2.7182, 310588, 25.1089, 49339.0323
current_data: 2.3956, 2466979, 8.8499, 12161.9446
current_data: 1.0297, 4986653, 5.1097, 3811.2718
current_data: 0.3830, 19677350, 77.0243, 16564.4698
current_data: 2.5505, 80320, 0.0008, 0.0000
current_data: 2.2081, 240334, 26.5675, 59075.3380
current_data: 2.3488, 2571414, 8.8544, 12128.8194
current_data: 1.0247, 4711625, 5.1145, 3646.8959
current_data: 0.3828, 19628767, 77.0158, 16454.4692
current_data: 2.5499, 79673, 0.0008, 0.0000
current_data: 2.2237, 219487, 26.4888, 61021.5992
current_data: 2.3459, 2547325, 8.8558, 12055.6940
current_data: 1.0240, 4919340, 5.1218, 3773.1466
current_data: 0.3828, 19674135, 77.0237, 16556.9697
current_data: 2.5497, 81460, 0.0008, 0.0000
current_data: 2.2147, 228886, 26.7113, 60293.4700
current_data: 2.3471, 2566928, 8.9088, 12105.6943
current_data: 1.0517, 5120174, 5.1458, 3948.1476
current_data: 0.3844, 19765401, 77.0050, 16608.2200
current_data: 2.5487, 90451, 0.0014, 0.0000
current_data: 2.4673, 248515, 31.9679, 54677.8129
current_data: 2.3669, 2739473, 9.1135, 12333.1956
current_data: 1.0558, 5105569, 5.0262, 3840.6470
current_data: 0.3845, 19783590, 76.9700, 16603.8450
current_data: 2.5481, 89338, 0.0014, 0.0000
current_data: 2.4667, 242667, 31.9679, 54519.6870
current_data: 2.3879, 2660403, 8.8895, 12314.4455
current_data: 1.0563, 5081492, 5.0691, 3811.2718
current_data: 0.3843, 19737168, 77.0324, 16614.4701
current_data: 2.5502, 81738, 0.0008, 0.0000
current_data: 2.4671, 227304, 31.9693, 54580.3123
current_data: 2.3960, 2554710, 8.8919, 12293.8203
current_data: 1.0519, 5068950, 5.1594, 3904.3973
current_data: 0.3881, 18644231, 75.0146, 16733.2207
current_data: 2.5498, 83159, 0.0010, 0.0000
current_data: 2.4682, 226921, 31.9684, 54509.0619
current_data: 2.3996, 2489427, 8.8584, 12194.4448
current_data: 1.0541, 5065832, 5.1453, 3980.6478
current_data: 0.3844, 19701306, 77.0094, 16576.3449
current_data: 2.5502, 82187, 0.0010, 0.0000
current_data: 2.4683, 229179, 31.9719, 54494.6868
current_data: 2.3985, 2463080, 8.8351, 12167.5696
current_data: 1.0535, 5111120, 5.1294, 3933.1475
current_data: 0.3843, 19725808, 77.0368, 16609.4700
current_data: 2.5507, 81957, 0.0009, 0.0000
current_data: 2.4697, 231764, 31.9715, 54570.3123
current_data: 2.3977, 2539742, 8.9091, 12274.4452
current_data: 1.0544, 5119036, 5.1930, 4006.2729
current_data: 0.3844, 19740511, 77.0234, 16663.2203
current_data: 2.5513, 81422, 0.0009, 0.0000
current_data: 2.4711, 229623, 31.9695, 54633.4376
current_data: 2.3976, 2481634, 8.8477, 12143.8195
current_data: 1.0508, 5082845, 5.1769, 3995.0229
current_data: 0.3843, 19721655, 77.0505, 16665.0954
current_data: 2.5504, 86103, 0.0010, 0.6250
current_data: 2.4699, 237918, 31.9687, 54622.1876
current_data: 2.3949, 2649396, 8.8160, 12267.5702
current_data: 1.0567, 4945962, 5.2063, 3813.1468
current_data: 0.3844, 19701711, 77.0348, 16620.0951
current_data: 2.5497, 80955, 0.0009, 0.0000
current_data: 2.3355, 247951, 26.7829, 45488.3853
current_data: 2.4070, 2566288, 8.8660, 12331.9456
current_data: 1.0573, 5120260, 5.1992, 4028.7731
current_data: 0.3846, 19708066, 77.0196, 16663.8454
current_data: 2.5499, 81640, 0.0009, 0.0000
current_data: 2.5436, 246774, 24.9772, 45688.3864
current_data: 2.3998, 2645192, 8.8815, 12286.9453
current_data: 1.0587, 5116481, 5.1118, 3809.3968
current_data: 0.3844, 19711793, 77.0402, 16560.0948
current_data: 2.5502, 81716, 0.0008, 0.0000
current_data: 2.5673, 241596, 24.9782, 46192.1393
current_data: 2.4072, 2583901, 8.8895, 12362.5707
current_data: 1.0562, 5063424, 5.1337, 3907.5224
current_data: 0.3845, 19615220, 77.0637, 16460.0942
current_data: 2.5501, 81616, 0.0009, 0.0000
current_data: 2.5657, 243047, 24.9728, 46009.6383
current_data: 2.4023, 2574566, 8.8777, 12349.4457
current_data: 1.0581, 5119597, 5.1079, 3970.0227
current_data: 0.3844, 19735415, 77.0193, 16572.5948
current_data: 2.5489, 83355, 0.0010, 0.0000
current_data: 2.5352, 245794, 24.9749, 45718.3866
current_data: 2.4054, 2524900, 8.9048, 12283.8203
current_data: 1.0503, 5005554, 5.2964, 4006.2729
current_data: 0.3843, 19726473, 77.0060, 16585.7199
current_data: 2.5478, 95626, 0.0017, 0.0000
current_data: 2.4975, 262052, 24.9737, 44952.1322
current_data: 2.3727, 2417419, 9.2694, 12953.8241
current_data: 1.0566, 5099188, 5.0988, 3969.3977
current_data: 0.3844, 19752025, 77.0168, 16643.8452
current_data: 2.5486, 89186, 0.0014, 0.0000
current_data: 2.5390, 254980, 24.9751, 45685.2614
current_data: 2.4060, 2510732, 8.8544, 12224.4449
current_data: 1.0556, 5112840, 5.0396, 3915.0224
current_data: 0.3845, 19767553, 77.0112, 16635.0952
current_data: 2.5490, 83077, 0.0009, 0.0000
current_data: 2.5606, 245537, 24.9729, 45990.2632
current_data: 2.4046, 2658425, 8.8357, 12358.8207
current_data: 1.0575, 5134218, 5.1579, 3914.3974
current_data: 0.3845, 19750826, 77.0275, 16660.0953
current_data: 2.5500, 82069, 0.0008, 0.0000
current_data: 2.2672, 263803, 29.5220, 46524.0162
current_data: 2.4087, 2584158, 8.8659, 12348.1957
current_data: 1.0534, 5084159, 5.1143, 3961.8977
current_data: 0.3881, 18672554, 75.0103, 16730.7207
current_data: 2.5495, 83886, 0.0009, 0.0000
current_data: 2.4635, 253217, 31.9684, 54431.5615
current_data: 2.3680, 2603614, 9.3583, 12190.0698
current_data: 1.0541, 5059628, 5.1082, 3895.6473
current_data: 0.3844, 19710590, 76.9925, 16589.4699
current_data: 2.5485, 87643, 0.0012, 0.0000
current_data: 2.4634, 252091, 31.9681, 54254.6854
current_data: 2.3970, 2554654, 8.9202, 12338.8206
current_data: 1.0534, 5071248, 5.0443, 3875.0222
current_data: 0.3845, 19748949, 77.0094, 16620.7201
current_data: 2.5502, 80972, 0.0008, 0.0000
current_data: 2.4637, 246356, 31.9686, 54472.8117
current_data: 2.4013, 2510599, 8.8935, 12293.8203
current_data: 1.0544, 5065767, 5.0483, 3964.3977
current_data: 0.3844, 19751193, 77.0151, 16741.9708
current_data: 2.5492, 81234, 0.0009, 0.0000
current_data: 2.4643, 243683, 31.9690, 54487.1868
current_data: 2.3974, 2596993, 8.8066, 12254.4451
current_data: 1.0529, 5070118, 5.1126, 3821.2719
current_data: 0.3844, 19654221, 77.0258, 16557.5947
current_data: 2.5501, 88200, 0.0012, 0.0000
current_data: 2.4662, 252771, 31.9687, 54237.1853
current_data: 2.4002, 2616416, 8.7923, 12265.6952
current_data: 1.0532, 5078256, 5.0909, 3909.3974
current_data: 0.3843, 19725153, 77.0396, 16715.7206
current_data: 2.5501, 84375, 0.0010, 0.0000
current_data: 2.4666, 248975, 31.9698, 54520.3120
current_data: 2.3979, 2507063, 8.8892, 12230.6950
current_data: 1.0564, 5087300, 5.0624, 3855.6471
current_data: 0.3842, 19733829, 77.0531, 16701.9706
current_data: 2.5498, 83738, 0.0009, 0.0000
current_data: 2.4664, 250251, 31.9676, 54583.4373
current_data: 2.3999, 2498533, 8.8532, 12190.6948
current_data: 1.0555, 5083450, 5.1247, 3876.2722
current_data: 0.3843, 19721568, 77.0380, 16579.4699
current_data: 2.5501, 85891, 0.0009, 0.6250
current_data: 2.2278, 258777, 33.0871, 51272.7934
current_data: 2.3930, 2505777, 8.8205, 12184.4447
current_data: 1.0616, 5148105, 5.1960, 4051.2732
current_data: 0.3852, 19778559, 77.0057, 16610.0950
current_data: 2.5491, 88676, 0.0013, 0.0000
current_data: 2.1755, 245993, 34.2668, 46318.3900
current_data: 2.4060, 2682149, 8.8209, 12378.1958
current_data: 1.0626, 5138120, 5.1252, 3961.8977
current_data: 0.3850, 19741020, 77.0291, 16608.2200
current_data: 2.5482, 88909, 0.0014, 0.0000
current_data: 2.1747, 251941, 34.2654, 46318.3900
current_data: 2.3905, 2679575, 8.8730, 12303.8204
current_data: 1.0591, 5059925, 5.1246, 3933.1475
current_data: 0.3851, 19747066, 77.0039, 16525.0946
current_data: 2.5493, 90963, 0.0015, 0.0000
current_data: 2.1155, 269199, 34.3616, 45340.2594
current_data: 2.4070, 2602143, 8.8950, 12371.3208
current_data: 1.0351, 4945708, 5.1311, 3894.3973
current_data: 0.3832, 19670461, 77.0276, 16573.8448
current_data: 2.5493, 84297, 0.0012, 0.0000
current_data: 1.7007, 5774563, 31.9762, 53549.0564
current_data: 2.3667, 2529654, 8.8928, 12198.1948
current_data: 1.0504, 5094212, 5.1339, 3912.5224
current_data: 0.3842, 19725384, 76.9913, 16603.8450
current_data: 2.5505, 81237, 0.0008, 0.0000
current_data: 2.7890, 300674, 25.4917, 52656.5513
current_data: 2.4035, 2540680, 8.8230, 12219.4449
current_data: 1.0523, 5086064, 5.2628, 4050.6482
current_data: 0.3844, 19695160, 77.0193, 16587.5949
current_data: 2.5499, 80605, 0.0009, 0.0000
current_data: 2.7554, 284226, 24.8454, 49192.7815
current_data: 2.3708, 2571982, 9.3747, 12208.1949
current_data: 1.0249, 4924177, 5.1724, 3791.8967
current_data: 0.3875, 18577062, 75.0989, 16624.4701
current_data: 2.5496, 80515, 0.0008, 0.0000
current_data: 2.2186, 225620, 26.4896, 60622.2219
current_data: 2.3469, 2529627, 8.9442, 12115.6943
current_data: 1.0271, 4932335, 4.9985, 3745.6464
current_data: 0.3827, 19661098, 77.0228, 16596.3450
current_data: 2.5513, 79960, 0.0008, 0.0000
current_data: 2.2237, 221061, 26.4881, 60992.8490
current_data: 2.3569, 2458449, 8.9215, 12065.0690
current_data: 1.0315, 4990302, 5.0411, 3826.8969
current_data: 0.3830, 19691352, 77.0082, 16578.8449
current_data: 2.5491, 83872, 0.0010, 0.0000
current_data: 2.2450, 239029, 27.4985, 59384.0898
current_data: 2.3679, 2532996, 8.8833, 12171.9446
current_data: 1.0543, 5096165, 5.1471, 3860.6471
current_data: 0.3844, 19733693, 77.0237, 16708.8456
current_data: 2.5507, 81824, 0.0009, 0.0000
current_data: 2.4658, 240653, 31.9704, 54641.5627
current_data: 2.4024, 2573178, 8.9026, 12384.4459
current_data: 1.0555, 5092363, 5.0669, 3921.2724
current_data: 0.3843, 19691452, 77.0280, 16560.7198
current_data: 2.5494, 83456, 0.0010, 0.0000
current_data: 2.4659, 234199, 31.9705, 54425.9364
current_data: 2.3781, 2679830, 8.7986, 11843.8178
current_data: 1.0537, 5062737, 5.1212, 3887.5222
current_data: 0.3842, 19696896, 77.0523, 16611.9701
current_data: 2.5494, 83031, 0.0010, 0.0000
current_data: 2.4667, 231632, 31.9696, 54475.3117
current_data: 2.3716, 2530672, 8.9152, 12178.8197
current_data: 1.0571, 5119168, 5.0895, 3826.8969
current_data: 0.3844, 19737665, 77.0461, 16756.9709
current_data: 2.5501, 80591, 0.0008, 0.0000
current_data: 2.4666, 229267, 31.9697, 54528.4370
current_data: 2.3754, 2530417, 8.8831, 12191.3198
current_data: 1.0526, 5055503, 5.0742, 3886.8972
current_data: 0.3842, 19664794, 77.0520, 16508.8445
current_data: 2.5498, 83740, 0.0010, 0.0000
current_data: 2.4666, 234574, 31.9724, 54397.8113
current_data: 2.3706, 2510877, 8.8687, 12153.8195
current_data: 1.0521, 5090507, 5.1380, 3893.7723
current_data: 0.3842, 19698996, 77.0143, 16579.4699
current_data: 2.5490, 90806, 0.0013, 0.0000
current_data: 2.4665, 255516, 31.9687, 54514.6869
current_data: 2.3761, 2535573, 8.8993, 12221.3199
current_data: 1.0519, 5100081, 5.1452, 3982.5228
current_data: 0.3843, 19727239, 77.0165, 16485.0943
current_data: 2.5487, 90264, 0.0012, 0.0000
current_data: 2.4663, 248426, 31.9673, 54360.3111
current_data: 2.3752, 2552991, 8.8889, 12043.8189
current_data: 1.0571, 5097113, 5.0253, 3770.0216
current_data: 0.3844, 19738849, 77.0317, 16525.7196
current_data: 2.5499, 81408, 0.0007, 0.0000
current_data: 2.4681, 239557, 31.9687, 54615.9375
current_data: 2.3782, 2541729, 8.8903, 12197.5698
current_data: 1.0609, 5133129, 5.0917, 3786.2717
current_data: 0.3846, 19730861, 77.0215, 16655.0953
current_data: 2.5501, 80364, 0.0008, 0.0000
current_data: 2.3821, 270554, 26.0543, 45127.1332
current_data: 2.3812, 2521215, 8.8836, 12214.4449
current_data: 1.0594, 5093448, 5.0732, 3914.3974
current_data: 0.3846, 19697737, 77.0102, 16599.4700
current_data: 2.5504, 80655, 0.0008, 0.0000
current_data: 2.5395, 257594, 24.9777, 45584.0108
current_data: 2.3814, 2553037, 8.9033, 12241.3200
current_data: 1.0565, 5072756, 5.1215, 3888.7723
current_data: 0.3844, 19719302, 77.0279, 16624.4701
current_data: 2.5505, 82471, 0.0009, 0.0000
current_data: 2.5521, 255045, 24.9772, 45922.1378
current_data: 2.3844, 2604096, 8.8930, 12223.1949
current_data: 1.0588, 5114534, 5.1195, 3933.1475
current_data: 0.3845, 19703811, 77.0251, 16637.5952
current_data: 2.5497, 79899, 0.0007, 0.0000
current_data: 2.5592, 254506, 24.9735, 45857.7624
current_data: 2.3936, 2524197, 8.8369, 12231.9450
current_data: 1.0577, 5076915, 5.1316, 3900.6473
current_data: 0.3840, 19678222, 76.9934, 16609.4700
current_data: 2.5492, 81728, 0.0008, 0.0000
current_data: 2.5245, 249431, 24.9756, 45342.7595
current_data: 2.3833, 2520326, 8.9018, 12173.1947
current_data: 1.0602, 5120912, 5.0167, 3753.1465
current_data: 0.3846, 19754200, 77.0130, 16647.5953
current_data: 2.5495, 83407, 0.0009, 0.0000
current_data: 2.5023, 249007, 24.9776, 45077.7579
current_data: 2.3817, 2571181, 8.8753, 12264.4452
current_data: 1.0570, 5098393, 5.1089, 3955.6476
current_data: 0.3845, 19689263, 77.0342, 16568.2198
current_data: 2.5507, 82450, 0.0008, 0.0000
current_data: 2.5579, 251917, 24.9756, 45945.2629
current_data: 2.3862, 2491890, 8.8917, 12238.1950
current_data: 1.0583, 5082496, 5.0983, 3911.2724
current_data: 0.3844, 19648860, 77.0394, 16541.9697
current_data: 2.5498, 82063, 0.0008, 0.0000
current_data: 2.5534, 252594, 24.9726, 45817.1372
current_data: 2.3804, 2533049, 8.9067, 12254.4451
current_data: 1.0575, 5103427, 5.0615, 3800.6467
current_data: 0.3845, 19713084, 77.0483, 16677.5954
current_data: 2.5502, 81048, 0.0008, 0.0000
current_data: 2.2550, 278624, 30.2776, 47190.8950
current_data: 2.3921, 2631294, 8.8441, 12275.0702
current_data: 1.0540, 5054380, 5.0709, 3815.6468
current_data: 0.3843, 19683467, 77.0406, 16605.0950
current_data: 2.5489, 84695, 0.0010, 0.0000
current_data: 2.4632, 267490, 31.9669, 54370.3111
current_data: 2.3778, 2555557, 8.8812, 12208.8199
current_data: 1.0504, 5024504, 5.1618, 3951.8976
current_data: 0.3843, 19749186, 77.0026, 16592.5949
current_data: 2.5487, 94070, 0.0015, 0.0000
current_data: 2.4605, 264939, 31.9640, 54401.5613
current_data: 2.3780, 2553582, 8.8767, 12260.0702
current_data: 1.0475, 5009790, 5.1768, 3867.5221
current_data: 0.3842, 19748428, 77.0218, 16544.4697
current_data: 2.5487, 93026, 0.0015, 0.0000
current_data: 2.4615, 263097, 31.9639, 54455.9366
current_data: 2.3732, 2554023, 8.9201, 12223.1949
current_data: 1.0514, 5046318, 5.1090, 3946.8976
current_data: 0.3843, 19749259, 77.0484, 16556.3447
current_data: 2.5499, 84493, 0.0010, 0.0000
current_data: 2.4628, 243718, 31.9677, 54519.0620
current_data: 2.3822, 2568905, 8.8994, 12253.1951
current_data: 1.0516, 5080083, 5.1534, 3859.3971
current_data: 0.3842, 19712540, 77.0368, 16528.2196
current_data: 2.5490, 85403, 0.0009, 0.0000
current_data: 2.4647, 245246, 31.9685, 54522.8120
current_data: 2.3807, 2514634, 8.8796, 12268.1952
current_data: 1.0515, 5055383, 5.1576, 3924.3975
current_data: 0.3841, 19699282, 77.0419, 16655.7203
current_data: 2.5495, 87007, 0.0010, 0.0000
current_data: 2.4649, 249601, 31.9674, 54362.8111
current_data: 2.3762, 2561673, 8.9143, 12257.5701
current_data: 1.0476, 5019855, 5.1084, 3936.8975
current_data: 0.3842, 19750147, 76.9936, 16672.5954
current_data: 2.5483, 92595, 0.0015, 0.0000
current_data: 2.4619, 266473, 31.9625, 54319.0608
current_data: 2.3756, 2485783, 8.9001, 12189.4447
current_data: 1.0471, 4905556, 5.2712, 4105.0235
current_data: 0.3843, 19723519, 77.0011, 16600.7200
current_data: 2.5478, 94223, 0.0017, 0.0000
current_data: 2.2040, 277313, 33.3245, 50369.6632
current_data: 2.3811, 2604376, 8.8880, 12265.6952
current_data: 1.0620, 5137688, 5.1267, 3862.5221
current_data: 0.3852, 19821221, 77.0096, 16720.0957
current_data: 2.5497, 84140, 0.0009, 0.0000
current_data: 2.1767, 239663, 34.2676, 46498.3911
current_data: 2.3901, 2621380, 8.8553, 12361.3207
current_data: 1.0628, 5150001, 5.1522, 4053.1482
current_data: 0.3880, 18622248, 75.3075, 16741.3458
current_data: 2.5500, 81964, 0.0008, 0.0000
current_data: 2.1756, 232255, 34.2695, 46389.6404
current_data: 2.3944, 2545437, 8.9214, 12276.3202
current_data: 1.0648, 5184940, 5.1272, 3950.6476
current_data: 0.3848, 19821894, 77.0457, 16561.3448
current_data: 2.5492, 83803, 0.0009, 0.0000
current_data: 2.1234, 252673, 34.3255, 45655.8862
current_data: 2.3894, 2681563, 8.8938, 12480.6964
current_data: 1.0298, 5041589, 5.1485, 3761.2715
current_data: 0.3825, 19710965, 77.0623, 16581.3449
current_data: 2.5491, 84764, 0.0011, 0.0000
current_data: 1.7165, 5572288, 31.3730, 55762.1941
current_data: 2.3450, 2516691, 8.8695, 12069.4441
current_data: 1.0509, 5094754, 5.0923, 3971.2727
current_data: 0.3839, 19753586, 77.0228, 16596.3450
current_data: 2.5489, 85472, 0.0010, 0.0000
current_data: 2.7831, 288647, 25.6313, 51549.6700
current_data: 2.3858, 2606937, 8.8703, 12292.5703
current_data: 1.0542, 5054528, 5.1102, 3971.8977
current_data: 0.3841, 19760881, 76.9892, 16688.8455
current_data: 2.5493, 85781, 0.0011, 0.0000
current_data: 2.6670, 303775, 25.0994, 49064.0307
current_data: 2.3825, 2496648, 8.8810, 12221.9449
current_data: 1.0201, 4898585, 5.1621, 3853.7721
current_data: 0.3824, 19696050, 76.9969, 16446.3441
current_data: 2.5486, 93022, 0.0014, 0.0000
current_data: 2.2194, 249978, 26.4850, 60747.8476
current_data: 2.3354, 2514333, 8.9358, 12037.5689
current_data: 1.0264, 4974380, 5.1192, 3802.5218
current_data: 0.3824, 19688568, 77.0162, 16660.0953
current_data: 2.5501, 84351, 0.0010, 0.0000
current_data: 2.2219, 235273, 26.4872, 60887.8484
current_data: 2.3350, 2499621, 8.8959, 12087.5692
current_data: 1.0312, 4966503, 5.1016, 3751.2715
current_data: 0.3828, 19673962, 77.0177, 16581.9699
current_data: 2.5490, 87751, 0.0011, 0.0000
current_data: 2.2776, 251118, 28.2097, 58472.2096
current_data: 2.3499, 2624267, 8.9042, 12171.3196
current_data: 1.0552, 5081733, 5.0441, 3940.6475
current_data: 0.3840, 19777044, 77.0299, 16632.5952
current_data: 2.5494, 84823, 0.0011, 0.0000
current_data: 2.4685, 238027, 31.9688, 54624.0626
current_data: 2.3787, 2564773, 8.8961, 12292.5703
current_data: 1.0527, 5095651, 5.1234, 3859.3971
current_data: 0.3842, 19782013, 77.0071, 16584.4699
current_data: 2.5501, 82282, 0.0007, 0.0000
current_data: 2.4673, 231287, 31.9681, 54578.4373
current_data: 2.3845, 2574437, 8.8751, 12200.0698
current_data: 1.0528, 5082616, 5.1841, 4005.0229
current_data: 0.3841, 19758979, 77.0380, 16771.9710
current_data: 2.5502, 80873, 0.0008, 0.0000
current_data: 2.4673, 229852, 31.9674, 54572.1873
current_data: 2.3839, 2561499, 8.8997, 12256.9451
current_data: 1.0555, 5099036, 5.0667, 3891.2723
current_data: 0.3841, 19750700, 77.0231, 16663.8454
current_data: 2.5506, 84358, 0.0009, 0.0000
current_data: 2.4668, 229011, 31.9694, 54520.9370
current_data: 2.3834, 2563103, 8.8828, 12265.6952
current_data: 1.0530, 5056807, 5.0391, 3740.0214
current_data: 0.3840, 19758276, 77.0339, 16758.8459
current_data: 2.5498, 85520, 0.0010, 0.0000
current_data: 2.4681, 237844, 31.9686, 54632.1876
current_data: 2.3874, 2613555, 8.8984, 12319.4455
current_data: 1.0529, 5077059, 5.0581, 3978.7728
current_data: 0.3839, 19741488, 77.0628, 16636.9702
current_data: 2.5495, 85345, 0.0010, 0.0000
current_data: 2.4682, 236809, 31.9683, 54614.0625
current_data: 2.3801, 2579122, 8.9044, 12272.5702
current_data: 1.0538, 5111084, 5.1069, 3945.0226
current_data: 0.3826, 18152281, 75.5576, 16841.9714
current_data: 2.5498, 83157, 0.0009, 0.0000
current_data: 2.4671, 231374, 31.9685, 54585.9373
current_data: 2.3847, 2563164, 8.8775, 12281.9453
current_data: 1.0525, 5069787, 5.0907, 3883.1472
current_data: 0.3845, 19763996, 77.0137, 16667.5954
current_data: 2.5498, 81249, 0.0007, 0.0000
current_data: 2.3742, 220436, 32.1712, 53100.3038
current_data: 2.3846, 2574821, 8.8758, 12218.8199
current_data: 1.0568, 5096036, 5.1884, 3941.8976
current_data: 0.3845, 19712129, 77.0242, 16611.9701
current_data: 2.5500, 81692, 0.0008, 0.0000
current_data: 2.5550, 238964, 24.9773, 45955.8880
current_data: 2.3846, 2553510, 8.8851, 12283.8203
current_data: 1.0553, 5056302, 5.1141, 3868.7721
current_data: 0.3843, 19714330, 77.0273, 16623.2201
current_data: 2.5488, 90028, 0.0014, 0.0000
current_data: 2.5414, 252974, 24.9761, 45712.1366
current_data: 2.3843, 2597955, 8.8971, 12298.1954
current_data: 1.0549, 5054411, 5.1598, 3931.8975
current_data: 0.3843, 19726996, 77.0432, 16669.4704
current_data: 2.5483, 89291, 0.0014, 0.0000
current_data: 2.5581, 253202, 24.9735, 46002.1382
current_data: 2.3877, 2581541, 8.8885, 12275.0702
current_data: 1.0578, 5086876, 5.0879, 3820.0219
current_data: 0.3845, 19726779, 77.0269, 16688.8455
current_data: 2.5486, 83952, 0.0010, 0.0000
current_data: 2.5592, 240123, 24.9747, 46038.3884
current_data: 2.3909, 2563329, 8.8703, 12271.3202
current_data: 1.0594, 5109666, 5.1211, 3863.1471
current_data: 0.3846, 19795377, 77.0003, 16630.0952
current_data: 2.5497, 81862, 0.0009, 0.0000
current_data: 2.5245, 241700, 24.9757, 45555.8857
current_data: 2.3879, 2561951, 8.8735, 12268.8202
current_data: 1.0614, 5124743, 5.0463, 3831.2719
current_data: 0.3847, 19739130, 76.9982, 16623.8451
current_data: 2.5506, 80453, 0.0008, 0.0000
current_data: 2.4977, 243060, 24.9761, 44936.5071
current_data: 2.3892, 2570506, 8.8727, 12285.6953
current_data: 1.0582, 5114501, 5.1546, 3965.0227
current_data: 0.3846, 19746333, 77.0045, 16548.2197
current_data: 2.5503, 81041, 0.0008, 0.0000
current_data: 2.5647, 243017, 24.9763, 46110.8888
current_data: 2.3940, 2627956, 8.8806, 12286.9453
current_data: 1.0586, 5097202, 5.0873, 3932.5225
current_data: 0.3847, 19758606, 76.9973, 16637.5952
current_data: 2.5499, 79819, 0.0008, 0.0000
current_data: 2.5633, 243431, 24.9725, 46105.2638
current_data: 2.3929, 2583615, 8.8679, 12284.4453
current_data: 1.0572, 5109438, 5.1313, 3930.6475
current_data: 0.3846, 19736854, 77.0157, 16534.4696
current_data: 2.5499, 81983, 0.0009, 0.0000
current_data: 2.2489, 268433, 31.8184, 49844.0352
current_data: 2.3839, 2575354, 8.9269, 12306.9454
current_data: 1.0534, 5076746, 5.1095, 3903.1473
current_data: 0.3844, 19700428, 77.0204, 16690.0955
current_data: 2.5497, 80362, 0.0008, 0.0000
current_data: 2.4667, 250395, 31.9664, 54469.0617
current_data: 2.3855, 2559900, 8.8927, 12244.4451
current_data: 1.0547, 5088793, 5.1206, 3861.8971
current_data: 0.3846, 19734478, 76.9998, 16633.8452
current_data: 2.5499, 81307, 0.0008, 0.0000
current_data: 2.4648, 243892, 31.9670, 54453.4366
current_data: 2.3870, 2560643, 8.8997, 12251.3201
current_data: 1.0544, 5085103, 5.0916, 3985.6478
current_data: 0.3842, 19698251, 77.0567, 16586.9699
current_data: 2.5503, 82408, 0.0008, 0.0000
current_data: 2.4660, 241636, 31.9665, 54474.0617
current_data: 2.3825, 2536144, 8.8956, 12253.1951
current_data: 1.0522, 5097606, 5.1100, 3858.1471
current_data: 0.3881, 18665262, 75.0140, 16731.3457
current_data: 2.5498, 85295, 0.0009, 0.0000
current_data: 2.4634, 243191, 31.9647, 54455.3116
current_data: 2.3900, 2543529, 8.8937, 12206.3198
current_data: 1.0538, 5097317, 5.1110, 3956.2726
current_data: 0.3846, 19739461, 77.0034, 16630.0952
current_data: 2.5499, 80603, 0.0008, 0.0000
current_data: 2.4677, 242091, 31.9680, 54582.1873
current_data: 2.3883, 2604123, 8.8455, 12220.0699
current_data: 1.0579, 5136582, 5.1172, 3888.1472
current_data: 0.3845, 19758897, 76.9982, 16636.3452
current_data: 2.5489, 83252, 0.0010, 0.0000
current_data: 2.4668, 249470, 31.9664, 54587.1874
current_data: 2.3856, 2653878, 8.8574, 12297.5704
current_data: 1.0527, 5083009, 5.0612, 3918.7724
current_data: 0.3842, 19723462, 77.0335, 16639.4702
current_data: 2.5484, 91745, 0.0015, 0.0000
current_data: 2.4662, 257630, 31.9657, 54572.1873
current_data: 2.3804, 2559695, 8.9005, 12258.1951
current_data: 1.0540, 5046597, 5.1321, 3893.1473
current_data: 0.3844, 19775429, 77.0620, 16735.0958
current_data: 2.5497, 86777, 0.0011, 0.0000
current_data: 2.1693, 257425, 33.8899, 49817.7851
current_data: 2.3951, 2547330, 8.9176, 12374.4458
current_data: 1.0637, 5137941, 5.1397, 3999.3979
current_data: 0.3850, 19766802, 77.0526, 16733.8458
current_data: 2.5491, 85064, 0.0011, 0.0000
current_data: 2.1759, 237023, 34.2682, 46400.2655
current_data: 2.3976, 2596634, 8.8666, 12343.8206
current_data: 1.0611, 5157313, 5.2075, 3910.0224
current_data: 0.3851, 19787163, 77.0358, 16626.9701
current_data: 2.5490, 82913, 0.0009, 0.0000
current_data: 2.1763, 229008, 34.2692, 46365.2653
current_data: 2.4183, 2642412, 8.8566, 12383.1959
current_data: 1.0641, 5126779, 5.1163, 3757.5215
current_data: 0.3850, 19765471, 77.0283, 16528.2196
current_data: 2.5505, 80162, 0.0009, 0.0000
current_data: 2.0637, 825209, 33.2390, 45117.1332
current_data: 2.3990, 2608445, 8.9131, 12395.6959
current_data: 1.0297, 4980075, 5.0994, 3885.0222
current_data: 0.3830, 19722375, 77.0106, 16509.4695
current_data: 2.5488, 82995, 0.0010, 0.0000
current_data: 1.7479, 3256351, 33.1692, 57399.7034
current_data: 2.3469, 2586242, 8.8982, 12202.5698
current_data: 1.0544, 5117408, 5.0652, 4037.5231
current_data: 0.3844, 19717822, 77.0191, 16528.2196
current_data: 2.5510, 79869, 0.0008, 0.0000
current_data: 2.7683, 284404, 25.4977, 50961.5416
current_data: 2.3919, 2587660, 8.8726, 12285.0703
current_data: 1.0497, 5066616, 5.0993, 3893.1473
current_data: 0.3839, 19689789, 77.0309, 16555.0947
current_data: 2.5493, 85463, 0.0010, 0.0000
current_data: 2.5373, 270037, 25.4420, 51589.6702
current_data: 2.3814, 2545169, 8.9107, 12243.1951
current_data: 1.0248, 4972664, 5.0560, 3815.0218
current_data: 0.3827, 19706743, 77.0232, 16724.4707
current_data: 2.5512, 89727, 0.0012, 0.0000
current_data: 2.2250, 240421, 26.4867, 61161.6000
current_data: 2.3326, 2411364, 8.9342, 11896.9431
current_data: 1.0229, 4954184, 5.1877, 3781.8966
current_data: 0.3827, 19662829, 77.0254, 16529.4696
current_data: 2.5495, 83343, 0.0009, 0.0000
current_data: 2.2223, 233997, 26.4862, 61010.3491
current_data: 2.3403, 2518468, 8.9334, 12108.8193
current_data: 1.0394, 5028290, 5.1129, 3768.1466
current_data: 0.3833, 19663770, 77.0862, 16589.4699
current_data: 2.5492, 83179, 0.0009, 0.0000
current_data: 2.3334, 235828, 29.5014, 57133.4519
current_data: 2.3613, 2611262, 8.8730, 12167.5696
current_data: 1.0526, 5093564, 5.0829, 3826.2719
current_data: 0.3886, 18765445, 75.0386, 16855.0964
current_data: 2.5491, 88068, 0.0012, 0.0000
current_data: 2.4664, 243979, 31.9678, 54644.0627
current_data: 2.3833, 2600352, 8.8935, 12278.1953
current_data: 1.0530, 5073937, 5.1053, 3891.8973
current_data: 0.3843, 19730559, 76.9930, 16598.8450
current_data: 2.5482, 94017, 0.0014, 0.0000
current_data: 2.4652, 246917, 31.9661, 54431.5615
current_data: 2.3859, 2572657, 8.8866, 12308.8204
current_data: 1.0520, 5044385, 5.1100, 4001.8979
current_data: 0.3843, 19767401, 76.9837, 16653.2203
current_data: 2.5484, 96100, 0.0016, 0.0000
current_data: 2.4648, 256522, 31.9656, 54480.3117
current_data: 2.3909, 2631028, 8.8181, 12203.1948
current_data: 1.0550, 5093940, 4.9886, 3952.5226
current_data: 0.3844, 19768178, 77.0195, 16630.7202
current_data: 2.5497, 87909, 0.0011, 0.0000
current_data: 2.4670, 243650, 31.9653, 54422.8114
current_data: 2.3888, 2597501, 8.8813, 12323.8205
current_data: 1.0505, 5057198, 5.1663, 3833.1469
current_data: 0.3843, 19620043, 77.0348, 16505.7194
current_data: 2.5498, 83309, 0.0010, 0.0000
current_data: 2.4678, 249913, 31.9661, 54309.6858
current_data: 2.3911, 2584157, 8.8627, 12284.4453
current_data: 1.0532, 5079859, 5.0726, 3816.2718
current_data: 0.3844, 19742867, 77.0341, 16675.0954
current_data: 2.5499, 84777, 0.0010, 0.0000
current_data: 2.4693, 245181, 31.9668, 54595.9374
current_data: 2.3931, 2565910, 8.8753, 12301.3204
current_data: 1.0534, 5069403, 5.0860, 3825.6469
current_data: 0.3845, 19755504, 77.0128, 16590.0949
current_data: 2.5495, 80714, 0.0007, 0.0000
current_data: 2.4686, 240136, 31.9669, 54618.4375
current_data: 2.3909, 2619766, 8.8969, 12296.3204
current_data: 1.0545, 5067062, 5.0754, 3868.7721
current_data: 0.3845, 19738284, 77.0132, 16523.2195
current_data: 2.5496, 79940, 0.0008, 0.0000
current_data: 2.2726, 242304, 31.5907, 50661.5399
current_data: 2.3898, 2573235, 8.8604, 12185.0697
current_data: 1.0601, 5105598, 4.9939, 3884.3972
current_data: 0.3846, 19770857, 77.0035, 16624.4701
current_data: 2.5497, 79560, 0.0007, 0.0000
current_data: 2.5475, 258650, 24.9759, 45929.0128
current_data: 2.4031, 2580926, 8.8522, 12316.3205
current_data: 1.0593, 5137223, 5.0908, 3882.5222
current_data: 0.3845, 19671879, 77.0397, 16549.4697
current_data: 2.5498, 80272, 0.0008, 0.0000
current_data: 2.5423, 261022, 24.9744, 45613.3860
current_data: 2.3997, 2626586, 8.8803, 12290.6953
current_data: 1.0548, 5095387, 5.1701, 3850.6470
current_data: 0.3846, 19739683, 77.0224, 16566.9698
current_data: 2.5491, 81019, 0.0007, 0.0000
current_data: 2.5559, 257195, 24.9757, 46052.1385
current_data: 2.3978, 2559237, 8.8616, 12281.9453
current_data: 1.0551, 5110261, 5.1405, 3890.6473
current_data: 0.3844, 19743095, 77.0239, 16746.9708
current_data: 2.5493, 83515, 0.0010, 0.0000
current_data: 2.5571, 258900, 24.9734, 46019.0133
current_data: 2.3956, 2623761, 8.8807, 12315.6955
current_data: 1.0557, 5062650, 5.2013, 3996.8979
current_data: 0.3844, 19777047, 77.0117, 16582.5949
current_data: 2.5484, 87844, 0.0013, 0.0000
current_data: 2.5214, 267445, 24.9744, 45408.3848
current_data: 2.3986, 2580541, 8.8803, 12291.3203
current_data: 1.0591, 5121123, 5.1298, 3925.6475
current_data: 0.3842, 19710643, 77.0575, 16596.3450
current_data: 2.5502, 80581, 0.0008, 0.0000
current_data: 2.4923, 256276, 24.9755, 44867.1317
current_data: 2.4003, 2662572, 8.8478, 12371.3208
current_data: 1.0560, 5098284, 5.0958, 3884.3972
current_data: 0.3881, 18651785, 75.0194, 16754.4709
current_data: 2.5496, 87622, 0.0012, 0.0000
current_data: 2.5551, 265249, 24.9743, 45997.1382
current_data: 2.3943, 2610397, 8.8769, 12334.4456
current_data: 1.0565, 5088874, 5.1465, 3873.7722
current_data: 0.3846, 19797376, 76.9738, 16627.5951
current_data: 2.5478, 88338, 0.0014, 0.0000
current_data: 2.5537, 262320, 24.9716, 46042.7635
current_data: 2.4026, 2627884, 8.8886, 12399.4460
current_data: 1.0542, 5119574, 5.1613, 3937.5225
current_data: 0.3845, 19781564, 77.0150, 16698.2205
current_data: 2.5505, 80233, 0.0008, 0.0000
current_data: 2.3415, 279099, 32.8503, 53772.8077
current_data: 2.3982, 2607796, 8.8495, 12327.5705
current_data: 1.0533, 5098678, 5.1863, 3919.3974
current_data: 0.3845, 19772473, 76.9963, 16622.5951
current_data: 2.5499, 80079, 0.0008, 0.0000
current_data: 2.4658, 245292, 31.9662, 54470.9367
current_data: 2.3944, 2594383, 8.8827, 12327.5705
current_data: 1.0539, 5096586, 5.0878, 3768.7716
current_data: 0.3841, 19720548, 77.0545, 16629.4702
current_data: 2.5500, 83917, 0.0009, 0.0000
current_data: 2.4631, 250434, 31.9662, 54458.4366
current_data: 2.3998, 2607727, 8.8579, 12336.3206
current_data: 1.0536, 5086747, 5.1733, 3843.1470
current_data: 0.3844, 19753887, 77.0146, 16745.7208
current_data: 2.5493, 82409, 0.0008, 0.0000
current_data: 2.4639, 245496, 31.9644, 54488.4368
current_data: 2.3961, 2591458, 8.8706, 12291.9453
current_data: 1.0553, 5114661, 5.0286, 3868.7721
current_data: 0.3843, 19755157, 77.0441, 16571.3448
current_data: 2.5499, 82146, 0.0008, 0.0000
current_data: 2.4649, 237891, 31.9665, 54650.3127
current_data: 2.3886, 2581855, 8.8796, 12322.5705
current_data: 1.0515, 5083300, 5.1791, 3943.1476
current_data: 0.3844, 19754014, 77.0178, 16580.7199
current_data: 2.5495, 81360, 0.0008, 0.0000
current_data: 2.4672, 241903, 31.9667, 54651.5627
current_data: 2.3909, 2597500, 8.8795, 12315.0705
current_data: 1.0534, 5082975, 5.0382, 3856.2721
current_data: 0.3845, 19764560, 77.0014, 16568.8448
current_data: 2.5512, 80234, 0.0008, 0.0000
current_data: 2.4669, 235233, 31.9683, 54571.5623
current_data: 2.3894, 2551121, 8.8841, 12258.1951
current_data: 1.0516, 5097309, 5.1027, 3823.7719
current_data: 0.3843, 19752756, 77.0251, 16590.7199
current_data: 2.5502, 80620, 0.0008, 0.0000
current_data: 2.4673, 236529, 31.9686, 54664.0628
current_data: 2.3950, 2582518, 8.8761, 12317.5705
current_data: 1.0580, 5109021, 5.0713, 3880.6472
current_data: 0.3849, 19765352, 77.0222, 16618.8451
current_data: 2.5505, 80436, 0.0007, 0.0000
current_data: 2.0973, 247280, 34.4150, 47764.0233
current_data: 2.4016, 2681671, 8.8588, 12437.5712
current_data: 1.0637, 5136465, 5.0797, 3975.0227
current_data: 0.3851, 19783976, 77.0239, 16747.5958
current_data: 2.5501, 81773, 0.0010, 0.0000
current_data: 2.1766, 236325, 34.2668, 46414.6406
current_data: 2.4136, 2648118, 8.8179, 12360.0707
current_data: 1.0630, 5128823, 5.1088, 3997.5229
current_data: 0.3853, 19832845, 76.9901, 16735.0958
current_data: 2.5504, 83317, 0.0007, 0.0000
current_data: 2.1770, 231314, 34.2670, 46516.5162
current_data: 2.4003, 2462832, 8.9492, 12446.9462
current_data: 1.0594, 5126402, 5.1215, 3815.6468
current_data: 0.3846, 19781419, 77.0081, 16687.5955
current_data: 2.5487, 88556, 0.0012, 0.0000
current_data: 2.3179, 5017883, 27.5309, 45018.3826
current_data: 2.4049, 2732361, 8.8640, 12473.8214
current_data: 1.0317, 4977940, 5.0816, 3755.0215
current_data: 0.3866, 18534131, 74.9781, 16626.3451
current_data: 2.5493, 87937, 0.0012, 0.0000
current_data: 1.8676, 418361, 33.2621, 57996.5819
current_data: 2.3700, 2567284, 8.8323, 12118.1943
current_data: 1.0552, 5105941, 5.0674, 3932.5225
current_data: 0.3843, 19757496, 77.0131, 16619.4701
current_data: 2.5496, 80052, 0.0007, 0.0000
current_data: 2.7554, 286588, 25.3787, 50540.2892
current_data: 2.3975, 2630522, 8.8547, 12318.1955
current_data: 1.0415, 5019081, 5.0769, 3882.5222
current_data: 0.3837, 19670778, 77.0109, 16534.4696
current_data: 2.5499, 84426, 0.0009, 0.0000
current_data: 2.4277, 268957, 25.7502, 53599.6817
current_data: 2.3743, 2622833, 8.8661, 12301.3204
current_data: 1.0245, 4965896, 5.0973, 3912.5224
current_data: 0.3826, 19613693, 77.0347, 16511.3445
current_data: 2.5505, 86315, 0.0010, 0.0000
current_data: 2.2215, 229526, 26.4868, 60823.4730
current_data: 2.3891, 2638246, 8.1893, 11766.3173
current_data: 1.0240, 4965135, 5.0958, 3740.6464
current_data: 0.3827, 19678779, 77.0122, 16606.9700
current_data: 2.5485, 89615, 0.0014, 0.0000
current_data: 2.2209, 240361, 26.4857, 60967.8489
current_data: 2.3533, 2549759, 8.8865, 12118.8193
current_data: 1.0435, 5056375, 5.1393, 3774.3966
current_data: 0.3839, 19703620, 77.0264, 16677.5954
current_data: 2.5494, 80718, 0.0008, 0.0000
current_data: 2.3808, 243090, 30.4912, 56035.3206
current_data: 2.3886, 2510978, 8.8861, 12220.6949
current_data: 1.0541, 5067665, 5.0884, 3913.7724
current_data: 0.3844, 19745017, 77.0148, 16611.9701
current_data: 2.5491, 85741, 0.0010, 0.0000
current_data: 2.4659, 242044, 31.9707, 54562.8122
current_data: 2.3972, 2596053, 8.8603, 12325.0705
current_data: 1.0519, 5076702, 5.0662, 3856.8971
current_data: 0.3842, 19729855, 77.0462, 16505.7194
current_data: 2.5497, 85144, 0.0009, 0.0000
current_data: 2.4652, 240770, 31.9676, 54506.5619
current_data: 2.3988, 2599532, 8.8721, 12343.1956
current_data: 1.0490, 5027236, 5.2228, 3996.2729
current_data: 0.3842, 19761071, 77.0469, 16629.4702
current_data: 2.5492, 84446, 0.0010, 0.0000
current_data: 2.4655, 235113, 31.9678, 54639.6877
current_data: 2.3971, 2559989, 8.8406, 12311.9454
current_data: 1.0532, 5054018, 5.0821, 3950.0226
current_data: 0.3842, 19710615, 77.0191, 16520.0945
current_data: 2.5504, 88205, 0.0012, 0.0000
current_data: 2.4646, 249673, 31.9656, 54363.4361
current_data: 2.3943, 2605591, 8.8606, 12249.4451
current_data: 1.0525, 5070701, 5.0856, 3798.7717
current_data: 0.3845, 19771708, 77.0068, 16582.5949
current_data: 2.5493, 82493, 0.0009, 0.0000
current_data: 2.4679, 238904, 31.9691, 54677.1879
current_data: 2.3937, 2568645, 8.8782, 12328.8205
current_data: 1.0535, 5069759, 5.0963, 3896.8973
current_data: 0.3844, 19758217, 77.0175, 16695.7205
current_data: 2.5496, 82073, 0.0008, 0.0000
current_data: 2.4671, 239711, 31.9687, 54493.4368
current_data: 2.3924, 2559196, 8.8839, 12295.0704
current_data: 1.0512, 5087329, 5.1625, 3877.5222
current_data: 0.3842, 19746376, 77.0000, 16616.9701
current_data: 2.5482, 92051, 0.0015, 0.0000
current_data: 2.4665, 253189, 31.9664, 54434.0615
current_data: 2.3958, 2622660, 8.8687, 12342.5706
current_data: 1.0499, 5043881, 5.1638, 4018.1480
current_data: 0.3841, 19782643, 77.0077, 16613.8451
current_data: 2.5483, 91011, 0.0014, 0.0000
current_data: 2.2973, 265358, 30.0750, 49147.7812
current_data: 2.3968, 2648334, 8.8685, 12324.4455
current_data: 1.0458, 4891247, 5.2981, 4037.5231
current_data: 0.3877, 18674810, 75.0042, 16695.7205
current_data: 2.5483, 92501, 0.0017, 0.0000
current_data: 2.5458, 280247, 24.9661, 45884.6376
current_data: 2.3992, 2625390, 8.8772, 12360.0707
current_data: 1.0559, 5121060, 5.0548, 3935.6475
current_data: 0.3846, 19762004, 76.9794, 16631.3452
current_data: 2.5495, 83155, 0.0009, 0.0000
current_data: 2.5434, 245082, 24.9771, 45623.3861
current_data: 2.4115, 2588823, 8.8225, 12300.0704
current_data: 1.0567, 5093026, 5.1224, 3875.6472
current_data: 0.3844, 19737454, 77.0043, 16682.5955
current_data: 2.5494, 85975, 0.0012, 0.0000
current_data: 2.5626, 257649, 24.9747, 45926.5128
current_data: 2.4072, 2575528, 8.8916, 12323.1955
current_data: 1.0574, 5133609, 5.1668, 4010.0229
current_data: 0.3843, 19727604, 77.0397, 16645.0952
current_data: 2.5490, 84143, 0.0010, 0.0000
current_data: 2.5568, 256168, 24.9732, 45865.2624
current_data: 2.4059, 2706645, 8.8503, 12414.4460
current_data: 1.0610, 5110168, 5.1422, 3868.7721
current_data: 0.3846, 19757508, 77.0225, 16655.7203
current_data: 2.5506, 80211, 0.0008, 0.0000
current_data: 2.4719, 239444, 24.9783, 44552.7549
current_data: 2.3880, 2655279, 8.8990, 12341.9456
current_data: 1.0569, 5097512, 5.0684, 3835.0219
current_data: 0.3844, 19741907, 77.0523, 16790.7211
current_data: 2.5506, 81425, 0.0008, 0.0000
current_data: 2.5493, 243173, 24.9788, 45870.2625
current_data: 2.4097, 2634466, 8.8446, 12389.4459
current_data: 1.0580, 5074068, 5.0846, 3871.8972
current_data: 0.3845, 19715925, 77.0196, 16582.5949
current_data: 2.5496, 80406, 0.0008, 0.0000
current_data: 2.5632, 243607, 24.9760, 46061.5136
current_data: 2.4124, 2590838, 8.8525, 12355.0707
current_data: 1.0611, 5095120, 5.0160, 3785.0217
current_data: 0.3846, 19775388, 77.0179, 16605.0950
current_data: 2.5508, 82045, 0.0008, 0.0000
current_data: 2.3139, 265779, 26.3228, 43697.1250
current_data: 2.3800, 2726938, 8.9338, 12266.9452
current_data: 1.0537, 5099419, 5.1486, 3977.5228
current_data: 0.3844, 19753470, 77.0099, 16643.8452
current_data: 2.5495, 83851, 0.0009, 0.0000
current_data: 2.4651, 251615, 31.9678, 54582.8123
current_data: 2.3709, 2912762, 8.9663, 12320.6955
current_data: 1.0530, 5087419, 5.1307, 3876.8972
current_data: 0.3844, 19617496, 77.0321, 16492.5944
current_data: 2.5498, 85444, 0.0010, 0.0000
current_data: 2.4661, 252041, 31.9689, 53972.1838
current_data: 2.3992, 2968547, 8.5148, 10964.4377
current_data: 1.0547, 5035898, 5.1046, 3816.8968
current_data: 0.3842, 19478064, 77.0442, 16381.9687
current_data: 2.5489, 85164, 0.0012, 0.0000
current_data: 2.4653, 247886, 31.9643, 53949.6837
current_data: 2.3743, 2824305, 8.9246, 12192.5698
current_data: 1.0505, 5060724, 5.1266, 3936.2725
current_data: 0.3844, 19647975, 77.0049, 16598.8450
current_data: 2.5490, 87717, 0.0014, 0.0000
current_data: 2.4641, 254097, 31.9656, 54165.3099
current_data: 2.3778, 2800843, 8.9554, 12193.8198
current_data: 1.0532, 5039535, 5.0459, 3801.2718
current_data: 0.3845, 19600532, 76.9877, 16453.2191
current_data: 2.5497, 86609, 0.0012, 0.0000
current_data: 2.4639, 249352, 31.9678, 54059.6843
current_data: 2.3740, 2822291, 8.9236, 12179.4447
current_data: 1.0515, 5030726, 5.1363, 3909.3974
current_data: 0.3845, 19602099, 77.0210, 16490.7194
current_data: 2.5498, 81359, 0.0010, 0.0000
current_data: 2.4668, 242631, 31.9677, 54220.9353
current_data: 2.3738, 2821447, 8.9488, 12192.5698
current_data: 1.0537, 5075573, 5.0606, 3936.8975
current_data: 0.3882, 18543361, 75.0168, 16605.0950
current_data: 2.5508, 80172, 0.0008, 0.0000
current_data: 2.4659, 239940, 31.9677, 54202.1851
current_data: 2.3761, 2820374, 8.9229, 12226.3200
current_data: 1.0550, 5051339, 5.1662, 3871.8972
current_data: 0.3845, 19610156, 76.9978, 16527.5946
current_data: 2.5503, 79425, 0.0008, 0.0000
current_data: 2.4677, 233392, 31.9684, 54185.9351
current_data: 2.3801, 2844537, 8.9590, 12218.8199
current_data: 1.0615, 5097279, 5.1666, 3951.8976
current_data: 0.3850, 19632623, 77.0145, 16546.3447
current_data: 2.5498, 81695, 0.0008, 0.0000
current_data: 2.0549, 246871, 34.6527, 46138.3890
current_data: 2.4048, 2877784, 8.9394, 12393.8209
current_data: 1.0658, 5118101, 5.0466, 3832.5219
current_data: 0.3852, 19639898, 77.0156, 16589.4699
current_data: 2.5496, 80247, 0.0009, 0.0000
current_data: 2.1762, 225846, 34.2667, 46056.5135
current_data: 2.3880, 2781816, 8.9723, 12192.5698
current_data: 1.0611, 5130661, 5.1405, 3900.0223
current_data: 0.3851, 19608634, 77.0410, 16511.3445
current_data: 2.5486, 80435, 0.0008, 0.0000
current_data: 2.1771, 220618, 34.2694, 46064.6386
current_data: 2.3937, 2750008, 8.9142, 12205.6948
current_data: 1.0575, 5093620, 5.1981, 3935.6475
current_data: 0.3845, 19598055, 77.0628, 16538.2196
current_data: 2.5484, 81465, 0.0009, 0.0000
current_data: 2.3553, 5625127, 26.7368, 44425.8792
current_data: 2.3813, 2841862, 8.9028, 12207.5699
current_data: 1.0330, 4972938, 5.0913, 3815.0218
current_data: 0.3831, 19575415, 77.0218, 16544.4697
current_data: 2.5491, 83594, 0.0010, 0.0000
current_data: 1.9270, 404058, 32.4751, 57728.4553
current_data: 2.3444, 2839779, 8.9368, 12190.0698
current_data: 1.0527, 5034820, 5.1692, 3933.7725
current_data: 0.3840, 19555517, 77.0464, 16445.0941
current_data: 2.5492, 82477, 0.0011, 0.0000
current_data: 2.7555, 288074, 25.3777, 50130.9119
current_data: 2.3784, 2824863, 8.9252, 12167.5696
current_data: 1.0447, 5008255, 5.0856, 3892.5223
current_data: 0.3836, 19535268, 77.0218, 16431.3440
current_data: 2.5496, 78659, 0.0008, 0.0000
current_data: 2.4381, 261397, 25.7462, 53359.6803
current_data: 2.4020, 2719635, 8.3048, 12066.3190
current_data: 1.0273, 4904914, 5.0359, 3712.5212
current_data: 0.3826, 19500857, 77.0425, 16428.8440
current_data: 2.5496, 82123, 0.0008, 0.0000
current_data: 2.2237, 232968, 26.4862, 60545.9714
current_data: 2.3465, 2722481, 8.9825, 12061.3190
current_data: 1.0255, 4934241, 5.1123, 3859.3971
current_data: 0.3824, 19527126, 77.0282, 16392.5938
current_data: 2.5465, 89784, 0.0014, 0.0000
current_data: 2.2189, 245958, 26.4872, 60512.2213
current_data: 2.3280, 2740826, 9.0085, 11991.3186
current_data: 1.0416, 4987785, 5.0803, 3807.5218
current_data: 0.3836, 19594954, 77.0398, 16505.7194
current_data: 2.5479, 90466, 0.0012, 0.0000
current_data: 2.3672, 254999, 30.2754, 55969.6953
current_data: 2.3641, 2867411, 8.8802, 12171.3196
current_data: 1.0536, 5054559, 5.0858, 3848.1470
current_data: 0.3845, 19607599, 77.0207, 16490.0944
current_data: 2.5506, 80007, 0.0008, 0.0000
current_data: 2.4658, 241077, 31.9693, 54155.9349
current_data: 2.3796, 2846848, 8.9445, 12235.6950
current_data: 1.0552, 5060298, 5.1260, 3780.0216
current_data: 0.3845, 19635225, 77.0334, 16578.2199
current_data: 2.5499, 82427, 0.0009, 0.0000
current_data: 2.4645, 238414, 31.9693, 54179.6850
current_data: 2.3827, 2825853, 8.9465, 12166.3196
current_data: 1.0559, 5053626, 5.0853, 3813.7718
current_data: 0.3872, 19273463, 76.1533, 16416.3439
current_data: 2.5502, 80811, 0.0008, 0.0000
current_data: 2.4646, 231160, 31.9694, 53987.8089
current_data: 2.3823, 2869325, 8.9290, 12226.3200
current_data: 1.0511, 5019443, 5.1676, 3926.2725
current_data: 0.3844, 19614747, 77.0101, 16559.4698
current_data: 2.5502, 82552, 0.0008, 0.0000
current_data: 2.4645, 235932, 31.9695, 54102.8096
current_data: 2.3850, 2793759, 8.8940, 12187.5697
current_data: 1.0513, 5024096, 5.0995, 3784.3967
current_data: 0.3845, 19573719, 77.0096, 16438.2191
current_data: 2.5507, 87565, 0.0011, 0.0000
current_data: 2.4680, 241596, 31.9715, 54160.3099
current_data: 2.3787, 2831346, 8.9157, 12333.1956
current_data: 1.0521, 5056758, 5.1444, 3750.6465
current_data: 0.3846, 19632154, 77.0011, 16514.4695
current_data: 2.5501, 83329, 0.0010, 0.0000
current_data: 2.4679, 241110, 31.9696, 54208.4352
current_data: 2.3792, 2809063, 8.9356, 12196.3198
current_data: 1.0554, 5076616, 5.0969, 3852.5220
current_data: 0.3845, 19598571, 77.0091, 16514.4695
current_data: 2.5495, 80928, 0.0008, 0.0000
current_data: 2.4684, 232016, 31.9703, 54205.9352
current_data: 2.3803, 2817311, 8.9259, 12181.9447
current_data: 1.0539, 5065707, 5.1975, 3875.6472
current_data: 0.3844, 19589161, 77.0424, 16568.2198
current_data: 2.5499, 81799, 0.0009, 0.0000
current_data: 2.2788, 247407, 31.3877, 49991.5361
current_data: 2.3781, 2835868, 8.9270, 12215.0699
current_data: 1.0563, 5059725, 5.1399, 3844.3970
current_data: 0.3844, 19605285, 77.0520, 16536.3446
current_data: 2.5507, 81411, 0.0009, 0.0000
current_data: 2.5451, 256733, 24.9769, 45543.3856
current_data: 2.3885, 2841090, 8.8928, 12281.9453
current_data: 1.0564, 5097467, 5.1658, 3697.5212
current_data: 0.3844, 19607878, 77.0343, 16475.0943
current_data: 2.5498, 83724, 0.0010, 0.0000
current_data: 2.5373, 260671, 24.9758, 45400.2598
current_data: 2.3799, 2900180, 8.9313, 12240.6950
current_data: 1.0569, 5049549, 5.0740, 3922.5224
current_data: 0.3845, 19604989, 77.0192, 16449.4691
current_data: 2.5489, 86915, 0.0012, 0.0000
current_data: 2.5566, 259306, 24.9740, 45677.7614
current_data: 2.4114, 2995347, 8.5815, 11526.9410
current_data: 1.0576, 5067023, 5.1049, 3854.3971
current_data: 0.3845, 19618441, 77.0082, 16364.4686
current_data: 2.5481, 91120, 0.0014, 0.0000
current_data: 2.5572, 261485, 24.9732, 45730.2617
current_data: 2.3862, 2927155, 8.9203, 12323.8205
current_data: 1.0569, 5082291, 5.1867, 3954.3976
current_data: 0.3844, 19607238, 77.0258, 16493.2194
current_data: 2.5494, 89681, 0.0014, 0.0000
current_data: 2.5197, 260083, 24.9756, 45052.7578
current_data: 2.3914, 2833104, 8.9778, 12241.3200
current_data: 1.0603, 5089380, 5.1047, 3878.7722
current_data: 0.3846, 19619060, 77.0155, 16455.0942
current_data: 2.5500, 84022, 0.0011, 0.0000
current_data: 2.4912, 253351, 24.9780, 44550.2549
current_data: 2.3791, 2907045, 8.9075, 12237.5700
current_data: 1.0567, 5062245, 5.1606, 3831.2719
current_data: 0.3847, 19611358, 76.9870, 16555.0947
current_data: 2.5490, 79288, 0.0007, 0.0000
current_data: 2.5572, 247654, 24.9756, 45674.6364
current_data: 2.3892, 2781145, 8.9453, 12180.6947
current_data: 1.0605, 5061290, 5.1198, 3914.3974
current_data: 0.3847, 19617463, 76.9980, 16541.3447
current_data: 2.5497, 81157, 0.0008, 0.0000
current_data: 2.5582, 248969, 24.9735, 45719.0116
current_data: 2.3948, 2796292, 8.9236, 12273.1952
current_data: 1.0528, 5105376, 5.2366, 3941.2726
current_data: 0.3844, 19572200, 77.0266, 16483.8443
current_data: 2.5503, 89235, 0.0012, 0.0000
current_data: 2.2332, 284780, 32.6571, 49626.5340
current_data: 2.4094, 2689871, 8.6862, 12196.9448
current_data: 1.0522, 5051223, 5.0780, 3726.2713
current_data: 0.3887, 18622955, 75.0302, 16703.2206
current_data: 2.5489, 84811, 0.0011, 0.0000
current_data: 2.4632, 262707, 31.9674, 54249.0604
current_data: 2.3946, 2841185, 8.8746, 12293.1953
current_data: 1.0523, 5048881, 5.1483, 3856.8971
current_data: 0.3846, 19601660, 76.9856, 16564.4698
current_data: 2.5500, 85904, 0.0012, 0.0000
current_data: 2.4620, 258278, 31.9672, 53954.0587
current_data: 2.3793, 2891956, 8.9250, 12224.4449
current_data: 1.0546, 5064316, 5.1737, 3993.7729
current_data: 0.3844, 19563571, 77.0309, 16456.3442
current_data: 2.5505, 80379, 0.0008, 0.0000
current_data: 2.4625, 247202, 31.9682, 54016.5591
current_data: 2.3821, 2860083, 8.9153, 12191.9448
current_data: 1.0532, 5045487, 5.0815, 3813.1468
current_data: 0.3845, 19583372, 77.0187, 16518.8445
current_data: 2.5489, 78905, 0.0008, 0.0000
current_data: 2.4629, 246691, 31.9690, 54015.9341
current_data: 2.3825, 2772191, 8.9389, 12156.3196
current_data: 1.0542, 5073448, 5.0364, 3746.8964
current_data: 0.3843, 19566198, 77.0527, 16488.8443
current_data: 2.5503, 81274, 0.0009, 0.0000
current_data: 2.4655, 253194, 31.9677, 54150.3099
current_data: 2.3849, 2829075, 8.9123, 12196.9448
current_data: 1.0518, 5058394, 5.1566, 3984.3978
current_data: 0.3844, 19584459, 77.0253, 16611.3451
current_data: 2.5501, 80321, 0.0008, 0.0000
current_data: 2.4650, 250817, 31.9682, 54124.0597
current_data: 2.3800, 2808328, 8.9327, 12178.1947
current_data: 1.0514, 5092882, 5.1731, 3959.3977
current_data: 0.3843, 19606522, 77.0425, 16470.0942
current_data: 2.5506, 80751, 0.0008, 0.0000
current_data: 2.4656, 245189, 31.9686, 54224.0603
current_data: 2.4266, 3021229, 8.1942, 11393.1902
current_data: 1.0546, 5052035, 5.1429, 3840.0220
current_data: 0.3846, 19610081, 76.9982, 16443.2191
current_data: 2.5490, 89319, 0.0014, 0.0000
current_data: 2.1507, 278999, 33.7836, 48817.7793
current_data: 2.3918, 2801202, 8.9404, 12249.4451
current_data: 1.0583, 5113646, 5.1641, 3976.8978
current_data: 0.3851, 19846322, 76.9989, 16668.2204
current_data: 2.5489, 91144, 0.0014, 0.0000
current_data: 2.1745, 256137, 34.2649, 46462.7659
current_data: 2.3965, 2888214, 8.8459, 12305.0704
current_data: 1.0640, 5147740, 5.0407, 3854.3971
current_data: 0.3853, 19819353, 76.9998, 16715.0956
current_data: 2.5503, 79495, 0.0007, 0.0000
current_data: 2.1759, 240342, 34.2681, 46455.2658
current_data: 2.3993, 2971834, 8.8570, 12352.5707
current_data: 1.0650, 5141153, 5.1294, 3943.7726
current_data: 0.3848, 19731307, 77.0418, 16592.5949
current_data: 2.5496, 84565, 0.0010, 0.0000
current_data: 2.1111, 809760, 32.9391, 44546.5049
current_data: 2.3962, 2981382, 8.8694, 12342.5706
current_data: 1.0330, 5007280, 5.1181, 3903.7723
current_data: 0.3828, 19753581, 77.0543, 16676.9704
current_data: 2.5488, 81468, 0.0009, 0.0000
current_data: 1.7954, 4448847, 31.7933, 57155.9520
current_data: 2.3506, 2832689, 8.9677, 12220.6949
current_data: 1.0499, 5065193, 5.2095, 3911.2724
current_data: 0.3841, 19745019, 77.0020, 16638.2202
current_data: 2.5485, 91244, 0.0013, 0.0000
current_data: 2.7696, 300129, 25.5200, 51098.4174
current_data: 2.4009, 2882878, 8.9353, 12403.1960
current_data: 1.0495, 5044631, 5.0501, 3840.6470
current_data: 0.3839, 19708446, 77.0465, 16580.7199
current_data: 2.5491, 80417, 0.0008, 0.0000
current_data: 2.5553, 281258, 25.3738, 51095.9174
current_data: 2.3764, 2751830, 8.9413, 12226.9450
current_data: 1.0231, 4880549, 5.0607, 3715.6463
current_data: 0.3857, 18519083, 74.9944, 16700.7206
current_data: 2.5491, 85174, 0.0010, 0.0000
current_data: 2.2195, 234974, 26.4854, 60755.9726
current_data: 2.3348, 2874279, 8.9264, 12183.1947
current_data: 1.0227, 4683584, 5.0780, 3558.1454
current_data: 0.3826, 19655172, 77.0279, 16485.7193
current_data: 2.5495, 85631, 0.0010, 0.0000
current_data: 2.2225, 237839, 26.4865, 60827.2231
current_data: 2.3428, 2797511, 8.8872, 12050.0690
current_data: 1.0376, 5028644, 5.1669, 3848.1470
current_data: 0.3836, 19704009, 77.0060, 16624.4701
current_data: 2.5500, 79831, 0.0008, 0.0000
current_data: 2.3218, 245048, 29.2583, 57450.9537
current_data: 2.3656, 2824238, 8.9085, 12141.9445
current_data: 1.0526, 5104269, 5.1646, 3833.1469
current_data: 0.3844, 19727520, 77.0244, 16571.9698
current_data: 2.5505, 81050, 0.0008, 0.0000
current_data: 2.4680, 240206, 31.9698, 54554.6872
current_data: 2.3921, 2872819, 8.8655, 12216.9449
current_data: 1.0544, 5086003, 5.1268, 3867.5221
current_data: 0.3842, 19725279, 77.0678, 16631.9702
current_data: 2.5499, 79701, 0.0008, 0.0000
current_data: 2.4686, 236468, 31.9687, 54573.4373
current_data: 2.3745, 2923527, 8.8630, 12296.3204
current_data: 1.0523, 5096974, 5.1289, 3822.5219
current_data: 0.3842, 19732876, 77.0630, 16655.7203
current_data: 2.5496, 83077, 0.0010, 0.0000
current_data: 2.4654, 243339, 31.9692, 54527.8120
current_data: 2.3846, 2929729, 8.8806, 12346.3206
current_data: 1.0504, 5065370, 5.0718, 3847.5220
current_data: 0.3844, 19736936, 76.9839, 16528.8446
current_data: 2.5493, 88303, 0.0014, 0.0000
current_data: 2.4650, 252831, 31.9677, 54436.5615
current_data: 2.3869, 2841625, 8.8801, 12273.1952
current_data: 1.0518, 5100280, 5.1397, 3953.7726
current_data: 0.3844, 19760364, 77.0079, 16505.0944
current_data: 2.5493, 85661, 0.0012, 0.0000
current_data: 2.4661, 250498, 31.9683, 54589.6874
current_data: 2.3857, 2813215, 8.9763, 12288.1953
current_data: 1.0545, 5094365, 5.1110, 3960.6477
current_data: 0.3844, 19752152, 77.0258, 16605.7200
current_data: 2.5500, 83603, 0.0009, 0.0000
current_data: 2.4670, 243335, 31.9677, 54629.0626
current_data: 2.3836, 2917521, 8.9609, 12415.6960
current_data: 1.0437, 4910384, 5.2470, 4010.6479
current_data: 0.3842, 19746170, 77.0275, 16508.8445
current_data: 2.5496, 90191, 0.0014, 0.0000
current_data: 2.4642, 254577, 31.9638, 54566.5622
current_data: 2.4111, 2747834, 8.4855, 12288.8203
current_data: 1.0560, 5053576, 5.0822, 3931.2725
current_data: 0.3845, 19704855, 77.0253, 16546.3447
current_data: 2.5496, 81194, 0.0008, 0.0000
current_data: 2.2695, 243087, 31.9086, 50654.6648
current_data: 2.3865, 2951911, 8.9323, 12376.3208
current_data: 1.0585, 5073219, 5.1046, 3958.1476
current_data: 0.3844, 19730933, 77.0560, 16665.0954
current_data: 2.5505, 80566, 0.0008, 0.0000
current_data: 2.5495, 254612, 24.9760, 45907.7627
current_data: 2.3983, 2961852, 8.8733, 12416.3210
current_data: 1.0588, 5128093, 5.1099, 3900.0223
current_data: 0.3846, 19776005, 77.0141, 16628.8452
current_data: 2.5496, 80768, 0.0007, 0.0000
current_data: 2.5424, 249265, 24.9786, 45830.2622
current_data: 2.3963, 2974548, 8.8586, 12398.8209
current_data: 1.0581, 5074498, 5.1058, 3978.7728
current_data: 0.3844, 19731305, 77.0536, 16590.0949
current_data: 2.5501, 82313, 0.0009, 0.0000
current_data: 2.5584, 247055, 24.9769, 45897.7626
current_data: 2.3940, 2879731, 8.8487, 12292.5703
current_data: 1.0552, 5098798, 5.1196, 3811.2718
current_data: 0.3878, 18645091, 74.9807, 16793.8461
current_data: 2.5485, 91569, 0.0014, 0.0000
current_data: 2.5598, 260140, 24.9758, 46072.7636
current_data: 2.3954, 2863771, 8.8330, 12289.4453
current_data: 1.0577, 5103734, 5.1777, 3936.2725
current_data: 0.3846, 19707023, 77.0131, 16613.2201
current_data: 2.5502, 82646, 0.0009, 0.0000
current_data: 2.5236, 250613, 24.9758, 45383.3847
current_data: 2.3993, 2893037, 8.9318, 12337.5706
current_data: 1.0587, 5153445, 5.0511, 3940.6475
current_data: 0.3847, 19803893, 77.0081, 16662.5953
current_data: 2.5504, 83548, 0.0009, 0.0000
current_data: 2.4931, 248791, 24.9777, 45021.5076
current_data: 2.3960, 2976370, 8.9314, 12409.4460
current_data: 1.0565, 5068915, 5.1388, 3958.1476
current_data: 0.3845, 19770081, 77.0347, 16649.4703
current_data: 2.5498, 84391, 0.0009, 0.0000
current_data: 2.5626, 255943, 24.9752, 46184.6393
current_data: 2.4008, 2994776, 8.9046, 12466.3213
current_data: 1.0582, 5121062, 5.0841, 3880.6472
current_data: 0.3843, 19725403, 77.0634, 16696.3455
current_data: 2.5500, 82323, 0.0010, 0.0000
current_data: 2.5579, 256730, 24.9732, 46070.2636
current_data: 2.3959, 2963328, 8.8877, 12430.0711
current_data: 1.0521, 5060894, 5.2011, 4059.3982
current_data: 0.3842, 19723423, 77.0225, 16694.4705
current_data: 2.5487, 91331, 0.0015, 0.0000
current_data: 2.3137, 303999, 32.8817, 52256.5490
current_data: 2.3859, 2872548, 8.8809, 12253.1951
current_data: 1.0500, 5079611, 5.1468, 3948.7726
current_data: 0.3842, 19786446, 77.0465, 16638.2202
current_data: 2.5493, 86233, 0.0011, 0.0000
current_data: 2.4634, 262442, 31.9652, 54495.9368
current_data: 2.4212, 2928757, 8.2656, 11960.6934
current_data: 1.0539, 5093627, 5.1595, 3931.8975
current_data: 0.3844, 19747028, 77.0206, 16540.7196
current_data: 2.5505, 82833, 0.0008, 0.0000
current_data: 2.4634, 244612, 31.9657, 54479.6867
current_data: 2.3904, 2844326, 8.8905, 12242.5701
current_data: 1.0542, 5080787, 5.0486, 3851.8970
current_data: 0.3843, 19743048, 77.0308, 16647.5953
current_data: 2.5490, 84900, 0.0012, 0.0000
current_data: 2.4636, 252308, 31.9656, 54521.5620
current_data: 2.3857, 2795099, 8.9552, 12255.0701
current_data: 1.0523, 5107163, 5.2325, 4048.1482
current_data: 0.3844, 19755117, 77.0055, 16576.3449
current_data: 2.5494, 87679, 0.0011, 0.0000
current_data: 2.4627, 251082, 31.9667, 54490.9368
current_data: 2.3827, 2917480, 8.8912, 12318.8205
current_data: 1.0478, 5057090, 5.1367, 3900.0223
current_data: 0.3842, 19772433, 77.0201, 16580.7199
current_data: 2.5488, 93453, 0.0014, 0.0000
current_data: 2.4654, 263689, 31.9659, 54656.5627
current_data: 2.3849, 2888250, 8.8882, 12297.5704
current_data: 1.0445, 4924614, 5.2513, 4025.0230
current_data: 0.3843, 19763666, 77.0055, 16684.4705
current_data: 2.5486, 90566, 0.0013, 0.0000
current_data: 2.4648, 256891, 31.9614, 54505.3119
current_data: 2.3872, 2854306, 8.9779, 12339.4456
current_data: 1.0533, 5080103, 5.1725, 4011.2730
current_data: 0.3844, 19758857, 76.9912, 16667.5954
current_data: 2.5492, 89834, 0.0013, 0.0000
current_data: 2.4666, 249574, 31.9665, 54532.8120
current_data: 2.4049, 2912985, 8.8730, 11842.5678
current_data: 1.0617, 5135270, 5.1616, 3912.5224
current_data: 0.3847, 19747836, 77.0370, 16673.8454
current_data: 2.5502, 84670, 0.0010, 0.0000
current_data: 2.0955, 250903, 34.3061, 47570.8972
current_data: 2.4005, 2880091, 8.9350, 12395.6959
current_data: 1.0640, 5136736, 5.1800, 3943.7726
current_data: 0.3897, 18762902, 75.0794, 16784.4710
current_data: 2.5497, 85220, 0.0010, 0.0000
current_data: 2.1752, 236799, 34.2665, 46110.8888
current_data: 2.4016, 2895268, 8.9529, 12405.0710
current_data: 1.0650, 5124309, 5.0688, 3840.0220
current_data: 0.3852, 19818541, 76.9942, 16659.4703
current_data: 2.5495, 84688, 0.0010, 0.0000
current_data: 2.1758, 233349, 34.2677, 46472.7659
current_data: 2.3967, 2930118, 8.9647, 12433.1961
current_data: 1.0599, 5111461, 5.0943, 3926.8975
current_data: 0.3849, 19784453, 77.0128, 16646.9703
current_data: 2.5498, 80807, 0.0008, 0.0000
current_data: 2.2502, 3839759, 28.8965, 45266.5090
current_data: 2.4045, 2905870, 8.9354, 12451.3212
current_data: 1.0311, 4981722, 5.0322, 3801.8968
current_data: 0.3830, 19664417, 77.0297, 16543.8447
current_data: 2.5487, 88507, 0.0011, 0.0000
current_data: 1.7548, 404647, 35.0135, 58534.7099
current_data: 2.3991, 2716056, 8.4112, 12213.1949
current_data: 1.0517, 5082528, 5.0909, 3923.1474
current_data: 0.3841, 19690567, 77.0258, 16610.0950
current_data: 2.5484, 90921, 0.0014, 0.0000
current_data: 2.7574, 301636, 25.4049, 50550.2893
current_data: 2.3911, 2886513, 8.8742, 12313.1955
current_data: 1.0422, 5035775, 5.0753, 3746.2714
current_data: 0.3835, 19738473, 77.0515, 16768.2209
current_data: 2.5492, 86854, 0.0011, 0.0000
current_data: 2.4509, 262587, 25.6871, 53199.6794
current_data: 2.3720, 2837135, 8.9309, 12278.8203
current_data: 1.0248, 4927339, 5.0746, 3665.0210
current_data: 0.3827, 19542089, 77.0278, 16396.3438
current_data: 2.5493, 85522, 0.0011, 0.0000
current_data: 2.2213, 237482, 26.4822, 60500.3462
current_data: 2.3442, 2933885, 8.9980, 12180.0697
current_data: 1.0246, 5003863, 5.1906, 3956.2726
current_data: 0.3826, 19703284, 77.0380, 16497.5944
current_data: 2.5494, 81635, 0.0008, 0.0000
current_data: 2.2206, 229047, 26.4860, 61062.2244
current_data: 2.3471, 2924632, 8.9263, 12225.6950
current_data: 1.0413, 5034605, 5.1996, 3954.3976
current_data: 0.3837, 19711704, 77.0275, 16621.3451
current_data: 2.5492, 80769, 0.0009, 0.0000
current_data: 2.3667, 233772, 30.2694, 56262.1969
current_data: 2.3780, 2876347, 8.9263, 12261.9452
current_data: 1.0539, 5069259, 5.0574, 3898.7723
current_data: 0.3843, 19713787, 77.0424, 16566.9698
current_data: 2.5503, 81388, 0.0008, 0.0000
current_data: 2.4667, 236740, 31.9688, 54528.4370
current_data: 2.3899, 2945468, 8.9054, 12398.1959
current_data: 1.0551, 5112257, 5.0547, 3865.6471
current_data: 0.3845, 19766884, 77.0170, 16588.2199
current_data: 2.5507, 79731, 0.0008, 0.0000
current_data: 2.4670, 228810, 31.9695, 54667.8128
current_data: 2.3837, 2862623, 8.8964, 12333.8206
current_data: 1.0531, 5098819, 5.0525, 3903.7723
current_data: 0.3843, 19724952, 77.0545, 16682.5955
current_data: 2.5496, 80326, 0.0008, 0.0000
current_data: 2.4663, 229109, 31.9696, 54550.9371
current_data: 2.3932, 2922391, 8.9628, 12472.5714
current_data: 1.0555, 5121433, 5.0499, 3781.2716
current_data: 0.3843, 19741733, 77.0516, 16591.3449
current_data: 2.5496, 81367, 0.0008, 0.0000
current_data: 2.4659, 227829, 31.9708, 54560.3122
current_data: 2.3927, 2914232, 8.8623, 12386.3209
current_data: 1.0529, 5093990, 5.1665, 3910.6474
current_data: 0.3844, 19734128, 77.0008, 16645.7202
current_data: 2.5495, 81887, 0.0009, 0.0000
current_data: 2.4686, 233571, 31.9695, 54590.3124
current_data: 2.3955, 2879557, 8.8547, 12254.4451
current_data: 1.0507, 5075658, 5.1291, 3830.6469
current_data: 0.3883, 18671354, 75.0537, 16760.0959
current_data: 2.5499, 80810, 0.0007, 0.0000
current_data: 2.4679, 229987, 31.9688, 54576.5623
current_data: 2.3899, 2834168, 8.9586, 12296.9454
current_data: 1.0535, 5071350, 5.0681, 3756.2715
current_data: 0.3845, 19756718, 77.0035, 16673.2204
current_data: 2.5495, 82345, 0.0009, 0.0000
current_data: 2.4698, 228495, 31.9713, 54632.8126
current_data: 2.4201, 2862626, 8.4124, 12411.3210
current_data: 1.0561, 5098410, 5.1176, 3851.8970
current_data: 0.3843, 19713151, 77.0292, 16565.7198
current_data: 2.5490, 86816, 0.0011, 0.0000
current_data: 2.2937, 252639, 30.4122, 49394.0326
current_data: 2.3939, 2871710, 8.9742, 12315.0705
current_data: 1.0558, 5095901, 5.0901, 3794.3967
current_data: 0.3843, 19757784, 77.0279, 16638.2202
current_data: 2.5486, 90750, 0.0015, 0.0000
current_data: 2.5506, 267198, 24.9757, 45945.2629
current_data: 2.3998, 2993845, 8.9438, 12492.5715
current_data: 1.0562, 5105716, 5.1109, 3823.7719
current_data: 0.3845, 19751570, 77.0234, 16668.8454
current_data: 2.5496, 83071, 0.0009, 0.0000
current_data: 2.5389, 254525, 24.9758, 45700.2615
current_data: 2.4011, 2994583, 8.8870, 12481.3214
current_data: 1.0573, 5136736, 5.1450, 3938.1475
current_data: 0.3843, 19729886, 77.0622, 16775.0960
current_data: 2.5493, 79928, 0.0009, 0.0000
current_data: 2.5579, 246930, 24.9749, 46027.7634
current_data: 2.4045, 3015361, 8.8814, 12466.9463
current_data: 1.0593, 5125317, 5.0268, 3779.3966
current_data: 0.3845, 19759659, 77.0129, 16550.7197
current_data: 2.5498, 81670, 0.0009, 0.0000
current_data: 2.5529, 245633, 24.9748, 46005.2632
current_data: 2.4038, 2959578, 8.8404, 12375.6958
current_data: 1.0548, 5084842, 5.1398, 3945.0226
current_data: 0.3845, 19760328, 77.0232, 16607.5950
current_data: 2.5496, 84797, 0.0009, 0.0000
current_data: 2.4917, 245464, 24.9799, 45003.3825
current_data: 2.3902, 2916513, 8.8967, 12390.0709
current_data: 1.0594, 5081622, 5.1014, 3849.3970
current_data: 0.3845, 19719481, 77.0103, 16620.0951
current_data: 2.5495, 80750, 0.0009, 0.0000
current_data: 2.5415, 247031, 24.9765, 45707.7615
current_data: 2.4019, 2942851, 8.9677, 12479.4464
current_data: 1.0587, 5076497, 5.0916, 3850.0220
current_data: 0.3845, 19712772, 77.0180, 16475.0943
current_data: 2.5505, 80362, 0.0008, 0.0000
current_data: 2.5611, 244931, 24.9753, 46069.6386
current_data: 2.4047, 2981692, 8.8710, 12419.4461
current_data: 1.0590, 5096036, 5.0694, 3839.3970
current_data: 0.3844, 19729841, 77.0601, 16631.3452
current_data: 2.5497, 79901, 0.0009, 0.0000
current_data: 2.3305, 243974, 25.8175, 43147.1219
current_data: 2.4069, 2990314, 8.8426, 12394.4459
current_data: 1.0537, 5074519, 5.0405, 3837.5220
current_data: 0.3843, 19592253, 77.0387, 16554.4697
current_data: 2.5503, 80263, 0.0008, 0.0000
current_data: 2.4635, 248173, 31.9688, 54282.8106
current_data: 2.3993, 2911975, 8.9668, 12305.0704
current_data: 1.0526, 5093230, 5.1693, 3910.6474
current_data: 0.3843, 19738637, 77.0084, 16548.2197
current_data: 2.5495, 88658, 0.0012, 0.0000
current_data: 2.4635, 253241, 31.9657, 54461.5616
current_data: 2.4253, 2885418, 8.4827, 12450.0712
current_data: 1.0548, 5108628, 5.0519, 3821.2719
current_data: 0.3843, 19753742, 77.0372, 16695.0955
current_data: 2.5507, 83568, 0.0009, 0.0000
current_data: 2.4636, 236710, 31.9684, 54566.5622
current_data: 2.3942, 2872944, 8.9720, 12283.1953
current_data: 1.0543, 5108653, 5.1005, 3938.1475
current_data: 0.3887, 18730107, 75.0473, 16737.5958
current_data: 2.5502, 79290, 0.0009, 0.0000
current_data: 2.4639, 239345, 31.9670, 54465.9367
current_data: 2.3940, 3002530, 8.9121, 12480.6964
current_data: 1.0494, 5078381, 5.2464, 3911.8974
current_data: 0.3844, 19747168, 76.9936, 16605.0950
current_data: 2.5490, 89056, 0.0013, 0.0000
current_data: 2.4625, 251916, 31.9665, 54449.0616
current_data: 2.3963, 2918143, 8.8952, 12315.0705
current_data: 1.0512, 5046828, 5.0747, 3933.7725
current_data: 0.3843, 19742253, 76.9871, 16593.2199
current_data: 2.5491, 91070, 0.0014, 0.0000
current_data: 2.4636, 261144, 31.9666, 54472.1867
current_data: 2.3946, 2849966, 8.9420, 12336.3206
current_data: 1.0533, 5090384, 5.1663, 4079.3983
current_data: 0.3844, 19742598, 77.0258, 16615.0951
current_data: 2.5495, 83992, 0.0011, 0.0000
current_data: 2.4657, 241786, 31.9674, 54560.9372
current_data: 2.3972, 3001897, 8.9663, 12463.8213
current_data: 1.0528, 5117307, 5.1806, 3880.6472
current_data: 0.3843, 19776058, 77.0253, 16670.7204
current_data: 2.5504, 86800, 0.0012, 0.0000
current_data: 2.4680, 247021, 31.9676, 54676.5629
current_data: 2.4013, 3015099, 8.9519, 12106.9443
current_data: 1.0621, 5133903, 5.0923, 3953.1476
current_data: 0.3847, 19733388, 77.0566, 16709.4706
current_data: 2.5501, 84292, 0.0011, 0.0000
current_data: 2.0431, 249501, 34.7997, 46117.7639
current_data: 2.4134, 2869431, 8.9245, 12365.6958
current_data: 1.0644, 5149451, 5.0362, 3918.1474
current_data: 0.3852, 19811434, 77.0152, 16706.9706
current_data: 2.5497, 82550, 0.0009, 0.0000
current_data: 2.1765, 239182, 34.2655, 46497.7661
current_data: 2.4132, 2906901, 8.9281, 12368.1958
current_data: 1.0641, 5153984, 5.2015, 3928.7725
current_data: 0.3849, 19760197, 77.0582, 16574.4698
current_data: 2.5494, 86101, 0.0012, 0.0000
current_data: 2.1755, 242530, 34.2671, 46374.6404
current_data: 2.4171, 2879650, 8.9175, 12361.9457
current_data: 1.0552, 5112234, 5.2100, 3953.7726
current_data: 0.3846, 19751905, 77.0082, 16565.7198
current_data: 2.5499, 81479, 0.0009, 0.0000
current_data: 2.1508, 5727036, 28.2844, 45856.5124
current_data: 2.4015, 2883390, 8.9285, 12380.6958
current_data: 1.0332, 4976252, 5.1671, 3831.8969
current_data: 0.3831, 19694363, 77.0479, 16506.3445
current_data: 2.5509, 84330, 0.0010, 0.0000
current_data: 2.2253, 414103, 28.9824, 56856.5753
current_data: 2.4231, 2823416, 8.3207, 12234.4450
current_data: 1.0539, 5029046, 5.1319, 3896.8973
current_data: 0.3842, 19579801, 77.0095, 16508.2195
current_data: 2.5501, 89078, 0.0012, 0.0000
current_data: 2.7434, 295520, 25.3071, 49869.6604
current_data: 2.4009, 2929875, 8.9303, 12276.3202
current_data: 1.0374, 4995710, 5.1011, 3775.0216
current_data: 0.3835, 19603232, 77.0304, 16554.4697
current_data: 2.5498, 83511, 0.0010, 0.0000
current_data: 2.3781, 256230, 25.9444, 54937.1894
current_data: 2.3741, 2944018, 8.8836, 12286.9453
current_data: 1.0240, 4930435, 5.0802, 3816.8968
current_data: 0.3827, 19519381, 77.0101, 16403.2189
current_data: 2.5493, 86636, 0.0011, 0.0000
current_data: 2.2218, 229629, 26.4869, 60472.2210
current_data: 2.3200, 2969814, 9.0157, 12033.8189
current_data: 1.0256, 4888818, 5.0683, 3731.8964
current_data: 0.3827, 19484662, 77.0445, 16450.0941
current_data: 2.5497, 81025, 0.0008, 0.0000
current_data: 2.2214, 226992, 26.4870, 60470.9710
current_data: 2.3268, 2893195, 9.0573, 12037.5689
current_data: 1.0478, 5010298, 5.1265, 3764.3965
current_data: 0.3882, 18564149, 75.0114, 16605.0950
current_data: 2.5484, 87982, 0.0013, 0.0000
current_data: 2.3949, 246108, 30.8861, 55100.9403
current_data: 2.3683, 2949771, 8.9439, 12139.4445
current_data: 1.0543, 5025901, 5.0687, 3845.6470
current_data: 0.3843, 19608391, 76.9801, 16505.7194
current_data: 2.5491, 88184, 0.0013, 0.0000
current_data: 2.4667, 243606, 31.9686, 53979.6839
current_data: 2.3722, 3005636, 8.9092, 12191.9448
current_data: 1.0508, 5061493, 5.1637, 4006.8979
current_data: 0.3844, 19633089, 77.0237, 16573.8448
current_data: 2.5500, 81415, 0.0009, 0.0000
current_data: 2.4674, 229381, 31.9677, 54127.8097
current_data: 2.3737, 3093656, 8.9558, 12304.4454
current_data: 1.0523, 5029196, 5.1031, 3738.1464
current_data: 0.3843, 19589508, 77.0333, 16576.9699
current_data: 2.5498, 82083, 0.0008, 0.0000
current_data: 2.4673, 223439, 31.9689, 54061.5593
current_data: 2.3727, 2965842, 9.0167, 12204.4448
current_data: 1.0521, 5074125, 5.1851, 3933.1475
current_data: 0.3842, 19573318, 77.0473, 16475.0943
current_data: 2.5500, 83106, 0.0008, 0.0000
current_data: 2.4695, 223114, 31.9704, 54140.3098
current_data: 2.3928, 3116453, 8.9464, 11556.3161
current_data: 1.0511, 5080216, 5.2367, 3948.1476
current_data: 0.3843, 19599373, 77.0291, 16498.2194
current_data: 2.5489, 84884, 0.0011, 0.0000
current_data: 2.4705, 238009, 31.9685, 54248.4354
current_data: 2.3703, 2964320, 9.0080, 12153.8195
current_data: 1.0532, 5029633, 5.1163, 3846.8970
current_data: 0.3844, 19590330, 77.0278, 16594.4700
current_data: 2.5490, 80767, 0.0007, 0.0000
current_data: 2.4695, 223438, 31.9710, 54202.8102
current_data: 2.3779, 2944083, 8.9862, 12176.3197
current_data: 1.0543, 5035141, 5.0517, 3733.7714
current_data: 0.3841, 19548369, 77.0559, 16462.5942
current_data: 2.5499, 80500, 0.0008, 0.0000
current_data: 2.4701, 222369, 31.9698, 54169.6850
current_data: 2.3670, 2912472, 8.9312, 12176.9447
current_data: 1.0588, 5051938, 4.9990, 3827.5219
current_data: 0.3845, 19601910, 77.0161, 16483.8443
current_data: 2.5499, 81505, 0.0009, 0.0000
current_data: 2.2836, 235890, 30.4218, 49007.1554
current_data: 2.3783, 2983046, 8.9175, 12116.3193
current_data: 1.0572, 5081718, 5.0982, 3831.8969
current_data: 0.3846, 19634810, 76.9946, 16432.5940
current_data: 2.5498, 80136, 0.0008, 0.0000
current_data: 2.5468, 250967, 24.9758, 45581.5108
current_data: 2.3759, 3012338, 8.9295, 12271.9452
current_data: 1.0586, 5080267, 5.1474, 3931.8975
current_data: 0.3844, 19564074, 77.0407, 16446.9691
current_data: 2.5502, 80839, 0.0008, 0.0000
current_data: 2.5495, 242666, 24.9772, 45497.1353
current_data: 2.3736, 3103996, 9.0015, 12279.4453
current_data: 1.0592, 5080398, 5.0773, 3765.6465
current_data: 0.3841, 19548749, 77.0685, 16439.4691
current_data: 2.5507, 82302, 0.0010, 0.0000
current_data: 2.5621, 247784, 24.9751, 45737.7617
current_data: 2.3812, 2942467, 9.0005, 12208.1949
current_data: 1.0582, 5079113, 5.1585, 3890.6473
current_data: 0.3845, 19637678, 77.0097, 16576.9699
current_data: 2.5489, 83650, 0.0010, 0.0000
current_data: 2.5589, 249144, 24.9734, 45739.0117
current_data: 2.4305, 3149219, 8.4277, 10975.6878
current_data: 1.0588, 5083577, 5.1242, 3926.2725
current_data: 0.3845, 19639185, 77.0076, 16470.7192
current_data: 2.5483, 87637, 0.0013, 0.0000
current_data: 2.5240, 252201, 24.9751, 45184.0085
current_data: 2.3809, 3056198, 8.9175, 12288.1953
current_data: 1.0579, 5094483, 5.1777, 3955.0226
current_data: 0.3845, 19565409, 76.9955, 16529.4696
current_data: 2.5492, 87479, 0.0013, 0.0000
current_data: 2.5396, 260587, 24.9734, 45250.8839
current_data: 2.3747, 3062821, 8.9814, 12266.9452
current_data: 1.0581, 5071425, 5.0655, 3820.0219
current_data: 0.3848, 19214929, 76.4396, 16690.7205
current_data: 2.5502, 78038, 0.0007, 0.0000
current_data: 2.5616, 243293, 24.9755, 45768.3869
current_data: 2.3796, 2952389, 9.0058, 12229.4450
current_data: 1.0530, 5059547, 5.2361, 3978.1478
current_data: 0.3845, 19665628, 77.0256, 16528.2196
current_data: 2.5495, 81599, 0.0008, 0.0000
current_data: 2.5211, 243119, 24.9498, 45279.6341
current_data: 2.3872, 3039998, 8.8822, 12266.3202
current_data: 1.0521, 5029887, 5.1162, 3681.2711
current_data: 0.3844, 19493876, 77.0237, 16454.4692
current_data: 2.5500, 78636, 0.0008, 0.0000
current_data: 2.4366, 274435, 32.1642, 53752.1826
current_data: 2.3713, 2950726, 8.9347, 12194.4448
current_data: 1.0529, 5060803, 5.1758, 3829.3969
current_data: 0.3844, 19622203, 77.0215, 16563.2198
current_data: 2.5495, 79306, 0.0008, 0.0000
current_data: 2.4630, 254096, 31.9652, 54267.1855
current_data: 2.3701, 3055069, 8.9758, 12356.3207
current_data: 1.0539, 5089742, 5.0860, 3934.3975
current_data: 0.3843, 19701185, 77.0445, 16670.0954
current_data: 2.5506, 80764, 0.0007, 0.0000
current_data: 2.4621, 245898, 31.9679, 54400.3113
current_data: 2.3797, 3086491, 8.9025, 12368.1958
current_data: 1.0518, 5071099, 5.1292, 3888.7723
current_data: 0.3842, 19718032, 77.0701, 16695.7205
current_data: 2.5505, 80620, 0.0008, 0.0000
current_data: 2.4649, 245062, 31.9690, 54490.9368
current_data: 2.3827, 2954997, 8.9924, 11853.1928
current_data: 1.0552, 5113462, 5.1424, 3946.2726
current_data: 0.3843, 19748886, 77.0514, 16600.0950
current_data: 2.5502, 81673, 0.0008, 0.0000
current_data: 2.4635, 245260, 31.9692, 54571.5623
current_data: 2.3730, 2984576, 8.9969, 12315.6955
current_data: 1.0531, 5096249, 5.1144, 3925.6475
current_data: 0.3843, 19741432, 77.0421, 16621.9701
current_data: 2.5501, 78390, 0.0008, 0.0000
current_data: 2.4662, 246709, 31.9688, 54618.4375
current_data: 2.3804, 2993608, 8.9704, 12351.9457
current_data: 1.0531, 5104290, 5.1102, 3965.6477
current_data: 0.3843, 19758725, 77.0464, 16581.3449
current_data: 2.5497, 82992, 0.0009, 0.0000
current_data: 2.4657, 249941, 31.9685, 54632.8126
current_data: 2.3777, 3052258, 8.9998, 12383.1959
current_data: 1.0519, 5086771, 5.1698, 3953.7726
current_data: 0.3843, 19753804, 77.0233, 16575.0948
current_data: 2.5503, 84702, 0.0009, 0.0000
current_data: 2.4648, 250453, 31.9673, 54614.6875
current_data: 2.3762, 3044168, 8.9851, 12360.0707
current_data: 1.0565, 5131975, 5.2139, 3954.3976
current_data: 0.3847, 19788746, 77.0059, 16677.5954
current_data: 2.5489, 90968, 0.0013, 0.0000
current_data: 2.0772, 268602, 34.4226, 47212.1452
current_data: 2.3898, 3036214, 8.9392, 12362.5707
current_data: 1.0617, 5154154, 5.1998, 3972.5227
current_data: 0.3850, 19795135, 77.0076, 16717.5957
current_data: 2.5493, 91175, 0.0015, 0.0000
current_data: 2.1747, 247593, 34.2669, 46384.0154
current_data: 2.4396, 2950071, 8.2037, 12359.4457
current_data: 1.0673, 5144256, 5.0441, 3999.3979
current_data: 0.3850, 19770581, 77.0205, 16684.4705
current_data: 2.5489, 89950, 0.0014, 0.0000
current_data: 2.1752, 245761, 34.2660, 46319.6400
current_data: 2.3941, 2973200, 8.9436, 12284.4453
current_data: 1.0531, 5036356, 5.2229, 4018.7730
current_data: 0.3844, 19789288, 77.0169, 16656.9703
current_data: 2.5498, 85521, 0.0011, 0.0000
current_data: 2.3009, 4814221, 27.7146, 44959.6323
current_data: 2.3810, 3025119, 8.9160, 12266.9452
current_data: 1.0256, 4886182, 5.1456, 3859.3971
current_data: 0.3863, 18580790, 75.0242, 16655.7203
current_data: 2.5487, 81955, 0.0009, 0.0000
current_data: 1.8599, 396296, 33.3752, 58190.3330
current_data: 2.3451, 2908795, 8.9775, 12157.5696
current_data: 1.0522, 5090389, 5.1640, 3983.1478
current_data: 0.3842, 19712236, 77.0085, 16611.3451
current_data: 2.5479, 91796, 0.0015, 0.0000
current_data: 2.7512, 298349, 25.3794, 50308.4129
current_data: 2.3722, 3052911, 8.8986, 12255.6951
current_data: 1.0424, 5024273, 5.0987, 3875.6472
current_data: 0.3837, 19700921, 77.0255, 16603.2200
current_data: 2.5491, 81926, 0.0008, 0.0000
current_data: 2.4301, 277641, 25.7401, 53713.4324
current_data: 2.3544, 2914613, 8.9759, 12180.6947
current_data: 1.0226, 4961626, 5.2055, 3832.5219
current_data: 0.3826, 19662149, 77.0228, 16578.8449
current_data: 2.5486, 81947, 0.0008, 0.0000
current_data: 2.2218, 227061, 26.4858, 60845.3482
current_data: 2.3287, 3014458, 8.9588, 12146.9445
current_data: 1.0225, 4959513, 5.1402, 3833.1469
current_data: 0.3826, 19618065, 77.0375, 16617.5951
current_data: 2.5501, 86008, 0.0011, 0.0000
current_data: 2.2219, 232840, 26.4867, 60851.5982
current_data: 2.3501, 2864519, 8.7564, 12065.6940
current_data: 1.0431, 5063919, 5.1235, 3865.6471
current_data: 0.3839, 19728885, 77.0150, 16693.8455
current_data: 2.5484, 82041, 0.0009, 0.0000
current_data: 2.3826, 238090, 30.4972, 56065.9458
current_data: 2.3863, 3111868, 8.9547, 11561.3162
current_data: 1.0538, 5112684, 5.1735, 3961.8977
current_data: 0.3845, 19758081, 77.0046, 16659.4703
current_data: 2.5496, 82478, 0.0009, 0.0000
current_data: 2.4689, 231169, 31.9718, 54594.6874
current_data: 2.3716, 3055589, 8.8902, 12306.9454
current_data: 1.0519, 5066498, 5.1416, 3879.3972
current_data: 0.3844, 19712197, 77.0316, 16528.2196
current_data: 2.5508, 81359, 0.0008, 0.0000
current_data: 2.4681, 225943, 31.9704, 54485.3118
current_data: 2.3827, 3059922, 8.8594, 12282.5703
current_data: 1.0458, 4980814, 5.2821, 4122.5236
current_data: 0.3843, 19806701, 77.0023, 16585.7199
current_data: 2.5498, 93255, 0.0014, 0.0000
current_data: 2.4625, 244467, 31.9659, 54590.3124
current_data: 2.3768, 3070436, 8.8734, 12271.9452
current_data: 1.0532, 5085310, 5.0621, 3875.6472
current_data: 0.3844, 19715806, 77.0165, 16571.9698
current_data: 2.5488, 84790, 0.0011, 0.0000
current_data: 2.4667, 233876, 31.9681, 54422.8114
current_data: 2.3804, 2928820, 8.9031, 12165.6946
current_data: 1.0519, 5095736, 5.1188, 3775.6466
current_data: 0.3844, 19771016, 76.9954, 16555.7197
current_data: 2.5486, 88877, 0.0013, 0.0000
current_data: 2.4686, 249455, 31.9676, 54644.6877
current_data: 2.3804, 2964638, 8.9571, 12245.0701
current_data: 1.0508, 5076766, 5.2175, 3850.6470
current_data: 0.3844, 19731529, 76.9919, 16632.5952
current_data: 2.5483, 88035, 0.0012, 0.0000
current_data: 2.4679, 244598, 31.9666, 54465.3117
current_data: 2.3799, 2975818, 8.9861, 12295.0704
current_data: 1.0523, 5100354, 5.0977, 3957.5226
current_data: 0.3845, 19767675, 77.0106, 16696.9705
current_data: 2.5506, 80981, 0.0008, 0.0000
current_data: 2.4721, 228760, 31.9698, 54747.1883
current_data: 2.3940, 3021363, 8.9246, 12305.6954
current_data: 1.0518, 5110731, 5.1640, 3930.6475
current_data: 0.3844, 19749531, 77.0432, 16608.2200
current_data: 2.5507, 82712, 0.0008, 0.0000
current_data: 2.2970, 239394, 30.0346, 49041.5306
current_data: 2.3881, 3108286, 8.8832, 12361.9457
current_data: 1.0572, 5133214, 5.0871, 3931.2725
current_data: 0.3885, 18696102, 75.0040, 16755.7209
current_data: 2.5497, 82731, 0.0008, 0.0000
current_data: 2.5570, 245329, 24.9763, 46060.2636
current_data: 2.3916, 3054220, 8.9354, 12381.9459
current_data: 1.0584, 5099383, 5.1057, 3909.3974
current_data: 0.3845, 19750945, 77.0158, 16675.7204
current_data: 2.5506, 85647, 0.0009, 0.0000
current_data: 2.5467, 240419, 24.9796, 45835.8873
current_data: 2.3897, 3024441, 8.9671, 12371.3208
current_data: 1.0621, 5151440, 5.1088, 3974.3977
current_data: 0.3844, 19746754, 77.0362, 16639.4702
current_data: 2.5491, 83990, 0.0011, 0.0000
current_data: 2.5594, 244283, 24.9733, 46089.6387
current_data: 2.3881, 3025412, 8.9646, 12410.0710
current_data: 1.0566, 5117250, 5.1011, 3856.2721
current_data: 0.3844, 19733306, 77.0470, 16658.2203
current_data: 2.5500, 81856, 0.0009, 0.0000
current_data: 2.5608, 240250, 24.9744, 46077.1387
current_data: 2.3905, 3037714, 8.9431, 12376.9458
current_data: 1.0587, 5095162, 5.1091, 3943.7726
current_data: 0.3843, 19730356, 77.0721, 16720.0957
current_data: 2.5500, 80707, 0.0008, 0.0000
current_data: 2.4826, 231638, 24.9776, 44761.5061
current_data: 2.4407, 3241246, 8.1000, 11418.1903
current_data: 1.0575, 5107165, 5.1504, 3775.6466
current_data: 0.3843, 19739947, 77.0684, 16736.3458
current_data: 2.5506, 81797, 0.0008, 0.0000
current_data: 2.5443, 242197, 24.9768, 45849.0124
current_data: 2.3911, 3004456, 8.9502, 12371.3208
current_data: 1.0555, 5096984, 5.1385, 4000.0229
current_data: 0.3843, 19744499, 77.0145, 16618.2201
current_data: 2.5491, 90819, 0.0013, 0.0000
current_data: 2.5567, 255617, 24.9731, 46087.1387
current_data: 2.3942, 3047658, 8.9197, 12436.3212
current_data: 1.0585, 5056066, 5.1370, 3973.7727
current_data: 0.3843, 19754101, 77.0404, 16619.4701
current_data: 2.5496, 88414, 0.0013, 0.0000
current_data: 2.3076, 278606, 26.4015, 43565.2493
current_data: 2.3903, 2970108, 8.9526, 12277.5703
current_data: 1.0521, 5084926, 5.1498, 3886.2722
current_data: 0.3844, 19771539, 77.0063, 16603.8450
current_data: 2.5490, 89695, 0.0013, 0.0000
current_data: 2.4628, 260792, 31.9672, 54543.4371
current_data: 2.3812, 2960772, 8.9682, 12271.9452
current_data: 1.0507, 5062086, 5.0877, 3931.2725
current_data: 0.3843, 19745752, 77.0190, 16561.3448
current_data: 2.5496, 90948, 0.0014, 0.0000
current_data: 2.4628, 264861, 31.9647, 54454.6866
current_data: 2.3838, 3011834, 9.0071, 12338.8206
current_data: 1.0555, 5125644, 5.0970, 3965.6477
current_data: 0.3844, 19764777, 77.0026, 16616.3451
current_data: 2.5491, 87054, 0.0012, 0.0000
current_data: 2.4632, 253269, 31.9649, 54505.9369
current_data: 2.3834, 3015775, 8.9718, 12336.3206
current_data: 1.0538, 5115057, 5.1177, 3896.8973
current_data: 0.3843, 19760175, 77.0337, 16776.9710
current_data: 2.5502, 81759, 0.0008, 0.0000
current_data: 2.4668, 243945, 31.9672, 54622.1876
current_data: 2.3842, 3085526, 8.9402, 12466.9463
current_data: 1.0522, 5106033, 5.0798, 3848.7720
current_data: 0.3844, 19742528, 77.0211, 16592.5949
current_data: 2.5500, 87114, 0.0010, 0.0000
current_data: 2.4651, 246949, 31.9694, 54568.4372
current_data: 2.3844, 3143899, 8.9194, 12396.9459
current_data: 1.0539, 5089990, 5.1202, 3875.0222
current_data: 0.3843, 19762861, 77.0313, 16693.8455
current_data: 2.5494, 84376, 0.0011, 0.0000
current_data: 2.4665, 249180, 31.9694, 54714.6881
current_data: 2.3795, 3135252, 8.8989, 12394.4459
current_data: 1.0508, 5095475, 5.1191, 3840.0220
current_data: 0.3883, 18667108, 75.0385, 16770.7210
current_data: 2.5502, 80863, 0.0008, 0.0000
current_data: 2.4655, 235567, 31.9705, 54476.5617
current_data: 2.3814, 3010452, 8.8853, 12268.8202
current_data: 1.0529, 5070172, 5.1181, 3846.2720
current_data: 0.3844, 19763069, 77.0190, 16645.0952
current_data: 2.5495, 82515, 0.0008, 0.0000
current_data: 2.4669, 243062, 31.9696, 54634.6876
current_data: 2.3874, 2910795, 8.8888, 12265.6952
current_data: 1.0640, 5157391, 5.0363, 3863.7721
current_data: 0.3852, 19770537, 76.9892, 16639.4702
current_data: 2.5498, 83040, 0.0010, 0.0000
current_data: 2.0186, 247046, 35.0225, 45427.1349
current_data: 2.3987, 3041875, 8.9067, 12344.4456
current_data: 1.0633, 5121220, 5.0538, 3895.6473
current_data: 0.3853, 19813877, 76.9903, 16688.8455
current_data: 2.5507, 81713, 0.0009, 0.0000
current_data: 2.1757, 232901, 34.2677, 46433.3907
current_data: 2.4506, 3144000, 8.0169, 12081.3191
current_data: 1.0650, 5160149, 5.0959, 3858.7721
current_data: 0.3850, 19757682, 77.0631, 16702.5956
current_data: 2.5493, 82418, 0.0008, 0.0000
current_data: 2.1769, 230100, 34.2665, 46436.5157
current_data: 2.3960, 3055582, 8.8931, 12415.6960
current_data: 1.0557, 5079888, 5.0521, 3821.2719
current_data: 0.3841, 19690546, 77.0518, 16686.9705
current_data: 2.5502, 80452, 0.0008, 0.0000
current_data: 1.9964, 5684754, 29.8430, 47059.0193
current_data: 2.3757, 2979581, 8.9060, 12280.6953
current_data: 1.0386, 4996666, 5.0960, 3796.8967
current_data: 0.3835, 19674438, 77.0207, 16550.7197
current_data: 2.5507, 80361, 0.0008, 0.0000
current_data: 2.4316, 428767, 27.0859, 56084.0709
current_data: 2.3605, 3087600, 8.9616, 12258.1951
current_data: 1.0546, 5085021, 5.1106, 3771.8966
current_data: 0.3841, 19653876, 77.0439, 16385.0938
current_data: 2.5494, 85543, 0.0010, 0.0000
current_data: 2.7396, 300721, 25.2565, 49827.7851
current_data: 2.3860, 3002779, 8.9497, 12261.9452
current_data: 1.0372, 5008767, 5.1058, 3838.7720
current_data: 0.3831, 19693194, 77.0193, 16537.5946
current_data: 2.5477, 93327, 0.0015, 0.0000
current_data: 2.3213, 266834, 26.1121, 56044.6957
current_data: 2.3524, 3043377, 8.9745, 12189.4447
current_data: 1.0233, 4934316, 5.0857, 3730.6463
current_data: 0.3826, 19691513, 77.0240, 16512.5945
current_data: 2.5488, 86043, 0.0011, 0.0000
current_data: 2.2221, 232780, 26.4860, 61034.0992
current_data: 2.3379, 2990058, 8.9139, 12119.4443
current_data: 1.0253, 4940790, 5.0006, 3618.7707
current_data: 0.3828, 19681327, 77.0137, 16503.2194
current_data: 2.5507, 82504, 0.0008, 0.0000
current_data: 2.2211, 232696, 26.4848, 60986.5990
current_data: 2.3516, 2853407, 8.8928, 12056.3190
current_data: 1.0469, 5087576, 5.2077, 3950.0226
current_data: 0.3842, 19713789, 77.0168, 16699.4706
current_data: 2.5494, 82644, 0.0009, 0.0000
current_data: 2.4283, 238813, 31.5522, 54505.9369
current_data: 2.4164, 3216483, 8.6493, 11295.0646
current_data: 1.0543, 5075221, 5.2055, 3968.1477
current_data: 0.3845, 19658225, 77.0071, 16505.7194
current_data: 2.5501, 80330, 0.0007, 0.0000
current_data: 2.4661, 235966, 31.9707, 54358.4360
current_data: 2.3827, 3073290, 8.9906, 12336.9456
current_data: 1.0512, 5037264, 5.1265, 3726.2713
current_data: 0.3842, 19684173, 77.0369, 16581.3449
current_data: 2.5494, 84968, 0.0009, 0.0000
current_data: 2.4659, 237633, 31.9684, 54419.0614
current_data: 2.3792, 3078183, 8.9152, 12269.4452
current_data: 1.0530, 5100712, 5.0999, 3960.6477
current_data: 0.3886, 18716671, 75.0847, 16841.3464
current_data: 2.5499, 82769, 0.0010, 0.0000
current_data: 2.4657, 234203, 31.9696, 54485.9368
current_data: 2.3930, 3013355, 8.9276, 12278.8203
current_data: 1.0514, 5079778, 5.0994, 3850.0220
current_data: 0.3845, 19749514, 76.9936, 16658.2203
current_data: 2.5504, 82479, 0.0008, 0.0000
current_data: 2.4659, 235121, 31.9704, 54352.8110
current_data: 2.3899, 3054209, 8.9791, 12323.1955
current_data: 1.0533, 5063012, 5.0475, 3723.7713
current_data: 0.3844, 19702353, 77.0210, 16632.5952
current_data: 2.5498, 80030, 0.0008, 0.0000
current_data: 2.4698, 236367, 31.9706, 54509.0619
current_data: 2.3861, 3085748, 8.9980, 12331.3206
current_data: 1.0551, 5122953, 5.0681, 3925.6475
current_data: 0.3842, 19745419, 77.0336, 16644.4702
current_data: 2.5483, 88133, 0.0011, 0.0000
current_data: 2.4674, 241517, 31.9696, 54560.9372
current_data: 2.3821, 3103563, 9.0121, 12378.1958
current_data: 1.0526, 5084895, 5.1766, 4025.6480
current_data: 0.3842, 19716731, 77.0586, 16591.9699
current_data: 2.5491, 85727, 0.0010, 0.0000
current_data: 2.4701, 237879, 31.9677, 54636.5626
current_data: 2.4193, 3293686, 8.6022, 11220.6892
current_data: 1.0514, 5068928, 5.2708, 3948.1476
current_data: 0.3841, 19744551, 77.0535, 16715.7206
current_data: 2.5490, 91807, 0.0014, 0.0000
current_data: 2.3126, 257088, 28.6184, 47545.8971
current_data: 2.3886, 3006526, 8.9663, 12221.3199
current_data: 1.0568, 5082442, 5.1121, 3879.3972
current_data: 0.3844, 19735346, 77.0138, 16572.5948
current_data: 2.5492, 94648, 0.0015, 0.0000
current_data: 2.5568, 261872, 24.9741, 46022.7633
current_data: 2.3999, 3100162, 8.9655, 12394.4459
current_data: 1.0601, 5104919, 5.1301, 3986.2728
current_data: 0.3843, 19758367, 77.0214, 16545.0947
current_data: 2.5483, 91042, 0.0015, 0.0000
current_data: 2.5423, 258849, 24.9746, 45774.6369
current_data: 2.3983, 3042300, 8.9344, 12301.9454
current_data: 1.0555, 5088005, 5.1957, 3968.1477
current_data: 0.3844, 19765361, 77.0086, 16688.8455
current_data: 2.5496, 88824, 0.0012, 0.0000
current_data: 2.5556, 254434, 24.9747, 46014.6383
current_data: 2.3899, 3021241, 8.9363, 12253.1951
current_data: 1.0553, 5109707, 5.1855, 3928.7725
current_data: 0.3843, 19748772, 77.0253, 16585.7199
current_data: 2.5486, 86221, 0.0011, 0.0000
current_data: 2.5581, 251806, 24.9745, 46086.5137
current_data: 2.3977, 3049806, 8.9404, 12304.4454
current_data: 1.0507, 5001327, 5.2844, 4080.0233
current_data: 0.3844, 19785184, 77.0011, 16611.9701
current_data: 2.5497, 87375, 0.0014, 0.0000
current_data: 2.4708, 260936, 24.9709, 44584.0051
current_data: 2.4008, 3089126, 8.8888, 12349.4457
current_data: 1.0603, 5094104, 5.1044, 3925.0225
current_data: 0.3844, 19715274, 77.0444, 16725.7207
current_data: 2.5511, 79046, 0.0008, 0.0000
current_data: 2.5430, 240882, 24.9788, 45600.2609
current_data: 2.4138, 3175497, 8.9913, 12547.5718
current_data: 1.0574, 5118910, 5.1065, 3910.0224
current_data: 0.3845, 19701892, 77.0154, 16557.5947
current_data: 2.5502, 78295, 0.0009, 0.0000
current_data: 2.5633, 239430, 24.9758, 46054.0135
current_data: 2.3918, 3073150, 8.9853, 12329.4455
current_data: 1.0564, 5084503, 5.1164, 3892.5223
current_data: 0.3844, 19760665, 77.0450, 16641.3452
current_data: 2.5494, 80863, 0.0009, 0.0000
current_data: 2.2941, 263703, 27.7248, 44608.3803
current_data: 2.3947, 3123663, 8.9614, 12405.0710
current_data: 1.0549, 5065808, 5.0294, 3890.0223
current_data: 0.3883, 18707407, 75.0857, 16870.0965
current_data: 2.5502, 79855, 0.0008, 0.0000
current_data: 2.4632, 255810, 31.9685, 54596.5624
current_data: 2.3889, 3023490, 8.9812, 12340.0706
current_data: 1.0536, 5098336, 5.1014, 3763.7715
current_data: 0.3845, 19772069, 76.9891, 16626.9701
current_data: 2.5490, 86096, 0.0011, 0.0000
current_data: 2.4620, 257712, 31.9676, 54410.3113
current_data: 2.3891, 3076115, 9.0064, 12391.3209
current_data: 1.0557, 5107355, 5.0500, 3859.3971
current_data: 0.3842, 19734066, 77.0240, 16653.8453
current_data: 2.5496, 82423, 0.0010, 0.0000
current_data: 2.4634, 249925, 31.9678, 54364.0611
current_data: 2.3853, 3198072, 8.9938, 12437.5712
current_data: 1.0526, 5102828, 5.1683, 3987.5228
current_data: 0.3844, 19739862, 77.0186, 16580.7199
current_data: 2.5496, 81508, 0.0009, 0.0000
current_data: 2.4626, 243754, 31.9685, 54336.5609
current_data: 2.4564, 3248981, 7.7929, 11838.1927
current_data: 1.0544, 5112159, 5.0576, 3851.2720
current_data: 0.3843, 19761717, 77.0321, 16643.2202
current_data: 2.5501, 79214, 0.0008, 0.0000
current_data: 2.4654, 245079, 31.9705, 54509.6869
current_data: 2.3978, 3091791, 8.9284, 12289.4453
current_data: 1.0528, 5081216, 5.1554, 3854.3971
current_data: 0.3842, 19731934, 77.0601, 16735.0958
current_data: 2.5498, 82422, 0.0009, 0.0000
current_data: 2.4657, 251264, 31.9677, 54496.5618
current_data: 2.3942, 3017521, 8.9197, 12276.3202
current_data: 1.0503, 5048529, 5.1652, 3961.2727
current_data: 0.3842, 19740438, 77.0281, 16498.8444
current_data: 2.5481, 92098, 0.0015, 0.0000
current_data: 2.4644, 254056, 31.9674, 54506.5619
current_data: 2.3906, 3059839, 8.9645, 12287.5703
current_data: 1.0498, 5108291, 5.2147, 4048.1482
current_data: 0.3842, 19778749, 77.0296, 16571.3448
current_data: 2.5490, 87805, 0.0011, 0.0000
current_data: 2.4636, 251908, 31.9689, 54629.0626
current_data: 2.3897, 3064880, 8.9984, 12341.3206
current_data: 1.0606, 5165745, 5.1132, 3919.3974
current_data: 0.3851, 19782507, 77.0261, 16656.9703
current_data: 2.5505, 85994, 0.0010, 0.0000
current_data: 2.1327, 262857, 34.6703, 46449.6408
current_data: 2.4052, 3151005, 8.9831, 12400.6960
current_data: 1.0617, 5135356, 5.2352, 3956.8976
current_data: 0.3852, 19793198, 77.0301, 16628.8452
current_data: 2.5496, 80554, 0.0008, 0.0000
current_data: 2.1760, 233974, 34.2667, 46340.2652
current_data: 2.4040, 3168217, 8.9401, 12418.8211
current_data: 1.0646, 5136267, 5.0716, 3918.7724
current_data: 0.3851, 19741761, 77.0427, 16636.9702
current_data: 2.5497, 78881, 0.0008, 0.0000
current_data: 2.1206, 239117, 34.4625, 45524.0105
current_data: 2.4131, 3185542, 9.0109, 12165.6946
current_data: 1.0462, 5052904, 5.0916, 3791.2717
current_data: 0.3837, 19727831, 77.0334, 16720.7207
current_data: 2.5499, 80854, 0.0008, 0.0000
current_data: 1.6906, 5708625, 33.9900, 50727.1653
current_data: 2.3620, 3135216, 8.9948, 12277.5703
current_data: 1.0421, 5006871, 5.2503, 3869.3971
current_data: 0.3836, 19693376, 77.0205, 16645.0952
current_data: 2.5500, 83621, 0.0010, 0.0000
current_data: 2.6753, 356647, 25.6257, 54479.0617
current_data: 2.3753, 3080260, 8.9273, 12273.1952
current_data: 1.0528, 5093176, 5.1307, 3843.1470
current_data: 0.3841, 19728858, 77.0462, 16578.2199
current_data: 2.5495, 81307, 0.0008, 0.0000
current_data: 2.7256, 283602, 25.1515, 49567.1586
current_data: 2.3941, 3199145, 8.9919, 12486.3214
current_data: 1.0266, 4974509, 5.2568, 3884.3972
current_data: 0.3863, 18558621, 74.9848, 16640.7202
current_data: 2.5502, 80252, 0.0008, 0.0000
current_data: 2.2339, 241921, 26.4580, 58418.4593
current_data: 2.3468, 3107337, 9.0474, 12270.0702
current_data: 1.0228, 4962633, 5.1676, 3711.2712
current_data: 0.3827, 19703035, 77.0186, 16572.5948
current_data: 2.5491, 81564, 0.0008, 0.0000
current_data: 2.2210, 224256, 26.4880, 61024.7242
current_data: 2.3411, 3064753, 9.0379, 12228.1950
current_data: 1.0262, 4964875, 5.0107, 3691.2711
current_data: 0.3826, 19644076, 77.0439, 16555.7197
current_data: 2.5495, 81050, 0.0008, 0.0000
current_data: 2.2152, 224944, 26.4851, 60953.4738
current_data: 2.3413, 3106269, 9.0428, 12253.8201
current_data: 1.0532, 5111474, 5.0747, 3894.3973
current_data: 0.3844, 19752483, 77.0241, 16621.9701
current_data: 2.5495, 81101, 0.0009, 0.0000
current_data: 2.4663, 231636, 31.9733, 54636.5626
current_data: 2.4262, 3125989, 8.4954, 12468.8213
current_data: 1.0533, 5087563, 5.0141, 3804.3968
current_data: 0.3844, 19712672, 77.0356, 16619.4701
current_data: 2.5484, 83102, 0.0009, 0.0000
current_data: 2.4668, 235568, 31.9728, 54487.8118
current_data: 2.4065, 3183581, 8.9576, 12470.0714
current_data: 1.0493, 5083547, 5.2108, 3914.3974
current_data: 0.3843, 19743716, 77.0289, 16733.2207
current_data: 2.5483, 92453, 0.0014, 0.0000
current_data: 2.4635, 252015, 31.9673, 54467.8117
current_data: 2.3959, 3087503, 8.9813, 12340.0706
current_data: 1.0505, 5080434, 5.1713, 3905.0223
current_data: 0.3844, 19760693, 77.0097, 16575.0948
current_data: 2.5491, 89748, 0.0013, 0.0000
current_data: 2.4655, 242421, 31.9681, 54515.9369
current_data: 2.3925, 3110670, 9.0053, 12346.3206
current_data: 1.0539, 5078111, 5.0650, 3776.2716
current_data: 0.3844, 19775099, 77.0220, 16578.8449
current_data: 2.5491, 86173, 0.0012, 0.0000
current_data: 2.4650, 243076, 31.9705, 54496.5618
current_data: 2.3911, 3134175, 9.0079, 12446.3212
current_data: 1.0568, 5103021, 5.0365, 3839.3970
current_data: 0.3843, 19756931, 77.0455, 16755.7209
current_data: 2.5493, 80154, 0.0008, 0.0000
current_data: 2.4682, 235528, 31.9711, 54452.8116
current_data: 2.3907, 3152445, 9.0229, 12393.1959
current_data: 1.0553, 5079167, 5.0638, 3814.3968
current_data: 0.3844, 19753060, 77.0301, 16572.5948
current_data: 2.5501, 83312, 0.0008, 0.0000
current_data: 2.4677, 234330, 31.9700, 54471.5617
current_data: 2.3896, 3264282, 8.9652, 12458.8213
current_data: 1.0556, 5088979, 5.0504, 3957.5226
current_data: 0.3843, 19780745, 77.0408, 16643.8452
current_data: 2.5492, 85691, 0.0009, 0.0000
current_data: 2.4694, 237350, 31.9684, 54765.9384
current_data: 2.4588, 3370194, 7.8359, 11851.9428
current_data: 1.0586, 5102155, 5.0505, 3901.2723
current_data: 0.3846, 19757627, 77.0115, 16653.2203
current_data: 2.5495, 83482, 0.0010, 0.0000
current_data: 2.3321, 246866, 27.1487, 45900.2626
current_data: 2.4046, 3087787, 8.9305, 12295.6954
current_data: 1.0580, 5086379, 5.1491, 3884.3972
current_data: 0.3846, 19762615, 76.9928, 16619.4701
current_data: 2.5491, 86698, 0.0012, 0.0000
current_data: 2.5509, 251125, 24.9793, 45965.2630
current_data: 2.4010, 3057300, 8.9303, 12308.8204
current_data: 1.0596, 5148060, 5.1794, 3934.3975
current_data: 0.3843, 19730115, 77.0585, 16596.3450
current_data: 2.5495, 80497, 0.0008, 0.0000
current_data: 2.5560, 246457, 24.9767, 46062.7636
current_data: 2.4047, 3035800, 8.9209, 12306.9454
current_data: 1.0578, 5100187, 5.1245, 3919.3974
current_data: 0.3890, 18737639, 75.0657, 16783.8460
current_data: 2.5502, 80561, 0.0007, 0.0000
current_data: 2.5625, 239863, 24.9763, 46057.7635
current_data: 2.4036, 3107400, 8.9317, 12301.9454
current_data: 1.0568, 5113549, 5.1503, 3963.1477
current_data: 0.3847, 19747315, 76.9884, 16646.9703
current_data: 2.5488, 85233, 0.0011, 0.0000
current_data: 2.5509, 251226, 24.9773, 45720.8866
current_data: 2.4057, 3070149, 8.9412, 12319.4455
current_data: 1.0602, 5117650, 5.1160, 4001.8979
current_data: 0.3846, 19728379, 77.0313, 16563.2198
current_data: 2.5490, 79562, 0.0008, 0.0000
current_data: 2.5023, 239942, 24.9784, 45017.7576
current_data: 2.4051, 3099161, 8.9509, 12365.0708
current_data: 1.0568, 5100486, 5.0555, 3826.2719
current_data: 0.3846, 19720503, 77.0299, 16665.0954
current_data: 2.5495, 85943, 0.0012, 0.0000
current_data: 2.5457, 249067, 24.9771, 45559.0107
current_data: 2.4163, 3245177, 8.9942, 11765.6923
current_data: 1.0563, 4802622, 5.1624, 3698.7712
current_data: 0.3844, 19641775, 77.0199, 16566.9698
current_data: 2.5486, 90467, 0.0014, 0.0000
current_data: 2.5590, 257860, 24.9709, 45856.5124
current_data: 2.3930, 3080827, 8.9884, 12297.5704
current_data: 1.0578, 5111871, 5.1461, 4011.2730
current_data: 0.3844, 19727328, 77.0449, 16698.2205
current_data: 2.5497, 88920, 0.0013, 0.0000
current_data: 2.2701, 276365, 29.0975, 45941.5129
current_data: 2.3798, 3485605, 8.9717, 12384.4459
current_data: 1.0539, 5089231, 5.0297, 3860.0221
current_data: 0.3845, 19728093, 77.0182, 16597.5950
current_data: 2.5500, 84933, 0.0010, 0.0000
current_data: 2.4656, 261966, 31.9669, 54508.4369
current_data: 2.3723, 3423604, 8.9925, 12298.8204
current_data: 1.0504, 5100611, 5.1178, 3874.3972
current_data: 0.3844, 19767734, 77.0274, 16557.5947
current_data: 2.5495, 85230, 0.0010, 0.6250
current_data: 2.4645, 258010, 31.9660, 54466.5617
current_data: 2.3698, 3411442, 8.9755, 12257.5701
current_data: 1.0561, 5082579, 5.0216, 3872.5222
current_data: 0.3844, 19773984, 77.0416, 16639.4702
current_data: 2.5502, 84717, 0.0009, 0.0000
current_data: 2.4647, 250666, 31.9665, 54472.8117
current_data: 2.3739, 3411246, 8.9837, 12401.3210
current_data: 1.0541, 5112105, 5.1077, 3925.6475
current_data: 0.3844, 19710832, 77.0448, 16452.5941
current_data: 2.5504, 83034, 0.0008, 0.0000
current_data: 2.4644, 242279, 31.9690, 54437.1865
current_data: 2.3782, 3491823, 8.9987, 12406.3210
current_data: 1.0543, 5077954, 5.1029, 3938.7725
current_data: 0.3844, 19733367, 77.0217, 16603.8450
current_data: 2.5499, 82385, 0.0008, 0.0000
current_data: 2.4654, 248045, 31.9699, 54527.1870
current_data: 2.3759, 3490252, 8.9827, 12395.0709
current_data: 1.0528, 5117969, 5.1204, 3885.6472
current_data: 0.3843, 19747580, 77.0407, 16718.8457
current_data: 2.5499, 88351, 0.0010, 0.0000
current_data: 2.4677, 253664, 31.9667, 54474.0617
current_data: 2.4135, 3691988, 8.5959, 11230.6893
current_data: 1.0536, 5085042, 5.1005, 3863.1471
current_data: 0.3844, 19754157, 77.0148, 16654.4703
current_data: 2.5510, 87139, 0.0009, 0.0000
current_data: 2.4672, 244527, 31.9680, 54461.5616
current_data: 2.3758, 3483891, 8.9852, 12378.1958
current_data: 1.0551, 5111861, 5.0804, 3827.5219
current_data: 0.3844, 19725044, 77.0194, 16637.5952
current_data: 2.5490, 88485, 0.0011, 0.0000
current_data: 2.2426, 260718, 33.0094, 51759.6712
current_data: 2.3738, 3524427, 8.9913, 12386.3209
current_data: 1.0647, 5120977, 5.0440, 3949.3976
current_data: 0.3888, 18699872, 75.0259, 16732.5957
current_data: 2.5506, 82472, 0.0009, 0.0000
current_data: 2.1752, 243534, 34.2657, 46435.8907
current_data: 2.3881, 3464197, 8.9259, 12347.5707
current_data: 1.0638, 5146471, 5.1517, 3980.0228
current_data: 0.3852, 19779961, 77.0137, 16702.5956
current_data: 2.5506, 80416, 0.0007, 0.0000
current_data: 2.1765, 231539, 34.2675, 46430.8907
current_data: 2.3897, 3524596, 9.0250, 12466.9463
current_data: 1.0629, 5163422, 5.1690, 3860.6471
current_data: 0.3851, 19793349, 77.0093, 16634.4702
current_data: 2.5496, 86165, 0.0011, 0.0000
current_data: 2.1178, 261326, 34.3790, 45547.7606
current_data: 2.3907, 3505545, 8.9430, 12390.6959
current_data: 1.0382, 5016955, 5.1713, 3853.1470
current_data: 0.3833, 19710479, 77.0093, 16555.0947
current_data: 2.5482, 90334, 0.0013, 0.0000
current_data: 1.7025, 5806825, 32.2279, 53267.8048
current_data: 2.3406, 3336468, 9.0565, 12181.9447
current_data: 1.0462, 5076446, 5.2090, 3930.6475
current_data: 0.3840, 19744392, 77.0421, 16673.8454
current_data: 2.5496, 83358, 0.0008, 0.0000
current_data: 2.7734, 312149, 25.5082, 52960.9280
current_data: 2.3661, 3462903, 9.0252, 12349.4457
current_data: 1.0543, 5089070, 5.0442, 3764.3965
current_data: 0.3842, 19707690, 77.0630, 16773.2210
current_data: 2.5499, 82844, 0.0008, 0.0000
current_data: 2.7338, 296664, 24.9727, 49059.6557
current_data: 2.4331, 3661494, 8.1664, 11056.9383
current_data: 1.0272, 4927458, 5.0549, 3797.5217
current_data: 0.3827, 19522788, 77.0353, 16433.2190
current_data: 2.5501, 82173, 0.0008, 0.0000
current_data: 2.2253, 218754, 26.4947, 60719.7224
current_data: 2.3421, 3328702, 9.0968, 12035.0689
current_data: 1.0266, 4923900, 5.1277, 3773.1466
current_data: 0.3826, 19506500, 77.0544, 16376.3437
current_data: 2.5495, 81502, 0.0008, 0.0000
current_data: 2.2224, 224009, 26.4885, 60558.4715
current_data: 2.3315, 3359260, 9.0383, 12128.1944
current_data: 1.0296, 4959028, 5.1020, 3800.6467
current_data: 0.3828, 19563919, 77.0387, 16473.2193
current_data: 2.5490, 82601, 0.0009, 0.0000
current_data: 2.2386, 232724, 27.2178, 59532.8406
current_data: 2.3404, 3395626, 9.0191, 12166.9446
current_data: 1.0543, 5067267, 5.1092, 3928.1475
current_data: 0.3844, 19626163, 77.0240, 16458.8442
current_data: 2.5507, 78758, 0.0007, 0.0000
current_data: 2.4669, 229897, 31.9709, 54220.3103
current_data: 2.3775, 3344045, 8.9533, 12207.5699
current_data: 1.0536, 5033674, 5.0945, 3832.5219
current_data: 0.3844, 19624502, 77.0212, 16483.2193
current_data: 2.5497, 81705, 0.0008, 0.0000
current_data: 2.4664, 231998, 31.9698, 54192.1851
current_data: 2.3691, 3482380, 9.0507, 12348.1957
current_data: 1.0521, 5086577, 5.1849, 3824.3969
current_data: 0.3843, 19572565, 77.0315, 16471.9693
current_data: 2.5497, 79285, 0.0008, 0.0000
current_data: 2.4673, 232678, 31.9678, 54132.8098
current_data: 2.3754, 3381627, 9.0007, 12215.0699
current_data: 1.0542, 5053218, 5.0502, 3791.8967
current_data: 0.3845, 19632617, 77.0050, 16475.0943
current_data: 2.5501, 80755, 0.0008, 0.0000
current_data: 2.4666, 230386, 31.9693, 54194.0601
current_data: 2.3770, 3478197, 9.0454, 12351.9457
current_data: 1.0526, 5047520, 5.0543, 3772.5216
current_data: 0.3845, 19585280, 77.0180, 16528.2196
current_data: 2.5507, 81000, 0.0008, 0.0000
current_data: 2.4669, 230837, 31.9712, 54154.6849
current_data: 2.3805, 3339551, 8.9759, 12225.0700
current_data: 1.0516, 5035371, 5.1667, 3899.3973
current_data: 0.3887, 18600592, 75.0561, 16703.2206
current_data: 2.5503, 83068, 0.0008, 0.0000
current_data: 2.4670, 240050, 31.9697, 54288.4356
current_data: 2.3748, 3442446, 9.0371, 12338.1956
current_data: 1.0558, 5074573, 5.1316, 3901.2723
current_data: 0.3843, 19615798, 77.0097, 16511.9695
current_data: 2.5486, 86059, 0.0012, 0.0000
current_data: 2.4671, 244796, 31.9667, 54187.1851
current_data: 2.3782, 3412301, 8.9369, 12227.5700
current_data: 1.0503, 5062982, 5.2055, 3807.5218
current_data: 0.3843, 19633141, 76.9926, 16551.9697
current_data: 2.5481, 90178, 0.0015, 0.0000
current_data: 2.4671, 254827, 31.9677, 54208.4352
current_data: 2.4569, 3533070, 7.8387, 11561.9412
current_data: 1.0585, 5066097, 5.1275, 3832.5219
current_data: 0.3844, 19575946, 77.0445, 16598.2200
current_data: 2.5498, 82040, 0.0009, 0.0000
current_data: 2.3235, 252155, 27.0586, 45292.7592
current_data: 2.3861, 3500004, 9.0489, 12162.5696
current_data: 1.0602, 5060951, 5.1868, 3858.1471
current_data: 0.3844, 19606448, 77.0355, 16568.2198
current_data: 2.5499, 80944, 0.0008, 0.0000
current_data: 2.5495, 250142, 24.9769, 45565.8857
current_data: 2.3804, 3545642, 8.9782, 12375.0708
current_data: 1.0610, 5058163, 5.0694, 3875.6472
current_data: 0.3843, 19566410, 77.0418, 16475.7193
current_data: 2.5484, 88580, 0.0013, 0.0000
current_data: 2.5595, 250895, 24.9784, 45689.0114
current_data: 2.3852, 3382968, 9.0334, 12203.1948
current_data: 1.0549, 5103113, 5.2528, 3906.8974
current_data: 0.3843, 19576960, 77.0438, 16586.9699
current_data: 2.5496, 80101, 0.0008, 0.0000
current_data: 2.5604, 243846, 24.9747, 45720.2616
current_data: 2.3856, 3498067, 8.9925, 12345.0706
current_data: 1.0594, 5065056, 5.0625, 3822.5219
current_data: 0.3844, 19551257, 77.0511, 16426.9690
current_data: 2.5502, 79778, 0.0009, 0.0000
current_data: 2.5641, 241825, 24.9758, 45610.8860
current_data: 2.3794, 3421585, 9.0454, 12225.6950
current_data: 1.0555, 5081168, 5.1098, 3839.3970
current_data: 0.3845, 19610655, 77.0204, 16471.9693
current_data: 2.5495, 82011, 0.0009, 0.0000
current_data: 2.4974, 238905, 24.9776, 44521.5048
current_data: 2.3866, 3598794, 8.9756, 12370.6958
current_data: 1.0587, 5066067, 5.0468, 3808.7718
current_data: 0.3845, 19594371, 77.0227, 16466.3442
current_data: 2.5497, 80020, 0.0008, 0.0000
current_data: 2.5530, 239030, 24.9783, 45600.8859
current_data: 2.3848, 3437287, 9.0121, 12220.6949
current_data: 1.0590, 5081696, 5.1240, 3946.2726
current_data: 0.3843, 19613225, 77.0412, 16439.4691
current_data: 2.5487, 84127, 0.0010, 0.0000
current_data: 2.5597, 243834, 24.9742, 45826.5122
current_data: 2.3783, 3495473, 9.0458, 12388.8209
current_data: 1.0585, 5067513, 5.0965, 3881.2722
current_data: 0.3844, 19607268, 77.0211, 16515.7195
current_data: 2.5484, 87643, 0.0011, 0.0000
current_data: 2.3036, 266535, 28.4949, 46647.1419
current_data: 2.3867, 3414418, 8.9753, 12267.5702
current_data: 1.0545, 5031685, 5.0131, 3823.1469
current_data: 0.3844, 19595016, 77.0043, 16550.0947
current_data: 2.5500, 82548, 0.0010, 0.0000
current_data: 2.4660, 248793, 31.9657, 54135.9348
current_data: 2.4120, 3410913, 8.6182, 12340.0706
current_data: 1.0538, 5060570, 5.1056, 3931.2725
current_data: 0.3844, 19626448, 77.0314, 16552.5947
current_data: 2.5500, 81432, 0.0009, 0.0000
current_data: 2.4679, 248155, 31.9660, 54166.5599
current_data: 2.4191, 3776622, 8.6339, 11225.6892
current_data: 1.0535, 5100743, 5.1142, 3929.3975
current_data: 0.3842, 19744917, 77.0249, 16639.4702
current_data: 2.5498, 90401, 0.0014, 0.0000
current_data: 2.4634, 259097, 31.9646, 54360.9361
current_data: 2.3816, 3528274, 8.9792, 12322.5705
current_data: 1.0502, 5116533, 5.1856, 3991.8978
current_data: 0.3852, 18851091, 75.9854, 16830.0963
current_data: 2.5479, 92257, 0.0015, 0.0000
current_data: 2.4615, 255970, 31.9650, 54302.8107
current_data: 2.3837, 3547730, 8.9929, 12444.4462
current_data: 1.0515, 5115147, 5.0756, 3710.6462
current_data: 0.3841, 19785451, 77.0427, 16550.7197
current_data: 2.5493, 86049, 0.0011, 0.0000
current_data: 2.4656, 248147, 31.9675, 54586.5623
current_data: 2.3807, 3547786, 8.9941, 12415.0710
current_data: 1.0556, 5096354, 5.0281, 3896.8973
current_data: 0.3839, 19735486, 77.0492, 16612.5951
current_data: 2.5495, 91764, 0.0013, 0.0000
current_data: 2.4661, 254479, 31.9658, 54525.9370
current_data: 2.3803, 3539002, 8.9895, 12399.4460
current_data: 1.0598, 5103192, 5.0203, 3850.6470
current_data: 0.3842, 19771118, 77.0079, 16673.8454
current_data: 2.5502, 82641, 0.0009, 0.0000
current_data: 2.4668, 238739, 31.9678, 54611.5625
current_data: 2.3822, 3525348, 8.9774, 12391.9459
current_data: 1.0564, 5140147, 5.1166, 3846.2720
current_data: 0.3841, 19772152, 77.0288, 16720.0957
current_data: 2.5499, 83474, 0.0010, 0.0000
current_data: 2.3632, 246662, 32.2942, 53235.9296
current_data: 2.3857, 3545093, 8.9869, 12405.0710
current_data: 1.0642, 5129521, 5.0727, 3924.3975
current_data: 0.3850, 19806299, 77.0039, 16568.8448
current_data: 2.5498, 82978, 0.0009, 0.0000
current_data: 2.1768, 230325, 34.2691, 46337.7651
current_data: 2.3950, 3620718, 8.9483, 12512.5716
current_data: 1.0644, 5127062, 5.1453, 4010.0229
current_data: 0.3849, 19767887, 77.0230, 16706.9706
current_data: 2.5496, 80542, 0.0008, 0.0000
current_data: 2.1797, 223813, 34.2697, 46419.0156
current_data: 2.4149, 3807526, 8.9085, 11590.6913
current_data: 1.0641, 5104283, 5.1082, 3910.0224
current_data: 0.3849, 19767141, 77.0224, 16635.0952
current_data: 2.5497, 82062, 0.0007, 0.0000
current_data: 2.1237, 240231, 34.4227, 45638.3861
current_data: 2.3913, 3558451, 9.0232, 12438.8212
current_data: 1.0442, 5058060, 5.2033, 3919.3974
current_data: 0.3832, 19743820, 77.0485, 16593.2199
current_data: 2.5497, 83048, 0.0008, 0.0000
current_data: 1.6957, 5707759, 33.0691, 52079.6730
current_data: 2.3533, 3658131, 9.0357, 12424.4461
current_data: 1.0428, 5031629, 5.2101, 3903.7723
current_data: 0.3835, 19707997, 77.0336, 16597.5950
current_data: 2.5501, 86960, 0.0010, 0.0000
current_data: 2.7279, 336770, 25.5594, 53639.0569
current_data: 2.3781, 3623787, 8.9505, 12416.3210
current_data: 1.0543, 5081169, 5.0922, 3822.5219
current_data: 0.3840, 19710968, 77.0254, 16690.0955
current_data: 2.5507, 80543, 0.0008, 0.0000
current_data: 2.7121, 310148, 25.0870, 49072.1558
current_data: 2.3868, 3571508, 9.0219, 12440.0712
current_data: 1.0296, 4966147, 4.9986, 3704.3962
current_data: 0.3824, 19676564, 77.0619, 16548.8447
current_data: 2.5498, 85019, 0.0010, 0.0000
current_data: 2.1931, 233068, 26.6456, 59582.2159
current_data: 2.3358, 3582745, 9.0328, 12230.6950
current_data: 1.0235, 4939617, 5.0890, 3593.1456
current_data: 0.3820, 19655323, 77.0551, 16666.9704
current_data: 2.5490, 89125, 0.0013, 0.0000
current_data: 2.2219, 236501, 26.4869, 60997.2240
current_data: 2.3348, 3598468, 9.0494, 12228.8200
current_data: 1.0239, 4975614, 5.1703, 3746.8964
current_data: 0.3822, 19681359, 77.0529, 16649.4703
current_data: 2.5484, 88810, 0.0014, 0.0000
current_data: 2.2226, 253484, 26.9526, 59998.4683
current_data: 2.3372, 3613932, 9.0411, 12169.4446
current_data: 1.0529, 5094800, 5.1133, 3795.6467
current_data: 0.3820, 18087218, 75.5494, 16806.9712
current_data: 2.5498, 88015, 0.0011, 0.0000
current_data: 2.4657, 243295, 31.9681, 54569.0622
current_data: 2.3780, 3753012, 9.0338, 12457.5713
current_data: 1.0526, 5063551, 5.1182, 3854.3971
current_data: 0.3844, 19781718, 77.0109, 16720.7207
current_data: 2.5490, 84877, 0.0011, 0.0000
current_data: 2.4680, 239605, 31.9676, 54574.0623
current_data: 2.4425, 4029878, 8.2106, 11105.6885
current_data: 1.0547, 5108927, 5.1802, 3959.3977
current_data: 0.3845, 19751617, 77.0160, 16649.4703
current_data: 2.5495, 81127, 0.0008, 0.0000
current_data: 2.4676, 227208, 31.9699, 54582.1873
current_data: 2.3824, 3711860, 9.0191, 12448.8212
current_data: 1.0520, 5063657, 5.1255, 3867.5221
current_data: 0.3841, 19739854, 77.0350, 16650.0953
current_data: 2.5504, 83031, 0.0009, 0.0000
current_data: 2.4653, 230309, 31.9708, 54555.3122
current_data: 2.3779, 3712470, 9.0271, 12438.8212
current_data: 1.0439, 4951971, 5.1905, 3892.5223
current_data: 0.3840, 19727229, 77.0430, 16629.4702
current_data: 2.5497, 88753, 0.0012, 0.0000
current_data: 2.4625, 246848, 31.9672, 54490.9368
current_data: 2.3793, 3735448, 9.0275, 12411.9460
current_data: 1.0531, 5083190, 5.1458, 3788.1467
current_data: 0.3843, 19757527, 77.0440, 16728.2207
current_data: 2.5498, 80224, 0.0008, 0.0000
current_data: 2.4692, 234645, 31.9684, 54710.3131
current_data: 2.3830, 3729937, 9.0213, 12370.0708
current_data: 1.0507, 5128466, 5.1011, 3879.3972
current_data: 0.3845, 19754657, 77.0334, 16627.5951
current_data: 2.5495, 79191, 0.0008, 0.0000
current_data: 2.4694, 235659, 31.9667, 54661.5628
current_data: 2.3833, 3723783, 8.9848, 12400.6960
current_data: 1.0558, 5101273, 5.1151, 3746.2714
current_data: 0.3843, 19734192, 77.0434, 16620.0951
current_data: 2.5497, 80762, 0.0008, 0.0000
current_data: 2.4694, 234005, 31.9683, 54654.6877
current_data: 2.3847, 3770456, 9.0259, 12453.1963
current_data: 1.0590, 5124418, 5.0843, 3751.8965
current_data: 0.3844, 19736662, 77.0354, 16589.4699
current_data: 2.5501, 80735, 0.0008, 0.0000
current_data: 2.3368, 248266, 26.4459, 45174.0085
current_data: 2.3938, 3783636, 8.9766, 12426.3211
current_data: 1.0583, 5122103, 5.1449, 3885.0222
current_data: 0.3845, 19755638, 77.0209, 16661.9703
current_data: 2.5505, 79616, 0.0008, 0.0000
current_data: 2.5478, 239132, 24.9790, 45895.2626
current_data: 2.4636, 3931219, 7.8558, 11508.1909
current_data: 1.0588, 5117674, 5.1102, 3768.1466
current_data: 0.3846, 19747624, 77.0173, 16562.5948
current_data: 2.5491, 81423, 0.0009, 0.0000
current_data: 2.5685, 242494, 24.9757, 46282.7648
current_data: 2.3921, 3789149, 9.0363, 12413.1960
current_data: 1.0563, 5122543, 5.0803, 3919.3974
current_data: 0.3843, 19787921, 77.0254, 16793.2211
current_data: 2.5482, 89134, 0.0013, 0.0000
current_data: 2.5555, 248958, 24.9743, 46007.1383
current_data: 2.3895, 3775850, 9.0085, 12437.5712
current_data: 1.0592, 5131965, 5.0966, 4005.0229
current_data: 0.3846, 19766010, 76.9912, 16591.9699
current_data: 2.5494, 88766, 0.0014, 0.0000
current_data: 2.5294, 249279, 24.9750, 45557.1357
current_data: 2.3937, 3845300, 9.0093, 12536.3217
current_data: 1.0573, 5130502, 5.1962, 4018.1480
current_data: 0.3845, 19770597, 77.0245, 16662.5953
current_data: 2.5497, 80597, 0.0008, 0.0000
current_data: 2.5063, 241140, 24.9777, 45217.7587
current_data: 2.3960, 3813567, 8.9790, 12436.3212
current_data: 1.0601, 5119937, 5.0770, 3948.7726
current_data: 0.3884, 18698441, 75.0370, 16768.2209
current_data: 2.5506, 80978, 0.0008, 0.0000
current_data: 2.5448, 244153, 24.9737, 45792.7620
current_data: 2.3881, 3840153, 9.0159, 12465.6963
current_data: 1.0563, 5088718, 5.1408, 3870.6471
current_data: 0.3845, 19767264, 77.0107, 16655.7203
current_data: 2.5488, 84609, 0.0010, 0.0000
current_data: 2.5571, 242668, 24.9751, 45970.8880
current_data: 2.3907, 3812724, 9.0228, 12453.8213
current_data: 1.0568, 5104977, 5.0462, 3909.3974
current_data: 0.3844, 19752820, 77.0235, 16636.3452
current_data: 2.5486, 87806, 0.0012, 0.0000
current_data: 2.2642, 281287, 30.0891, 47370.2711
current_data: 2.3911, 3785784, 8.9795, 12439.4462
current_data: 1.0543, 5106102, 5.0583, 3871.8972
current_data: 0.3843, 19773487, 77.0176, 16738.8458
current_data: 2.5490, 87372, 0.0011, 0.0000
current_data: 2.4655, 267010, 31.9662, 54598.4374
current_data: 2.4147, 3930813, 8.5726, 11150.6888
current_data: 1.0573, 5100057, 5.1113, 3947.5226
current_data: 0.3842, 19704864, 77.0683, 16657.5953
current_data: 2.5501, 80481, 0.0008, 0.0000
current_data: 2.4633, 242607, 31.9682, 54479.0617
current_data: 2.3886, 3816624, 9.0072, 12408.8210
current_data: 1.0533, 5089315, 5.1552, 3910.6474
current_data: 0.3843, 19737613, 77.0441, 16655.0953
current_data: 2.5493, 84477, 0.0009, 0.0000
current_data: 2.4628, 249522, 31.9681, 54475.9367
current_data: 2.3880, 3811701, 9.0080, 12457.5713
current_data: 1.0538, 5091712, 5.0250, 3860.6471
current_data: 0.3843, 19719337, 77.0285, 16576.3449
current_data: 2.5500, 85616, 0.0010, 0.0000
current_data: 2.4644, 242212, 31.9689, 54465.9367
current_data: 2.3871, 3814435, 9.0043, 12421.3211
current_data: 1.0532, 5102276, 5.0602, 3846.2720
current_data: 0.3843, 19722974, 77.0253, 16539.4696
current_data: 2.5496, 84211, 0.0010, 0.0000
current_data: 2.4663, 250755, 31.9682, 54586.5623
current_data: 2.3877, 3794428, 9.0194, 12467.5713
current_data: 1.0512, 5091050, 5.1973, 4023.1480
current_data: 0.3844, 19721690, 77.0121, 16553.2197
current_data: 2.5505, 85067, 0.0011, 0.0000
current_data: 2.4647, 253018, 31.9655, 54449.0616
current_data: 2.3886, 3827213, 9.0148, 12435.0712
current_data: 1.0535, 5108649, 5.0349, 3873.1472
current_data: 0.3845, 19760895, 77.0055, 16557.5947
current_data: 2.5499, 79980, 0.0008, 0.0000
current_data: 2.4664, 240512, 31.9681, 54467.1867
current_data: 2.3870, 3786438, 8.9917, 12385.6959
current_data: 1.0531, 5102372, 5.1116, 3821.8969
current_data: 0.3843, 19763104, 77.0114, 16640.7202
current_data: 2.5487, 91825, 0.0014, 0.0000
current_data: 2.2066, 268772, 33.3180, 50702.7901
current_data: 2.3860, 3892246, 8.9769, 12490.0715
current_data: 1.0611, 5173075, 5.1729, 3900.6473
current_data: 0.3851, 19799697, 77.0020, 16738.8458
current_data: 2.5490, 86876, 0.0013, 0.0000
current_data: 2.1765, 245997, 34.2643, 46268.3897
current_data: 2.4595, 4045058, 8.3018, 11175.6889
current_data: 1.0651, 5120832, 5.1303, 3889.3973
current_data: 0.3853, 19806570, 76.9851, 16693.2205
current_data: 2.5493, 88984, 0.0012, 0.0000
current_data: 2.1757, 239297, 34.2692, 46410.2656
current_data: 2.4021, 3878153, 8.9729, 12516.3216
current_data: 1.0632, 5117981, 5.1194, 3892.5223
current_data: 0.3850, 19770512, 77.0225, 16617.5951
current_data: 2.5488, 91536, 0.0014, 0.0000
current_data: 2.1209, 264353, 34.3229, 45341.5094
current_data: 2.4021, 3796526, 9.0655, 12563.8219
current_data: 1.0324, 4999943, 5.1574, 3835.0219
current_data: 0.3871, 18653315, 75.0629, 16730.0957
current_data: 2.5500, 83636, 0.0011, 0.0000
current_data: 1.7159, 5563093, 31.3725, 55596.5681
current_data: 2.3497, 3793471, 8.9835, 12369.4458
current_data: 1.0508, 5068739, 5.1066, 3772.5216
current_data: 0.3843, 19758264, 76.9959, 16694.4705
current_data: 2.5491, 85329, 0.0011, 0.0000
current_data: 2.7805, 298557, 25.6346, 51435.2943
current_data: 2.3842, 3822701, 8.9633, 12389.4459
current_data: 1.0580, 5065876, 4.9796, 3845.0220
current_data: 0.3842, 19605089, 77.0291, 16510.0945
current_data: 2.5493, 86070, 0.0012, 0.0000
current_data: 2.6739, 289302, 25.0763, 48540.9028
current_data: 2.3818, 3762414, 9.0859, 12389.4459
current_data: 1.0226, 4932789, 5.1253, 3731.2714
current_data: 0.3827, 19537149, 77.0289, 16455.7192
current_data: 2.5494, 82106, 0.0010, 0.0000
current_data: 2.2222, 235759, 26.4873, 60591.5967
current_data: 2.3393, 3705124, 9.0229, 12250.0701
current_data: 1.0242, 4932410, 5.1591, 3718.7713
current_data: 0.3825, 19550680, 77.0708, 16521.3445
current_data: 2.5500, 80342, 0.0008, 0.0000
current_data: 2.2227, 223049, 26.4896, 60600.9718
current_data: 2.3433, 3629480, 9.0603, 12175.0697
current_data: 1.0306, 4946827, 5.1470, 3805.0218
current_data: 0.3830, 19559266, 77.0399, 16556.3447
current_data: 2.5500, 80606, 0.0009, 0.0000
current_data: 2.2611, 238345, 27.8954, 58593.4603
current_data: 2.3503, 3716548, 9.0752, 12233.1950
current_data: 1.0560, 5062945, 5.0654, 3857.5221
current_data: 0.3843, 19583772, 77.0364, 16460.0942
current_data: 2.5497, 79680, 0.0008, 0.0000
current_data: 2.4685, 226963, 31.9710, 54195.3101
current_data: 2.3869, 3844384, 8.9816, 12433.1961
current_data: 1.0575, 5075099, 5.0707, 3830.0219
current_data: 0.3843, 19586387, 77.0464, 16380.7187
current_data: 2.5503, 82177, 0.0008, 0.0000
current_data: 2.4683, 231527, 31.9673, 54142.1848
current_data: 2.4687, 3889018, 7.8766, 11492.5658
current_data: 1.0504, 5042445, 5.1120, 3856.2721
current_data: 0.3842, 19667759, 77.0523, 16603.8450
current_data: 2.5503, 84833, 0.0009, 0.0000
current_data: 2.4686, 235379, 31.9664, 54400.3113
current_data: 2.3895, 3756868, 9.0406, 12450.0712
current_data: 1.0493, 5026589, 5.2023, 4042.5231
current_data: 0.3842, 19757056, 77.0225, 16633.8452
current_data: 2.5490, 91767, 0.0016, 0.0000
current_data: 2.4651, 250752, 31.9635, 54372.8111
current_data: 2.3825, 3844661, 8.9887, 12476.3214
current_data: 1.0515, 5087948, 5.1224, 3908.7724
current_data: 0.3842, 19741794, 77.0500, 16611.9701
current_data: 2.5485, 85897, 0.0012, 0.0000
current_data: 2.4683, 246797, 31.9672, 54534.0620
current_data: 2.3879, 3851673, 9.0158, 12475.0714
current_data: 1.0552, 5117149, 5.0450, 3868.1471
current_data: 0.3844, 19747143, 77.0319, 16780.7210
current_data: 2.5500, 78676, 0.0007, 0.0000
current_data: 2.4704, 232338, 31.9697, 54683.4379
current_data: 2.3859, 3825575, 9.0214, 12440.0712
current_data: 1.0520, 5081248, 5.0782, 3868.1471
current_data: 0.3843, 19755212, 77.0272, 16655.0953
current_data: 2.5494, 84034, 0.0010, 0.0000
current_data: 2.4689, 234582, 31.9684, 54644.0627
current_data: 2.3844, 3813877, 9.0422, 12471.3214
current_data: 1.0520, 5098866, 5.1802, 3818.1468
current_data: 0.3843, 19720466, 77.0383, 16531.9696
current_data: 2.5497, 81302, 0.0008, 0.0000
current_data: 2.4703, 231079, 31.9694, 54610.3125
current_data: 2.3896, 3825408, 9.0168, 12451.3212
current_data: 1.0565, 5130215, 5.1882, 3942.5226
current_data: 0.3891, 18745422, 75.1039, 16808.8462
current_data: 2.5500, 78679, 0.0007, 0.0000
current_data: 2.4659, 259717, 25.5335, 45759.6368
current_data: 2.3955, 3895729, 9.0172, 12557.5719
current_data: 1.0575, 5105637, 5.0385, 3847.5220
current_data: 0.3846, 19743865, 77.0204, 16633.2202
current_data: 2.5504, 79170, 0.0008, 0.0000
current_data: 2.5469, 248247, 24.9766, 45826.5122
current_data: 2.4173, 3696329, 8.8503, 12496.3215
current_data: 1.0565, 5089185, 5.0629, 3755.0215
current_data: 0.3844, 19731116, 77.0331, 16661.9703
current_data: 2.5500, 80758, 0.0009, 0.0000
current_data: 2.5593, 253595, 24.9753, 46080.2637
current_data: 2.4108, 3865594, 8.9922, 11998.8187
current_data: 1.0597, 5123667, 5.0832, 3842.5220
current_data: 0.3844, 19734362, 77.0385, 16674.4704
current_data: 2.5495, 80082, 0.0008, 0.0000
current_data: 2.5585, 249070, 24.9742, 46020.2633
current_data: 2.3950, 3823925, 9.0239, 12482.5714
current_data: 1.0587, 5114911, 5.1602, 3872.5222
current_data: 0.3844, 19739959, 77.0488, 16680.0954
current_data: 2.5510, 80866, 0.0008, 0.0000
current_data: 2.5210, 246206, 24.9775, 45429.6350
current_data: 2.3953, 3921958, 9.0307, 12560.0719
current_data: 1.0547, 5069605, 5.1165, 3915.6474
current_data: 0.3843, 19753312, 77.0387, 16796.3461
current_data: 2.5485, 91055, 0.0015, 0.0000
current_data: 2.4916, 259264, 24.9769, 44787.7563
current_data: 2.3998, 3788917, 9.0360, 12518.1966
current_data: 1.0525, 5023654, 5.2405, 4005.0229
current_data: 0.3842, 19741268, 77.0303, 16537.5946
current_data: 2.5484, 92844, 0.0015, 0.0000
current_data: 2.5558, 261615, 24.9751, 46008.3883
current_data: 2.3967, 3851382, 8.9974, 12482.5714
current_data: 1.0580, 5093877, 5.1880, 4021.8980
current_data: 0.3843, 19756389, 77.0449, 16575.7198
current_data: 2.5497, 84183, 0.0010, 0.0000
current_data: 2.5589, 245166, 24.9750, 46139.6390
current_data: 2.3954, 3920502, 9.0436, 12596.9471
current_data: 1.0536, 5078718, 5.1630, 4011.8980
current_data: 0.3842, 19725476, 77.0177, 16685.7205
current_data: 2.5480, 93936, 0.0015, 0.0000
current_data: 2.2476, 288574, 31.0287, 48396.5269
current_data: 2.3944, 3919001, 9.0350, 12508.8216
current_data: 1.0511, 5085153, 5.0842, 3877.5222
current_data: 0.3844, 19745251, 77.0114, 16613.2201
current_data: 2.5494, 86571, 0.0010, 0.0000
current_data: 2.4638, 260249, 31.9676, 54373.4361
current_data: 2.4226, 3738670, 8.6399, 12483.1964
current_data: 1.0524, 5049206, 5.1559, 3869.3971
current_data: 0.3842, 19602638, 77.0560, 16493.8444
current_data: 2.5494, 83404, 0.0010, 0.0000
current_data: 2.4653, 242059, 31.9687, 54174.0600
current_data: 2.4435, 4011143, 8.4296, 11082.5634
current_data: 1.0541, 5050172, 5.1284, 3756.8965
current_data: 0.3844, 19560807, 77.0364, 16576.9699
current_data: 2.5496, 83717, 0.0009, 0.0000
current_data: 2.4645, 237915, 31.9678, 54101.5596
current_data: 2.3975, 3902206, 9.0109, 12488.8215
current_data: 1.0531, 5071514, 5.0822, 3825.6469
current_data: 0.3846, 19659986, 76.9860, 16527.5946
current_data: 2.5498, 82322, 0.0009, 0.0000
current_data: 2.4641, 233563, 31.9690, 54239.0604
current_data: 2.3880, 3860617, 8.9988, 12488.1965
current_data: 1.0530, 5017503, 5.0685, 3790.6467
current_data: 0.3845, 19600253, 77.0098, 16525.7196
current_data: 2.5497, 82673, 0.0009, 0.0000
current_data: 2.4659, 239035, 31.9708, 54192.1851
current_data: 2.3829, 3827766, 9.1224, 12380.6958
current_data: 1.0512, 5029511, 5.1492, 3790.0217
current_data: 0.3889, 18617669, 75.0692, 16640.0952
current_data: 2.5497, 82608, 0.0009, 0.0000
current_data: 2.4649, 237278, 31.9684, 54160.3099
current_data: 2.3917, 3752887, 9.0282, 12325.0705
current_data: 1.0531, 5041553, 5.0910, 3809.3968
current_data: 0.3844, 19652770, 77.0054, 16559.4698
current_data: 2.5490, 89493, 0.0012, 0.0000
current_data: 2.4646, 249721, 31.9668, 54258.4355
current_data: 2.3934, 3852131, 9.0592, 12518.8216
current_data: 1.0572, 5057997, 5.1221, 3843.7720
current_data: 0.3845, 19630168, 77.0384, 16556.3447
current_data: 2.5488, 81555, 0.0009, 0.0000
current_data: 2.1961, 253381, 33.3745, 50132.1619
current_data: 2.3964, 3887240, 8.9690, 12433.8211
current_data: 1.0652, 5113648, 5.1657, 3859.3971
current_data: 0.3852, 19625561, 77.0319, 16514.4695
current_data: 2.5501, 80863, 0.0008, 0.0000
current_data: 2.1761, 235272, 34.2703, 46064.0136
current_data: 2.3994, 3890760, 9.0936, 12456.9463
current_data: 1.0648, 5099188, 5.0932, 3880.6472
current_data: 0.3852, 19643300, 77.0280, 16623.2201
current_data: 2.5497, 83718, 0.0009, 0.0000
current_data: 2.1758, 235800, 34.2697, 46101.5138
current_data: 2.4000, 3954357, 9.0034, 12496.3215
current_data: 1.0646, 5084336, 5.0396, 3812.5218
current_data: 0.3850, 19600847, 77.0597, 16591.3449
current_data: 2.5496, 83012, 0.0008, 0.0000
current_data: 2.1228, 249565, 34.3416, 45192.1336
current_data: 2.4083, 3812161, 9.0292, 12430.0711
current_data: 1.0327, 4953281, 5.1370, 3753.7715
current_data: 0.3831, 19560002, 77.0231, 16477.5943
current_data: 2.5498, 86303, 0.0012, 0.0000
current_data: 1.7183, 5748438, 31.3189, 54458.4366
current_data: 2.4389, 3861889, 7.8663, 11355.0650
current_data: 1.0487, 5035694, 5.0762, 3953.1476
current_data: 0.3841, 19571131, 77.0155, 16431.9690
current_data: 2.5475, 92097, 0.0015, 0.0000
current_data: 2.8226, 313605, 25.4507, 51700.9208
current_data: 2.4385, 4026056, 8.7156, 11436.3154
current_data: 1.0552, 5074440, 5.1693, 3818.1468
current_data: 0.3843, 19632071, 77.0150, 16510.0945
current_data: 2.5498, 84847, 0.0010, 0.0000
current_data: 2.7502, 277460, 24.8510, 48962.7802
current_data: 2.3940, 3892306, 9.0943, 12486.3214
current_data: 1.0270, 4928594, 5.0425, 3851.8970
current_data: 0.3827, 19569067, 77.0179, 16425.7190
current_data: 2.5489, 84414, 0.0009, 0.0000
current_data: 2.2220, 224413, 26.4926, 60613.4718
current_data: 2.3478, 3815767, 9.0629, 12297.5704
current_data: 1.0258, 4965188, 5.0609, 3844.3970
current_data: 0.3827, 19696053, 77.0220, 16621.9701
current_data: 2.5492, 85343, 0.0010, 0.0000
current_data: 2.2226, 233781, 26.4854, 60942.2237
current_data: 2.3519, 3821300, 9.0165, 12258.1951
current_data: 1.0312, 4995809, 5.1511, 3880.6472
current_data: 0.3830, 19657321, 77.0417, 16538.8446
current_data: 2.5496, 80586, 0.0008, 0.0000
current_data: 2.2567, 241070, 27.7307, 59069.0880
current_data: 2.3631, 3868591, 9.0137, 12435.0712
current_data: 1.0528, 5108196, 5.1312, 3978.1478
current_data: 0.3845, 19765536, 77.0157, 16658.8453
current_data: 2.5509, 83783, 0.0008, 0.0000
current_data: 2.4677, 236784, 31.9712, 54467.8117
current_data: 2.3889, 3972393, 8.9932, 12546.9468
current_data: 1.0514, 5078154, 5.1826, 3975.0227
current_data: 0.3842, 19741627, 77.0234, 16587.5949
current_data: 2.5484, 93758, 0.0014, 0.0000
current_data: 2.4647, 249078, 31.9672, 54435.3115
current_data: 2.3676, 3757517, 8.9864, 12308.1954
current_data: 1.0533, 5090007, 5.0996, 3797.5217
current_data: 0.3882, 18673086, 75.0411, 16735.0958
current_data: 2.5500, 83261, 0.0009, 0.0000
current_data: 2.4661, 233558, 31.9672, 54547.8121
current_data: 2.3686, 3711494, 9.0673, 12345.0706
current_data: 1.0551, 5081038, 5.0770, 3845.6470
current_data: 0.3844, 19733998, 77.0021, 16646.9703
current_data: 2.5500, 84840, 0.0010, 0.0000
current_data: 2.4671, 234146, 31.9683, 54467.1867
current_data: 2.3696, 3724688, 8.9862, 12343.1956
current_data: 1.0527, 5079541, 5.1049, 3835.0219
current_data: 0.3843, 19747840, 77.0416, 16650.7203
current_data: 2.5499, 83031, 0.0009, 0.0000
current_data: 2.4671, 238776, 31.9700, 54587.1874
current_data: 2.3710, 3839077, 9.0277, 12453.8213
current_data: 1.0506, 5070366, 5.2061, 4002.5229
current_data: 0.3843, 19778256, 77.0474, 16708.8456
current_data: 2.5501, 83002, 0.0008, 0.0000
current_data: 2.4686, 240903, 31.9696, 54760.3133
current_data: 2.4539, 3793716, 7.8245, 11033.1881
current_data: 1.0523, 5065734, 5.1357, 3953.7726
current_data: 0.3842, 19720165, 77.0499, 16605.0950
current_data: 2.5500, 84429, 0.0010, 0.0000
current_data: 2.4687, 235749, 31.9700, 54614.6875
current_data: 2.3697, 3704973, 9.0237, 12342.5706
current_data: 1.0523, 5091732, 5.1120, 3881.2722
current_data: 0.3842, 19742743, 77.0406, 16663.8454
current_data: 2.5500, 86935, 0.0011, 0.0000
current_data: 2.4669, 240095, 31.9693, 54602.8124
current_data: 2.3766, 3648175, 9.0582, 12336.9456
current_data: 1.0534, 5098219, 5.1911, 3840.0220
current_data: 0.3842, 19762457, 77.0094, 16615.0951
current_data: 2.5480, 92118, 0.0015, 0.0000
current_data: 2.4849, 275686, 25.4328, 45947.1379
current_data: 2.3750, 3809208, 8.9994, 12478.8214
current_data: 1.0577, 5104644, 5.0772, 3802.5218
current_data: 0.3841, 19721933, 77.0728, 16568.2198
current_data: 2.5491, 90092, 0.0013, 0.0000
current_data: 2.5394, 252801, 24.9774, 45719.6366
current_data: 2.3789, 3650891, 9.0071, 12296.9454
current_data: 1.0507, 4992861, 5.1973, 4046.2732
current_data: 0.3841, 19735973, 77.0345, 16590.7199
current_data: 2.5488, 90818, 0.0015, 0.0000
current_data: 2.5568, 264664, 24.9708, 46060.8886
current_data: 2.3760, 3811489, 9.0533, 12481.3214
current_data: 1.0553, 5052199, 5.1520, 3916.8974
current_data: 0.3843, 19762832, 77.0234, 16613.2201
current_data: 2.5505, 84886, 0.0011, 0.0000
current_data: 2.5583, 247406, 24.9740, 46104.0138
current_data: 2.3721, 3709353, 8.9923, 12374.4458
current_data: 1.0568, 5119936, 5.1755, 3893.1473
current_data: 0.3844, 19723959, 77.0469, 16675.7204
current_data: 2.5497, 84619, 0.0011, 0.0000
current_data: 2.5229, 241271, 24.9762, 45424.6349
current_data: 2.3762, 3689345, 9.0882, 12423.8211
current_data: 1.0601, 5133039, 5.1883, 3889.3973
current_data: 0.3845, 19754547, 77.0289, 16686.9705
current_data: 2.5510, 80487, 0.0008, 0.0000
current_data: 2.4905, 236642, 24.9793, 44884.0068
current_data: 2.3815, 3857722, 8.9996, 12513.8216
current_data: 1.0580, 5116935, 5.0953, 3943.1476
current_data: 0.3845, 19767438, 77.0093, 16635.0952
current_data: 2.5498, 78933, 0.0008, 0.0000
current_data: 2.5647, 238551, 24.9778, 46200.2644
current_data: 2.3807, 3755918, 8.9564, 12327.5705
current_data: 1.0588, 5119125, 5.1765, 3963.1477
current_data: 0.3844, 19759168, 77.0370, 16653.2203
current_data: 2.5495, 81470, 0.0008, 0.0000
current_data: 2.5644, 239534, 24.9753, 46218.3895
current_data: 2.4627, 3801975, 7.8542, 11437.5654
current_data: 1.0575, 5091066, 5.0747, 3755.6465
current_data: 0.3880, 18664198, 75.0448, 16691.9705
current_data: 2.5495, 84906, 0.0011, 0.0000
current_data: 2.2440, 265025, 31.1046, 48044.6499
current_data: 2.3936, 3794363, 9.0282, 12363.1957
current_data: 1.0561, 5113291, 5.0739, 3932.5225
current_data: 0.3844, 19742438, 77.0261, 16681.9705
current_data: 2.5506, 85677, 0.0009, 0.0000
current_data: 2.4641, 259281, 31.9662, 54467.8117
current_data: 2.3725, 3779471, 9.0859, 12395.6959
current_data: 1.0541, 5097012, 5.1109, 3840.6470
current_data: 0.3844, 19749256, 77.0200, 16649.4703
current_data: 2.5504, 79145, 0.0007, 0.0000
current_data: 2.4635, 244479, 31.9683, 54552.1872
current_data: 2.3768, 3738052, 8.9643, 12333.1956
current_data: 1.0535, 5093406, 5.1234, 3848.1470
current_data: 0.3843, 19755621, 77.0413, 16728.8457
current_data: 2.5501, 80295, 0.0007, 0.0000
current_data: 2.4636, 242320, 31.9682, 54523.4370
current_data: 2.3679, 3744430, 9.0395, 12416.9461
current_data: 1.0545, 5077723, 5.0673, 3877.5222
current_data: 0.3843, 19735567, 77.0388, 16623.2201
current_data: 2.5493, 84949, 0.0010, 0.0000
current_data: 2.4631, 245123, 31.9681, 54464.6866
current_data: 2.3777, 3731930, 8.9847, 12286.9453
current_data: 1.0556, 5104030, 5.1538, 3903.7723
current_data: 0.3842, 19755378, 77.0326, 16615.0951
current_data: 2.5491, 88004, 0.0013, 0.0000
current_data: 2.4638, 261562, 31.9665, 54580.9373
current_data: 2.3680, 3827758, 9.0238, 12455.6963
current_data: 1.0515, 5109287, 5.1486, 3976.8978
current_data: 0.3843, 19754138, 77.0390, 16675.7204
current_data: 2.5512, 82732, 0.0010, 0.0000
current_data: 2.4650, 249426, 31.9689, 54569.0622
current_data: 2.3733, 3743533, 9.0003, 12372.5708
current_data: 1.0515, 5109070, 5.0902, 3801.2718
current_data: 0.3842, 19728028, 77.0675, 16658.2203
current_data: 2.5494, 80947, 0.0008, 0.0000
current_data: 2.4665, 246662, 31.9673, 54639.0626
current_data: 2.3738, 3861220, 9.0410, 12475.0714
current_data: 1.0558, 5113633, 5.0970, 3935.0225
current_data: 0.3845, 19762439, 77.0405, 16637.5952
current_data: 2.5493, 82390, 0.0009, 0.0000
current_data: 2.1709, 249751, 33.6090, 49833.4101
current_data: 2.3836, 3790334, 8.9287, 12408.1960
current_data: 1.0630, 5135754, 5.0963, 3903.1473
current_data: 0.3850, 19742295, 77.0480, 16561.9698
current_data: 2.5498, 79187, 0.0008, 0.0000
current_data: 2.1774, 227328, 34.2674, 46402.7655
current_data: 2.4416, 3751475, 8.2426, 12338.8206
current_data: 1.0660, 5124609, 5.1287, 3916.2724
current_data: 0.3849, 19642275, 77.0720, 16528.2196
current_data: 2.5501, 80548, 0.0007, 0.0000
current_data: 2.1786, 228027, 34.2693, 46287.7649
current_data: 2.4333, 3953563, 8.6166, 11329.4398
current_data: 1.0658, 5177141, 5.1283, 4041.8981
current_data: 0.3850, 19783938, 77.0485, 16650.0953
current_data: 2.5498, 79384, 0.0008, 0.0000
current_data: 2.1183, 512506, 33.8998, 45139.6333
current_data: 2.3914, 3776461, 9.0394, 12468.1963
current_data: 1.0263, 5006570, 5.1550, 3683.7711
current_data: 0.3829, 19701507, 77.0163, 16583.8449
current_data: 2.5495, 78967, 0.0008, 0.0000
current_data: 1.8059, 5224656, 30.8365, 57321.5780
current_data: 2.3320, 3724334, 9.1294, 12268.8202
current_data: 1.0524, 5089931, 5.1694, 3970.6477
current_data: 0.3842, 19759536, 77.0289, 16681.3455
current_data: 2.5496, 86283, 0.0011, 0.0000
current_data: 2.7741, 301836, 25.5647, 51320.9187
current_data: 2.3722, 3831234, 8.9903, 12495.0715
current_data: 1.0507, 5082851, 5.1654, 3853.7721
current_data: 0.3885, 18739705, 75.0681, 16774.4710
current_data: 2.5499, 85523, 0.0011, 0.0000
current_data: 2.6026, 306251, 25.2544, 50354.0381
current_data: 2.3772, 3721787, 9.0502, 12399.4460
current_data: 1.0251, 4960982, 5.0735, 3775.0216
current_data: 0.3828, 19667358, 77.0076, 16570.7198
current_data: 2.5495, 79831, 0.0008, 0.0000
current_data: 2.2224, 227894, 26.4888, 60957.8488
current_data: 2.3261, 3747087, 9.0166, 12286.3203
current_data: 1.0257, 4964031, 5.0481, 3802.5218
current_data: 0.3826, 19646974, 77.0381, 16506.9695
current_data: 2.5502, 80818, 0.0009, 0.0000
current_data: 2.2205, 230500, 26.4878, 60908.4735
current_data: 2.3244, 3642602, 9.1314, 12184.4447
current_data: 1.0346, 4993535, 5.1275, 3792.5217
current_data: 0.3831, 19678028, 77.0529, 16650.7203
current_data: 2.5493, 87213, 0.0011, 0.0000
current_data: 2.3006, 252461, 28.8188, 57891.5813
current_data: 2.3483, 3816582, 9.0476, 12337.5706
current_data: 1.0494, 5070147, 5.1518, 3923.7725
current_data: 0.3843, 19738823, 77.0102, 16614.4701
current_data: 2.5488, 90650, 0.0014, 0.0000
current_data: 2.4658, 251980, 31.9691, 54486.5618
current_data: 2.3756, 3808073, 9.0058, 12394.4459
current_data: 1.0498, 5049315, 5.1491, 3918.7724
current_data: 0.3841, 19758262, 77.0668, 16715.7206
current_data: 2.5492, 85456, 0.0011, 0.0000
current_data: 2.4658, 246030, 31.9663, 54625.3126
current_data: 2.3744, 3867727, 9.0875, 12503.8215
current_data: 1.0515, 5091533, 5.1139, 3800.0217
current_data: 0.3845, 19751276, 77.0077, 16737.5958
current_data: 2.5503, 81529, 0.0009, 0.0000
current_data: 2.4660, 242999, 31.9676, 54507.1869
current_data: 2.3754, 3808168, 8.9935, 12386.3209
current_data: 1.0535, 5092164, 5.1047, 3805.0218
current_data: 0.3842, 19733499, 77.0631, 16565.0948
current_data: 2.5500, 83399, 0.0008, 0.0000
current_data: 2.4663, 235356, 31.9688, 54583.4373
current_data: 2.4580, 4017309, 7.8457, 11564.4412
current_data: 1.0538, 5130990, 5.0923, 3891.2723
current_data: 0.3843, 19754474, 77.0233, 16598.8450
current_data: 2.5491, 86475, 0.0013, 0.0000
current_data: 2.4693, 246754, 31.9699, 54671.5628
current_data: 2.3887, 3816196, 9.0716, 11781.9424
current_data: 1.0541, 5095032, 5.0551, 3878.1472
current_data: 0.3846, 19757707, 77.0006, 16545.7197
current_data: 2.5491, 81627, 0.0007, 0.0000
current_data: 2.4673, 235134, 31.9712, 54567.1872
current_data: 2.3807, 3829486, 8.9899, 12544.4468
current_data: 1.0528, 5103306, 5.1302, 3948.1476
current_data: 0.3843, 19792886, 77.0124, 16631.9702
current_data: 2.5494, 86033, 0.0012, 0.0000
current_data: 2.4672, 240610, 31.9702, 54717.1881
current_data: 2.3775, 3798740, 9.1029, 12475.6964
current_data: 1.0522, 5086703, 5.1060, 3841.2720
current_data: 0.3844, 19712023, 77.0275, 16600.0950
current_data: 2.5484, 87013, 0.0010, 0.6250
current_data: 2.2680, 247883, 32.5038, 51682.7957
current_data: 2.3774, 3801779, 8.9893, 12368.8208
current_data: 1.0587, 5137198, 5.1367, 3972.5227
current_data: 0.3846, 19809993, 76.9931, 16689.4705
current_data: 2.5489, 87409, 0.0011, 0.0000
current_data: 2.5496, 267862, 24.9731, 46004.0132
current_data: 2.3798, 3911018, 9.0821, 12518.8216
current_data: 1.0588, 5135090, 5.1355, 3997.5229
current_data: 0.3845, 19740698, 77.0133, 16606.3450
current_data: 2.5497, 85939, 0.0010, 0.0000
current_data: 2.5416, 260961, 24.9776, 45707.7615
current_data: 2.3890, 3875135, 9.0110, 12422.5711
current_data: 1.0573, 5110691, 5.0843, 3970.6477
current_data: 0.3880, 19112299, 75.7376, 16588.2199
current_data: 2.5495, 82042, 0.0009, 0.0000
current_data: 2.5590, 257726, 24.9750, 46017.7633
current_data: 2.3794, 3954346, 9.0752, 12576.9470
current_data: 1.0563, 5083893, 5.1775, 3977.5228
current_data: 0.3843, 19734570, 77.0359, 16668.2204
current_data: 2.5484, 84983, 0.0010, 0.0000
current_data: 2.5551, 256875, 24.9742, 45878.3875
current_data: 2.3789, 3853539, 8.9781, 12425.6961
current_data: 1.0543, 5106806, 5.1695, 3974.3977
current_data: 0.3844, 19715916, 77.0099, 16615.0951
current_data: 2.5491, 86918, 0.0011, 0.0000
current_data: 2.5143, 257179, 24.9758, 45054.0078
current_data: 2.3852, 3924617, 9.0967, 12530.6967
current_data: 1.0567, 5123433, 5.2409, 4078.7733
current_data: 0.3844, 19761342, 77.0008, 16681.9705
current_data: 2.5489, 89476, 0.0015, 0.0000
current_data: 2.4891, 268100, 24.9756, 44764.6311
current_data: 2.4105, 3851047, 8.7695, 12520.0716
current_data: 1.0572, 5094956, 5.1821, 3875.0222
current_data: 0.3844, 19730073, 77.0333, 16623.8451
current_data: 2.5494, 83796, 0.0009, 0.0000
current_data: 2.5573, 256141, 24.9749, 46012.7633
current_data: 2.4432, 4145675, 8.3668, 11245.6893
current_data: 1.0578, 5081488, 5.1264, 3918.1474
current_data: 0.3845, 19720294, 77.0092, 16626.9701
current_data: 2.5502, 84192, 0.0009, 0.0000
current_data: 2.5656, 259011, 24.9710, 46103.3888
current_data: 2.3866, 3908488, 8.9764, 12473.1964
current_data: 1.0614, 5097728, 5.0964, 4011.2730
current_data: 0.3843, 19659487, 77.0458, 16628.2201
current_data: 2.5490, 84199, 0.0010, 0.0000
current_data: 2.2310, 281608, 32.4589, 49507.7833
current_data: 2.3830, 3875864, 9.1093, 12550.6968
current_data: 1.0563, 5101052, 5.0894, 3916.2724
current_data: 0.3843, 19707517, 77.0360, 16549.4697
current_data: 2.5509, 82264, 0.0010, 0.0000
current_data: 2.4637, 259999, 31.9669, 54445.9365
current_data: 2.3786, 3821433, 9.0091, 12401.3210
current_data: 1.0536, 5074740, 5.0880, 3835.0219
current_data: 0.3845, 19723317, 77.0144, 16598.2200
current_data: 2.5502, 80914, 0.0008, 0.0000
current_data: 2.4635, 249472, 31.9667, 54364.0611
current_data: 2.3808, 3878164, 8.9802, 12457.5713
current_data: 1.0521, 5084021, 5.0830, 3853.1470
current_data: 0.3844, 19751618, 77.0178, 16551.3447
current_data: 2.5500, 83145, 0.0009, 0.0000
current_data: 2.4635, 250518, 31.9675, 54473.4367
current_data: 2.3765, 3843001, 9.1024, 12416.3210
current_data: 1.0512, 5069106, 5.0634, 3841.2720
current_data: 0.3841, 19790656, 77.0324, 16578.8449
current_data: 2.5478, 92973, 0.0015, 0.0000
current_data: 2.4610, 262899, 31.9675, 54564.0622
current_data: 2.3793, 3842583, 9.0063, 12408.1960
current_data: 1.0533, 5082845, 5.1130, 3783.1466
current_data: 0.3844, 19735482, 77.0271, 16620.7201
current_data: 2.5504, 81459, 0.0008, 0.0000
current_data: 2.4667, 247045, 31.9694, 54611.5625
current_data: 2.3799, 3886104, 9.0898, 12519.4466
current_data: 1.0518, 5083186, 5.1371, 3951.2726
current_data: 0.3844, 19775733, 77.0130, 16662.5953
current_data: 2.5492, 83570, 0.0008, 0.0000
current_data: 2.4651, 243824, 31.9704, 54586.5623
current_data: 2.3850, 3869266, 9.0038, 12438.1962
current_data: 1.0555, 5075824, 5.0869, 3765.6465
current_data: 0.3844, 19695501, 77.0317, 16504.4694
current_data: 2.5501, 82794, 0.0008, 0.0000
current_data: 2.4667, 239931, 31.9691, 54521.5620
current_data: 2.3814, 3972846, 9.0819, 12556.9469
current_data: 1.0601, 5115489, 5.1678, 3920.6474
current_data: 0.3847, 19724942, 77.0421, 16675.7204
current_data: 2.5505, 81845, 0.0008, 0.0000
current_data: 2.1219, 248586, 34.0148, 48410.2770
current_data: 2.4589, 3787192, 7.9963, 12020.6938
current_data: 1.0615, 5155948, 5.1259, 3950.0226
current_data: 0.3839, 19750751, 76.9556, 16735.7208
current_data: 2.5482, 88666, 0.0013, 0.0000
current_data: 2.1764, 241686, 34.2679, 46389.0154
current_data: 2.4145, 4001053, 9.0123, 11705.0670
current_data: 1.0582, 5089234, 5.2101, 3926.8975
current_data: 0.3851, 19840737, 77.0007, 16743.2208
current_data: 2.5494, 94968, 0.0015, 0.0000
current_data: 2.1738, 252624, 34.2674, 46376.5154
current_data: 2.3928, 3996927, 8.9835, 12535.6967
current_data: 1.0611, 5097332, 5.1940, 3984.3978
current_data: 0.3850, 19756399, 77.0220, 16628.8452
current_data: 2.5494, 83169, 0.0011, 0.0000
current_data: 2.0741, 1007605, 32.6083, 45505.8854
current_data: 2.3843, 3808714, 9.0354, 12474.4464
current_data: 1.0314, 5018275, 5.1745, 3923.7725
current_data: 0.3830, 19734006, 77.0296, 16663.2203
current_data: 2.5490, 80831, 0.0009, 0.0000
current_data: 1.7319, 2435643, 34.0344, 57785.9557
current_data: 2.3431, 3669959, 9.0864, 12220.0699
current_data: 1.0540, 5065438, 5.0995, 3806.2718
current_data: 0.3840, 19576505, 77.0583, 16575.0948
current_data: 2.5501, 80756, 0.0008, 0.0000
current_data: 2.7663, 277020, 25.4836, 50614.0396
current_data: 2.3854, 3812933, 9.0581, 12442.5712
current_data: 1.0478, 5025114, 5.1007, 3780.6466
current_data: 0.3838, 19560807, 77.0352, 16523.8446
current_data: 2.5494, 81148, 0.0008, 0.0000
current_data: 2.5256, 267937, 25.4627, 51224.0431
current_data: 2.3703, 3791523, 9.0786, 12286.9453
current_data: 1.0254, 4880661, 5.0071, 3591.2705
current_data: 0.3826, 19559203, 77.0435, 16405.7189
current_data: 2.5493, 81191, 0.0009, 0.0000
current_data: 2.2228, 219838, 26.4885, 60692.8473
current_data: 2.3285, 3743086, 9.1059, 12163.8196
current_data: 1.0245, 4932671, 5.1359, 3879.3972
current_data: 0.3826, 19538648, 77.0249, 16461.3442
current_data: 2.5492, 83398, 0.0009, 0.0000
current_data: 2.2220, 223450, 26.4869, 60635.3470
current_data: 2.3281, 3815538, 9.0749, 12177.5697
current_data: 1.0383, 4994497, 5.0792, 3752.5215
current_data: 0.3836, 19549836, 77.0189, 16357.5936
current_data: 2.5499, 79000, 0.0008, 0.0000
current_data: 2.3289, 235656, 29.3412, 56957.8259
current_data: 2.3591, 3862025, 9.1287, 12355.0707
current_data: 1.0558, 5055724, 5.0657, 3819.3969
current_data: 0.3845, 19631662, 77.0143, 16503.2194
current_data: 2.5490, 79255, 0.0008, 0.0000
current_data: 2.4687, 229246, 31.9689, 54449.6866
current_data: 2.3850, 3877145, 8.9930, 12427.5711
current_data: 1.0540, 5056130, 5.0399, 3876.2722
current_data: 0.3844, 19685560, 77.0328, 16521.9695
current_data: 2.5493, 81294, 0.0008, 0.0000
current_data: 2.4676, 225073, 31.9694, 54472.1867
current_data: 2.3791, 3995335, 9.0195, 12483.8214
current_data: 1.0527, 5046911, 5.0999, 3788.1467
current_data: 0.3844, 19681815, 77.0042, 16621.3451
current_data: 2.5483, 87772, 0.0012, 0.0000
current_data: 2.4675, 232334, 31.9673, 54317.8108
current_data: 2.3862, 3876308, 9.0846, 12425.6961
current_data: 1.0514, 5106859, 5.1018, 3994.3979
current_data: 0.3844, 19722664, 77.0253, 16553.2197
current_data: 2.5489, 80514, 0.0007, 0.0000
current_data: 2.4677, 223408, 31.9697, 54503.4369
current_data: 2.4176, 3782869, 8.6078, 12468.8213
current_data: 1.0512, 5109721, 5.1745, 3993.1478
current_data: 0.3842, 19692254, 77.0245, 16577.5949
current_data: 2.5484, 87462, 0.0012, 0.0000
current_data: 2.4716, 234622, 31.9694, 54429.6864
current_data: 2.4584, 4051944, 7.8653, 11245.6893
current_data: 1.0525, 5057089, 5.1110, 3841.2720
current_data: 0.3885, 18648014, 75.0523, 16715.0956
current_data: 2.5472, 89474, 0.0013, 0.0000
current_data: 2.4687, 242427, 31.9681, 54481.5617
current_data: 2.3824, 3938350, 9.0477, 12540.0718
current_data: 1.0538, 5128155, 5.1212, 4025.0230
current_data: 0.3844, 19797177, 77.0224, 16689.4705
current_data: 2.5492, 82401, 0.0008, 0.0000
current_data: 2.4699, 222132, 31.9695, 54583.4373
current_data: 2.3825, 3823517, 9.0824, 12450.6962
current_data: 1.0574, 5077038, 5.0721, 3873.7722
current_data: 0.3843, 19756469, 77.0146, 16619.4701
current_data: 2.5483, 90981, 0.0014, 0.0000
current_data: 2.2789, 244831, 31.8996, 51172.7928
current_data: 2.3855, 3948719, 9.0036, 12461.3213
current_data: 1.0580, 5153340, 5.1128, 3996.2729
current_data: 0.3844, 19740109, 77.0265, 16648.8453
current_data: 2.5497, 84603, 0.0009, 0.0000
current_data: 2.5512, 247566, 24.9758, 45793.3870
current_data: 2.3941, 3914330, 9.0462, 12484.4464
current_data: 1.0564, 5089428, 5.0502, 3968.1477
current_data: 0.3844, 19780963, 77.0426, 16695.0955
current_data: 2.5508, 84966, 0.0010, 0.0000
current_data: 2.5424, 244973, 24.9773, 45712.1366
current_data: 2.3895, 4022286, 9.1140, 12570.6969
current_data: 1.0581, 5115250, 5.1311, 3927.5225
current_data: 0.3843, 19736471, 77.0492, 16687.5955
current_data: 2.5490, 85342, 0.0011, 0.0000
current_data: 2.5618, 247672, 24.9744, 45922.7628
current_data: 2.3934, 3968732, 9.0401, 12475.0714
current_data: 1.0576, 5118723, 5.1156, 3975.0227
current_data: 0.3844, 19722385, 77.0176, 16561.9698
current_data: 2.5493, 88076, 0.0012, 0.0000
current_data: 2.5591, 244100, 24.9739, 45899.6376
current_data: 2.3888, 4015198, 9.1163, 12642.5723
current_data: 1.0568, 5113473, 5.0562, 3880.6472
current_data: 0.3844, 19699094, 77.0272, 16496.9694
current_data: 2.5479, 91015, 0.0014, 0.0000
current_data: 2.5185, 251585, 24.9756, 45240.2589
current_data: 2.3888, 3958578, 9.0319, 12501.9465
current_data: 1.0584, 5078365, 5.1239, 3747.5214
current_data: 0.3845, 19753953, 77.0460, 16555.0947
current_data: 2.5502, 82678, 0.0009, 0.0000
current_data: 2.4915, 246487, 24.9772, 44897.1319
current_data: 2.3917, 4059917, 9.0478, 12594.4471
current_data: 1.0556, 5094501, 5.1247, 3965.6477
current_data: 0.3843, 19753096, 77.0290, 16620.0951
current_data: 2.5487, 94376, 0.0014, 0.0000
current_data: 2.5519, 261301, 24.9734, 46006.5133
current_data: 2.4627, 3957875, 7.9994, 12082.5691
current_data: 1.0564, 5125095, 5.1242, 3980.0228
current_data: 0.3846, 19720797, 77.0160, 16521.9695
current_data: 2.5496, 82552, 0.0010, 0.0000
current_data: 2.5570, 246979, 24.9715, 45979.0131
current_data: 2.4163, 4213996, 8.9621, 11797.5675
current_data: 1.0547, 5089362, 5.1565, 3981.8978
current_data: 0.3845, 19780813, 77.0281, 16730.7207
current_data: 2.5486, 81923, 0.0008, 0.0000
current_data: 2.3105, 283081, 32.8527, 51685.2957
current_data: 2.3853, 3939481, 9.0221, 12636.9473
current_data: 1.0517, 5065030, 5.0754, 3993.7729
current_data: 0.3843, 19737798, 77.0300, 16608.8450
current_data: 2.5490, 90573, 0.0014, 0.0000
current_data: 2.4624, 265836, 31.9676, 54344.6860
current_data: 2.3787, 4012943, 9.0615, 12586.3220
current_data: 1.0518, 5063610, 5.1792, 3962.5227
current_data: 0.3845, 19790586, 76.9895, 16656.9703
current_data: 2.5487, 88823, 0.0014, 0.0000
current_data: 2.4617, 263928, 31.9650, 54519.6870
current_data: 2.3815, 3942650, 9.0082, 12449.4462
current_data: 1.0508, 5039348, 5.1716, 3808.7718
current_data: 0.3887, 18680853, 75.0247, 16741.9708
current_data: 2.5497, 83597, 0.0010, 0.0000
current_data: 2.4614, 246843, 31.9679, 54385.3112
current_data: 2.3875, 4009771, 8.9811, 12563.1969
current_data: 1.0525, 5096456, 5.1303, 3942.5226
current_data: 0.3846, 19786634, 76.9992, 16706.3456
current_data: 2.5501, 81655, 0.0008, 0.0000
current_data: 2.4630, 246596, 31.9669, 54445.3115
current_data: 2.3840, 3874632, 9.0844, 12430.0711
current_data: 1.0516, 5044660, 5.1175, 3896.8973
current_data: 0.3843, 19765300, 77.0151, 16604.4700
current_data: 2.5488, 86650, 0.0011, 0.0000
current_data: 2.4641, 251757, 31.9703, 54495.9368
current_data: 2.3835, 3944475, 9.0331, 12490.6965
current_data: 1.0445, 4991329, 5.2683, 3971.2727
current_data: 0.3841, 19806692, 77.0095, 16691.3455
current_data: 2.5491, 93317, 0.0015, 0.0000
current_data: 2.4617, 263958, 31.9640, 54515.9369
current_data: 2.3834, 3948114, 9.0694, 12483.1964
current_data: 1.0466, 5022585, 5.2147, 3947.5226
current_data: 0.3842, 19766821, 77.0471, 16686.3455
current_data: 2.5484, 87868, 0.0014, 0.0000
current_data: 2.4647, 257372, 31.9632, 54510.9369
current_data: 2.3807, 4064058, 9.0461, 12588.8220
current_data: 1.0578, 5142104, 5.1646, 3928.1475
current_data: 0.3844, 19765266, 77.0429, 16713.8456
current_data: 2.5500, 84805, 0.0009, 0.0000
current_data: 2.0988, 248441, 34.2807, 47657.1477
current_data: 2.4115, 3826706, 8.9409, 12467.5713
current_data: 1.0619, 5160640, 5.1486, 3993.1478
current_data: 0.3852, 19778488, 77.0137, 16595.7200
current_data: 2.5500, 84635, 0.0009, 0.0000
current_data: 2.1773, 234911, 34.2675, 46404.0155
current_data: 2.4543, 4205772, 8.1745, 11235.0643
current_data: 1.0634, 5167730, 5.1796, 3923.7725
current_data: 0.3852, 19792440, 77.0294, 16624.4701
current_data: 2.5510, 79821, 0.0007, 0.0000
current_data: 2.1760, 227695, 34.2699, 46500.8911
current_data: 2.4033, 4053517, 8.9814, 12558.1969
current_data: 1.0601, 5130087, 5.0304, 3852.5220
current_data: 0.3847, 19779205, 77.0404, 16611.9701
current_data: 2.5498, 80150, 0.0008, 0.0000
current_data: 2.2287, 3454448, 29.3606, 45314.6343
current_data: 2.3991, 3928668, 9.0465, 12457.5713
current_data: 1.0311, 4995062, 5.0481, 3663.7710
current_data: 0.3830, 19698965, 77.0246, 16531.9696
current_data: 2.5498, 82333, 0.0009, 0.0000
current_data: 1.7175, 390152, 35.6692, 58794.7114
current_data: 2.3564, 3844544, 9.0990, 12340.0706
current_data: 1.0519, 5061033, 5.1252, 3968.1477
current_data: 0.3842, 19713989, 77.0272, 16550.0947
current_data: 2.5492, 82348, 0.0011, 0.0000
current_data: 2.7569, 290473, 25.4121, 50615.9146
current_data: 2.3846, 4061314, 9.0385, 12643.8223
current_data: 1.0429, 5010617, 5.0243, 3759.3965
current_data: 0.3836, 19696408, 77.0091, 16713.2206
current_data: 2.5487, 92392, 0.0014, 0.0000
current_data: 2.4578, 278798, 25.6741, 53187.1793
current_data: 2.3689, 3968630, 9.0632, 12435.6962
current_data: 1.0251, 4973391, 5.1311, 3908.7724
current_data: 0.3826, 19688906, 77.0254, 16574.4698
current_data: 2.5493, 86731, 0.0012, 0.0000
current_data: 2.2205, 240010, 26.4863, 61035.3492
current_data: 2.3408, 3884275, 9.0618, 12303.1954
current_data: 1.0240, 4949298, 5.0686, 3683.7711
current_data: 0.3826, 19684811, 77.0457, 16601.3450
current_data: 2.5496, 81883, 0.0009, 0.0000
current_data: 2.2212, 230709, 26.4875, 61082.2245
current_data: 2.3356, 4038877, 9.1379, 12452.5713
current_data: 1.0429, 5023857, 5.1131, 3866.8971
current_data: 0.3869, 18570360, 74.9552, 16693.2205
current_data: 2.5500, 81665, 0.0008, 0.0000
current_data: 2.3644, 244929, 30.2735, 56212.1966
current_data: 2.3712, 4042065, 9.0523, 12461.3213
current_data: 1.0534, 5096588, 5.1677, 3874.3972
current_data: 0.3846, 19787002, 76.9988, 16690.0955
current_data: 2.5504, 81281, 0.0008, 0.0000
current_data: 2.4665, 242736, 31.9707, 54582.1873
current_data: 2.3875, 3989067, 9.0421, 12491.3215
current_data: 1.0553, 5087259, 5.0981, 3886.8972
current_data: 0.3845, 19768546, 77.0074, 16677.5954
current_data: 2.5507, 80112, 0.0008, 0.0000
current_data: 2.4648, 239044, 31.9674, 54594.6874
current_data: 2.3838, 4019121, 9.0821, 12571.9469
current_data: 1.0547, 5080810, 5.0787, 3958.1476
current_data: 0.3844, 19731655, 77.0212, 16610.0950
current_data: 2.5506, 82489, 0.0008, 0.0000
current_data: 2.4643, 238213, 31.9687, 54584.6873
current_data: 2.4498, 3964225, 8.1406, 12262.5702
current_data: 1.0556, 5110814, 5.1492, 3896.2723
current_data: 0.3843, 19738920, 77.0404, 16711.3456
current_data: 2.5489, 82688, 0.0009, 0.0000
current_data: 2.4678, 241527, 31.9689, 54570.3123
current_data: 2.4326, 4264247, 8.5622, 11375.0651
current_data: 1.0569, 5106392, 5.0518, 3846.2720
current_data: 0.3842, 19736099, 77.0773, 16731.3457
current_data: 2.5501, 80503, 0.0008, 0.0000
current_data: 2.4682, 234211, 31.9710, 54713.4381
current_data: 2.3859, 4016312, 9.0894, 12617.5722
current_data: 1.0529, 5056247, 5.1530, 3881.2722
current_data: 0.3845, 19631655, 77.0139, 16489.4694
current_data: 2.5509, 81471, 0.0008, 0.0000
current_data: 2.4674, 239784, 31.9671, 54337.1859
current_data: 2.3875, 4100386, 9.0319, 12593.1971
current_data: 1.0513, 5075408, 5.2425, 4092.5234
current_data: 0.3843, 19701274, 77.0321, 16518.2195
current_data: 2.5498, 83358, 0.0009, 0.0000
current_data: 2.4682, 237607, 31.9699, 54488.4368
current_data: 2.3911, 3954663, 9.0875, 12476.9464
current_data: 1.0545, 5051340, 5.1283, 3833.1469
current_data: 0.3844, 19775573, 77.0167, 16616.9701
current_data: 2.5498, 85187, 0.0012, 0.0000
current_data: 2.2902, 245849, 30.4924, 49694.0344
current_data: 2.3940, 4078534, 8.9875, 12561.9469
current_data: 1.0530, 4604666, 5.2776, 3575.0205
current_data: 0.3844, 19763650, 77.0139, 16545.7197
current_data: 2.5490, 89415, 0.0013, 0.0000
current_data: 2.5484, 265547, 24.9746, 45968.3880
current_data: 2.3986, 3976172, 9.0586, 12518.8216
current_data: 1.0614, 5130704, 5.0499, 3917.5224
current_data: 0.3844, 19787783, 77.0039, 16631.9702
current_data: 2.5478, 90386, 0.0014, 0.0000
current_data: 2.5383, 265114, 24.9753, 45737.1367
current_data: 2.3971, 4076394, 9.1316, 12608.1971
current_data: 1.0612, 5145438, 5.0718, 3953.7726
current_data: 0.3844, 19745248, 77.0122, 16728.2207
current_data: 2.5505, 86855, 0.0012, 0.0000
current_data: 2.5560, 256040, 24.9749, 45959.0130
current_data: 2.3949, 4073033, 9.0208, 12541.3218
current_data: 1.0563, 5078017, 5.1497, 3893.1473
current_data: 0.3844, 19761786, 77.0168, 16651.9703
current_data: 2.5503, 83550, 0.0009, 0.0000
current_data: 2.5572, 251729, 24.9744, 46072.1386
current_data: 2.3964, 3958026, 9.1192, 12525.6967
current_data: 1.0569, 5096292, 5.0614, 3838.1470
current_data: 0.3842, 19727150, 77.0728, 16621.9701
current_data: 2.5501, 84661, 0.0010, 0.0000
current_data: 2.4890, 249385, 24.9788, 44799.0063
current_data: 2.3969, 4129498, 9.0276, 12632.5723
current_data: 1.0564, 5102129, 5.1026, 3921.8974
current_data: 0.3884, 18698454, 75.0425, 16826.3463
current_data: 2.5487, 86651, 0.0012, 0.0000
current_data: 2.5417, 255479, 24.9755, 45747.7618
current_data: 2.4922, 4224043, 7.9141, 11378.1901
current_data: 1.0567, 5058740, 5.1100, 3913.1474
current_data: 0.3845, 19782322, 77.0157, 16689.4705
current_data: 2.5492, 82398, 0.0011, 0.0000
current_data: 2.5554, 251431, 24.9761, 46092.7637
current_data: 2.4091, 4165593, 9.0603, 12414.4460
current_data: 1.0604, 5099250, 5.0556, 3899.3973
current_data: 0.3845, 19752335, 77.0362, 16628.2201
current_data: 2.5502, 80954, 0.0008, 0.0000
current_data: 2.3466, 242302, 25.7044, 43438.9986
current_data: 2.3967, 4174005, 9.0981, 12627.5723
current_data: 1.0566, 5090560, 5.0170, 3793.1467
current_data: 0.3844, 19723696, 77.0112, 16606.3450
current_data: 2.5499, 78895, 0.0008, 0.0000
current_data: 2.4648, 260795, 31.9670, 54516.5619
current_data: 2.3882, 3966974, 9.0415, 12465.6963
current_data: 1.0530, 5081386, 5.1279, 3920.0224
current_data: 0.3843, 19724238, 77.0362, 16601.9700
current_data: 2.5493, 82789, 0.0011, 0.0000
current_data: 2.4629, 267237, 31.9645, 54292.1857
current_data: 2.3935, 4092481, 9.0046, 12620.0722
current_data: 1.0523, 5098927, 5.0549, 3917.5224
current_data: 0.3841, 19697130, 77.0797, 16693.2205
current_data: 2.5504, 82075, 0.0009, 0.0000
current_data: 2.4628, 247241, 31.9672, 54469.6867
current_data: 2.3906, 3967716, 9.1005, 12473.8214
current_data: 1.0531, 5066828, 5.0746, 3772.5216
current_data: 0.3844, 19706751, 77.0073, 16523.2195
current_data: 2.5496, 84502, 0.0011, 0.0000
current_data: 2.4632, 251259, 31.9658, 54410.3113
current_data: 2.3911, 4008327, 9.0591, 12525.6967
current_data: 1.0514, 5078091, 5.1814, 3798.7717
current_data: 0.3843, 19682311, 77.0249, 16524.4696
current_data: 2.5494, 88670, 0.0012, 0.0000
current_data: 2.4627, 254300, 31.9669, 54384.0612
current_data: 2.3851, 3990304, 9.0654, 12491.3215
current_data: 1.0542, 5116730, 5.0300, 3746.2714
current_data: 0.3844, 19740942, 77.0018, 16624.4701
current_data: 2.5490, 86555, 0.0011, 0.0000
current_data: 2.4650, 257362, 31.9667, 54497.8118
current_data: 2.3766, 4030168, 9.0829, 12495.0715
current_data: 1.0537, 5100179, 5.1078, 3909.3974
current_data: 0.3843, 19749455, 77.0042, 16593.8450
current_data: 2.5485, 90382, 0.0015, 0.0000
current_data: 2.4635, 262224, 31.9645, 54484.0618
current_data: 2.3600, 4207277, 9.0779, 12463.1963
current_data: 1.0564, 5085988, 5.0467, 3969.3977
current_data: 0.3844, 19701122, 77.0297, 16538.8446
current_data: 2.5501, 82946, 0.0011, 0.0000
current_data: 2.4652, 248435, 31.9682, 54477.1867
current_data: 2.3688, 4010705, 9.0403, 12299.4454
current_data: 1.0615, 5117551, 5.1379, 4000.0229
current_data: 0.3850, 19664123, 77.0034, 16640.7202
current_data: 2.5502, 79191, 0.0008, 0.0000
current_data: 2.0680, 255789, 34.7739, 46645.8919
current_data: 2.3776, 4124485, 9.1022, 12448.1962
current_data: 1.0644, 5126921, 5.1044, 3891.2723
current_data: 0.3852, 19811612, 77.0002, 16691.3455
current_data: 2.5510, 80942, 0.0008, 0.0000
current_data: 2.1759, 234122, 34.2671, 46471.5159
current_data: 2.4593, 4231549, 7.8996, 11831.3177
current_data: 1.0638, 5134786, 5.1417, 3946.2726
current_data: 0.3851, 19763558, 77.0402, 16609.4700
current_data: 2.5497, 79216, 0.0008, 0.0000
current_data: 2.1789, 231371, 34.2674, 46442.7657
current_data: 2.4457, 4422553, 8.2575, 11228.1892
current_data: 1.0472, 4960016, 5.2873, 4032.5231
current_data: 0.3885, 18766209, 75.0689, 16805.7212
current_data: 2.5495, 89724, 0.0015, 0.0000
current_data: 2.1552, 5739608, 28.2903, 45948.3879
current_data: 2.3628, 4246657, 9.0288, 12468.8213
current_data: 1.0355, 5019098, 5.0594, 3736.8964
current_data: 0.3833, 19709648, 77.0047, 16540.0946
current_data: 2.5501, 85686, 0.0009, 0.0000
current_data: 2.2245, 434603, 29.0194, 56965.9510
current_data: 2.3432, 4007597, 9.1267, 12224.4449
current_data: 1.0546, 5088409, 5.0694, 3849.3970
current_data: 0.3842, 19746608, 77.0176, 16628.8452
current_data: 2.5498, 85415, 0.0011, 0.0000
current_data: 2.7445, 295014, 25.3003, 50174.0371
current_data: 2.3738, 4237549, 9.0445, 12438.1962
current_data: 1.0395, 5032992, 5.1116, 3857.5221
current_data: 0.3834, 19729249, 77.0325, 16594.4700
current_data: 2.5507, 81155, 0.0007, 0.0000
current_data: 2.3627, 254664, 25.9845, 55467.1924
current_data: 2.3455, 4057048, 9.0446, 12233.1950
current_data: 1.0259, 4964692, 5.1753, 3793.1467
current_data: 0.3827, 19661790, 77.0172, 16603.2200
current_data: 2.5504, 81653, 0.0008, 0.0000
current_data: 2.2227, 225559, 26.4859, 60973.4739
current_data: 2.3182, 4102349, 9.1030, 12223.8199
current_data: 1.0256, 4946563, 5.0674, 3803.1468
current_data: 0.3826, 19648977, 77.0706, 16734.4708
current_data: 2.5496, 83032, 0.0009, 0.0000
current_data: 2.2219, 231296, 26.4860, 60945.3487
current_data: 2.3285, 4004190, 9.0735, 12255.6951
current_data: 1.0494, 5058950, 5.1166, 3845.0220
current_data: 0.3842, 19783085, 77.0125, 16593.8450
current_data: 2.5493, 81641, 0.0008, 0.0000
current_data: 2.4124, 240697, 31.2029, 55321.5666
current_data: 2.3623, 4026040, 9.0383, 12246.3201
current_data: 1.0497, 5091965, 5.2080, 3862.5221
current_data: 0.3843, 19714559, 77.0437, 16580.0949
current_data: 2.5495, 84396, 0.0010, 0.0000
current_data: 2.4668, 245156, 31.9696, 54507.8119
current_data: 2.3632, 4108985, 9.1161, 12401.9460
current_data: 1.0498, 5081279, 5.1165, 3945.0226
current_data: 0.3842, 19749527, 77.0274, 16637.5952
current_data: 2.5487, 92399, 0.0014, 0.0000
current_data: 2.4642, 251862, 31.9682, 54495.9368
current_data: 2.3646, 4167577, 9.0155, 12339.4456
current_data: 1.0553, 5119000, 5.1421, 3931.8975
current_data: 0.3844, 19787273, 77.0185, 16541.9697
current_data: 2.5497, 84911, 0.0011, 0.0000
current_data: 2.4665, 239023, 31.9678, 54638.4376
current_data: 2.3654, 4056355, 9.1139, 12333.1956
current_data: 1.0532, 5084115, 5.0159, 3787.5217
current_data: 0.3843, 19772503, 77.0407, 16642.5952
current_data: 2.5506, 82103, 0.0008, 0.0000
current_data: 2.4682, 236796, 31.9681, 54552.1872
current_data: 2.3730, 4147966, 9.1077, 12505.6966
current_data: 1.0545, 5096359, 5.1427, 3825.6469
current_data: 0.3844, 19750987, 77.0469, 16766.3459
current_data: 2.5509, 84000, 0.0008, 0.0000
current_data: 2.4701, 239972, 31.9692, 54693.4380
current_data: 2.3728, 4176156, 9.0811, 12481.9464
current_data: 1.0528, 5096460, 5.1363, 3881.8972
current_data: 0.3844, 19756471, 77.0200, 16648.8453
current_data: 2.5502, 83504, 0.0009, 0.0000
current_data: 2.4685, 233139, 31.9686, 54477.8117
current_data: 2.3675, 4109707, 8.9978, 12355.0707
current_data: 1.0494, 5038021, 5.1557, 3942.5226
current_data: 0.3842, 19698201, 77.0424, 16611.9701
current_data: 2.5485, 88947, 0.0013, 0.0000
current_data: 2.4674, 239218, 31.9668, 54542.8121
current_data: 2.3714, 4167197, 9.0927, 12390.6959
current_data: 1.0497, 5009577, 5.1234, 3902.5223
current_data: 0.3885, 18782246, 75.0633, 16799.4711
current_data: 2.5491, 93356, 0.0015, 0.0000
current_data: 2.3062, 263518, 28.9951, 47934.6493
current_data: 2.4274, 4049303, 8.3822, 12371.3208
current_data: 1.0557, 5093694, 5.0950, 3798.7717
current_data: 0.3844, 19766926, 77.0172, 16598.8450
current_data: 2.5505, 81898, 0.0008, 0.0000
current_data: 2.5513, 240028, 24.9780, 45784.0120
current_data: 2.4622, 4182909, 7.8830, 11055.6883
current_data: 1.0590, 5107270, 5.0423, 3850.6470
current_data: 0.3845, 19752247, 77.0239, 16620.0951
current_data: 2.5498, 82454, 0.0009, 0.0000
current_data: 2.5565, 241876, 24.9779, 45895.2626
current_data: 2.3920, 4203029, 9.0774, 11853.1928
current_data: 1.0557, 5069958, 5.1146, 3795.6467
current_data: 0.3843, 19740789, 77.0614, 16603.8450
current_data: 2.5511, 82500, 0.0009, 0.0000
current_data: 2.5636, 245948, 24.9756, 46027.7634
current_data: 2.3785, 4258796, 9.0544, 12441.3212
current_data: 1.0597, 5107084, 5.1247, 3921.8974
current_data: 0.3845, 19743287, 77.0287, 16654.4703
current_data: 2.5514, 81472, 0.0008, 0.0000
current_data: 2.5615, 238379, 24.9762, 45946.5129
current_data: 2.3754, 4200943, 8.9977, 12394.4459
current_data: 1.0596, 5137987, 5.2003, 3972.5227
current_data: 0.3845, 19748421, 77.0468, 16757.5959
current_data: 2.5500, 80553, 0.0007, 0.0000
current_data: 2.4718, 235618, 24.9773, 44552.7549
current_data: 2.3834, 4165483, 9.0284, 12367.5708
current_data: 1.0580, 5115191, 5.0761, 3907.5224
current_data: 0.3845, 19748970, 77.0095, 16571.3448
current_data: 2.5497, 86398, 0.0013, 0.0000
current_data: 2.5502, 248710, 24.9758, 45869.6375
current_data: 2.3837, 4175802, 9.0373, 12361.9457
current_data: 1.0576, 5100061, 5.1628, 3968.7727
current_data: 0.3843, 19751826, 77.0150, 16568.2198
current_data: 2.5490, 91625, 0.0016, 0.0000
current_data: 2.5595, 260536, 24.9730, 46157.1391
current_data: 2.3832, 4103586, 9.0641, 12363.1957
current_data: 1.0558, 5091088, 5.1617, 3933.7725
current_data: 0.3845, 19783779, 77.0176, 16681.9705
current_data: 2.5495, 88074, 0.0011, 0.0000
current_data: 2.3072, 274710, 27.5040, 45356.5095
current_data: 2.3832, 4134370, 9.0866, 12416.9461
current_data: 1.0527, 5098259, 5.1561, 3950.6476
current_data: 0.3845, 19753727, 77.0105, 16581.3449
current_data: 2.5488, 81986, 0.0009, 0.0000
current_data: 2.4639, 248514, 31.9681, 54532.1870
current_data: 2.3720, 4157308, 9.1169, 12404.4460
current_data: 1.0566, 5107991, 5.0536, 3973.1477
current_data: 0.3843, 19713137, 77.0419, 16595.7200
current_data: 2.5497, 81414, 0.0008, 0.0000
current_data: 2.4635, 243643, 31.9698, 54366.5611
current_data: 2.3706, 4168284, 9.0622, 12483.8214
current_data: 1.0542, 5062585, 5.0916, 3751.2715
current_data: 0.3844, 19643883, 77.0245, 16637.5952
current_data: 2.5506, 81403, 0.0008, 0.0000
current_data: 2.4636, 244147, 31.9666, 54336.5609
current_data: 2.3750, 4149977, 9.1099, 12429.4461
current_data: 1.0524, 5092842, 5.1212, 3828.1469
current_data: 0.3847, 19813501, 76.9616, 16626.9701
current_data: 2.5497, 85550, 0.0010, 0.0000
current_data: 2.4627, 246280, 31.9683, 54592.1874
current_data: 2.3739, 4180265, 9.1119, 12497.5715
current_data: 1.0528, 5070494, 5.1069, 3878.1472
current_data: 0.3843, 19715619, 77.0287, 16613.2201
current_data: 2.5501, 85005, 0.0011, 0.0000
current_data: 2.4640, 247513, 31.9696, 54467.1867
current_data: 2.3741, 4242709, 9.0264, 12475.6964
current_data: 1.0508, 5076649, 5.1724, 3936.8975
current_data: 0.3885, 18691939, 75.0606, 16754.4709
current_data: 2.5504, 80412, 0.0008, 0.0000
current_data: 2.4648, 245329, 31.9687, 54380.9362
current_data: 2.3862, 3995190, 8.9453, 12310.0704
current_data: 1.0514, 5076949, 5.1567, 3883.1472
current_data: 0.3844, 19741802, 77.0168, 16656.3453
current_data: 2.5491, 81965, 0.0008, 0.0000
current_data: 2.4664, 237998, 31.9685, 54545.3121
current_data: 2.4521, 4261078, 7.9331, 11555.0661
current_data: 1.0531, 5088697, 5.1335, 3845.6470
current_data: 0.3845, 19737216, 77.0000, 16621.3451
current_data: 2.5495, 88682, 0.0012, 0.0000
current_data: 2.4682, 248712, 31.9676, 54572.8123
current_data: 2.4602, 4478663, 7.9282, 11273.8145
current_data: 1.0641, 5121731, 5.1803, 3931.8975
current_data: 0.3850, 19746347, 77.0345, 16683.2205
current_data: 2.5499, 81646, 0.0008, 0.0000
current_data: 2.0592, 248141, 35.3421, 46140.2640
current_data: 2.4089, 4167100, 9.0960, 12475.0714
current_data: 1.0669, 5140117, 5.0695, 3805.6468
current_data: 0.3851, 19786224, 77.0509, 16728.2207
current_data: 2.5505, 80824, 0.0008, 0.0000
current_data: 2.1761, 228004, 34.2668, 46459.0158
current_data: 2.3902, 4196078, 9.0433, 12453.8213
current_data: 1.0646, 5152192, 5.0904, 3958.7727
current_data: 0.3849, 19767331, 77.0566, 16754.4709
current_data: 2.5486, 90113, 0.0012, 0.0000
current_data: 2.1374, 241660, 34.2867, 45768.3869
current_data: 2.3894, 4203316, 9.0377, 12478.8214
current_data: 1.0464, 5031528, 5.1350, 3888.1472
current_data: 0.3837, 19714900, 77.0227, 16585.7199
current_data: 2.5477, 94080, 0.0016, 0.6250
current_data: 1.7632, 5650615, 33.0611, 49981.5360
current_data: 2.3607, 4127202, 9.0473, 12260.0702
current_data: 1.0454, 5054605, 5.1741, 3906.8974
current_data: 0.3837, 19666126, 77.0230, 16531.3446
current_data: 2.5495, 85226, 0.0011, 0.0000
current_data: 2.6548, 384131, 25.6502, 54875.9390
current_data: 2.3656, 4247688, 9.0346, 12450.0712
current_data: 1.0591, 5123696, 5.0508, 3898.7723
current_data: 0.3843, 19761842, 77.0147, 16618.2201
current_data: 2.5511, 79987, 0.0008, 0.0000
current_data: 2.7277, 305529, 25.1687, 49691.5343
current_data: 2.3801, 4111170, 9.0222, 12330.0706
current_data: 1.0319, 4970009, 5.0329, 3713.1462
current_data: 0.3831, 19695844, 77.0298, 16536.9696
current_data: 2.5500, 80779, 0.0008, 0.0000
current_data: 2.2578, 264853, 26.3657, 57929.7065
current_data: 2.3378, 4081404, 9.1232, 12228.1950
current_data: 1.0249, 4978199, 5.1444, 3760.6465
current_data: 0.3827, 19681542, 77.0458, 16558.2197
current_data: 2.5505, 81882, 0.0008, 0.0000
current_data: 2.2225, 228814, 26.4875, 61012.2241
current_data: 2.3345, 4099647, 9.1377, 12250.0701
current_data: 1.0236, 4939913, 5.1209, 3848.1470
current_data: 0.3826, 19671167, 77.0328, 16664.4704
current_data: 2.5487, 82028, 0.0008, 0.0000
current_data: 2.2211, 235144, 26.4832, 61032.8492
current_data: 2.3273, 4148744, 9.1502, 12258.1951
current_data: 1.0542, 5104535, 5.0971, 3813.1468
current_data: 0.3844, 19792468, 77.0084, 16650.7203
current_data: 2.5504, 81905, 0.0009, 0.0000
current_data: 2.4689, 230707, 31.9703, 54757.8133
current_data: 2.3741, 4283796, 9.1525, 12505.6966
current_data: 1.0561, 5078891, 5.0444, 3743.1464
current_data: 0.3843, 19735887, 77.0415, 16632.5952
current_data: 2.5502, 80766, 0.0008, 0.0000
current_data: 2.4674, 231941, 31.9701, 54563.4372
current_data: 2.3733, 4312532, 9.0504, 12466.9463
current_data: 1.0530, 5102079, 5.0847, 3866.2721
current_data: 0.3883, 18709355, 75.0455, 16736.9708
current_data: 2.5505, 85984, 0.0012, 0.0000
current_data: 2.4660, 230557, 31.9697, 54580.3123
current_data: 2.3797, 4256417, 9.0075, 12465.0713
current_data: 1.0529, 5092292, 5.1227, 3939.3975
current_data: 0.3845, 19784498, 76.9953, 16713.2206
current_data: 2.5499, 81612, 0.0008, 0.0000
current_data: 2.4679, 228209, 31.9686, 54487.1868
current_data: 2.3785, 4194122, 9.0825, 12343.8206
current_data: 1.0536, 5108954, 5.1093, 3932.5225
current_data: 0.3841, 19745445, 77.0217, 16666.9704
current_data: 2.5501, 83088, 0.0010, 0.0000
current_data: 2.4683, 230785, 31.9701, 54484.6868
current_data: 2.3702, 4291429, 9.1589, 12454.4463
current_data: 1.0532, 5080690, 5.2241, 3924.3975
current_data: 0.3844, 19624415, 77.0149, 16517.5945
current_data: 2.5497, 83598, 0.0010, 0.0000
current_data: 2.4697, 230224, 31.9683, 54251.5604
current_data: 2.4263, 4267208, 8.2351, 12141.3195
current_data: 1.0497, 5066138, 5.1696, 3993.1478
current_data: 0.3842, 19765835, 77.0196, 16686.9705
current_data: 2.5485, 94014, 0.0015, 0.0000
current_data: 2.4691, 243704, 31.9665, 54605.9375
current_data: 2.4712, 4553405, 7.9548, 11241.9393
current_data: 1.0520, 5073322, 5.1687, 3996.8979
current_data: 0.3841, 19720046, 77.0432, 16623.8451
current_data: 2.5491, 87699, 0.0014, 0.0000
current_data: 2.4722, 238540, 31.9680, 54753.4383
current_data: 2.4217, 4580628, 8.6588, 11316.9398
current_data: 1.0575, 5099478, 5.1002, 3823.7719
current_data: 0.3843, 19757134, 77.0321, 16612.5951
current_data: 2.5495, 80607, 0.0008, 0.0000
current_data: 2.3255, 241293, 27.4442, 46401.5155
current_data: 2.3864, 4411735, 9.0953, 12500.6965
current_data: 1.0573, 5072918, 5.1275, 3869.3971
current_data: 0.3842, 19731264, 77.0695, 16636.3452
current_data: 2.5492, 83120, 0.0010, 0.0000
current_data: 2.5595, 241282, 24.9780, 46103.3888
current_data: 2.3868, 4429013, 9.1097, 12470.0714
current_data: 1.0597, 5050550, 5.1221, 3801.8968
current_data: 0.3845, 19663503, 77.0288, 16581.9699
current_data: 2.5507, 84065, 0.0009, 0.0000
current_data: 2.5586, 238892, 24.9761, 45960.8880
current_data: 2.3914, 4461931, 9.0901, 12505.6966
current_data: 1.0560, 5103044, 5.1574, 3851.2720
current_data: 0.3846, 19655449, 77.0213, 16443.2191
current_data: 2.5500, 80362, 0.0008, 0.0000
current_data: 2.5599, 234444, 24.9750, 45839.6373
current_data: 2.3884, 4447803, 9.0012, 12460.6963
current_data: 1.0592, 5126530, 5.1173, 3860.0221
current_data: 0.3844, 19733670, 77.0365, 16658.2203
current_data: 2.5503, 81007, 0.0008, 0.0000
current_data: 2.5564, 231874, 24.9763, 46009.6383
current_data: 2.3830, 4341116, 9.0775, 12325.0705
current_data: 1.0580, 5108682, 5.1570, 4003.7729
current_data: 0.3845, 19749090, 77.0223, 16643.8452
current_data: 2.5509, 81245, 0.0009, 0.0000
current_data: 2.5057, 229434, 24.9794, 45162.1334
current_data: 2.3862, 4484466, 9.0963, 12525.0717
current_data: 1.0586, 5116894, 5.0935, 3883.1472
current_data: 0.3845, 19750468, 77.0325, 16645.7202
current_data: 2.5490, 81076, 0.0008, 0.0000
current_data: 2.5414, 237509, 24.9765, 45778.3869
current_data: 2.3883, 4469915, 9.0963, 12509.4466
current_data: 1.0586, 5075250, 5.1091, 3801.2718
current_data: 0.3846, 19785463, 76.9995, 16633.2202
current_data: 2.5500, 81336, 0.0008, 0.0000
current_data: 2.5629, 237140, 24.9765, 46175.2642
current_data: 2.3856, 4486205, 9.1203, 12511.3216
current_data: 1.0576, 5088935, 5.1328, 3906.8974
current_data: 0.3879, 18589034, 74.9995, 16621.3451
current_data: 2.5506, 81649, 0.0008, 0.0000
current_data: 2.2749, 259472, 28.9492, 46127.1389
current_data: 2.3789, 4503948, 9.1557, 12516.3216
current_data: 1.0528, 5026439, 5.1185, 3838.7720
current_data: 0.3845, 19662819, 77.0149, 16511.3445
current_data: 2.5512, 81342, 0.0008, 0.0000
current_data: 2.4656, 245039, 31.9704, 54452.1866
current_data: 2.3848, 4388333, 9.0628, 12398.8209
current_data: 1.0511, 5081969, 5.1272, 3848.7720
current_data: 0.3844, 19757295, 77.0355, 16651.3453
current_data: 2.5498, 79638, 0.0008, 0.0000
current_data: 2.4641, 234058, 31.9695, 54520.9370
current_data: 2.3845, 4402954, 9.1048, 12395.6959
current_data: 1.0526, 5108394, 5.1414, 3906.8974
current_data: 0.3842, 19725378, 77.0256, 16666.3454
current_data: 2.5491, 91480, 0.0015, 0.0000
current_data: 2.4610, 255722, 31.9674, 54389.0612
current_data: 2.3729, 4546185, 9.1714, 12507.5716
current_data: 1.0531, 5093615, 5.0054, 3704.3962
current_data: 0.3842, 19751004, 77.0379, 16680.7204
current_data: 2.5492, 88753, 0.0013, 0.0000
current_data: 2.4619, 250576, 31.9681, 54495.9368
current_data: 2.4525, 4618518, 7.9601, 12075.0691
current_data: 1.0534, 5084409, 5.1045, 3886.2722
current_data: 0.3843, 19755509, 77.0290, 16746.3458
current_data: 2.5495, 80510, 0.0008, 0.0000
current_data: 2.4675, 238753, 31.9702, 54623.4376
current_data: 2.4757, 4617455, 7.9273, 11208.8141
current_data: 1.0497, 4897336, 5.1812, 3850.6470
current_data: 0.3843, 19733608, 77.0070, 16605.7200
current_data: 2.5491, 89285, 0.0013, 0.0000
current_data: 2.4669, 249456, 31.9676, 54587.8124
current_data: 2.3909, 4536077, 9.1277, 12136.9444
current_data: 1.0521, 5095358, 5.2114, 4030.6481
current_data: 0.3843, 19771204, 77.0342, 16640.0952
current_data: 2.5499, 83210, 0.0011, 0.0000
current_data: 2.4658, 247586, 31.9664, 54676.5629
current_data: 2.3804, 4573857, 9.1110, 12548.8218
current_data: 1.0551, 5091990, 5.1128, 3855.0221
current_data: 0.3845, 19777925, 77.0127, 16640.0952
current_data: 2.5509, 81189, 0.0009, 0.0000
current_data: 2.2475, 247183, 32.9560, 52034.6727
current_data: 2.3811, 4574715, 9.0318, 12510.6966
current_data: 1.0628, 5118941, 5.1780, 3959.3977
current_data: 0.3851, 19771325, 77.0360, 16607.5950
current_data: 2.5497, 81032, 0.0008, 0.0000
current_data: 2.1762, 225644, 34.2700, 46437.7657
current_data: 2.3966, 4532566, 9.0582, 12414.4460
current_data: 1.0611, 5144600, 5.1759, 3946.2726
current_data: 0.3852, 19797701, 77.0173, 16655.0953
current_data: 2.5498, 84760, 0.0009, 0.0000
current_data: 2.1768, 226819, 34.2684, 46505.8911
current_data: 2.3968, 4597422, 9.0881, 12565.0719
current_data: 1.0610, 5135783, 5.1317, 4006.8979
current_data: 0.3850, 19784017, 77.0223, 16605.0950
current_data: 2.5494, 89900, 0.0013, 0.0000
current_data: 2.1168, 252412, 34.3906, 45539.0106
current_data: 2.3914, 4507724, 9.0217, 12497.5715
current_data: 1.0384, 5016238, 5.1407, 3819.3969
current_data: 0.3835, 19652069, 77.0209, 16478.8443
current_data: 2.5497, 79180, 0.0008, 0.0000
current_data: 1.6977, 5758665, 32.4876, 52747.8018
current_data: 2.3450, 4463785, 9.1334, 12288.8203
current_data: 1.0473, 5086792, 5.1844, 3938.7725
current_data: 0.3839, 19738638, 77.0377, 16600.0950
current_data: 2.5499, 80638, 0.0008, 0.0000
current_data: 2.7627, 321016, 25.5208, 53248.4297
current_data: 2.3790, 4417267, 9.1038, 12375.6958
current_data: 1.0550, 5128216, 5.1694, 4000.0229
current_data: 0.3886, 18720006, 75.0935, 16785.0960
current_data: 2.5490, 82800, 0.0010, 0.0000
current_data: 2.7069, 289607, 25.0551, 48993.4053
current_data: 2.3822, 4494576, 9.1468, 12525.0717
current_data: 1.0265, 4956275, 5.0094, 3635.0208
current_data: 0.3827, 19684785, 77.0165, 16593.2199
current_data: 2.5504, 87837, 0.0012, 0.0000
current_data: 2.2073, 235982, 26.6073, 60854.0982
current_data: 2.3386, 4428950, 9.1649, 12345.0706
current_data: 1.0249, 4962618, 5.0758, 3786.2717
current_data: 0.3827, 19679165, 77.0040, 16590.7199
current_data: 2.5486, 91814, 0.0014, 0.0000
current_data: 2.2203, 236513, 26.4867, 60909.0985
current_data: 2.3350, 4435682, 9.1615, 12342.5706
current_data: 1.0251, 4916144, 5.0780, 3806.2718
current_data: 0.3828, 19653982, 77.0254, 16581.9699
current_data: 2.5494, 87272, 0.0012, 0.0000
current_data: 2.2346, 243321, 27.3067, 59532.8406
current_data: 2.3409, 4544474, 9.0973, 12351.3207
current_data: 1.0528, 5063925, 5.1542, 3781.2716
current_data: 0.3843, 19674759, 77.0123, 16555.0947
current_data: 2.5483, 90770, 0.0013, 0.0000
current_data: 2.4669, 244942, 31.9678, 54424.6864
current_data: 2.3862, 4446555, 9.0693, 12397.5709
current_data: 1.0541, 5080247, 5.0131, 3858.7721
current_data: 0.3842, 19751231, 77.0468, 16681.3455
current_data: 2.5492, 83105, 0.0009, 0.0000
current_data: 2.4666, 236693, 31.9686, 54572.8123
current_data: 2.3828, 4424857, 9.1285, 12439.4462
current_data: 1.0532, 5090563, 5.1614, 3860.6471
current_data: 0.3844, 19769217, 77.0141, 16740.7208
current_data: 2.5492, 84768, 0.0011, 0.0000
current_data: 2.4666, 232139, 31.9695, 54586.5623
current_data: 2.4202, 4496499, 8.5944, 12558.1969
current_data: 1.0527, 5081043, 5.0733, 3854.3971
current_data: 0.3842, 19748313, 77.0704, 16632.5952
current_data: 2.5496, 82965, 0.0010, 0.0000
current_data: 2.4683, 220255, 31.9702, 54660.3128
current_data: 2.4632, 4734778, 7.8883, 11290.6896
current_data: 1.0530, 5107720, 5.1847, 3968.1477
current_data: 0.3846, 19780907, 77.0030, 16676.9704
current_data: 2.5504, 81939, 0.0008, 0.0000
current_data: 2.4716, 226743, 31.9721, 54607.1875
current_data: 2.4324, 4759094, 8.5823, 11186.3140
current_data: 1.0545, 5087895, 5.0354, 3983.7728
current_data: 0.3844, 19752716, 77.0250, 16614.4701
current_data: 2.5509, 81525, 0.0008, 0.0000
current_data: 2.4714, 224068, 31.9718, 54634.0626
current_data: 2.3959, 4557091, 9.1014, 12596.3221
current_data: 1.0546, 5097189, 5.0580, 3807.5218
current_data: 0.3844, 19762062, 77.0340, 16638.2202
current_data: 2.5507, 82727, 0.0009, 0.0000
current_data: 2.4691, 223766, 31.9705, 54510.3119
current_data: 2.3809, 4508100, 9.0150, 12407.5710
current_data: 1.0498, 5063068, 5.2163, 3908.1474
current_data: 0.3841, 19756837, 77.0462, 16642.5952
current_data: 2.5507, 82613, 0.0009, 0.0000
current_data: 2.4673, 226331, 31.9685, 54585.3123
current_data: 2.3769, 4464567, 9.1446, 12457.5713
current_data: 1.0524, 4965113, 5.1680, 3968.7727
current_data: 0.3842, 19759641, 77.0165, 16665.0954
current_data: 2.5498, 89249, 0.0012, 0.0000
current_data: 2.3505, 272525, 26.0964, 44520.2547
current_data: 2.3858, 4529738, 9.1460, 12598.8221
current_data: 1.0562, 5092527, 5.0994, 3926.2725
current_data: 0.3844, 19763061, 77.0271, 16635.7202
current_data: 2.5506, 80543, 0.0009, 0.0000
current_data: 2.5423, 248925, 24.9759, 45658.3863
current_data: 2.3927, 4544010, 9.1063, 12536.9467
current_data: 1.0570, 5107904, 5.1371, 3911.2724
current_data: 0.3885, 18717419, 75.0579, 16756.9709
current_data: 2.5496, 85568, 0.0011, 0.0000
current_data: 2.5593, 253916, 24.9761, 45976.5131
current_data: 2.3927, 4576274, 9.0864, 12557.5719
current_data: 1.0557, 5094951, 5.1161, 3997.5229
current_data: 0.3844, 19754194, 77.0018, 16612.5951
current_data: 2.5485, 89285, 0.0014, 0.0000
current_data: 2.5547, 257561, 24.9717, 45892.1376
current_data: 2.3923, 4677889, 9.0589, 12619.4472
current_data: 1.0588, 5137778, 5.1778, 3936.2725
current_data: 0.3845, 19778236, 77.0148, 16649.4703
current_data: 2.5499, 84923, 0.0011, 0.0000
current_data: 2.5180, 250331, 24.9742, 45414.0099
current_data: 2.3917, 4619955, 9.0829, 12588.8220
current_data: 1.0575, 5102950, 5.1597, 3864.3971
current_data: 0.3845, 19723902, 77.0248, 16698.2205
current_data: 2.5504, 79802, 0.0008, 0.0000
current_data: 2.5020, 239550, 24.9785, 45008.3825
current_data: 2.3948, 4584090, 9.0427, 12602.5721
current_data: 1.0575, 5123687, 5.1046, 3990.0228
current_data: 0.3844, 19719495, 77.0403, 16614.4701
current_data: 2.5497, 81965, 0.0009, 0.0000
current_data: 2.5566, 243288, 24.9782, 46004.0132
current_data: 2.3918, 4513808, 9.0348, 12597.5721
current_data: 1.0564, 5086245, 5.0730, 3741.8964
current_data: 0.3843, 19686123, 77.0500, 16678.8454
current_data: 2.5493, 82740, 0.0009, 0.0000
current_data: 2.5563, 247976, 24.9736, 45937.1379
current_data: 2.3887, 4411915, 9.0635, 12419.4461
current_data: 1.0558, 5104768, 5.1109, 3879.3972
current_data: 0.3845, 19734310, 77.0303, 16670.7204
current_data: 2.5504, 80893, 0.0008, 0.0000
current_data: 2.2558, 279263, 30.4369, 48167.7756
current_data: 2.3880, 4475697, 9.1562, 12463.1963
current_data: 1.0567, 5086062, 5.0142, 3771.2716
current_data: 0.3843, 19742065, 77.0396, 16583.8449
current_data: 2.5502, 80786, 0.0008, 0.0000
current_data: 2.4633, 262604, 31.9682, 54552.1872
current_data: 2.4659, 4687687, 7.9584, 11906.9431
current_data: 1.0552, 5100477, 5.0367, 3761.8965
current_data: 0.3844, 19752392, 77.0307, 16610.0950
current_data: 2.5504, 81508, 0.0008, 0.0000
current_data: 2.4655, 246358, 31.9680, 54585.9373
current_data: 2.4763, 4671829, 7.9347, 11355.0650
current_data: 1.0520, 5085550, 5.1349, 3996.2729
current_data: 0.3843, 19757651, 77.0426, 16630.0952
current_data: 2.5500, 80582, 0.0009, 0.0000
current_data: 2.4648, 249928, 31.9671, 54474.0617
current_data: 2.4008, 4643357, 9.1315, 12250.6951
current_data: 1.0543, 5101379, 5.1133, 3870.6471
current_data: 0.3844, 19745569, 77.0387, 16552.5947
current_data: 2.5507, 80950, 0.0008, 0.0000
current_data: 2.4629, 242709, 31.9698, 54507.1869
current_data: 2.3861, 4522770, 9.1200, 12584.4470
current_data: 1.0542, 5094883, 5.1320, 3917.5224
current_data: 0.3843, 19724299, 77.0388, 16594.4700
current_data: 2.5498, 80842, 0.0009, 0.0000
current_data: 2.4654, 246456, 31.9710, 54566.5622
current_data: 2.3863, 4649224, 9.0680, 12570.0719
current_data: 1.0534, 5077208, 5.1662, 3950.0226
current_data: 0.3845, 19775543, 77.0020, 16625.7201
current_data: 2.5500, 79242, 0.0008, 0.0000
current_data: 2.4659, 244490, 31.9686, 54604.0624
current_data: 2.3887, 4463530, 9.0586, 12466.9463
current_data: 1.0520, 5091671, 5.1726, 3874.3972
current_data: 0.3843, 19735846, 77.0194, 16620.0951
current_data: 2.5486, 85448, 0.0011, 0.0000
current_data: 2.4640, 253969, 31.9677, 54517.1869
current_data: 2.3811, 4596484, 9.1614, 12471.9464
current_data: 1.0538, 5067595, 5.0511, 3807.5218
current_data: 0.3893, 18725575, 75.1091, 16743.2208
current_data: 2.5481, 95542, 0.0015, 0.0000
current_data: 2.1929, 271341, 33.4191, 50306.5379
current_data: 2.3874, 4465149, 9.0801, 12368.1958
current_data: 1.0625, 5162720, 5.2194, 3932.5225
current_data: 0.3851, 19843778, 77.0166, 16756.3459
current_data: 2.5494, 83255, 0.0010, 0.0000
current_data: 2.1771, 232036, 34.2679, 46545.8913
current_data: 2.3989, 4572201, 9.1159, 12539.4468
current_data: 1.0667, 5146609, 5.0734, 3917.5224
current_data: 0.3853, 19765336, 76.9977, 16631.3452
current_data: 2.5508, 80347, 0.0008, 0.0000
current_data: 2.1770, 227335, 34.2677, 46343.3902
current_data: 2.4013, 4606908, 9.1168, 12595.6971
current_data: 1.0635, 5149147, 5.1573, 3998.7729
current_data: 0.3851, 19786931, 77.0458, 16770.0960
current_data: 2.5503, 80201, 0.0008, 0.0000
current_data: 2.1215, 250930, 34.3067, 45512.7604
current_data: 2.3978, 4569118, 9.0993, 12553.1968
current_data: 1.0313, 4986621, 5.0412, 3730.0213
current_data: 0.3829, 19712624, 77.0228, 16596.3450
current_data: 2.5484, 90091, 0.0013, 0.0000
current_data: 1.7156, 5402417, 31.6331, 56775.9499
current_data: 2.3454, 4508276, 9.1690, 12351.9457
current_data: 1.0523, 5103346, 5.1308, 3945.0226
current_data: 0.3842, 19741473, 77.0281, 16668.2204
current_data: 2.5501, 82394, 0.0010, 0.0000
current_data: 2.7809, 270280, 25.6147, 51502.7947
current_data: 2.3821, 4567303, 9.1581, 12565.0719
current_data: 1.0550, 5096609, 5.1220, 3916.8974
current_data: 0.3843, 19766441, 77.0293, 16706.3456
current_data: 2.5508, 80104, 0.0008, 0.0000
current_data: 2.6422, 285840, 25.1500, 49515.2833
current_data: 2.3883, 4632055, 9.0993, 12603.8221
current_data: 1.0246, 4937274, 5.1564, 3846.8970
current_data: 0.3827, 19633728, 77.0427, 16463.8442
current_data: 2.5498, 81206, 0.0008, 0.0000
current_data: 2.2213, 219363, 26.4902, 60728.4725
current_data: 2.3432, 4422741, 9.1078, 12302.5704
current_data: 1.0250, 4929342, 5.1463, 3725.0213
current_data: 0.3827, 19598320, 77.0239, 16459.4692
current_data: 2.5493, 79421, 0.0008, 0.0000
current_data: 2.2228, 219439, 26.4882, 60805.9729
current_data: 2.3407, 4485314, 9.1533, 12310.6954
current_data: 1.0326, 4988817, 5.1220, 3923.1474
current_data: 0.3832, 19696656, 77.0169, 16541.3447
current_data: 2.5496, 85832, 0.0010, 0.0000
current_data: 2.2834, 234828, 28.4139, 58422.8343
current_data: 2.3906, 4460382, 8.6070, 12416.3210
current_data: 1.0531, 5113738, 5.1303, 3782.5216
current_data: 0.3842, 19774021, 77.0367, 16556.9697
current_data: 2.5501, 86306, 0.0011, 0.0000
current_data: 2.4688, 233061, 31.9712, 54724.6881
current_data: 2.4740, 4730396, 7.9635, 11750.0672
current_data: 1.0533, 5071755, 4.9982, 3810.6468
current_data: 0.3844, 19724190, 77.0387, 16632.5952
current_data: 2.5507, 85144, 0.0011, 0.0000
current_data: 2.4703, 228786, 31.9674, 54539.6871
current_data: 2.4759, 4799122, 7.9297, 11390.6902
current_data: 1.0523, 5079465, 5.1131, 3970.6477
current_data: 0.3843, 19736541, 77.0186, 16674.4704
current_data: 2.5488, 86863, 0.0012, 0.0000
current_data: 2.4687, 234235, 31.9692, 54534.0620
current_data: 2.4025, 4673652, 9.1446, 12160.6946
current_data: 1.0561, 5086299, 5.1423, 3895.0223
current_data: 0.3844, 19743625, 77.0020, 16635.0952
current_data: 2.5485, 92396, 0.0015, 0.0000
current_data: 2.4660, 241080, 31.9675, 54485.3118
current_data: 2.3891, 4608212, 9.1209, 12604.4471
current_data: 1.0528, 5069027, 5.0818, 3966.8977
current_data: 0.3846, 19692071, 76.9941, 16605.0950
current_data: 2.5502, 82805, 0.0009, 0.0000
current_data: 2.4686, 226358, 31.9695, 54409.6863
current_data: 2.3897, 4697513, 9.0549, 12607.5721
current_data: 1.0533, 5087441, 5.1623, 3893.7723
current_data: 0.3843, 19733867, 77.0296, 16629.4702
current_data: 2.5494, 83678, 0.0009, 0.0000
current_data: 2.4707, 227063, 31.9682, 54612.1875
current_data: 2.3834, 4465914, 9.1121, 12398.1959
current_data: 1.0527, 5091452, 5.1006, 3954.3976
current_data: 0.3845, 19776448, 76.9943, 16611.9701
current_data: 2.5491, 88139, 0.0012, 0.0000
current_data: 2.4681, 233032, 31.9688, 54580.9373
current_data: 2.3862, 4557794, 9.1535, 12584.4470
current_data: 1.0551, 5100979, 4.9700, 3699.3962
current_data: 0.3845, 19778733, 77.0271, 16706.9706
current_data: 2.5498, 82450, 0.0009, 0.0000
current_data: 2.2903, 219572, 32.6369, 52264.6741
current_data: 2.3885, 4661017, 9.0519, 12610.0722
current_data: 1.0594, 5115734, 5.1023, 3876.8972
current_data: 0.3845, 19767498, 77.0185, 16611.3451
current_data: 2.5496, 85672, 0.0011, 0.0000
current_data: 2.5496, 251711, 24.9767, 45955.8880
current_data: 2.3941, 4499043, 9.0612, 12478.1964
current_data: 1.0579, 5090617, 5.0873, 3910.0224
current_data: 0.3843, 19743627, 77.0545, 16690.7205
current_data: 2.5504, 81237, 0.0009, 0.0000
current_data: 2.5418, 245530, 24.9784, 45790.2620
current_data: 2.3950, 4518096, 9.1362, 12466.9463
current_data: 1.0569, 5105456, 5.0634, 3846.8970
current_data: 0.3844, 19725298, 77.0461, 16660.0953
current_data: 2.5500, 80218, 0.0008, 0.0000
current_data: 2.5568, 247022, 24.9756, 45882.1375
current_data: 2.3799, 4665145, 9.1132, 12641.3223
current_data: 1.0577, 5147519, 5.1498, 3908.7724
current_data: 0.3844, 19786371, 77.0373, 16581.9699
current_data: 2.5497, 82475, 0.0009, 0.0000
current_data: 2.5584, 242988, 24.9743, 46020.2633
current_data: 2.3751, 4545889, 9.0922, 12481.9464
current_data: 1.0572, 5109906, 5.0531, 4013.1480
current_data: 0.3846, 19759709, 77.0222, 16551.9697
current_data: 2.5498, 81138, 0.0008, 0.0000
current_data: 2.5201, 247250, 24.9758, 45337.1344
current_data: 2.3762, 4550720, 9.0726, 12470.0714
current_data: 1.0532, 5067549, 5.1655, 3875.0222
current_data: 0.3845, 19789319, 77.0401, 16580.7199
current_data: 2.5503, 83274, 0.0009, 0.0000
current_data: 2.4876, 243586, 24.9785, 44892.1319
current_data: 2.3787, 4682987, 9.1484, 12563.8219
current_data: 1.0573, 5119689, 5.0260, 3895.0223
current_data: 0.3844, 19720447, 77.0504, 16463.2192
current_data: 2.5506, 82567, 0.0008, 0.0000
current_data: 2.5592, 244661, 24.9752, 46054.0135
current_data: 2.3751, 4492083, 9.1131, 12484.4464
current_data: 1.0562, 5101952, 5.1241, 3816.2718
current_data: 0.3844, 19754737, 77.0143, 16550.7197
current_data: 2.5480, 91606, 0.0015, 0.0000
current_data: 2.5568, 253837, 24.9735, 46050.8885
current_data: 2.3702, 4635164, 9.1244, 12483.8214
current_data: 1.0525, 5116664, 5.1782, 3914.3974
current_data: 0.3844, 19808295, 77.0093, 16714.4706
current_data: 2.5485, 90072, 0.0013, 0.0000
current_data: 2.2418, 291206, 31.9952, 50070.2865
current_data: 2.4096, 4499816, 8.6702, 12492.5715
current_data: 1.0494, 5088704, 5.1404, 3951.8976
current_data: 0.3843, 19766025, 77.0483, 16607.5950
current_data: 2.5501, 82778, 0.0009, 0.0000
current_data: 2.4650, 249871, 31.9688, 54647.8127
current_data: 2.4466, 4673314, 7.9130, 11521.3159
current_data: 1.0512, 5080422, 5.1027, 3924.3975
current_data: 0.3844, 19673931, 77.0289, 16595.0950
current_data: 2.5502, 82780, 0.0009, 0.0000
current_data: 2.4657, 241580, 31.9667, 54327.8109
current_data: 2.4545, 4763759, 7.9604, 11066.3133
current_data: 1.0526, 5089009, 5.0932, 3923.7725
current_data: 0.3846, 19417312, 76.4153, 16753.2209
current_data: 2.5505, 83252, 0.0009, 0.0000
current_data: 2.4659, 241317, 31.9687, 54453.4366
current_data: 2.4643, 4816287, 7.9201, 11295.6896
current_data: 1.0509, 5060446, 5.1270, 3870.6471
current_data: 0.3846, 19770121, 77.0041, 16693.8455
current_data: 2.5496, 82325, 0.0009, 0.0000
current_data: 2.4668, 235931, 31.9700, 54590.9374
current_data: 2.4256, 4906086, 8.3892, 11289.4396
current_data: 1.0559, 5067878, 5.0589, 3959.3977
current_data: 0.3845, 19766097, 77.0222, 16663.8454
current_data: 2.5499, 81658, 0.0009, 0.0000
current_data: 2.4688, 243254, 31.9709, 54737.1882
current_data: 2.3736, 4636340, 9.1081, 12146.3195
current_data: 1.0529, 5080400, 5.1180, 3924.3975
current_data: 0.3844, 19746125, 77.0404, 16597.5950
current_data: 2.5498, 82506, 0.0009, 0.0000
current_data: 2.4661, 236991, 31.9697, 54630.3126
current_data: 2.3693, 4631797, 9.1046, 12541.3218
current_data: 1.0525, 5067267, 5.1666, 3823.7719
current_data: 0.3842, 19691928, 77.0742, 16650.7203
current_data: 2.5504, 84512, 0.0009, 0.0000
current_data: 2.4666, 241443, 31.9679, 54505.3119
current_data: 2.3699, 4616154, 9.0958, 12581.3220
current_data: 1.0596, 5117589, 5.1331, 3930.0225
current_data: 0.3846, 19768389, 77.0549, 16671.9704
current_data: 2.5502, 80423, 0.0009, 0.0000
current_data: 2.1255, 243528, 33.9248, 48611.5282
current_data: 2.3724, 4593379, 9.0920, 12494.4465
current_data: 1.0618, 5143644, 5.1430, 3950.0226
current_data: 0.3850, 19788881, 77.0499, 16680.7204
current_data: 2.5500, 81429, 0.0008, 0.0000
current_data: 2.1759, 225381, 34.2682, 46460.2658
current_data: 2.3796, 4682990, 9.0982, 12598.1971
current_data: 1.0646, 5154764, 5.2030, 4074.3983
current_data: 0.3851, 19778886, 77.0437, 16639.4702
current_data: 2.5501, 81205, 0.0009, 0.0000
current_data: 2.1774, 224963, 34.2697, 46454.0158
current_data: 2.3770, 4619866, 9.1520, 12514.4466
current_data: 1.0666, 5181833, 5.1020, 4034.3981
current_data: 0.3850, 19790835, 77.0414, 16646.9703
current_data: 2.5510, 80495, 0.0008, 0.0000
current_data: 2.0620, 823204, 33.0911, 45239.6339
current_data: 2.3759, 4588589, 9.0971, 12491.3215
current_data: 1.0302, 5021189, 5.1311, 3806.2718
current_data: 0.3828, 19770418, 77.0493, 16522.5945
current_data: 2.5489, 89721, 0.0014, 0.0000
current_data: 1.7423, 3032742, 33.4067, 57658.4549
current_data: 2.3234, 4608331, 9.0945, 12367.5708
current_data: 1.0503, 5056643, 5.1528, 3842.5220
current_data: 0.3841, 19757538, 77.0260, 16578.2199
current_data: 2.5487, 89149, 0.0013, 0.0000
current_data: 2.7664, 283279, 25.4883, 51027.1670
current_data: 2.3627, 4604361, 9.1042, 12466.9463
current_data: 1.0535, 5076662, 5.0406, 3861.2721
current_data: 0.3841, 19769333, 76.9866, 16690.0955
current_data: 2.5504, 82819, 0.0010, 0.0000
current_data: 2.5331, 253433, 25.4833, 52085.9230
current_data: 2.3549, 4482411, 9.1216, 12353.8207
current_data: 1.0280, 4981634, 5.0978, 3859.3971
current_data: 0.3829, 19671699, 77.0190, 16536.9696
current_data: 2.5501, 82243, 0.0008, 0.0000
current_data: 2.2226, 222443, 26.4892, 61004.7241
current_data: 2.3189, 4491316, 9.1135, 12251.9451
current_data: 1.0270, 4984519, 5.0621, 3733.1464
current_data: 0.3827, 19694486, 77.0301, 16618.2201
current_data: 2.5497, 82008, 0.0009, 0.0000
current_data: 2.2210, 223949, 26.4889, 61080.3495
current_data: 2.3192, 4501960, 9.1294, 12340.0706
current_data: 1.0308, 4907766, 5.1494, 3799.3967
current_data: 0.3886, 18797648, 75.1458, 16789.4711
current_data: 2.5498, 91383, 0.0014, 0.0000
current_data: 2.3329, 241325, 29.6156, 57004.0762
current_data: 2.3402, 4647099, 9.2015, 12472.5714
current_data: 1.0528, 5052637, 5.0949, 3909.3974
current_data: 0.3844, 19739270, 77.0050, 16708.2206
current_data: 2.5494, 87776, 0.0013, 0.0000
current_data: 2.4658, 232837, 31.9708, 54487.8118
current_data: 2.3662, 4634662, 9.1124, 12494.4465
current_data: 1.0511, 5054590, 5.1244, 3878.1472
current_data: 0.3844, 19744439, 77.0201, 16658.8453
current_data: 2.5490, 87642, 0.0012, 0.0000
current_data: 2.4658, 237574, 31.9689, 54512.8119
current_data: 2.3675, 4640325, 9.1288, 12538.8217
current_data: 1.0542, 5041650, 5.0051, 3765.0215
current_data: 0.3843, 19713413, 77.0506, 16659.4703
current_data: 2.5498, 81486, 0.0009, 0.0000
current_data: 2.4655, 230851, 31.9700, 54499.6868
current_data: 2.3667, 4695147, 9.1043, 12515.6966
current_data: 1.0555, 5082076, 5.0570, 3848.1470
current_data: 0.3842, 19711935, 77.0744, 16633.8452
current_data: 2.5498, 82299, 0.0009, 0.0000
current_data: 2.4652, 227127, 31.9727, 54404.0613
current_data: 2.3682, 4725364, 9.1014, 12490.6965
current_data: 1.0536, 5031360, 5.0789, 3756.8965
current_data: 0.3844, 19612517, 77.0346, 16540.7196
current_data: 2.5494, 82740, 0.0009, 0.0000
current_data: 2.4681, 234462, 31.9715, 54335.9359
current_data: 2.3595, 4559203, 9.2008, 12394.4459
current_data: 1.0538, 5069823, 5.1487, 3926.2725
current_data: 0.3844, 19584118, 77.0309, 16474.4693
current_data: 2.5489, 87190, 0.0010, 0.0000
current_data: 2.4678, 235234, 31.9723, 54192.1851
current_data: 2.3680, 4535571, 9.1297, 12378.1958
current_data: 1.0506, 5035232, 5.1329, 3838.1470
current_data: 0.3842, 19610198, 77.0442, 16508.2195
current_data: 2.5482, 87471, 0.0012, 0.0000
current_data: 2.4680, 238440, 31.9688, 54210.9352
current_data: 2.3599, 4700580, 9.0968, 12498.1965
current_data: 1.0525, 5022384, 5.0921, 3864.3971
current_data: 0.3844, 19592710, 76.9879, 16450.0941
current_data: 2.5480, 89350, 0.0014, 0.0000
current_data: 2.2695, 250436, 31.8371, 50459.0387
current_data: 2.3679, 4714756, 9.1876, 12550.0718
current_data: 1.0562, 5041118, 5.0715, 3763.1465
current_data: 0.3846, 19650361, 76.9950, 16427.5940
current_data: 2.5494, 86601, 0.0013, 0.0000
current_data: 2.5534, 256457, 24.9745, 45705.2615
current_data: 2.3692, 4567439, 9.0879, 12424.4461
current_data: 1.0585, 5083459, 5.0537, 3799.3967
current_data: 0.3845, 19588609, 76.9944, 16458.8442
current_data: 2.5488, 83568, 0.0012, 0.0000
current_data: 2.5401, 247614, 24.9788, 45289.6341
current_data: 2.3712, 4692490, 9.1732, 12530.6967
current_data: 1.0567, 5041355, 5.1518, 3905.6473
current_data: 0.3845, 19630704, 77.0166, 16566.3448
current_data: 2.5492, 80898, 0.0008, 0.0000
current_data: 2.5594, 242248, 24.9768, 45831.5123
current_data: 2.3778, 4605612, 9.1344, 12437.5712
current_data: 1.0576, 5057030, 5.1361, 3860.6471
current_data: 0.3846, 19589160, 77.0127, 16487.5943
current_data: 2.5497, 79061, 0.0008, 0.0000
current_data: 2.5573, 233599, 24.9759, 45738.3867
current_data: 2.3713, 4656438, 9.0843, 12571.9469
current_data: 1.0563, 5039148, 5.1109, 3833.1469
current_data: 0.3845, 19603143, 77.0111, 16508.8445
current_data: 2.5498, 85306, 0.0010, 0.0000
current_data: 2.5186, 236721, 24.9775, 45060.8828
current_data: 2.3688, 4697293, 9.1776, 12525.6967
current_data: 1.0580, 5068604, 5.0996, 3855.6471
current_data: 0.3882, 18552487, 75.3257, 16652.5953
current_data: 2.5485, 86422, 0.0012, 0.0000
current_data: 2.4913, 244163, 24.9754, 44582.7551
current_data: 2.3744, 4596287, 9.1019, 12369.4458
current_data: 1.0578, 5078693, 5.1223, 3811.2718
current_data: 0.3840, 19623305, 77.0575, 16352.5936
current_data: 2.5502, 85209, 0.0012, 0.0000
current_data: 2.5591, 244778, 24.9756, 45784.0120
current_data: 2.3756, 4680506, 9.1729, 12528.8217
current_data: 1.0575, 5064861, 5.0935, 3888.7723
current_data: 0.3841, 19589693, 77.0494, 16475.0943
current_data: 2.5498, 81055, 0.0008, 0.0000
current_data: 2.5597, 235715, 24.9749, 45559.6357
current_data: 2.3753, 4605935, 9.1675, 12346.3206
current_data: 1.0548, 5046259, 5.1170, 3989.3978
current_data: 0.3842, 19639024, 77.0253, 16567.5948
current_data: 2.5496, 82531, 0.0009, 0.0000
current_data: 2.2444, 265055, 32.2966, 50081.5366
current_data: 2.3720, 4752642, 9.1022, 12525.0717
current_data: 1.0548, 5046691, 5.1073, 3846.8970
current_data: 0.3841, 19634067, 77.0441, 16530.7196
current_data: 2.5492, 82780, 0.0009, 0.0000
current_data: 2.4670, 249859, 31.9666, 54262.1855
current_data: 2.3697, 4655295, 9.1894, 12455.6963
current_data: 1.0532, 5053514, 5.0906, 3813.1468
current_data: 0.3841, 19586469, 77.0454, 16451.9691
current_data: 2.5502, 82606, 0.0008, 0.0000
current_data: 2.4650, 238210, 31.9684, 54082.8095
current_data: 2.3711, 4588455, 9.1574, 12339.4456
current_data: 1.0509, 5063021, 5.1260, 3738.1464
current_data: 0.3842, 19637062, 77.0362, 16576.9699
current_data: 2.5501, 81043, 0.0008, 0.0000
current_data: 2.4647, 246090, 31.9668, 54205.3102
current_data: 2.3680, 4739926, 9.0924, 12507.5716
current_data: 1.0448, 4892041, 5.2612, 3917.5224
current_data: 0.3839, 19610146, 77.0297, 16545.7197
current_data: 2.5487, 95903, 0.0019, 0.0000
current_data: 2.4599, 266090, 31.9618, 53944.6837
current_data: 2.3672, 4730178, 9.1949, 12523.1967
current_data: 1.0509, 5047243, 5.1651, 3890.6473
current_data: 0.3840, 19697993, 77.0295, 16588.8449
current_data: 2.5491, 95028, 0.0016, 0.0000
current_data: 2.4643, 269755, 31.9646, 54322.1858
current_data: 2.3853, 4697039, 9.0776, 12527.5717
current_data: 1.0568, 5054473, 5.0835, 3961.8977
current_data: 0.3841, 19629141, 77.0432, 16501.9694
current_data: 2.5504, 80699, 0.0009, 0.0000
current_data: 2.4658, 247769, 31.9684, 54245.9354
current_data: 2.4035, 4695696, 8.6756, 12543.8218
current_data: 1.0533, 5056915, 5.1664, 3844.3970
current_data: 0.3843, 19613714, 77.0181, 16561.9698
current_data: 2.5504, 80368, 0.0008, 0.0000
current_data: 2.4676, 242417, 31.9696, 54197.1851
current_data: 2.4166, 4656263, 8.5320, 12441.9462
current_data: 1.0586, 5084886, 5.0500, 3800.6467
current_data: 0.3844, 19641538, 77.0312, 16550.0947
current_data: 2.5498, 81436, 0.0009, 0.0000
current_data: 2.1695, 242893, 33.7755, 49435.2829
current_data: 2.4349, 4669134, 8.2950, 12279.4453
current_data: 1.0617, 5106995, 5.1483, 3890.6473
current_data: 0.3847, 19631367, 77.0203, 16530.7196
current_data: 2.5485, 90978, 0.0013, 0.0000
current_data: 2.1744, 246418, 34.2654, 45951.5129
current_data: 2.4572, 4849540, 8.0244, 11976.3185
current_data: 1.0633, 5077656, 5.1766, 3989.3978
current_data: 0.3847, 19608640, 77.0550, 16631.9702
current_data: 2.5489, 83450, 0.0010, 0.0000
current_data: 2.1765, 227537, 34.2703, 45979.0131
current_data: 2.4682, 4858688, 7.9140, 11391.3152
current_data: 1.0652, 5135509, 4.9843, 3870.0221
current_data: 0.3826, 17980506, 75.5057, 16697.5955
current_data: 2.5502, 81157, 0.0009, 0.0000
current_data: 2.1230, 634606, 33.4723, 44479.0045
current_data: 2.4857, 4949532, 7.9502, 11261.3144
current_data: 1.0282, 4937240, 5.0827, 3808.7718
current_data: 0.3830, 19582055, 77.0106, 16477.5943
current_data: 2.5493, 82197, 0.0010, 0.0000
current_data: 1.8069, 5186205, 30.9343, 56950.3259
current_data: 2.4249, 4856415, 8.0257, 11156.9388
current_data: 1.0522, 5033698, 5.0663, 3924.3975
current_data: 0.3844, 19562720, 77.0157, 16503.2194
current_data: 2.5493, 80434, 0.0008, 0.0000
current_data: 2.7769, 281335, 25.5734, 50875.2911
current_data: 2.4630, 4847887, 8.0345, 11260.0644
current_data: 1.0542, 5057630, 5.0845, 3980.6478
current_data: 0.3843, 19607015, 77.0220, 16566.3448
current_data: 2.5502, 82043, 0.0008, 0.0000
current_data: 2.6198, 282373, 25.2278, 49755.9097
current_data: 2.4662, 4919202, 8.0239, 11170.6889
current_data: 1.0259, 4981486, 5.0875, 3750.0215
current_data: 0.3828, 19547926, 77.0262, 16472.5943
current_data: 2.5497, 83743, 0.0009, 0.0000
current_data: 2.2258, 232605, 26.4878, 60684.0972
current_data: 2.4234, 4858777, 8.0262, 11160.6889
current_data: 1.0222, 4929251, 5.1023, 3706.8962
current_data: 0.3824, 19490706, 77.0761, 16499.4694
current_data: 2.5484, 83119, 0.0010, 0.0000
current_data: 2.2253, 227307, 26.4874, 60591.5967
current_data: 2.4278, 4801374, 7.9654, 11087.5634
current_data: 1.0320, 4942216, 5.1001, 3750.6465
current_data: 0.3832, 19553218, 77.0072, 16400.7188
current_data: 2.5492, 88562, 0.0013, 0.0000
current_data: 2.2875, 244449, 28.4769, 57894.7063
current_data: 2.4256, 4843137, 8.0039, 11106.9386
current_data: 1.0526, 5050084, 5.1526, 3909.3974
current_data: 0.3843, 19611142, 77.0296, 16439.4691
current_data: 2.5497, 86487, 0.0013, 0.0000
current_data: 2.4671, 238617, 31.9696, 54174.0600
current_data: 2.4573, 4890368, 8.0022, 11430.6904
current_data: 1.0527, 5059927, 5.1749, 3943.7726
current_data: 0.3844, 19594225, 77.0376, 16529.4696
current_data: 2.5494, 80498, 0.0009, 0.0000
current_data: 2.4680, 228916, 31.9700, 54130.3097
current_data: 2.4669, 4873160, 7.9641, 11267.5645
current_data: 1.0503, 5040526, 5.2225, 3794.3967
current_data: 0.3844, 19629745, 77.0229, 16476.3443
current_data: 2.5506, 81251, 0.0009, 0.0000
current_data: 2.4670, 226606, 31.9707, 54204.0602
current_data: 2.4537, 4958799, 7.9694, 11306.3147
current_data: 1.0522, 4784603, 5.1050, 3696.2712
current_data: 0.3845, 19587429, 77.0274, 16497.5944
current_data: 2.5499, 81597, 0.0009, 0.0000
current_data: 2.4699, 221810, 31.9709, 54149.0598
current_data: 2.4569, 4983006, 8.0477, 11182.5640
current_data: 1.0526, 5039926, 5.1338, 3903.1473
current_data: 0.3843, 19512868, 77.0493, 16494.4694
current_data: 2.5499, 84544, 0.0010, 0.0000
current_data: 2.4700, 230387, 31.9697, 54077.1844
current_data: 2.4588, 4848869, 8.0388, 11133.8137
current_data: 1.0517, 5071518, 5.1220, 3732.5214
current_data: 0.3844, 19608003, 77.0215, 16445.7191
current_data: 2.5500, 82564, 0.0009, 0.0000
current_data: 2.4714, 233179, 31.9700, 54257.1855
current_data: 2.4727, 4939079, 8.0124, 11348.1899
current_data: 1.0528, 5050690, 5.1727, 3898.7723
current_data: 0.3844, 19612346, 77.0303, 16493.2194
current_data: 2.5503, 80220, 0.0009, 0.0000
current_data: 2.4715, 228635, 31.9677, 54285.9356
current_data: 2.4680, 4890840, 7.9465, 11319.4398
current_data: 1.0511, 4764886, 5.1389, 3710.0212
current_data: 0.3897, 18678681, 75.1244, 16671.9704
current_data: 2.5491, 87675, 0.0011, 0.0000
current_data: 2.4670, 230056, 31.9702, 54189.6851
current_data: 2.4672, 5009959, 7.9910, 11405.0653
current_data: 1.0575, 5062407, 5.0848, 3843.1470
current_data: 0.3844, 19606001, 77.0210, 16481.9693
current_data: 2.5496, 84527, 0.0011, 0.0000
current_data: 2.4857, 253916, 25.4326, 45609.6360
current_data: 2.4783, 4919348, 7.9919, 11396.9402
current_data: 1.0593, 5058624, 5.0995, 3828.7719
current_data: 0.3845, 19595867, 77.0166, 16525.7196
current_data: 2.5508, 82048, 0.0008, 0.0000
current_data: 2.5460, 235957, 24.9771, 45474.6352
current_data: 2.4766, 4986109, 8.0104, 11429.4404
current_data: 1.0565, 5055865, 5.1233, 3939.3975
current_data: 0.3844, 19561348, 77.0412, 16562.5948
current_data: 2.5504, 80189, 0.0008, 0.0000
current_data: 2.5650, 235140, 24.9760, 45651.5112
current_data: 2.4595, 5069620, 8.1426, 11400.6902
current_data: 1.0585, 5047496, 5.1177, 3918.7724
current_data: 0.3844, 19563357, 77.0404, 16488.2193
current_data: 2.5495, 81292, 0.0009, 0.0000
current_data: 2.5600, 231091, 24.9748, 45713.3866
current_data: 2.4366, 5067061, 8.5704, 11447.5655
current_data: 1.0551, 5050746, 5.1430, 3908.7724
current_data: 0.3843, 19627260, 77.0477, 16572.5948
current_data: 2.5490, 88299, 0.0014, 0.0000
current_data: 2.5238, 245903, 24.9747, 45277.1341
current_data: 2.4002, 4823000, 9.1123, 11980.6936
current_data: 1.0550, 5080688, 5.1568, 3925.6475
current_data: 0.3844, 19681566, 77.0192, 16675.7204
current_data: 2.5496, 90005, 0.0015, 0.0000
current_data: 2.5082, 252377, 24.9739, 45045.8828
current_data: 2.3845, 4788683, 9.1380, 12643.1973
current_data: 1.0579, 5097517, 5.1312, 3799.3967
current_data: 0.3843, 19714296, 77.0579, 16596.9700
current_data: 2.5504, 81114, 0.0008, 0.0000
current_data: 2.5589, 238857, 24.9752, 46007.1383
current_data: 2.3791, 4799155, 9.1471, 12581.3220
current_data: 1.0556, 5104837, 5.1314, 3865.6471
current_data: 0.3846, 19776930, 76.9990, 16691.9705
current_data: 2.5491, 85189, 0.0010, 0.0000
current_data: 2.5641, 238909, 24.9740, 46185.8893
current_data: 2.3892, 4880686, 9.1230, 12609.4472
current_data: 1.0559, 5096685, 5.0949, 3848.7720
current_data: 0.3844, 19741018, 77.0274, 16650.0953
current_data: 2.5499, 86096, 0.0010, 0.0000
current_data: 2.2697, 261666, 30.5719, 48655.9034
current_data: 2.3808, 4792345, 9.1351, 12626.9473
current_data: 1.0530, 5088972, 5.0793, 3898.7723
current_data: 0.3842, 19747535, 77.0360, 16541.9697
current_data: 2.5494, 91567, 0.0013, 0.0000
current_data: 2.4656, 256892, 31.9647, 54444.0615
current_data: 2.3760, 4818727, 9.1604, 12585.0720
current_data: 1.0506, 4837349, 5.2518, 3674.3960
current_data: 0.3843, 19759451, 77.0231, 16570.0948
current_data: 2.5496, 89123, 0.0013, 0.0000
current_data: 2.4641, 250136, 31.9646, 54559.6872
current_data: 2.3791, 4851433, 9.1224, 12612.5722
current_data: 1.0518, 5092568, 5.0534, 3969.3977
current_data: 0.3845, 19765258, 76.9924, 16645.0952
current_data: 2.5503, 88268, 0.0013, 0.0000
current_data: 2.4643, 243367, 31.9661, 54539.0621
current_data: 2.3791, 4853223, 9.1224, 12581.9470
current_data: 1.0539, 5072313, 5.0514, 3817.5218
current_data: 0.3844, 19778019, 77.0109, 16666.3454
current_data: 2.5503, 90080, 0.0013, 0.0000
current_data: 2.4655, 249780, 31.9652, 54559.6872
current_data: 2.3801, 4864113, 9.1340, 12585.0720
current_data: 1.0521, 5102161, 5.1555, 3921.2724
current_data: 0.3909, 18877823, 75.2286, 16805.7212
current_data: 2.5494, 85320, 0.0011, 0.0000
current_data: 2.4665, 239591, 31.9685, 54628.4376
current_data: 2.3880, 4871941, 9.1392, 12621.3222
current_data: 1.0539, 5068462, 5.1189, 3888.7723
current_data: 0.3846, 19744372, 76.9901, 16642.5952
current_data: 2.5499, 81285, 0.0009, 0.0000
current_data: 2.4695, 238405, 31.9657, 54592.8124
current_data: 2.3823, 4813910, 9.1300, 12580.6970
current_data: 1.0546, 5090244, 5.1729, 3875.6472
current_data: 0.3846, 19764290, 77.0025, 16648.8453
current_data: 2.5502, 81654, 0.0009, 0.0000
current_data: 2.4686, 230367, 31.9691, 54510.9369
current_data: 2.3772, 4822013, 9.1622, 12580.6970
current_data: 1.0531, 5102820, 5.2065, 3986.2728
current_data: 0.3846, 19761182, 77.0284, 16695.0955
current_data: 2.5495, 79147, 0.0008, 0.0000
current_data: 2.1988, 241740, 33.5078, 50626.5397
current_data: 2.3851, 4838223, 9.1322, 12571.9469
current_data: 1.0632, 5158273, 5.0767, 4010.0229
current_data: 0.3849, 19791107, 77.0338, 16652.5953
current_data: 2.5482, 90517, 0.0014, 0.0000
current_data: 2.1770, 238165, 34.2668, 46472.7659
current_data: 2.3924, 4986518, 9.1978, 12683.8226
current_data: 1.0618, 5186402, 5.1460, 3940.6475
current_data: 0.3849, 19798085, 77.0526, 16750.7208
current_data: 2.5494, 89045, 0.0014, 0.0000
current_data: 2.1772, 236140, 34.2682, 46479.0160
current_data: 2.3983, 4842317, 9.1366, 12596.3221
current_data: 1.0661, 5155608, 5.1492, 3898.7723
current_data: 0.3851, 19792804, 77.0435, 16731.3457
current_data: 2.5503, 81810, 0.0009, 0.0000
current_data: 2.1109, 317103, 34.2209, 45255.2590
current_data: 2.3946, 4918646, 9.0983, 12688.8226
current_data: 1.0320, 5003773, 5.0177, 3655.0209
current_data: 0.3829, 19687433, 77.0228, 16541.9697
current_data: 2.5494, 87254, 0.0012, 0.0000
current_data: 1.7290, 5316680, 31.7608, 57347.2031
current_data: 2.3438, 4758001, 9.2557, 12429.4461
current_data: 1.0546, 5107374, 5.0655, 3886.2722
current_data: 0.3842, 19738124, 77.0595, 16634.4702
current_data: 2.5501, 81402, 0.0008, 0.0000
current_data: 2.7795, 286832, 25.5841, 51424.6693
current_data: 2.3764, 4835519, 9.1446, 12577.5720
current_data: 1.0522, 5091093, 5.1638, 3806.8968
current_data: 0.3841, 19671484, 77.0317, 16560.7198
current_data: 2.5493, 84718, 0.0011, 0.6250
current_data: 2.6250, 294036, 25.2085, 49922.7857
current_data: 2.3683, 4872885, 9.1482, 12561.9469
current_data: 1.0249, 4944839, 5.0644, 3731.2714
current_data: 0.3823, 19626105, 77.1029, 16461.9692
current_data: 2.5489, 84500, 0.0010, 0.0000
current_data: 2.2214, 219206, 26.4945, 60714.7224
current_data: 2.3342, 4744009, 9.1945, 12346.9456
current_data: 1.0249, 4900634, 5.0557, 3656.2709
current_data: 0.3827, 19510581, 77.0453, 16445.0941
current_data: 2.5504, 82084, 0.0008, 0.0000
current_data: 2.2226, 219347, 26.4902, 60412.8457
current_data: 2.3292, 4761389, 9.2525, 12368.8208
current_data: 1.0325, 4931203, 5.2064, 3826.8969
current_data: 0.3832, 19523402, 77.0393, 16426.9690
current_data: 2.5502, 81787, 0.0008, 0.0000
current_data: 2.2893, 231334, 28.5133, 57732.2053
current_data: 2.3529, 4739371, 9.2373, 12358.1957
current_data: 1.0508, 5071167, 5.0886, 3760.0215
current_data: 0.3842, 19639600, 77.0589, 16529.4696
current_data: 2.5496, 82253, 0.0009, 0.0000
current_data: 2.4681, 227619, 31.9711, 54190.9351
current_data: 2.3799, 4763078, 9.1846, 12433.8211
current_data: 1.0504, 5030981, 5.1475, 3889.3973
current_data: 0.3844, 19573795, 77.0345, 16547.5947
current_data: 2.5487, 82207, 0.0009, 0.0000
current_data: 2.4674, 224001, 31.9705, 54085.3095
current_data: 2.3769, 4827353, 9.0876, 12508.8216
current_data: 1.0511, 4802885, 5.0718, 3651.2709
current_data: 0.3854, 19035618, 76.0090, 16706.3456
current_data: 2.5492, 88084, 0.0012, 0.0000
current_data: 2.4673, 231660, 31.9685, 54230.3103
current_data: 2.3789, 4857198, 9.1979, 12639.4473
current_data: 1.0519, 5043017, 5.1387, 3828.1469
current_data: 0.3845, 19594435, 77.0049, 16497.5944
current_data: 2.5503, 80101, 0.0009, 0.0000
current_data: 2.4666, 227031, 31.9683, 54137.1848
current_data: 2.3818, 4906964, 9.1366, 12507.5716
current_data: 1.0521, 5068727, 5.0886, 3868.1471
current_data: 0.3843, 19742734, 77.0186, 16625.7201
current_data: 2.5496, 89078, 0.0014, 0.0000
current_data: 2.4666, 240621, 31.9692, 54580.9373
current_data: 2.3812, 4948519, 9.1628, 12637.5723
current_data: 1.0513, 5074650, 5.0765, 3902.5223
current_data: 0.3842, 19744565, 77.0350, 16647.5953
current_data: 2.5499, 86355, 0.0012, 0.0000
current_data: 2.4686, 243915, 31.9686, 54756.5633
current_data: 2.4410, 4978381, 8.3459, 12605.6971
current_data: 1.0518, 5072932, 5.1897, 3862.5221
current_data: 0.3843, 19759577, 77.0735, 16690.7205
current_data: 2.5501, 81242, 0.0009, 0.0000
current_data: 2.4698, 225210, 31.9685, 54676.5629
current_data: 2.4703, 5050179, 8.0062, 11378.8151
current_data: 1.0562, 5083112, 5.1072, 3871.8972
current_data: 0.3842, 19626052, 77.0644, 16600.7200
current_data: 2.5495, 80380, 0.0008, 0.0000
current_data: 2.3793, 220579, 32.0772, 52540.9256
current_data: 2.4854, 4981148, 8.0439, 11437.5654
current_data: 1.0568, 5090043, 5.1046, 3830.0219
current_data: 0.3844, 19696294, 77.0444, 16549.4697
current_data: 2.5501, 81702, 0.0009, 0.0000
current_data: 2.5598, 240883, 24.9763, 45889.6376
current_data: 2.4582, 5123362, 8.3645, 11398.8152
current_data: 1.0581, 5058102, 5.0891, 3792.5217
current_data: 0.3845, 19670854, 77.0353, 16515.7195
current_data: 2.5486, 82470, 0.0009, 0.0000
current_data: 2.5451, 241077, 24.9777, 45627.7611
current_data: 2.4066, 4868600, 9.1457, 12022.5688
current_data: 1.0566, 5087220, 5.1727, 3920.0224
current_data: 0.3843, 19740270, 77.0636, 16590.7199
current_data: 2.5491, 82274, 0.0009, 0.0000
current_data: 2.5583, 243437, 24.9745, 46112.7639
current_data: 2.3943, 4908761, 9.0981, 12649.4474
current_data: 1.0593, 5114122, 5.0703, 3880.0222
current_data: 0.3845, 19764726, 77.0394, 16573.8448
current_data: 2.5499, 82995, 0.0009, 0.0000
current_data: 2.5576, 238904, 24.9760, 45929.6378
current_data: 2.3913, 4929410, 9.1302, 12670.6975
current_data: 1.0585, 5099536, 5.0618, 3855.6471
current_data: 0.3845, 19768456, 77.0280, 16616.9701
current_data: 2.5496, 81081, 0.0009, 0.0000
current_data: 2.5217, 237482, 24.9764, 45334.6344
current_data: 2.3941, 4946137, 9.2066, 12725.0728
current_data: 1.0567, 5080957, 5.1292, 3848.1470
current_data: 0.3846, 19771528, 77.0015, 16736.3458
current_data: 2.5505, 81791, 0.0009, 0.0000
current_data: 2.5009, 238312, 24.9775, 44838.3816
current_data: 2.3937, 4861852, 9.1260, 12636.3223
current_data: 1.0582, 5121149, 5.0836, 3956.2726
current_data: 0.3845, 19781257, 77.0019, 16652.5953
current_data: 2.5499, 90371, 0.0013, 0.0000
current_data: 2.5556, 247022, 24.9761, 45942.7629
current_data: 2.3901, 4930046, 9.1118, 12606.3221
current_data: 1.0579, 5122144, 5.1841, 3946.8976
current_data: 0.3844, 19773221, 77.0454, 16714.4706
current_data: 2.5497, 81334, 0.0008, 0.0000
current_data: 2.5653, 237645, 24.9747, 46145.2640
current_data: 2.3955, 4950088, 9.1114, 12755.0730
current_data: 1.0547, 5083352, 5.1626, 3823.7719
current_data: 0.3899, 18841744, 75.1602, 16751.9709
current_data: 2.5497, 82522, 0.0009, 0.0000
current_data: 2.2459, 263788, 31.8063, 49656.5341
current_data: 2.3906, 4899729, 9.1494, 12643.1973
current_data: 1.0487, 5030570, 5.1482, 3843.7720
current_data: 0.3844, 19660129, 76.9861, 16570.7198
current_data: 2.5490, 92761, 0.0015, 0.0000
current_data: 2.4626, 261977, 31.9628, 54250.3104
current_data: 2.3766, 4886152, 9.1935, 12635.0723
current_data: 1.0533, 5082257, 5.1422, 3890.6473
current_data: 0.3842, 19700196, 77.0332, 16587.5949
current_data: 2.5496, 89371, 0.0012, 0.0000
current_data: 2.4632, 250252, 31.9644, 54442.8115
current_data: 2.3842, 4900844, 9.1526, 12587.5720
current_data: 1.0536, 5091455, 5.2017, 3927.5225
current_data: 0.3842, 19720703, 77.0200, 16641.3452
current_data: 2.5487, 92269, 0.0015, 0.6250
current_data: 2.4625, 252259, 31.9638, 54429.0614
current_data: 2.3806, 4956336, 9.1474, 12643.8223
current_data: 1.0526, 5089689, 5.1649, 3949.3976
current_data: 0.3843, 19727166, 77.0667, 16695.7205
current_data: 2.5499, 83639, 0.0010, 0.0000
current_data: 2.4655, 237409, 31.9676, 54537.8121
current_data: 2.3779, 4980294, 9.1331, 12666.3225
current_data: 1.0507, 5096506, 5.1757, 3844.3970
current_data: 0.3845, 19772270, 77.0248, 16730.0957
current_data: 2.5497, 84290, 0.0009, 0.6250
current_data: 2.4660, 245187, 31.9678, 54644.6877
current_data: 2.3776, 4927887, 9.1078, 12601.3221
current_data: 1.0508, 5100452, 5.1642, 4107.5235
current_data: 0.3844, 19746012, 77.0134, 16591.3449
current_data: 2.5490, 86426, 0.0011, 0.0000
current_data: 2.4657, 243385, 31.9678, 54637.1876
current_data: 2.3895, 4862212, 9.1872, 12636.9473
current_data: 1.0547, 5068864, 5.0915, 3865.0221
current_data: 0.3844, 19757561, 77.0261, 16628.2201
current_data: 2.5506, 81931, 0.0009, 0.0000
current_data: 2.4666, 236727, 31.9686, 54661.5628
current_data: 2.3849, 4925842, 9.1632, 12657.5724
current_data: 1.0558, 5126058, 5.1137, 3881.2722
current_data: 0.3847, 19759503, 77.0232, 16556.9697
current_data: 2.5491, 81059, 0.0008, 0.0000
current_data: 2.1701, 246638, 33.8615, 49772.7848
current_data: 2.3935, 4956922, 9.1345, 12633.1973
current_data: 1.0614, 5090453, 5.1632, 3991.8978
current_data: 0.3850, 19762013, 77.0489, 16573.2198
current_data: 2.5498, 84364, 0.0010, 0.0000
current_data: 2.1739, 225406, 34.2668, 46385.8904
current_data: 2.3927, 4921480, 9.1257, 12663.1975
current_data: 1.0578, 4979409, 5.1559, 4058.1482
current_data: 0.3850, 19711885, 77.0169, 16535.7196
current_data: 2.5495, 90668, 0.0014, 0.0000
current_data: 2.1727, 232560, 34.2681, 46157.7641
current_data: 2.3968, 4977997, 9.1250, 12673.8225
current_data: 1.0652, 5155091, 5.1473, 4069.3983
current_data: 0.3851, 19772796, 77.0011, 16706.9706
current_data: 2.5502, 84737, 0.0011, 0.0000
current_data: 2.0601, 817234, 33.4651, 44921.5070
current_data: 2.3971, 5083572, 9.1752, 12793.1982
current_data: 1.0324, 5026856, 5.0428, 3816.8968
current_data: 0.3830, 19766590, 77.0401, 16668.8454
current_data: 2.5499, 83437, 0.0010, 0.6250
current_data: 1.7654, 3616794, 32.7197, 57487.8289
current_data: 2.3826, 4726415, 8.8023, 12428.8211
current_data: 1.0514, 5092041, 5.1812, 3885.0222
current_data: 0.3841, 19719156, 77.0483, 16590.7199
current_data: 2.5488, 87127, 0.0012, 0.0000
current_data: 2.7699, 274628, 25.5107, 51054.0421
current_data: 2.4250, 4873183, 8.5926, 12618.8222
current_data: 1.0439, 5059011, 5.2499, 3893.7723
current_data: 0.3892, 18795175, 75.1087, 16773.8460
current_data: 2.5488, 90813, 0.0013, 0.0000
current_data: 2.5451, 286178, 25.4247, 51516.5448
current_data: 2.4635, 5087999, 7.9811, 11852.5678
current_data: 1.0232, 4946938, 5.0933, 3758.7715
current_data: 0.3830, 19692603, 76.9770, 16610.7200
current_data: 2.5484, 85283, 0.0011, 0.0000
current_data: 2.2235, 236023, 26.4858, 60931.5987
current_data: 2.4311, 5064267, 8.0131, 11238.1893
current_data: 1.0240, 4956112, 5.0433, 3650.0209
current_data: 0.3829, 19629383, 77.0171, 16496.3444
current_data: 2.5502, 80298, 0.0008, 0.0000
current_data: 2.2245, 228821, 26.4882, 60790.9728
current_data: 2.4426, 4942790, 7.9818, 11191.9390
current_data: 1.0355, 4977208, 5.1579, 3891.2723
current_data: 0.3835, 19573469, 77.0392, 16487.5943
current_data: 2.5507, 81739, 0.0009, 0.0000
current_data: 2.3320, 238622, 29.3862, 57164.0771
current_data: 2.4469, 5120560, 7.9893, 11384.4401
current_data: 1.0502, 5060592, 5.1489, 3853.1470
current_data: 0.3843, 19757750, 77.0342, 16680.7204
current_data: 2.5491, 87477, 0.0012, 0.0000
current_data: 2.4688, 247221, 31.9689, 54650.9377
current_data: 2.4812, 5116158, 8.0113, 11498.8158
current_data: 1.0523, 5093179, 5.1333, 3725.0213
current_data: 0.3844, 19748889, 77.0369, 16694.4705
current_data: 2.5503, 84584, 0.0010, 1.2500
current_data: 2.4692, 236529, 31.9675, 54622.8126
current_data: 2.4515, 5084925, 8.0066, 11303.1897
current_data: 1.0521, 5087673, 5.0931, 3980.0228
current_data: 0.3844, 19765354, 77.0297, 16648.2203
current_data: 2.5503, 82964, 0.0009, 0.0000
current_data: 2.4696, 234474, 31.9682, 54710.3131
current_data: 2.4703, 5035190, 7.9963, 11313.1897
current_data: 1.0530, 5100493, 5.1533, 3929.3975
current_data: 0.3843, 19726988, 77.0503, 16619.4701
current_data: 2.5499, 83903, 0.0010, 0.0000
current_data: 2.4681, 230174, 31.9693, 54600.3124
current_data: 2.4464, 5238368, 8.0519, 11393.8152
current_data: 1.0546, 5105147, 5.1530, 3934.3975
current_data: 0.3843, 19748490, 77.0500, 16606.3450
current_data: 2.5504, 83266, 0.0009, 0.0000
current_data: 2.4711, 231602, 31.9702, 54642.8127
current_data: 2.4277, 5140780, 8.4026, 11308.8147
current_data: 1.0526, 5098588, 5.1523, 3977.5228
current_data: 0.3843, 19746901, 77.0547, 16588.2199
current_data: 2.5500, 83452, 0.0009, 0.0000
current_data: 2.4699, 233161, 31.9708, 54675.3129
current_data: 2.4125, 5037526, 8.7226, 11372.5651
current_data: 1.0520, 5094623, 5.1349, 3958.1476
current_data: 0.3845, 19754978, 77.0160, 16578.8449
current_data: 2.5506, 82066, 0.0010, 0.0000
current_data: 2.4713, 233029, 31.9695, 54658.4378
current_data: 2.3857, 4953954, 9.1855, 12056.3190
current_data: 1.0533, 5083373, 5.1419, 3936.8975
current_data: 0.3845, 19736507, 77.0134, 16731.3457
current_data: 2.5491, 84467, 0.0011, 0.0000
current_data: 2.2877, 241376, 31.6441, 50977.1667
current_data: 2.3700, 4902072, 9.1479, 12285.6953
current_data: 1.0581, 5098912, 5.1539, 3985.6478
current_data: 0.3845, 19716561, 77.0270, 16518.2195
current_data: 2.5493, 86119, 0.0011, 0.0000
current_data: 2.5592, 253260, 24.9754, 46062.1386
current_data: 2.3861, 4949132, 9.1406, 12689.4476
current_data: 1.0561, 5107080, 5.1642, 3962.5227
current_data: 0.3843, 19684565, 77.0176, 16560.7198
current_data: 2.5487, 92234, 0.0016, 0.0000
current_data: 2.5424, 255889, 24.9781, 45645.8862
current_data: 2.3793, 4934312, 9.1953, 12612.5722
current_data: 1.0540, 5108126, 5.1303, 3890.0223
current_data: 0.3899, 18832432, 75.1204, 16866.3465
current_data: 2.5494, 87816, 0.0012, 0.0000
current_data: 2.5558, 250121, 24.9738, 45985.8881
current_data: 2.3723, 4883457, 9.0827, 12558.1969
current_data: 1.0568, 5108047, 5.1263, 3901.8973
current_data: 0.3847, 19745958, 76.9951, 16630.7202
current_data: 2.5502, 80993, 0.0009, 0.0000
current_data: 2.5636, 242095, 24.9736, 46042.1385
current_data: 2.3767, 4866099, 9.1833, 12615.6972
current_data: 1.0586, 5137701, 5.2207, 3951.8976
current_data: 0.3845, 19759510, 77.0293, 16648.2203
current_data: 2.5499, 81654, 0.0009, 0.0000
current_data: 2.5192, 235276, 24.9780, 45383.3847
current_data: 2.3721, 4932025, 9.0877, 12492.5715
current_data: 1.0590, 5128462, 5.1745, 3973.1477
current_data: 0.3845, 19736915, 77.0538, 16691.9705
current_data: 2.5499, 82458, 0.0009, 0.0000
current_data: 2.4973, 242856, 24.9759, 44937.7571
current_data: 2.3772, 4863694, 9.1929, 12524.4467
current_data: 1.0576, 5082263, 5.0748, 3898.1473
current_data: 0.3844, 19756304, 77.0590, 16667.5954
current_data: 2.5499, 82088, 0.0009, 0.0000
current_data: 2.5684, 238910, 24.9777, 46185.8893
current_data: 2.3715, 5026063, 9.1324, 12648.8224
current_data: 1.0566, 5094808, 5.0931, 3836.2720
current_data: 0.3843, 19781750, 77.0528, 16731.3457
current_data: 2.5494, 84490, 0.0010, 0.0000
current_data: 2.5568, 246232, 24.9689, 46042.7635
current_data: 2.3795, 4808862, 9.1253, 12461.9463
current_data: 1.0533, 5086357, 5.1052, 3834.3969
current_data: 0.3845, 19747992, 77.0211, 16578.8449
current_data: 2.5503, 82307, 0.0009, 0.0000
current_data: 2.3309, 279942, 32.9242, 53707.1823
current_data: 2.3629, 4945888, 9.1577, 12620.6972
current_data: 1.0564, 5091309, 5.0238, 3860.6471
current_data: 0.3843, 19716732, 77.0433, 16573.2198
current_data: 2.5493, 86501, 0.0010, 0.0000
current_data: 2.4644, 251867, 31.9664, 54526.5620
current_data: 2.3699, 4837205, 9.2066, 12479.4464
current_data: 1.0529, 5105369, 5.1266, 3961.2727
current_data: 0.3844, 19751765, 77.0166, 16577.5949
current_data: 2.5498, 83047, 0.0009, 0.0000
current_data: 2.4625, 249085, 31.9662, 54482.1867
current_data: 2.3669, 4879336, 9.0806, 12484.4464
current_data: 1.0532, 5082319, 5.0962, 3836.2720
current_data: 0.3844, 19732604, 77.0366, 16544.4697
current_data: 2.5495, 82021, 0.0009, 0.0000
current_data: 2.4629, 245932, 31.9671, 54467.1867
current_data: 2.3652, 4936782, 9.2164, 12604.4471
current_data: 1.0516, 5092302, 5.1790, 3916.2724
current_data: 0.3843, 19754259, 77.0268, 16603.8450
current_data: 2.5490, 90604, 0.0014, 0.0000
current_data: 2.4619, 256618, 31.9675, 54464.6866
current_data: 2.3685, 4909711, 9.1174, 12464.4463
current_data: 1.0534, 5108901, 5.1139, 3933.1475
current_data: 0.3844, 19752833, 77.0136, 16728.2207
current_data: 2.5498, 87549, 0.0012, 0.0000
current_data: 2.4667, 253868, 31.9660, 54621.5625
current_data: 2.3622, 4874438, 9.1044, 12581.9470
current_data: 1.0513, 5067745, 5.0779, 3882.5222
current_data: 0.3842, 19744625, 77.0326, 16648.8453
current_data: 2.5481, 92774, 0.0015, 0.0000
current_data: 2.4644, 252831, 31.9673, 54510.3119
current_data: 2.3674, 4991825, 9.2185, 12611.9472
current_data: 1.0511, 5066955, 5.0654, 3926.8975
current_data: 0.3843, 19711297, 77.0572, 16601.9700
current_data: 2.5490, 86013, 0.0011, 0.0000
current_data: 2.4663, 242659, 31.9680, 54546.5621
current_data: 2.3690, 4881456, 9.1488, 12453.8213
current_data: 1.0588, 5094299, 5.0624, 3863.1471
current_data: 0.3902, 18823290, 75.1166, 16828.8463
current_data: 2.5499, 82335, 0.0009, 0.0000
current_data: 2.0866, 251283, 34.3729, 47187.1450
current_data: 2.3774, 4947778, 9.0766, 12570.0719
current_data: 1.0631, 5130899, 5.1103, 3966.2727
current_data: 0.3852, 19774617, 77.0045, 16630.7202
current_data: 2.5488, 88512, 0.0012, 0.0000
current_data: 2.1746, 240378, 34.2681, 46312.1400
current_data: 2.3817, 4959211, 9.1879, 12576.9470
current_data: 1.0664, 5139019, 5.0919, 3946.2726
current_data: 0.3851, 19736532, 77.0390, 16668.2204
current_data: 2.5503, 87695, 0.0012, 0.6250
current_data: 2.1753, 236539, 34.2682, 46296.5149
current_data: 2.3795, 5039905, 9.1154, 12672.5725
current_data: 1.0602, 5112274, 5.0495, 3838.1470
current_data: 0.3847, 19788061, 77.0302, 16721.3457
current_data: 2.5496, 83210, 0.0011, 0.0000
current_data: 2.2693, 4236841, 28.4080, 45072.7579
current_data: 2.3794, 4935121, 9.1478, 12483.1964
current_data: 1.0282, 4963372, 5.1185, 3871.2722
current_data: 0.3830, 19663493, 77.0696, 16576.9699
current_data: 2.5502, 81464, 0.0009, 0.0000
current_data: 1.7999, 393408, 34.3258, 58352.2089
current_data: 2.3366, 4827604, 9.2038, 12345.6956
current_data: 1.0539, 5070220, 5.0962, 3877.5222
current_data: 0.3842, 19704122, 77.0514, 16630.0952
current_data: 2.5491, 84476, 0.0010, 0.0000
current_data: 2.7581, 288641, 25.3940, 50579.6644
current_data: 2.3690, 4927835, 9.1053, 12553.1968
current_data: 1.0454, 5013984, 5.0913, 3843.7720
current_data: 0.3837, 19593779, 77.0300, 16482.5943
current_data: 2.5491, 83516, 0.0009, 0.0000
current_data: 2.4461, 248984, 25.7169, 53365.9304
current_data: 2.3506, 4894670, 9.1320, 12466.9463
current_data: 1.0228, 4954013, 5.1124, 3710.0212
current_data: 0.3828, 19694271, 77.0252, 16510.7195
current_data: 2.5484, 83473, 0.0009, 0.0000
current_data: 2.2222, 223578, 26.4861, 61054.0994
current_data: 2.3271, 4830832, 9.2016, 12375.0708
current_data: 1.0213, 4926500, 5.2792, 3744.3964
current_data: 0.3827, 19630791, 77.0203, 16523.8446
current_data: 2.5483, 91087, 0.0013, 0.0000
current_data: 2.2194, 229311, 26.4880, 60828.4731
current_data: 2.3189, 4897119, 9.1759, 12426.3211
current_data: 1.0429, 5065935, 5.1787, 3847.5220
current_data: 0.3838, 19700104, 77.0357, 16521.9695
current_data: 2.5498, 88756, 0.0012, 0.0000
current_data: 2.3764, 238833, 30.4198, 56114.0711
current_data: 2.3631, 4874873, 9.2462, 12535.0717
current_data: 1.0542, 5113003, 5.0880, 3755.6465
current_data: 0.3844, 19750330, 76.9963, 16580.7199
current_data: 2.5490, 91067, 0.0015, 0.0000
current_data: 2.4671, 243314, 31.9676, 54485.9368
current_data: 2.3758, 4891313, 9.1017, 12463.1963
current_data: 1.0499, 5069108, 5.1385, 3827.5219
current_data: 0.3845, 19730488, 76.9807, 16645.7202
current_data: 2.5490, 91650, 0.0014, 0.0000
current_data: 2.4656, 239071, 31.9669, 54419.0614
current_data: 2.3680, 4980537, 9.1453, 12600.6971
current_data: 1.0525, 5071801, 5.1288, 3897.5223
current_data: 0.3845, 19777476, 77.0113, 16661.3453
current_data: 2.5509, 81092, 0.0008, 0.0000
current_data: 2.4686, 224903, 31.9694, 54660.9378
current_data: 2.3745, 4842399, 9.1782, 12433.8211
current_data: 1.0513, 5076036, 5.1320, 3961.8977
current_data: 0.3843, 19749639, 77.0438, 16591.9699
current_data: 2.5513, 81553, 0.0008, 0.0000
current_data: 2.4680, 224543, 31.9690, 54615.3125
current_data: 2.3691, 4895235, 9.1074, 12496.3215
current_data: 1.0525, 5079917, 5.1209, 4002.5229
current_data: 0.3895, 18809086, 75.1385, 16832.5963
current_data: 2.5497, 82793, 0.0009, 0.0000
current_data: 2.4686, 230493, 31.9683, 54634.0626
current_data: 2.3665, 5033600, 9.2016, 12563.8219
current_data: 1.0537, 5085009, 5.0640, 3891.2723
current_data: 0.3845, 19795108, 76.9979, 16621.3451
current_data: 2.5488, 84066, 0.0010, 0.0000
current_data: 2.4703, 225634, 31.9702, 54639.6877
current_data: 2.3733, 4806178, 9.1728, 12465.6963
current_data: 1.0518, 5093429, 5.1793, 3821.8969
current_data: 0.3845, 19688687, 77.0244, 16606.9700
current_data: 2.5504, 81235, 0.0009, 0.0000
current_data: 2.4705, 224888, 31.9690, 54344.0610
current_data: 2.3754, 4908842, 9.1183, 12524.4467
current_data: 1.0542, 5089330, 5.1058, 3761.8965
current_data: 0.3842, 19695717, 77.0562, 16616.3451
current_data: 2.5493, 85086, 0.0010, 0.0000
current_data: 2.2965, 241006, 30.2041, 49352.7824
current_data: 2.3780, 4994548, 9.2235, 12597.5721
current_data: 1.0557, 5111126, 5.1197, 3958.7727
current_data: 0.3842, 19657202, 77.0812, 16651.9703
current_data: 2.5501, 83729, 0.0010, 0.0000
current_data: 2.5579, 244923, 24.9773, 45885.8876
current_data: 2.3779, 4902783, 9.1480, 12531.3217
current_data: 1.0519, 5084239, 5.1536, 4028.1480
current_data: 0.3843, 19689269, 77.0472, 16685.7205
current_data: 2.5496, 80472, 0.0008, 0.0000
current_data: 2.5441, 233212, 24.9793, 45720.2616
current_data: 2.3782, 5019112, 9.1146, 12656.9474
current_data: 1.0554, 4857863, 5.0827, 3721.8963
current_data: 0.3845, 19731254, 77.0128, 16548.8447
current_data: 2.5492, 89445, 0.0013, 0.0000
current_data: 2.5559, 249506, 24.9740, 45812.1371
current_data: 2.3814, 4887229, 9.1936, 12458.1963
current_data: 1.0544, 5054843, 5.1298, 3946.8976
current_data: 0.3844, 19704786, 77.0296, 16563.2198
current_data: 2.5493, 86010, 0.0011, 0.0000
current_data: 2.5622, 242885, 24.9757, 45853.3874
current_data: 2.3772, 4968827, 9.1168, 12571.9469
current_data: 1.0591, 5111419, 5.1336, 3855.6471
current_data: 0.3846, 19741787, 77.0210, 16703.8456
current_data: 2.5503, 80236, 0.0008, 0.0000
current_data: 2.4729, 231937, 24.9804, 44497.7546
current_data: 2.3788, 4927808, 9.2383, 12571.3219
current_data: 1.0568, 5110486, 5.1638, 3931.8975
current_data: 0.3844, 19682695, 77.0223, 16574.4698
current_data: 2.5492, 87731, 0.0013, 0.0000
current_data: 2.5437, 248253, 24.9769, 45607.1360
current_data: 2.3800, 5002033, 9.1292, 12501.3215
current_data: 1.0556, 5103485, 5.1192, 4025.6480
current_data: 0.3845, 19690076, 76.9947, 16590.0949
current_data: 2.5490, 90304, 0.0015, 0.0000
current_data: 2.5607, 251716, 24.9758, 45929.0128
current_data: 2.3776, 5006993, 9.1633, 12528.1967
current_data: 1.0588, 5077730, 5.1522, 3956.2726
current_data: 0.3845, 19631953, 77.0449, 16548.8447
current_data: 2.5499, 84824, 0.0010, 0.0000
current_data: 2.3325, 232941, 25.7637, 42580.2436
current_data: 2.3823, 5152309, 9.1284, 12693.1976
current_data: 1.0542, 5090794, 5.1361, 3961.2727
current_data: 0.3844, 19711276, 77.0289, 16635.0952
current_data: 2.5497, 80758, 0.0008, 0.0000
current_data: 2.4641, 251521, 31.9701, 54485.3118
current_data: 2.3675, 5021213, 9.2478, 12526.9467
current_data: 1.0543, 5086318, 5.1375, 4011.2730
current_data: 0.3843, 19659207, 77.0411, 16579.4699
current_data: 2.5495, 81631, 0.0009, 0.0000
current_data: 2.4624, 250340, 31.9679, 54275.3106
current_data: 2.3705, 5008143, 9.2089, 12485.6964
current_data: 1.0522, 5054501, 5.1559, 3858.7721
current_data: 0.3893, 18773687, 75.1396, 16796.9711
current_data: 2.5493, 81497, 0.0009, 0.0000
current_data: 2.4629, 236440, 31.9700, 54409.6863
current_data: 2.3733, 4956434, 9.2309, 12515.0716
current_data: 1.0545, 5095679, 5.0725, 3858.1471
current_data: 0.3845, 19730765, 77.0113, 16599.4700
current_data: 2.5500, 80856, 0.0009, 0.0000
current_data: 2.4642, 240079, 31.9688, 54428.4364
current_data: 2.3629, 5044457, 9.1887, 12505.6966
current_data: 1.0529, 5088840, 5.1225, 3925.0225
current_data: 0.3845, 19737139, 77.0066, 16640.0952
current_data: 2.5494, 79995, 0.0008, 0.0000
current_data: 2.4643, 232739, 31.9718, 54487.8118
current_data: 2.3730, 5078153, 9.1303, 12510.6966
current_data: 1.0535, 5108603, 5.2072, 3977.5228
current_data: 0.3843, 19678715, 77.0554, 16568.8448
current_data: 2.5496, 78909, 0.0008, 0.0000
current_data: 2.4663, 234199, 31.9713, 54442.8115
current_data: 2.3699, 5139564, 9.1755, 12594.4471
current_data: 1.0552, 5098270, 5.1180, 3950.0226
current_data: 0.3843, 19719337, 77.0398, 16635.0952
current_data: 2.5500, 80129, 0.0009, 0.0000
current_data: 2.4668, 232240, 31.9691, 54622.8126
current_data: 2.3722, 5205995, 9.2484, 12610.6972
current_data: 1.0524, 5107479, 5.1711, 3906.2724
current_data: 0.3843, 19720902, 77.0519, 16683.8455
current_data: 2.5501, 80984, 0.0007, 0.0000
current_data: 2.4664, 235162, 31.9698, 54542.1871
current_data: 2.3754, 5117093, 9.1543, 12540.6968
current_data: 1.0618, 5141452, 5.1463, 3934.3975
current_data: 0.3849, 19759928, 77.0282, 16599.4700
current_data: 2.5495, 82592, 0.0009, 0.0000
current_data: 2.0492, 248575, 34.7466, 46332.1401
current_data: 2.3817, 5308256, 9.1806, 12661.3224
current_data: 1.0647, 5145257, 5.0481, 3900.6473
current_data: 0.3850, 19711324, 77.0598, 16570.0948
current_data: 2.5500, 83288, 0.0009, 0.6250
current_data: 2.1765, 226796, 34.2671, 46304.0150
current_data: 2.3897, 5139306, 9.1886, 12484.4464
current_data: 1.0611, 5088503, 5.2153, 4032.5231
current_data: 0.3851, 19706943, 76.9969, 16695.0955
current_data: 2.5483, 91873, 0.0015, 0.0000
current_data: 2.1753, 239645, 34.2654, 46237.1396
current_data: 2.3844, 5322004, 9.1391, 12684.4476
current_data: 1.0556, 5082647, 5.1644, 3923.1474
current_data: 0.3845, 19744718, 77.0023, 16564.4698
current_data: 2.5474, 92710, 0.0015, 0.0000
current_data: 2.1976, 5729665, 27.8995, 45499.6354
current_data: 2.3784, 5161032, 9.2240, 12548.1968
current_data: 1.0340, 4998167, 5.0653, 3820.0219
current_data: 0.3833, 19702873, 77.0276, 16535.0946
current_data: 2.5502, 81891, 0.0009, 0.0000
current_data: 2.1656, 407107, 29.6204, 57125.9519
current_data: 2.3459, 5128031, 9.2173, 12519.4466
current_data: 1.0545, 5106857, 5.0991, 3820.0219
current_data: 0.3843, 19742629, 77.0209, 16673.2204
current_data: 2.5501, 84857, 0.0011, 0.0000
current_data: 2.7449, 293789, 25.3136, 50285.2877
current_data: 2.3759, 5222634, 9.1381, 12548.8218
current_data: 1.0405, 5032903, 5.1551, 3908.1474
current_data: 0.3836, 19691345, 77.0154, 16606.9700
current_data: 2.5496, 84511, 0.0010, 0.0000
current_data: 2.3712, 253677, 25.9469, 54918.4392
current_data: 2.3485, 5098640, 9.2153, 12432.5711
current_data: 1.0256, 4946011, 5.0825, 3848.7720
current_data: 0.3827, 19661991, 77.0240, 16603.8450
current_data: 2.5492, 86096, 0.0010, 0.0000
current_data: 2.2217, 229863, 26.4886, 60962.2238
current_data: 2.3311, 5194229, 9.2743, 12518.8216
current_data: 1.0201, 4944710, 5.1547, 3793.7717
current_data: 0.3882, 18793067, 75.1674, 16756.9709
current_data: 2.5491, 88212, 0.0012, 0.0000
current_data: 2.2178, 240695, 26.4858, 60745.3476
current_data: 2.3256, 5099451, 9.1804, 12314.4455
current_data: 1.0512, 5071751, 5.0826, 3933.7725
current_data: 0.3842, 19757038, 77.0112, 16680.0954
current_data: 2.5502, 82468, 0.0008, 0.0000
current_data: 2.4030, 242910, 31.0908, 55122.1904
current_data: 2.3632, 5163805, 9.1793, 12556.3218
current_data: 1.0530, 5050925, 5.0855, 3808.1468
current_data: 0.3845, 19607329, 77.0186, 16543.2197
current_data: 2.5493, 83476, 0.0008, 0.0000
current_data: 2.4671, 237139, 31.9702, 54300.9357
current_data: 2.3774, 5209420, 9.1655, 12515.0716
current_data: 1.0509, 5080139, 5.1240, 3831.8969
current_data: 0.3843, 19694465, 77.0342, 16631.3452
current_data: 2.5491, 85235, 0.0011, 0.0000
current_data: 2.4669, 237300, 31.9684, 54524.0620
current_data: 2.3772, 5244305, 9.1281, 12568.8219
current_data: 1.0531, 5071326, 5.0015, 3851.8970
current_data: 0.3843, 19723995, 77.0176, 16574.4698
current_data: 2.5485, 88970, 0.0011, 0.0000
current_data: 2.4658, 240600, 31.9662, 54532.8120
current_data: 2.3725, 5270706, 9.1471, 12671.9475
current_data: 1.0495, 5098419, 5.1571, 3839.3970
current_data: 0.3842, 19688629, 77.0299, 16652.5953
current_data: 2.5484, 93400, 0.0015, 0.0000
current_data: 2.4640, 247039, 31.9686, 54294.0607
current_data: 2.3780, 5353220, 9.2670, 12659.4474
current_data: 1.0521, 5057581, 5.1281, 3810.0218
current_data: 0.3844, 19739826, 77.0420, 16601.3450
current_data: 2.5496, 85516, 0.0010, 0.0000
current_data: 2.4683, 237299, 31.9712, 54642.1877
current_data: 2.3791, 5247233, 9.1580, 12542.5718
current_data: 1.0541, 5057413, 5.0873, 3801.2718
current_data: 0.3841, 19702386, 77.0540, 16516.9695
current_data: 2.5484, 92763, 0.0015, 0.0000
current_data: 2.4663, 247171, 31.9678, 54577.1873
current_data: 2.3741, 5350758, 9.1498, 12718.8228
current_data: 1.0540, 5087637, 5.0957, 3875.0222
current_data: 0.3843, 19739119, 77.0226, 16592.5949
current_data: 2.5487, 88068, 0.0015, 0.0000
current_data: 2.4680, 244321, 31.9679, 54584.6873
current_data: 2.3723, 5256428, 9.2643, 12581.9470
current_data: 1.0529, 5091670, 5.1065, 3836.8970
current_data: 0.3844, 19731559, 77.0474, 16523.8446
current_data: 2.5501, 82121, 0.0008, 0.0000
current_data: 2.2965, 240979, 29.4335, 48209.0259
current_data: 2.3825, 5296182, 9.1436, 12536.3217
current_data: 1.0564, 5087422, 5.1643, 3951.8976
current_data: 0.3844, 19695822, 77.0470, 16537.5946
current_data: 2.5515, 80388, 0.0008, 0.0000
current_data: 2.5495, 245883, 24.9776, 45789.0120
current_data: 2.3846, 5372960, 9.1708, 12733.8229
current_data: 1.0563, 5089548, 5.0973, 3758.1465
current_data: 0.3845, 19709203, 77.0123, 16640.7202
current_data: 2.5492, 82150, 0.0008, 0.0000
current_data: 2.5452, 252614, 24.9753, 45701.5115
current_data: 2.3881, 5194973, 9.2123, 12543.1968
current_data: 1.0610, 5114756, 5.0430, 3892.5223
current_data: 0.3846, 19771744, 77.0021, 16613.2201
current_data: 2.5495, 79814, 0.0008, 0.0000
current_data: 2.5603, 248038, 24.9747, 46095.8888
current_data: 2.4117, 5294487, 8.8646, 12733.1979
current_data: 1.0609, 5148574, 5.1284, 3945.0226
current_data: 0.3846, 19766824, 77.0138, 16671.9704
current_data: 2.5501, 81327, 0.0008, 0.0000
current_data: 2.5547, 244846, 24.9744, 46014.6383
current_data: 2.4387, 5290996, 8.3652, 12485.0714
current_data: 1.0577, 5123592, 5.1411, 3910.0224
current_data: 0.3897, 18826068, 75.1081, 16788.2211
current_data: 2.5494, 82665, 0.0009, 0.0000
current_data: 2.4684, 237749, 24.9790, 44450.2543
current_data: 2.4643, 5465060, 7.9899, 12098.1942
current_data: 1.0557, 5131145, 5.1749, 3949.3976
current_data: 0.3844, 19743159, 77.0158, 16650.7203
current_data: 2.5488, 90097, 0.0013, 0.0000
current_data: 2.5449, 255421, 24.9760, 45690.2614
current_data: 2.4618, 5418393, 8.0170, 11452.5655
current_data: 1.0579, 5094350, 5.0769, 3898.1473
current_data: 0.3844, 19659022, 77.0379, 16586.3449
current_data: 2.5510, 80889, 0.0009, 0.0000
current_data: 2.5598, 247398, 24.9752, 45927.1378
current_data: 2.4628, 5448390, 7.9937, 11293.8146
current_data: 1.0572, 5119250, 5.0901, 3895.0223
current_data: 0.3845, 19731210, 77.0269, 16665.7204
current_data: 2.5506, 80370, 0.0009, 0.0000
current_data: 2.3248, 269945, 26.9348, 45121.5082
current_data: 2.4616, 5507420, 8.0490, 11392.5652
current_data: 1.0560, 5062257, 5.0554, 3813.7718
current_data: 0.3843, 19698209, 77.0436, 16652.5953
current_data: 2.5502, 81917, 0.0009, 0.0000
current_data: 2.4665, 250211, 31.9679, 54526.5620
current_data: 2.4774, 5477248, 8.0741, 11476.3157
current_data: 1.0556, 5125084, 4.9882, 3847.5220
current_data: 0.3843, 19734590, 77.0493, 16669.4704
current_data: 2.5504, 80466, 0.0008, 0.0000
current_data: 2.4663, 251177, 31.9633, 54517.8120
current_data: 2.4811, 5505868, 7.9690, 11551.9411
current_data: 1.0495, 5094944, 5.1429, 3821.8969
current_data: 0.3844, 19737235, 77.0031, 16561.3448
current_data: 2.5491, 88749, 0.0013, 0.0000
current_data: 2.4638, 257620, 31.9674, 54460.9366
current_data: 2.4781, 5522823, 8.0932, 11503.1908
current_data: 1.0445, 4942207, 5.2397, 4018.1480
current_data: 0.3841, 19711329, 77.0366, 16556.3447
current_data: 2.5490, 90524, 0.0015, 0.0000
current_data: 2.4631, 261657, 31.9641, 54419.6864
current_data: 2.4793, 5376299, 7.9969, 11388.8152
current_data: 1.0549, 5092713, 5.2115, 4068.7733
current_data: 0.3844, 19729431, 77.0276, 16648.2203
current_data: 2.5502, 82394, 0.0011, 0.0000
current_data: 2.4663, 242621, 31.9676, 54531.5620
current_data: 2.4663, 5573389, 8.0360, 11518.1909
current_data: 1.0529, 5088391, 5.1919, 3936.8975
current_data: 0.3844, 19732652, 77.0380, 16574.4698
current_data: 2.5513, 81563, 0.0008, 0.0000
current_data: 2.4698, 238621, 31.9684, 54660.9378
current_data: 2.4453, 5653770, 8.5154, 11450.6905
current_data: 1.0540, 5088184, 5.0554, 3967.5227
current_data: 0.3843, 19693022, 77.0556, 16561.9698
current_data: 2.5491, 81169, 0.0009, 0.0000
current_data: 2.4687, 236255, 31.9674, 54618.4375
current_data: 2.4234, 5519234, 8.6740, 11401.3152
current_data: 1.0538, 5088802, 5.1601, 4000.0229
current_data: 0.3843, 19665662, 77.0503, 16558.8448
current_data: 2.5510, 83487, 0.0010, 0.0000
current_data: 2.4685, 243358, 31.9671, 54482.1867
current_data: 2.4139, 5552164, 8.9567, 11823.1927
current_data: 1.0634, 5108576, 5.0761, 3902.5223
current_data: 0.3851, 19751696, 77.0196, 16556.9697
current_data: 2.5499, 82955, 0.0010, 0.0000
current_data: 2.0170, 236626, 35.1954, 45452.7601
current_data: 2.4048, 5324004, 9.2434, 12331.3206
current_data: 1.0647, 5148723, 5.1390, 3779.3966
current_data: 0.3850, 19735707, 77.0587, 16605.7200
current_data: 2.5493, 82098, 0.0009, 0.0000
current_data: 2.1781, 223299, 34.2692, 46446.5158
current_data: 2.3959, 5398983, 9.1327, 12775.0731
current_data: 1.0688, 5135146, 5.0607, 3949.3976
current_data: 0.3905, 18789980, 75.1693, 16769.4710
current_data: 2.5501, 81897, 0.0008, 0.0000
current_data: 2.1775, 220386, 34.2676, 46203.3894
current_data: 2.4082, 5334781, 9.1929, 12718.1978
current_data: 1.0502, 5097450, 5.1401, 4009.3979
current_data: 0.3842, 19752818, 77.0049, 16693.2205
current_data: 2.5499, 83073, 0.0009, 0.0000
current_data: 1.9174, 5668203, 31.2119, 49033.4056
current_data: 2.3644, 5216394, 9.1809, 12611.9472
current_data: 1.0417, 5021823, 5.0670, 3663.1460
current_data: 0.3835, 19704126, 77.0426, 16608.2200
current_data: 2.5507, 83508, 0.0010, 0.0000
current_data: 2.6152, 447692, 25.6810, 55539.0678
current_data: 2.3688, 5237027, 9.1793, 12584.4470
current_data: 1.0530, 5106861, 5.1568, 3905.6473
current_data: 0.3843, 19719051, 77.0306, 16646.3453
current_data: 2.5507, 81941, 0.0009, 0.0000
current_data: 2.7324, 295655, 25.2130, 49729.0346
current_data: 2.3813, 5366517, 9.1959, 12671.3225
current_data: 1.0348, 5024195, 5.0806, 3751.8965
current_data: 0.3832, 19690142, 77.0290, 16533.8446
current_data: 2.5499, 86514, 0.0010, 0.0000
current_data: 2.2887, 254773, 26.2395, 56830.9502
current_data: 2.3470, 5181486, 9.1669, 12558.1969
current_data: 1.0246, 4957894, 5.0854, 3770.6466
current_data: 0.3825, 19662643, 77.0318, 16556.3447
current_data: 2.5477, 90565, 0.0013, 0.0000
current_data: 2.2210, 242421, 26.4833, 60960.3488
current_data: 2.3421, 5240072, 9.2602, 12536.3217
current_data: 1.0238, 4963888, 5.1200, 3805.0218
current_data: 0.3827, 19669741, 77.0250, 16561.9698
current_data: 2.5486, 86843, 0.0012, 0.0000
current_data: 2.2229, 239551, 26.4838, 61038.4743
current_data: 2.3489, 5184487, 9.2357, 12365.0708
current_data: 1.0478, 5054875, 5.1525, 3985.0228
current_data: 0.3840, 19700158, 77.0608, 16581.3449
current_data: 2.5498, 90543, 0.0014, 0.0000
current_data: 2.4451, 250152, 31.8983, 54267.1855
current_data: 2.4023, 5330963, 9.1898, 12771.3231
current_data: 1.0528, 5088951, 5.1087, 3903.7723
current_data: 0.3844, 19760104, 77.0293, 16623.2201
current_data: 2.5507, 80619, 0.0008, 0.0000
current_data: 2.4660, 233169, 31.9693, 54552.8122
current_data: 2.3869, 5260395, 9.1496, 12625.0722
current_data: 1.0555, 5075899, 5.0441, 3860.0221
current_data: 0.3844, 19695398, 77.0377, 16622.5951
current_data: 2.5507, 79919, 0.0008, 0.0000
current_data: 2.4663, 231421, 31.9669, 54422.8114
current_data: 2.3830, 5332820, 9.1261, 12764.4480
current_data: 1.0535, 5073200, 5.1723, 3853.7721
current_data: 0.3844, 19745339, 77.0349, 16595.0950
current_data: 2.5495, 81889, 0.0009, 0.0000
current_data: 2.4653, 227105, 31.9711, 54540.9371
current_data: 2.3795, 5310626, 9.2757, 12639.4473
current_data: 1.0534, 5087965, 5.1438, 3921.2724
current_data: 0.3845, 19754725, 77.0115, 16582.5949
current_data: 2.5506, 79586, 0.0008, 0.0000
current_data: 2.4653, 231500, 31.9698, 54550.3121
current_data: 2.3921, 5294134, 9.1366, 12819.4484
current_data: 1.0518, 5064677, 5.0636, 3963.7727
current_data: 0.3843, 19732242, 77.0131, 16583.2199
current_data: 2.5488, 88055, 0.0012, 0.0000
current_data: 2.4677, 244138, 31.9660, 54532.8120
current_data: 2.3804, 5343145, 9.2659, 12666.3225
current_data: 1.0535, 5104662, 5.0485, 3719.3963
current_data: 0.3843, 19743081, 77.0555, 16658.8453
current_data: 2.5490, 83928, 0.0010, 0.0000
current_data: 2.4689, 234292, 31.9696, 54604.0624
current_data: 2.3890, 5332876, 9.1151, 12653.8224
current_data: 1.0529, 5060192, 5.0233, 3835.6469
current_data: 0.3899, 18845566, 75.1687, 16783.2210
current_data: 2.5493, 82758, 0.0009, 0.0000
current_data: 2.4672, 233392, 31.9687, 54559.0622
current_data: 2.3803, 5353165, 9.2768, 12708.8227
current_data: 1.0572, 5114848, 5.0747, 3863.1471
current_data: 0.3845, 19749950, 77.0114, 16645.0952
current_data: 2.5495, 84741, 0.0010, 0.0000
current_data: 2.3259, 249843, 28.0288, 46905.8934
current_data: 2.3950, 5367776, 9.1129, 12690.6976
current_data: 1.0569, 5116181, 5.1159, 3900.0223
current_data: 0.3844, 19732274, 77.0335, 16735.7208
current_data: 2.5495, 81495, 0.0009, 0.0000
current_data: 2.5552, 243456, 24.9791, 45828.3872
current_data: 2.3901, 5314290, 9.2466, 12708.1977
current_data: 1.0559, 5101692, 5.0426, 3776.2716
current_data: 0.3844, 19641980, 77.0356, 16615.0951
current_data: 2.5489, 84171, 0.0011, 0.0000
current_data: 2.5499, 246890, 24.9758, 45530.8855
current_data: 2.3963, 5221454, 9.1285, 12620.0722
current_data: 1.0583, 5103348, 5.0596, 3925.0225
current_data: 0.3842, 19725183, 77.0399, 16572.5948
current_data: 2.5476, 86893, 0.0013, 0.0000
current_data: 2.5586, 259869, 24.9713, 45889.6376
current_data: 2.3891, 5392873, 9.2426, 12750.0730
current_data: 1.0561, 5096722, 5.1951, 3896.2723
current_data: 0.3842, 19738069, 77.0424, 16605.7200
current_data: 2.5475, 90861, 0.0014, 0.0000
current_data: 2.5492, 252572, 24.9742, 45739.6367
current_data: 2.3963, 5395879, 9.1052, 12673.8225
current_data: 1.0566, 5122930, 5.1366, 3915.6474
current_data: 0.3846, 19768359, 77.0074, 16698.8456
current_data: 2.5497, 83999, 0.0009, 0.0000
current_data: 2.4777, 245585, 24.9726, 44550.8799
current_data: 2.3987, 5309921, 9.2024, 12658.8224
current_data: 1.0567, 5102395, 5.1174, 3950.0226
current_data: 0.3843, 19726630, 77.0461, 16606.3450
current_data: 2.5498, 85695, 0.0011, 0.0000
current_data: 2.5461, 247847, 24.9773, 45642.7612
current_data: 2.3950, 5437292, 9.1711, 12765.6980
current_data: 1.0622, 5109448, 5.0162, 3927.5225
current_data: 0.3845, 19734414, 77.0180, 16553.2197
current_data: 2.5496, 78818, 0.0008, 0.0000
current_data: 2.5577, 238301, 24.9746, 46025.8884
current_data: 2.3922, 5191951, 9.1809, 12566.3219
current_data: 1.0594, 5083317, 4.9879, 3723.7713
current_data: 0.3845, 19699482, 77.0301, 16605.7200
current_data: 2.5493, 79548, 0.0008, 0.0000
current_data: 2.2786, 262076, 28.2410, 44884.6318
current_data: 2.3915, 5421817, 9.1551, 12812.5733
current_data: 1.0537, 5073184, 5.1522, 3956.8976
current_data: 0.3845, 19717159, 77.0221, 16528.8446
current_data: 2.5497, 80943, 0.0007, 0.0000
current_data: 2.4645, 246279, 31.9708, 54445.3115
current_data: 2.3890, 5280695, 9.2396, 12593.8221
current_data: 1.0519, 5096576, 5.1020, 3932.5225
current_data: 0.3843, 19722871, 77.0519, 16653.2203
current_data: 2.5503, 82265, 0.0009, 0.0000
current_data: 2.4630, 244137, 31.9708, 54480.9367
current_data: 2.3858, 5261595, 9.1658, 12634.4473
current_data: 1.0540, 5065018, 5.0430, 3890.0223
current_data: 0.3845, 19734679, 77.0126, 16611.3451
current_data: 2.5490, 82968, 0.0009, 0.0000
current_data: 2.4623, 249442, 31.9679, 54397.1863
current_data: 2.3841, 5381593, 9.1757, 12752.5730
current_data: 1.0515, 5066147, 5.1536, 3781.2716
current_data: 0.3844, 19693781, 77.0331, 16571.9698
current_data: 2.5496, 83879, 0.0010, 0.0000
current_data: 2.4612, 244333, 31.9701, 54300.9357
current_data: 2.3861, 5296928, 9.2900, 12617.5722
current_data: 1.0515, 5121214, 5.1897, 3854.3971
current_data: 0.3899, 18853768, 75.1476, 16821.9713
current_data: 2.5500, 82592, 0.0009, 0.0000
current_data: 2.4627, 247016, 31.9716, 54554.0622
current_data: 2.3883, 5285307, 9.1175, 12658.8224
current_data: 1.0567, 5104634, 5.0995, 3925.6475
current_data: 0.3845, 19773343, 77.0011, 16624.4701
current_data: 2.5490, 82738, 0.0009, 0.0000
current_data: 2.4643, 250469, 31.9703, 54588.4374
current_data: 2.3874, 5336392, 9.2632, 12731.3228
current_data: 1.0497, 5065789, 5.1739, 3975.6477
current_data: 0.3844, 19725486, 77.0080, 16582.5949
current_data: 2.5488, 87443, 0.0013, 0.0000
current_data: 2.4628, 253501, 31.9696, 54605.9375
current_data: 2.3874, 5313556, 9.2155, 12602.5721
current_data: 1.0500, 5082058, 5.1548, 3882.5222
current_data: 0.3844, 19753656, 77.0310, 16716.3457
current_data: 2.5498, 90019, 0.0014, 0.0000
current_data: 2.4145, 255748, 31.9246, 53511.5562
current_data: 2.3886, 5436489, 9.2064, 12806.9483
current_data: 1.0624, 5136196, 5.1287, 3902.5223
current_data: 0.3851, 19790398, 77.0107, 16656.9703
current_data: 2.5498, 84857, 0.0011, 0.0000
current_data: 2.1756, 248042, 34.2693, 46380.2654
current_data: 2.4019, 5285230, 9.1675, 12645.6974
current_data: 1.0627, 5150932, 5.2123, 4053.7732
current_data: 0.3851, 19764987, 77.0482, 16666.9704
current_data: 2.5498, 81144, 0.0009, 0.0000
current_data: 2.1764, 235433, 34.2685, 46397.1405
current_data: 2.4023, 5335354, 9.2271, 12752.5730
current_data: 1.0660, 5113172, 5.1006, 3996.2729
current_data: 0.3852, 19728701, 77.0237, 16619.4701
current_data: 2.5501, 81876, 0.0008, 0.0000
current_data: 2.1158, 239369, 34.4414, 45426.5099
current_data: 2.3642, 5679232, 9.1966, 12607.5721
current_data: 1.0417, 5032009, 5.1308, 3753.1465
current_data: 0.3836, 19712831, 77.0462, 16586.3449
current_data: 2.5499, 82783, 0.0010, 0.0000
current_data: 1.6937, 5701300, 33.5973, 51242.7932
current_data: 2.3447, 5523841, 9.2787, 12403.1960
current_data: 1.0451, 5055915, 5.1289, 3910.6474
current_data: 0.3839, 19750965, 77.0291, 16619.4701
current_data: 2.5496, 84781, 0.0009, 0.0000
current_data: 2.6982, 340594, 25.5983, 54235.9353
current_data: 2.3445, 5676630, 9.2416, 12580.6970
current_data: 1.0551, 5076433, 5.0787, 3845.6470
current_data: 0.3844, 19714765, 77.0327, 16636.3452
current_data: 2.5494, 83800, 0.0009, 0.0000
current_data: 2.7194, 300764, 25.1207, 49325.9072
current_data: 2.3696, 5630173, 9.2299, 12592.5721
current_data: 1.0327, 4986717, 5.0773, 3768.1466
current_data: 0.3829, 19666860, 77.0500, 16409.4689
current_data: 2.5493, 83432, 0.0009, 0.0000
current_data: 2.2143, 246736, 26.5355, 58729.0861
current_data: 2.3211, 5540825, 9.2739, 12450.6962
current_data: 1.0249, 4975996, 5.0726, 3723.1463
current_data: 0.3827, 19667366, 77.0406, 16533.2196
current_data: 2.5494, 83785, 0.0009, 0.0000
current_data: 2.2228, 224750, 26.4879, 61005.9741
current_data: 2.3157, 5475510, 9.2568, 12303.8204
current_data: 1.0245, 4979835, 5.0623, 3711.8962
current_data: 0.3826, 19669223, 77.0597, 16581.9699
current_data: 2.5500, 83627, 0.0009, 0.0000
current_data: 2.2157, 236996, 26.6708, 60440.3458
current_data: 2.3198, 5493952, 9.2488, 12388.1959
current_data: 1.0532, 5046654, 5.0621, 3825.0219
current_data: 0.3845, 19732552, 77.0393, 16560.0948
current_data: 2.5494, 82442, 0.0008, 0.0000
current_data: 2.4684, 230102, 31.9721, 54605.3125
current_data: 2.3728, 5645194, 9.1926, 12560.6969
current_data: 1.0534, 5094622, 5.0775, 3928.7725
current_data: 0.3848, 19656979, 76.7349, 16672.5954
current_data: 2.5506, 84798, 0.0009, 0.0000
current_data: 2.4668, 233394, 31.9705, 54550.3121
current_data: 2.3677, 5567444, 9.2531, 12573.1969
current_data: 1.0529, 5088482, 5.0772, 3807.5218
current_data: 0.3843, 19738041, 77.0173, 16701.9706
current_data: 2.5486, 88078, 0.0013, 0.0000
current_data: 2.4654, 241168, 31.9690, 54483.4368
current_data: 2.3629, 5679219, 9.1657, 12611.9472
current_data: 1.0512, 5088786, 5.1223, 3890.0223
current_data: 0.3845, 19730154, 76.9880, 16560.7198
current_data: 2.5487, 88105, 0.0013, 0.0000
current_data: 2.4649, 248761, 31.9673, 54359.6860
current_data: 2.3681, 5654263, 9.2324, 12515.6966
current_data: 1.0538, 5098060, 5.0912, 3806.2718
current_data: 0.3843, 19781899, 77.0306, 16690.7205
current_data: 2.5503, 81805, 0.0008, 0.0000
current_data: 2.4667, 238351, 31.9681, 54641.5627
current_data: 2.3650, 5589853, 9.2363, 12568.1969
current_data: 1.0520, 5035729, 5.0721, 3766.8966
current_data: 0.3845, 19749788, 76.9908, 16641.9702
current_data: 2.5496, 82210, 0.0010, 0.0000
current_data: 2.4682, 236341, 31.9692, 54567.8122
current_data: 2.3629, 5685853, 9.2225, 12590.0720
current_data: 1.0515, 5089078, 5.1795, 3964.3977
current_data: 0.3843, 19725956, 77.0268, 16625.0951
current_data: 2.5501, 87147, 0.0011, 0.0000
current_data: 2.4664, 236464, 31.9691, 54552.1872
current_data: 2.3646, 5614863, 9.1911, 12538.1967
current_data: 1.0522, 5089743, 5.1692, 3936.8975
current_data: 0.3843, 19749773, 77.0405, 16660.0953
current_data: 2.5493, 82369, 0.0011, 0.0000
current_data: 2.4699, 235867, 31.9691, 54622.8126
current_data: 2.3642, 5656424, 9.2534, 12562.5719
current_data: 1.0558, 5100719, 5.1943, 3984.3978
current_data: 0.3845, 19736630, 77.0330, 16598.8450
current_data: 2.5497, 80132, 0.0008, 0.0000
current_data: 2.3294, 245635, 26.8699, 45530.2605
current_data: 2.3749, 5633000, 9.2104, 12671.9475
current_data: 1.0576, 5101311, 5.1491, 3955.0226
current_data: 0.3845, 19753804, 77.0319, 16651.3453
current_data: 2.5502, 82149, 0.0009, 0.0000
current_data: 2.5432, 246955, 24.9779, 45836.5123
current_data: 2.3779, 5703017, 9.1825, 12576.9470
current_data: 1.0602, 5067739, 5.0916, 3920.6474
current_data: 0.3844, 19623389, 77.0490, 16533.2196
current_data: 2.5497, 80687, 0.0009, 0.0000
current_data: 2.5555, 242274, 24.9771, 45791.5120
current_data: 2.3787, 5675240, 9.1921, 12633.8223
current_data: 1.0551, 5116435, 5.2298, 3948.1476
current_data: 0.3844, 19702131, 77.0288, 16506.3445
current_data: 2.5496, 87050, 0.0010, 0.0000
current_data: 2.5524, 248800, 24.9755, 45835.8873
current_data: 2.3710, 5757963, 9.2094, 12632.5723
current_data: 1.0579, 5132138, 5.1413, 3938.7725
current_data: 0.3846, 19738221, 77.0074, 16563.2198
current_data: 2.5492, 83985, 0.0011, 0.0000
current_data: 2.5294, 242991, 24.9769, 45558.3857
current_data: 2.3734, 5656436, 9.2006, 12541.9468
current_data: 1.0562, 5093580, 5.1123, 3718.7713
current_data: 0.3846, 19762654, 77.0094, 16631.9702
current_data: 2.5497, 81590, 0.0009, 0.0000
current_data: 2.5057, 239009, 24.9799, 45142.7583
current_data: 2.3720, 5692074, 9.2388, 12665.0725
current_data: 1.0579, 5104347, 5.0480, 3768.1466
current_data: 0.3845, 19719822, 77.0411, 16578.2199
current_data: 2.5493, 80643, 0.0008, 0.0000
current_data: 2.5461, 241511, 24.9772, 45770.8869
current_data: 2.3781, 5639653, 9.2050, 12587.5720
current_data: 1.0557, 5123668, 5.0853, 3898.1473
current_data: 0.3845, 19760016, 77.0041, 16620.0951
current_data: 2.5489, 90761, 0.0014, 0.0000
current_data: 2.5582, 254817, 24.9729, 46040.2634
current_data: 2.3704, 5710398, 9.2404, 12621.3222
current_data: 1.0559, 5118943, 5.1321, 3880.6472
current_data: 0.3849, 19394502, 76.3093, 16809.4712
current_data: 2.5489, 89569, 0.0013, 0.0000
current_data: 2.2678, 280169, 29.4371, 46441.5157
current_data: 2.3718, 5728934, 9.2209, 12614.4472
current_data: 1.0522, 5095615, 5.1749, 3906.8974
current_data: 0.3845, 19784632, 77.0123, 16690.0955
current_data: 2.5497, 82006, 0.0008, 0.0000
current_data: 2.4648, 256004, 31.9662, 54582.1873
current_data: 2.3656, 5692014, 9.2309, 12563.8219
current_data: 1.0570, 5090689, 5.0477, 3833.1469
current_data: 0.3842, 19703081, 77.0443, 16610.7200
current_data: 2.5506, 88858, 0.0012, 0.0000
current_data: 2.4642, 248868, 31.9668, 54452.8116
current_data: 2.3742, 5670477, 9.1995, 12511.9466
current_data: 1.0543, 5129146, 5.1089, 3890.6473
current_data: 0.3845, 19743762, 77.0168, 16570.7198
current_data: 2.5502, 84512, 0.0011, 0.0000
current_data: 2.4639, 250709, 31.9668, 54520.3120
current_data: 2.3677, 5647949, 9.2593, 12539.4468
current_data: 1.0530, 5097488, 5.0707, 3867.5221
current_data: 0.3842, 19697546, 77.0655, 16670.0954
current_data: 2.5497, 85251, 0.0010, 0.0000
current_data: 2.4637, 246889, 31.9678, 54419.6864
current_data: 2.3699, 5683403, 9.2437, 12600.6971
current_data: 1.0509, 5074769, 5.1681, 3893.7723
current_data: 0.3842, 19726888, 77.0495, 16677.5954
current_data: 2.5491, 82291, 0.0010, 0.0000
current_data: 2.4653, 243042, 31.9702, 54532.1870
current_data: 2.3630, 5675637, 9.1741, 12628.1973
current_data: 1.0527, 5081355, 5.1234, 3812.5218
current_data: 0.3844, 19730693, 77.0161, 16548.8447
current_data: 2.5500, 83680, 0.0010, 0.0000
current_data: 2.4664, 239420, 31.9700, 54548.4371
current_data: 2.3672, 5630966, 9.2755, 12520.0716
current_data: 1.0539, 5116219, 5.0661, 3800.0217
current_data: 0.3842, 19754647, 77.0667, 16639.4702
current_data: 2.5497, 82612, 0.0008, 0.0000
current_data: 2.4662, 245297, 31.9669, 54522.8120
current_data: 2.3667, 5674267, 9.2584, 12613.8222
current_data: 1.0559, 5106707, 5.1380, 3865.0221
current_data: 0.3843, 19734341, 77.0547, 16581.9699
current_data: 2.5502, 82625, 0.0008, 0.0000
current_data: 2.2273, 252174, 33.0841, 51080.9173
current_data: 2.3713, 5675689, 9.1991, 12627.5723
current_data: 1.0644, 5137209, 5.1951, 4001.2729
current_data: 0.3851, 19793906, 77.0319, 16566.9698
current_data: 2.5497, 85464, 0.0009, 0.0000
current_data: 2.1754, 243257, 34.2682, 46396.5155
current_data: 2.3739, 5682597, 9.2061, 12571.9469
current_data: 1.0646, 5149561, 5.1045, 3883.7722
current_data: 0.3853, 19792146, 77.0101, 16664.4704
current_data: 2.5499, 82369, 0.0009, 0.0000
current_data: 2.1761, 232867, 34.2697, 46422.7656
current_data: 2.3780, 5741615, 9.2374, 12710.0727
current_data: 1.0645, 5150135, 5.0922, 3809.3968
current_data: 0.3851, 19724222, 77.0219, 16708.8456
current_data: 2.5490, 90126, 0.0011, 0.0000
current_data: 2.1175, 261269, 34.3675, 45345.8845
current_data: 2.3743, 5787902, 9.2558, 12810.6983
current_data: 1.0349, 5011563, 5.2022, 3737.5214
current_data: 0.3833, 19650450, 77.0071, 16499.4694
current_data: 2.5481, 88920, 0.0014, 0.0000
current_data: 1.7014, 5794056, 31.9832, 53527.1813
current_data: 2.3391, 5640795, 9.2260, 12665.0725
current_data: 1.0477, 5075938, 5.1950, 3905.0223
current_data: 0.3840, 19741964, 77.0242, 16685.7205
current_data: 2.5487, 88740, 0.0014, 0.0000
current_data: 2.7874, 309114, 25.4950, 52675.9264
current_data: 2.3774, 5762587, 9.2450, 12756.3230
current_data: 1.0529, 5093461, 5.1647, 3865.6471
current_data: 0.3894, 18826770, 75.1238, 16822.5963
current_data: 2.5487, 85877, 0.0011, 0.0000
current_data: 2.7544, 270422, 24.8523, 49357.7824
current_data: 2.3885, 5851858, 9.1878, 12748.8229
current_data: 1.0233, 4905876, 5.1338, 3818.1468
current_data: 0.3829, 19686740, 76.9829, 16605.7200
current_data: 2.5487, 90065, 0.0013, 0.0000
current_data: 2.2234, 234655, 26.4921, 60879.7234
current_data: 2.3423, 5726411, 9.2463, 11862.5679
current_data: 1.0253, 4915023, 5.1572, 3809.3968
current_data: 0.3827, 19517251, 77.0569, 16456.3442
current_data: 2.5500, 79343, 0.0008, 0.0000
current_data: 2.2258, 223332, 26.4877, 60655.9721
current_data: 2.4170, 5819691, 8.1221, 11205.6891
current_data: 1.0277, 4955090, 5.1921, 3674.3960
current_data: 0.3830, 19532022, 77.0372, 16473.8443
current_data: 2.5504, 81423, 0.0008, 0.0000
current_data: 2.2490, 237868, 27.4572, 59205.3388
current_data: 2.4274, 5862925, 8.1040, 11301.9397
current_data: 1.0517, 5064386, 5.1693, 3942.5226
current_data: 0.3843, 19581824, 77.0389, 16585.7199
current_data: 2.5499, 83161, 0.0009, 0.0000
current_data: 2.4682, 230064, 31.9717, 54157.1849
current_data: 2.4470, 5901345, 8.0644, 11368.8151
current_data: 1.0542, 5005229, 4.9871, 3656.2709
current_data: 0.3844, 19611351, 77.0230, 16505.0944
current_data: 2.5498, 81132, 0.0008, 0.0000
current_data: 2.4664, 230037, 31.9703, 54143.4348
current_data: 2.4442, 5922840, 8.0414, 11941.3183
current_data: 1.0507, 5066100, 5.1509, 3799.3967
current_data: 0.3845, 19653714, 77.0145, 16518.8445
current_data: 2.5503, 80897, 0.0008, 0.0000
current_data: 2.4668, 222796, 31.9708, 54274.0606
current_data: 2.3991, 5704077, 8.8439, 12683.8226
current_data: 1.0551, 5058072, 5.1148, 3763.1465
current_data: 0.3843, 19565867, 77.0476, 16435.0940
current_data: 2.5504, 80355, 0.0008, 0.0000
current_data: 2.4677, 228362, 31.9696, 54097.8096
current_data: 2.3707, 5868906, 9.2648, 12673.8225
current_data: 1.0525, 5069971, 5.1206, 3847.5220
current_data: 0.3843, 19641132, 77.0581, 16524.4696
current_data: 2.5506, 80991, 0.0007, 0.0000
current_data: 2.4682, 228308, 31.9713, 54347.1860
current_data: 2.3700, 5724099, 9.3005, 12553.1968
current_data: 1.0529, 5054271, 5.0881, 3803.7718
current_data: 0.3845, 19638974, 77.0180, 16499.4694
current_data: 2.5512, 81668, 0.0010, 0.0000
current_data: 2.4689, 233033, 31.9701, 54324.6858
current_data: 2.3747, 5648650, 9.2364, 12539.4468
current_data: 1.0526, 5021570, 5.0951, 3858.1471
current_data: 0.3845, 19543561, 77.0013, 16372.5937
current_data: 2.5501, 81141, 0.0007, 0.0000
current_data: 2.4685, 226992, 31.9711, 54032.1842
current_data: 2.3727, 5753866, 9.2074, 12533.8217
current_data: 1.0538, 5062717, 5.0876, 3860.6471
current_data: 0.3844, 19609359, 76.9985, 16617.5951
current_data: 2.5487, 90305, 0.0014, 0.0000
current_data: 2.4670, 245013, 31.9681, 54178.4350
current_data: 2.3699, 5781419, 9.2144, 12591.9471
current_data: 1.0573, 5054889, 5.0526, 3885.0222
current_data: 0.3845, 19632573, 77.0013, 16530.0946
current_data: 2.5482, 90819, 0.0015, 0.0000
current_data: 2.3340, 256716, 26.7203, 45115.2582
current_data: 2.3706, 5833277, 9.2381, 12658.8224
current_data: 1.0560, 5074058, 5.1046, 3759.3965
current_data: 0.3845, 19608857, 77.0265, 16525.7196
current_data: 2.5498, 81623, 0.0009, 0.0000
current_data: 2.5444, 234175, 24.9796, 45470.2602
current_data: 2.3762, 5842406, 9.3034, 12625.0722
current_data: 1.0578, 5102322, 5.1116, 3878.7722
current_data: 0.3897, 18714399, 75.1448, 16773.8460
current_data: 2.5494, 83666, 0.0009, 0.0000
current_data: 2.5639, 239479, 24.9753, 45867.1375
current_data: 2.3754, 5786160, 9.3200, 12576.9470
current_data: 1.0577, 5054235, 5.0217, 3816.8968
current_data: 0.3847, 19652578, 76.9784, 16526.3446
current_data: 2.5501, 80332, 0.0009, 0.0000
current_data: 2.5623, 236671, 24.9753, 45720.2616
current_data: 2.3778, 5756903, 9.2989, 12516.3216
current_data: 1.0575, 5047464, 5.1533, 3900.0223
current_data: 0.3845, 19594696, 77.0136, 16525.0946
current_data: 2.5489, 83206, 0.0010, 0.0000
current_data: 2.5432, 233021, 24.9783, 45343.3845
current_data: 2.3816, 5788546, 9.1940, 12660.0724
current_data: 1.0552, 5069731, 5.1252, 3930.0225
current_data: 0.3845, 19612369, 76.9879, 16504.4694
current_data: 2.5481, 92231, 0.0015, 0.0000
current_data: 2.5045, 241684, 24.9779, 44644.6305
current_data: 2.3780, 5866776, 9.2869, 12680.6976
current_data: 1.0578, 5108210, 5.0907, 3780.0216
current_data: 0.3844, 19601871, 77.0479, 16558.2197
current_data: 2.5493, 82746, 0.0010, 0.0000
current_data: 2.5427, 234740, 24.9772, 45437.7600
current_data: 2.3757, 5795046, 9.3140, 12563.1969
current_data: 1.0572, 5074311, 5.0868, 3918.7724
current_data: 0.3844, 19615974, 77.0470, 16615.7201
current_data: 2.5500, 81566, 0.0008, 0.0000
current_data: 2.5672, 234104, 24.9764, 45885.2626
current_data: 2.3875, 5749042, 9.2220, 12616.9472
current_data: 1.0558, 5045090, 5.1563, 3911.8974
current_data: 0.3845, 19587870, 77.0184, 16459.4692
current_data: 2.5495, 82374, 0.0009, 0.0000
current_data: 2.2859, 259076, 28.9187, 46219.6395
current_data: 2.3762, 5848174, 9.1978, 12644.4474
current_data: 1.0532, 5060568, 5.0701, 3840.0220
current_data: 0.3843, 19595194, 77.0478, 16377.5937
current_data: 2.5500, 80133, 0.0008, 0.0000
current_data: 2.4668, 249905, 31.9649, 54087.8095
current_data: 2.3723, 5811302, 9.2289, 12625.0722
current_data: 1.0508, 5031451, 5.1564, 3911.8974
current_data: 0.3843, 19638735, 77.0190, 16595.0950
current_data: 2.5497, 88102, 0.0013, 0.0000
current_data: 2.4635, 252152, 31.9635, 53967.8088
current_data: 2.3748, 5821312, 9.2960, 12669.4475
current_data: 1.0560, 5083035, 5.1175, 3917.5224
current_data: 0.3844, 19632113, 77.0245, 16460.0942
current_data: 2.5511, 83265, 0.0009, 0.0000
current_data: 2.4643, 245098, 31.9656, 54049.0593
current_data: 2.3705, 5759318, 9.3381, 12570.6969
current_data: 1.0495, 5033385, 5.1706, 3826.8969
current_data: 0.3843, 19532670, 76.9981, 16368.8437
current_data: 2.5484, 90992, 0.0015, 0.0000
current_data: 2.4614, 255401, 31.9648, 53848.4331
current_data: 2.3700, 5844608, 9.3090, 12657.5724
current_data: 1.0494, 5056722, 5.1584, 3959.3977
current_data: 0.3843, 19604901, 77.0194, 16580.0949
current_data: 2.5486, 89999, 0.0015, 0.0000
current_data: 2.4647, 251123, 31.9682, 53987.8089
current_data: 2.3692, 5808942, 9.3342, 12610.6972
current_data: 1.0527, 5049198, 5.0656, 3863.1471
current_data: 0.3845, 19634127, 77.0071, 16525.0946
current_data: 2.5488, 86176, 0.0010, 0.0000
current_data: 2.4668, 246416, 31.9674, 54125.9347
current_data: 2.3686, 5721818, 9.3558, 12569.4469
current_data: 1.0510, 5085380, 5.1599, 3956.8976
current_data: 0.3843, 19616220, 77.0196, 16476.9693
current_data: 2.5485, 90824, 0.0013, 0.0000
current_data: 2.4654, 244694, 31.9682, 54190.9351
current_data: 2.3758, 5763016, 9.3225, 12498.8215
current_data: 1.0519, 5079066, 5.1004, 3929.3975
current_data: 0.3899, 18770057, 75.1291, 16728.8457
current_data: 2.5491, 86567, 0.0012, 0.0000
current_data: 2.4298, 242080, 31.9371, 53382.1805
current_data: 2.3849, 5767354, 9.2593, 12719.4478
current_data: 1.0624, 5092106, 5.0893, 3951.8976
current_data: 0.3853, 19667055, 76.9923, 16608.2200
current_data: 2.5489, 88865, 0.0014, 0.0000
current_data: 2.1763, 237287, 34.2689, 46006.5133
current_data: 2.4061, 5868459, 9.2107, 12779.4481
current_data: 1.0655, 5107105, 5.1343, 3963.1477
current_data: 0.3852, 19624253, 77.0239, 16555.0947
current_data: 2.5501, 83866, 0.0010, 0.0000
current_data: 2.1773, 226666, 34.2689, 46078.3887
current_data: 2.3961, 5852121, 9.3319, 12471.9464
current_data: 1.0641, 5104804, 5.0980, 3858.7721
current_data: 0.3851, 19603655, 77.0376, 16554.4697
current_data: 2.5501, 84984, 0.0010, 0.0000
current_data: 2.1231, 237525, 34.4597, 45341.5094
current_data: 2.4222, 5967361, 8.9806, 11691.9419
current_data: 1.0465, 5013745, 5.0440, 3669.3960
current_data: 0.3837, 19603145, 77.0549, 16531.9696
current_data: 2.5496, 80263, 0.0009, 0.0000
current_data: 1.6906, 5673076, 34.0140, 50521.5391
current_data: 2.4505, 5987672, 8.0506, 11452.5655
current_data: 1.0433, 4985822, 5.1345, 3852.5220
current_data: 0.3836, 19526511, 77.0587, 16529.4696
current_data: 2.5489, 81615, 0.0010, 0.0000
current_data: 2.6721, 369784, 25.6308, 54403.4363
current_data: 2.4558, 5957581, 8.1529, 11314.4397
current_data: 1.0533, 5050487, 5.1239, 3890.0223
current_data: 0.3843, 19574995, 77.0261, 16503.2194
current_data: 2.5515, 80321, 0.0009, 0.0000
current_data: 2.7311, 302036, 25.1598, 49256.5318
current_data: 2.4753, 6011076, 8.1234, 11440.0655
current_data: 1.0332, 4942812, 5.0802, 3723.7713
current_data: 0.3830, 19505700, 77.0487, 16413.8439
current_data: 2.5491, 79256, 0.0009, 0.0000
current_data: 2.2607, 255467, 26.3760, 57544.0793
current_data: 2.4189, 5975878, 8.1342, 11233.8143
current_data: 1.0224, 4912560, 5.1073, 3748.1464
current_data: 0.3827, 19572134, 77.0382, 16462.5942
current_data: 2.5493, 82702, 0.0010, 0.0000
current_data: 2.2213, 226762, 26.4871, 60666.5971
current_data: 2.3666, 5667586, 8.7442, 12423.8211
current_data: 1.0225, 4898503, 5.1434, 3792.5217
current_data: 0.3827, 19549466, 77.0072, 16483.8443
current_data: 2.5483, 89574, 0.0015, 0.0000
current_data: 2.2190, 247483, 26.4841, 60529.7214
current_data: 2.3267, 5666023, 9.3524, 12268.1952
current_data: 1.0503, 5026202, 5.1059, 3832.5219
current_data: 0.3842, 19603401, 77.0191, 16462.5942
current_data: 2.5484, 89486, 0.0014, 0.0000
current_data: 2.4649, 252409, 31.9667, 54044.6842
current_data: 2.3695, 5772009, 9.2654, 12522.5717
current_data: 1.0526, 5058937, 5.1584, 3925.6475
current_data: 0.3845, 19622504, 77.0053, 16515.0945
current_data: 2.5510, 80497, 0.0009, 0.0000
current_data: 2.4644, 238236, 31.9701, 53975.9339
current_data: 2.3675, 5813965, 9.2511, 12526.9467
current_data: 1.0491, 5012998, 5.1625, 3868.7721
current_data: 0.3845, 19598491, 76.9933, 16510.7195
current_data: 2.5492, 80303, 0.0009, 0.0000
current_data: 2.4646, 233977, 31.9693, 53942.8087
current_data: 2.3710, 5737218, 9.2458, 12535.6967
current_data: 1.0521, 5056331, 5.0644, 3709.3962
current_data: 0.3843, 19620147, 77.0433, 16518.8445
current_data: 2.5499, 82210, 0.0009, 0.0000
current_data: 2.4648, 235064, 31.9676, 54049.6843
current_data: 2.3778, 5863411, 9.1965, 12629.4473
current_data: 1.0507, 5021412, 5.1608, 3758.1465
current_data: 0.3896, 18642142, 75.1244, 16660.0953
current_data: 2.5507, 79574, 0.0008, 0.0000
current_data: 2.4647, 232255, 31.9688, 53868.4332
current_data: 2.3753, 5852435, 9.2078, 12632.5723
current_data: 1.0507, 5048378, 5.1752, 3763.7715
current_data: 0.3844, 19619793, 77.0267, 16533.2196
current_data: 2.5491, 83135, 0.0010, 0.0000
current_data: 2.4674, 236961, 31.9714, 54173.4350
current_data: 2.3698, 5904259, 9.2380, 12678.1975
current_data: 1.0504, 5050886, 5.1560, 3862.5221
current_data: 0.3844, 19626601, 77.0127, 16550.0947
current_data: 2.5501, 81901, 0.0008, 0.0000
current_data: 2.4686, 231489, 31.9688, 54200.9351
current_data: 2.3669, 5916565, 9.2356, 12662.5725
current_data: 1.0507, 5042995, 5.1918, 3850.0220
current_data: 0.3843, 19612379, 77.0409, 16633.8452
current_data: 2.5504, 83123, 0.0011, 0.0000
current_data: 2.4676, 230350, 31.9693, 54243.4354
current_data: 2.3686, 5926054, 9.2473, 12729.4478
current_data: 1.0553, 5090093, 5.0997, 3809.3968
current_data: 0.3843, 19611128, 77.0486, 16529.4696
current_data: 2.5499, 84617, 0.0010, 0.0000
current_data: 2.3020, 252450, 28.5966, 46900.8934
current_data: 2.3738, 5925936, 9.2400, 12709.4477
current_data: 1.0580, 5041677, 5.0482, 3805.0218
current_data: 0.3844, 19601613, 77.0451, 16550.7197
current_data: 2.5499, 80398, 0.0008, 0.0000
current_data: 2.5461, 253445, 24.9747, 45513.3854
current_data: 2.3817, 5963633, 9.2164, 12681.3226
current_data: 1.0588, 5077569, 5.1244, 4001.2729
current_data: 0.3845, 19577856, 77.0300, 16544.4697
current_data: 2.5487, 81004, 0.0009, 0.0000
current_data: 2.5399, 253330, 24.9761, 45342.7595
current_data: 2.3723, 5938583, 9.2589, 12740.6979
current_data: 1.0575, 5077188, 5.0901, 3876.2722
current_data: 0.3843, 19603007, 77.0533, 16493.2194
current_data: 2.5497, 79091, 0.0008, 0.0000
current_data: 2.5592, 249851, 24.9753, 45786.5120
current_data: 2.3819, 5871323, 9.3047, 12708.8227
current_data: 1.0571, 5080019, 5.1429, 3929.3975
current_data: 0.3844, 19624442, 77.0148, 16528.8446
current_data: 2.5484, 89809, 0.0015, 0.0000
current_data: 2.5506, 259712, 24.9755, 45587.7609
current_data: 2.3748, 5893051, 9.3421, 12670.6975
current_data: 1.0574, 5046423, 5.0385, 3903.1473
current_data: 0.3843, 19539624, 77.0497, 16473.2193
current_data: 2.5490, 88406, 0.0015, 0.0000
current_data: 2.4686, 257965, 24.9764, 44002.1268
current_data: 2.3842, 5931603, 9.3210, 12596.3221
current_data: 1.0602, 5127384, 5.0797, 3871.2722
current_data: 0.3844, 19663965, 77.0371, 16434.4690
current_data: 2.5497, 83842, 0.0010, 0.0000
current_data: 2.5514, 256721, 24.9753, 45677.7614
current_data: 2.3884, 5896229, 9.2740, 12775.6981
current_data: 1.0574, 5109462, 5.0741, 3819.3969
current_data: 0.3846, 19777729, 77.0043, 16640.0952
current_data: 2.5500, 81989, 0.0009, 0.0000
current_data: 2.5611, 250206, 24.9758, 46206.5144
current_data: 2.3883, 5853284, 9.2387, 12741.9479
current_data: 1.0571, 5119574, 5.1107, 3966.8977
current_data: 0.3846, 19782951, 77.0202, 16616.9701
current_data: 2.5503, 82775, 0.0008, 0.0000
current_data: 2.2987, 276672, 27.1444, 44745.2560
current_data: 2.3879, 5913883, 9.2476, 12764.4480
current_data: 1.0525, 5077573, 5.1029, 3909.3974
current_data: 0.3845, 19718852, 77.0074, 16577.5949
current_data: 2.5502, 80730, 0.0009, 0.0000
current_data: 2.4634, 257120, 31.9668, 54306.5607
current_data: 2.3843, 5954171, 9.2288, 12722.5728
current_data: 1.0540, 5066174, 5.0810, 3841.2720
current_data: 0.3843, 19702953, 77.0430, 16665.7204
current_data: 2.5510, 84871, 0.0010, 0.0000
current_data: 2.4620, 257185, 31.9666, 54285.9356
current_data: 2.3822, 5865724, 9.2559, 12575.0720
current_data: 1.0533, 5092540, 5.0552, 3830.6469
current_data: 0.3843, 19762128, 77.0312, 16682.5955
current_data: 2.5499, 84316, 0.0011, 0.0000
current_data: 2.4612, 250657, 31.9663, 54487.1868
current_data: 2.3761, 5903756, 9.3067, 12673.8225
current_data: 1.0515, 5100158, 5.1571, 3798.7717
current_data: 0.3845, 19750687, 77.0036, 16647.5953
current_data: 2.5495, 87304, 0.0013, 0.0000
current_data: 2.4624, 252183, 31.9670, 54406.5613
current_data: 2.3800, 5959137, 9.3149, 12741.9479
current_data: 1.0536, 5098226, 5.0893, 3855.0221
current_data: 0.3845, 19770274, 77.0167, 16697.5955
current_data: 2.5495, 79437, 0.0008, 0.0000
current_data: 2.4650, 246645, 31.9683, 54593.4374
current_data: 2.3785, 5928640, 9.2185, 12726.3228
current_data: 1.0536, 5133805, 5.0707, 3979.3978
current_data: 0.3845, 19755935, 77.0178, 16605.7200
current_data: 2.5505, 80432, 0.0009, 0.0000
current_data: 2.4658, 249454, 31.9704, 54464.0616
current_data: 2.3765, 5781157, 9.3173, 12556.3218
current_data: 1.0516, 5039609, 5.1492, 3793.1467
current_data: 0.3843, 19621076, 77.0518, 16619.4701
current_data: 2.5498, 81876, 0.0009, 0.0000
current_data: 2.4657, 242768, 31.9664, 54425.9364
current_data: 2.3820, 5864723, 9.2665, 12623.8222
current_data: 1.0541, 5057595, 5.1356, 3874.3972
current_data: 0.3845, 19754322, 77.0077, 16688.8455
current_data: 2.5491, 81634, 0.0009, 0.0000
current_data: 2.4658, 244241, 31.9691, 54596.5624
current_data: 2.3844, 5972389, 9.2848, 12818.1983
current_data: 1.0618, 5125650, 5.1668, 3955.0226
current_data: 0.3850, 19786857, 77.0141, 16623.2201
current_data: 2.5483, 94797, 0.0015, 0.0000
current_data: 2.0071, 270823, 35.2368, 44800.8814
current_data: 2.4069, 5991080, 9.2097, 12737.5729
current_data: 1.0622, 5120888, 5.0906, 3944.3976
current_data: 0.3851, 19801208, 77.0134, 16615.7201
current_data: 2.5483, 87194, 0.0013, 0.0000
current_data: 2.1756, 251450, 34.2623, 46333.3901
current_data: 2.4097, 5944831, 9.2447, 12846.3235
current_data: 1.0654, 5129248, 5.1035, 4028.1480
current_data: 0.3852, 19811467, 77.0323, 16652.5953
current_data: 2.5494, 81773, 0.0008, 0.0000
current_data: 2.1766, 232146, 34.2667, 46466.5159
current_data: 2.3973, 5904987, 9.2496, 12790.6982
current_data: 1.0509, 5082479, 5.0824, 3933.1475
current_data: 0.3839, 19735706, 77.0650, 16545.7197
current_data: 2.5496, 85727, 0.0011, 0.0000
current_data: 1.8728, 5677536, 31.7231, 49324.6572
current_data: 2.3798, 5991437, 9.2640, 12796.9482
current_data: 1.0412, 5057517, 5.1869, 3859.3971
current_data: 0.3837, 19773465, 77.0284, 16665.0954
current_data: 2.5506, 81108, 0.0009, 0.0000
current_data: 2.6311, 403854, 25.6783, 55607.8182
current_data: 2.3814, 5949899, 9.3099, 12368.1958
current_data: 1.0568, 5109732, 5.1624, 3926.8975
current_data: 0.3845, 19732071, 77.0069, 16672.5954
current_data: 2.5497, 80391, 0.0008, 0.0000
current_data: 2.7369, 294231, 25.1967, 49872.1604
current_data: 2.3958, 5987076, 9.2633, 12396.9459
current_data: 1.0322, 4988447, 5.2107, 3801.8968
current_data: 0.3831, 19703732, 77.0471, 16544.4697
current_data: 2.5500, 84064, 0.0010, 0.0000
current_data: 2.2877, 245418, 26.2935, 57710.3302
current_data: 2.3849, 6171044, 8.9062, 11645.6916
current_data: 1.0250, 4931879, 5.0185, 3691.2711
current_data: 0.3826, 19603051, 77.0467, 16531.3446
current_data: 2.5492, 88339, 0.0012, 0.0000
current_data: 2.2249, 224804, 26.4899, 60806.5979
current_data: 2.4308, 6028522, 8.1638, 11331.9398
current_data: 1.0268, 4938916, 5.1254, 3751.2715
current_data: 0.3845, 18797744, 75.8004, 16686.9705
current_data: 2.5497, 85073, 0.0010, 0.0000
current_data: 2.2241, 226669, 26.4877, 60623.4719
current_data: 2.4349, 6026494, 8.1338, 11341.3149
current_data: 1.0503, 5078350, 5.1364, 3920.0224
current_data: 0.3845, 19631692, 77.0099, 16613.2201
current_data: 2.5503, 78331, 0.0008, 0.0000
current_data: 2.4580, 237469, 31.9422, 53837.8081
current_data: 2.4846, 6100251, 8.0882, 11435.0654
current_data: 1.0537, 5055074, 5.0214, 3802.5218
current_data: 0.3844, 19617296, 77.0373, 16537.5946
current_data: 2.5509, 81243, 0.0009, 0.0000
current_data: 2.4672, 230694, 31.9694, 54205.9352
current_data: 2.4574, 6104028, 8.0821, 12030.6938
current_data: 1.0534, 5059862, 5.0983, 3825.0219
current_data: 0.3843, 19584631, 77.0403, 16544.4697
current_data: 2.5499, 80105, 0.0009, 0.0000
current_data: 2.4660, 227740, 31.9679, 54092.8095
current_data: 2.4131, 5921212, 8.8510, 12751.3230
current_data: 1.0526, 5059209, 5.1601, 3892.5223
current_data: 0.3842, 19615265, 77.0617, 16588.2199
current_data: 2.5500, 81863, 0.0009, 0.0000
current_data: 2.4659, 226757, 31.9698, 54217.8102
current_data: 2.3854, 5919470, 9.3272, 12670.6975
current_data: 1.0545, 5069740, 5.1037, 3814.3968
current_data: 0.3843, 19603403, 77.0021, 16510.0945
current_data: 2.5488, 87472, 0.0013, 0.0000
current_data: 2.4648, 240906, 31.9686, 54094.6845
current_data: 2.3766, 5964946, 9.3712, 12640.6973
current_data: 1.0529, 5035845, 5.1135, 3932.5225
current_data: 0.3844, 19588824, 77.0080, 16475.0943
current_data: 2.5498, 88425, 0.0012, 0.0000
current_data: 2.4674, 244456, 31.9686, 54332.1859
current_data: 2.3812, 5947051, 9.3629, 12648.1974
current_data: 1.0545, 5039732, 5.1305, 3855.0221
current_data: 0.3843, 19592817, 77.0418, 16506.3445
current_data: 2.5488, 86274, 0.0012, 0.0000
current_data: 2.4689, 233463, 31.9694, 54200.9351
current_data: 2.3834, 5880459, 9.3256, 12550.6968
current_data: 1.0575, 5070662, 5.0051, 3877.5222
current_data: 0.3844, 19639018, 77.0236, 16505.7194
current_data: 2.5497, 84191, 0.0009, 0.0000
current_data: 2.4693, 231988, 31.9681, 54221.5603
current_data: 2.3792, 5877370, 9.2887, 12569.4469
current_data: 1.0539, 5061522, 5.1963, 4024.3980
current_data: 0.3843, 19622265, 77.0526, 16466.9692
current_data: 2.5508, 80102, 0.0009, 0.0000
current_data: 2.2978, 246589, 28.7693, 46991.5189
current_data: 2.3869, 6026822, 9.2200, 12751.3230
current_data: 1.0563, 5066943, 5.1205, 3856.8971
current_data: 0.3844, 19593752, 77.0396, 16501.9694
current_data: 2.5499, 81181, 0.0009, 0.0000
current_data: 2.5499, 256076, 24.9755, 45354.0095
current_data: 2.3875, 6005954, 9.2859, 12750.0730
current_data: 1.0552, 5060985, 5.1295, 3770.6466
current_data: 0.3845, 19631381, 77.0174, 16610.7200
current_data: 2.5487, 80405, 0.0008, 0.0000
current_data: 2.5385, 252760, 24.9761, 45311.5093
current_data: 2.3854, 5920827, 9.3511, 12663.8225
current_data: 1.0564, 5055927, 5.0818, 3870.6471
current_data: 0.3845, 19604001, 77.0187, 16465.0942
current_data: 2.5492, 81918, 0.0008, 0.0000
current_data: 2.5581, 250742, 24.9757, 45601.5109
current_data: 2.3797, 5904469, 9.3768, 12645.6974
current_data: 1.0588, 5071175, 5.1087, 3956.2726
current_data: 0.3844, 19576364, 77.0482, 16493.2194
current_data: 2.5496, 81571, 0.0009, 0.0000
current_data: 2.5570, 247253, 24.9753, 45556.5107
current_data: 2.3850, 5919934, 9.3488, 12640.0723
current_data: 1.0595, 5107599, 5.0985, 3846.2720
current_data: 0.3898, 18745729, 75.1549, 16834.4713
current_data: 2.5495, 82236, 0.0009, 0.0000
current_data: 2.4709, 244569, 24.9787, 44132.1275
current_data: 2.3896, 5820336, 9.2921, 12546.9468
current_data: 1.0653, 5092086, 5.0085, 3863.1471
current_data: 0.3847, 19619376, 76.9903, 16541.3447
current_data: 2.5507, 81700, 0.0009, 0.0000
current_data: 2.5409, 245799, 24.9786, 45509.0104
current_data: 2.3881, 5846417, 9.2750, 12581.9470
current_data: 1.0645, 5111565, 5.0873, 3915.6474
current_data: 0.3844, 19574833, 77.0559, 16540.7196
current_data: 2.5507, 79533, 0.0008, 0.0000
current_data: 2.5544, 244157, 24.9761, 45529.6355
current_data: 2.3919, 5866926, 9.2244, 12633.8223
current_data: 1.0611, 5105134, 5.0765, 4003.1479
current_data: 0.3844, 19649782, 77.0433, 16584.4699
current_data: 2.5489, 82552, 0.0010, 0.0000
current_data: 2.3098, 272371, 26.7133, 44153.3776
current_data: 2.3884, 6051790, 9.2486, 12801.9483
current_data: 1.0505, 5027674, 5.1053, 3828.7719
current_data: 0.3840, 19621570, 77.0548, 16589.4699
current_data: 2.5482, 91367, 0.0016, 0.0000
current_data: 2.4630, 264940, 31.9667, 54270.3105
current_data: 2.3815, 6010018, 9.3388, 12731.3228
current_data: 1.0503, 5041369, 5.2078, 3963.7727
current_data: 0.3842, 19583941, 77.0483, 16616.9701
current_data: 2.5492, 88865, 0.0014, 0.0000
current_data: 2.4641, 256555, 31.9662, 53859.0582
current_data: 2.3774, 6016404, 9.3646, 12692.5726
current_data: 1.0543, 5056783, 5.0619, 3945.6476
current_data: 0.3845, 19623642, 77.0126, 16459.4692
current_data: 2.5500, 80675, 0.0008, 0.0000
current_data: 2.4642, 240463, 31.9670, 54047.1843
current_data: 2.3745, 6001387, 9.3774, 12656.3224
current_data: 1.0551, 5075896, 5.0995, 3948.7726
current_data: 0.3842, 19608911, 77.0543, 16466.3442
current_data: 2.5501, 81986, 0.0009, 0.0000
current_data: 2.4634, 240695, 31.9680, 53990.3089
current_data: 2.3692, 6188257, 9.3521, 12677.5725
current_data: 1.0521, 5063601, 5.0856, 3883.7722
current_data: 0.3844, 19628413, 77.0283, 16555.0947
current_data: 2.5497, 82461, 0.0010, 0.0000
current_data: 2.4639, 242372, 31.9683, 54098.4346
current_data: 2.3621, 8035019, 9.6285, 12928.1990
current_data: 1.0532, 5047613, 5.1370, 3844.3970
current_data: 0.3843, 19625317, 77.0326, 16495.0944
current_data: 2.5502, 81985, 0.0009, 0.0000
current_data: 2.4663, 239652, 31.9696, 54142.8098
current_data: 2.3629, 8028039, 9.6325, 13005.6994
current_data: 1.0526, 5052753, 5.1000, 3757.5215
current_data: 0.3844, 19613575, 77.0231, 16547.5947
current_data: 2.5494, 84237, 0.0009, 0.0000
current_data: 2.4687, 238297, 31.9672, 54354.0610
current_data: 2.4082, 8415867, 9.1301, 11941.9433
current_data: 1.0554, 5075601, 5.1811, 3984.3978
current_data: 0.3844, 19624819, 77.0163, 16580.0949
current_data: 2.5502, 81114, 0.0008, 0.0000
current_data: 2.4699, 237552, 31.9677, 54307.1857
current_data: 2.4642, 8377352, 8.4646, 11803.8175
[32m[info] [src/pqos_backend.cpp:stop_monitor:177] Monitor 0 has stop!
[m[32m[info] [src/pqos_backend.cpp:stop_monitor:177] Monitor 1 ERROR: Task 145121 does not exist!
ERROR: Failed to retrieve task 145121 association
WARN: Failed to obtain monitoring group assignment for task 145121
ERROR: Task 145121 does not exist!
ERROR: Task 145126 does not exist!
ERROR: Failed to retrieve task 145126 association
WARN: Failed to obtain monitoring group assignment for task 145126
ERROR: Task 145126 does not exist!
ERROR: Task 145127 does not exist!
ERROR: Failed to retrieve task 145127 association
WARN: Failed to obtain monitoring group assignment for task 145127
ERROR: Task 145127 does not exist!
ERROR: Task 145131 does not exist!
ERROR: Failed to retrieve task 145131 association
WARN: Failed to obtain monitoring group assignment for task 145131
ERROR: Task 145131 does not exist!
