
=====  Processor information  =====
Linux arch_perfmon flag  : yes
Hybrid processor         : no
IBRS and IBPB supported  : yes
STIBP supported          : yes
Spec arch caps supported : yes
Max CPUID level          : 32
CPU model number         : 143
IBRS enabled in the kernel   : yes
STIBP enabled in the kernel  : no
The processor is not susceptible to Rogue Data Cache Load: yes
The processor supports enhanced IBRS                     : yes
INFO: Linux perf interface to program uncore PMUs is present
Socket 0: 4 memory controllers detected with total number of 12 channels. 3 UPI ports detected. 4 M2M (mesh to memory) blocks detected. 0 HBM M2M blocks detected. 0 EDC/HBM channels detected. 0 Home Agents detected. 0 M3UPI blocks detected.
Socket 1: 4 memory controllers detected with total number of 12 channels. 3 UPI ports detected. 4 M2M (mesh to memory) blocks detected. 0 HBM M2M blocks detected. 0 EDC/HBM channels detected. 0 Home Agents detected. 0 M3UPI blocks detected.
INFO: using Linux resctrl driver for RDT metrics (L3OCC, LMB, RMB) because resctrl driver is mounted.
[32m[info] [src/system.cpp:system:301] exp16-D3: PaLLOC self-pinned to CPU 22 (node 0)
[mBegin init PQoS library!
CMT/MBM reset successful
Initializing PQoS library success!
Cache info: size 62914560, mask: 0x7fff, ways: 15, cache size per way: 4194304
[32m[info] [src/allocator.cpp:allocator:29] exp16-D3: PALLOC_MAX_MB override -> 107765.0 MiB/s (compiled default 88000)
[mSKT0: MBA COS1 => 20% requested, 20% applied
SKT0: MBA COS2 => 20% requested, 20% applied
SKT0: MBA COS3 => 20% requested, 20% applied
SKT0: MBA COS4 => 20% requested, 20% applied
SKT0: MBA COS5 => 20% requested, 20% applied
SKT0: MBA COS6 => 100% requested, 100% applied
SKT0: MBA COS7 => 20% requested, 20% applied
current_data: 1.0172, 4054034, 6.0480, 4930.0282
current_data: 0.3804, 19210000, 78.0279, 16944.4720
current_data: 2.5473, 33345, 0.0006, 0.6250
current_data: 0.9277, 197351, 31.9130, 19855.1136
current_data: 1.7552, 2302292, 9.9714, 9845.6813
[34m[critical] [src/pairwise_allocator.cpp:discriminating:301] obj: 774192, roofline ipc: 1.7552
[m[34m[critical] [src/pairwise_allocator.cpp:discriminating:301] obj: 771466, roofline ipc: 2.5473
[m[34m[critical] [src/pairwise_allocator.cpp:discriminating:301] obj: 771457, roofline ipc: 0.3804
[m[34m[critical] [src/pairwise_allocator.cpp:discriminating:301] obj: 774182, roofline ipc: 0.9277
[m[34m[critical] [src/pairwise_allocator.cpp:discriminating:301] obj: 771452, roofline ipc: 1.0172
[m[32m[info] [src/pairwise_allocator.cpp:allocating:1174] Will begin allocating cache, allocation_ready_queue size 5, allocation_complete_queue size 0
[mcurrent_data: 0.9518, 728515, 6.6327, 1009.3808
current_data: 0.4563, 6295934, 64.3602, 3627.5208
current_data: 2.5267, 8537, 0.0062, 0.0000
current_data: 0.9255, 29124, 32.0052, 4271.8994
current_data: 2.2111, 736059, 12.4493, 3294.3939
[32m[info] [src/pairwise_allocator.cpp:binary_serch_cache_roofline:462] descriptor COLS 5, find_cache_roofline_times: 1, roofline ipc: 2.2111, current ipc 2.2111, gap: 0.0000, lway: 1, rway: 14
[mcurrent_data: 0.9525, 688038, 6.6917, 930.0053
current_data: 0.4543, 5787396, 64.5653, 3392.5194
current_data: 2.5284, 9432, 0.0071, 0.0000
current_data: 0.9243, 27492, 32.0189, 4235.0242
current_data: 2.2067, 684474, 12.6616, 3294.3939
[32m[info] [src/pairwise_allocator.cpp:binary_serch_cache_roofline:462] descriptor COLS 5, find_cache_roofline_times: 2, roofline ipc: 2.2111, current ipc 2.2067, gap: 0.0020, lway: 1, rway: 7
[mcurrent_data: 0.9387, 637719, 6.7231, 876.8800
current_data: 0.4418, 5094265, 66.2607, 3211.8934
current_data: 2.5221, 7568, 0.0088, 0.0000
current_data: 0.9233, 23985, 32.0179, 3828.7719
current_data: 2.6205, 581935, 7.1190, 2006.2615
[32m[info] [src/pairwise_allocator.cpp:binary_serch_cache_roofline:462] descriptor COLS 5, find_cache_roofline_times: 3, roofline ipc: 2.6205, current ipc 2.6205, gap: 0.0000, lway: 1, rway: 4
[mcurrent_data: 0.9234, 594840, 6.8638, 844.3798
current_data: 0.3690, 3365792, 79.8452, 3160.0181
current_data: 2.5186, 8015, 0.0113, 5.6250
current_data: 0.9244, 22142, 32.0254, 3806.2718
current_data: 2.6188, 566637, 7.0803, 1970.0113
[32m[info] [src/pairwise_allocator.cpp:binary_serch_cache_roofline:462] descriptor COLS 5, find_cache_roofline_times: 4, roofline ipc: 2.6205, current ipc 2.6188, gap: 0.0007, lway: 1, rway: 2
[mcurrent_data: 0.9199, 557625, 6.7957, 741.2542
current_data: 0.3681, 3153201, 80.0603, 2921.8917
current_data: 2.5206, 8736, 0.0130, 15.0001
current_data: 0.9237, 23499, 31.9948, 3591.8956
current_data: 2.0845, 436733, 14.4426, 3013.1422
[32m[info] [src/pairwise_allocator.cpp:binary_serch_cache_roofline:462] descriptor COLS 5, find_cache_roofline_times: 5, roofline ipc: 2.6205, current ipc 2.0845, gap: 0.2046, lway: 2, rway: 2
[mcurrent_data: 0.9224, 560630, 6.9400, 843.7548
current_data: 0.3668, 3119395, 80.3290, 2922.5167
current_data: 2.5178, 9544, 0.0126, 1.8750
current_data: 0.9241, 26718, 32.0143, 3546.2703
current_data: 2.0963, 434585, 14.4115, 3057.5175
[32m[info] [src/pairwise_allocator.cpp:found_cache_roofline:405] Found_cache_roofline, obj_id 774192, roofline cache way: 2, roofline remain cache: 14, roofline cache bitmask: 0x7ffe
[m[32m[info] [src/pairwise_allocator.cpp:binary_serch_cache_roofline:462] descriptor COLS 5, find_cache_roofline_times: 6, roofline ipc: 2.6205, current ipc 2.0963, gap: 0.2000, lway: 2, rway: 2
[m[32m[info] [src/pairwise_allocator.cpp:allocating_cache:846] binary_serch_cache_roofline first pair success
[m[32m[info] [src/pairwise_allocator.cpp:pair_allocating_cache:770] pair_allocating_cache begin, allocating time: 0, descriptor roofline cache way: 2, system remain cache way: 15, complete queue size: 0
[m[32m[info] [src/pairwise_allocator.cpp:allocating_cache:852] Complete pair_allocating_cache, allocate cache ways: 2
[mcurrent_data: 1.0021, 799644, 6.3051, 1110.0064
current_data: 0.3862, 4225654, 76.7526, 3736.2714
current_data: 2.5469, 7547, 0.0010, 0.0000
current_data: 0.9260, 36129, 31.9448, 4010.6479
current_data: 1.3715, 277312, 14.6781, 2458.7641
current_data: 1.0031, 936405, 6.0898, 1175.0067
current_data: 0.7499, 17824016, 23.4671, 2445.0140
current_data: 2.5363, 8230, 0.0025, 0.6250
current_data: 0.9277, 28399, 31.9981, 4578.7762
current_data: 1.5625, 365961, 13.0730, 2375.0136
[32m[info] [src/pairwise_allocator.cpp:binary_serch_cache_roofline:462] descriptor COLS 2, find_cache_roofline_times: 1, roofline ipc: 0.7499, current ipc 0.7499, gap: 0.0000, lway: 1, rway: 14
[mcurrent_data: 0.9896, 773575, 6.2649, 1016.2558
current_data: 0.7500, 15757447, 23.4841, 2185.0125
current_data: 2.5375, 9963, 0.0039, 0.0000
current_data: 0.9292, 27505, 31.9885, 4304.3996
current_data: 2.0989, 408978, 7.2562, 1876.2607
[32m[info] [src/pairwise_allocator.cpp:binary_serch_cache_roofline:462] descriptor COLS 2, find_cache_roofline_times: 2, roofline ipc: 0.7500, current ipc 0.7500, gap: 0.0000, lway: 1, rway: 7
[mcurrent_data: 0.9865, 752835, 6.2136, 995.6307
current_data: 0.7493, 15237016, 23.5667, 2156.8873
current_data: 2.5353, 8826, 0.0033, 0.0000
current_data: 0.9288, 24486, 31.9986, 4183.7739
current_data: 1.2638, 281776, 16.4306, 2537.5145
[32m[info] [src/pairwise_allocator.cpp:binary_serch_cache_roofline:462] descriptor COLS 2, find_cache_roofline_times: 3, roofline ipc: 0.7500, current ipc 0.7493, gap: 0.0010, lway: 1, rway: 4
[mcurrent_data: 0.9984, 763456, 6.4031, 1016.2558
current_data: 0.7483, 15285542, 23.7878, 2351.2635
current_data: 2.5369, 8577, 0.0034, 0.0000
current_data: 0.9284, 25535, 31.9957, 4165.6488
current_data: 1.7494, 372018, 10.5759, 1933.1361
[32m[info] [src/pairwise_allocator.cpp:binary_serch_cache_roofline:462] descriptor COLS 2, find_cache_roofline_times: 4, roofline ipc: 0.7500, current ipc 0.7483, gap: 0.0023, lway: 1, rway: 2
[mcurrent_data: 0.9975, 754895, 6.4143, 1023.7559
current_data: 0.7479, 14956977, 23.9708, 2351.2635
current_data: 2.5381, 8142, 0.0033, 0.0000
current_data: 0.9293, 22875, 31.9994, 4134.3987
current_data: 2.0929, 411432, 7.2693, 1756.2600
[32m[info] [src/pairwise_allocator.cpp:binary_serch_cache_roofline:462] descriptor COLS 2, find_cache_roofline_times: 5, roofline ipc: 0.7500, current ipc 0.7479, gap: 0.0029, lway: 1, rway: 1
[mcurrent_data: 1.0049, 770246, 6.2145, 949.3804
current_data: 0.7450, 15107767, 23.9962, 2356.2635
current_data: 2.5370, 7099, 0.0039, 0.0000
current_data: 0.9286, 25484, 31.9991, 4189.3990
current_data: 1.1757, 288693, 18.2498, 2503.1393
[32m[info] [src/pairwise_allocator.cpp:found_cache_roofline:405] Found_cache_roofline, obj_id 771457, roofline cache way: 1, roofline remain cache: 14, roofline cache bitmask: 0x7ffe
[m[32m[info] [src/pairwise_allocator.cpp:binary_serch_cache_roofline:462] descriptor COLS 2, find_cache_roofline_times: 6, roofline ipc: 0.7500, current ipc 0.7450, gap: 0.0067, lway: 1, rway: 1
[m[32m[info] [src/pairwise_allocator.cpp:allocating_cache:846] binary_serch_cache_roofline first pair success
[m[32m[info] [src/pairwise_allocator.cpp:pair_allocating_cache:770] pair_allocating_cache begin, allocating time: 0, descriptor roofline cache way: 1, system remain cache way: 13, complete queue size: 1
[m[32m[info] [src/pairwise_allocator.cpp:allocating_cache:852] Complete pair_allocating_cache, allocate cache ways: 1
[mcurrent_data: 1.0023, 897413, 6.2846, 1224.3820
current_data: 0.7434, 17466053, 24.4441, 2825.0162
current_data: 2.5407, 7853, 0.0012, 0.0000
current_data: 0.9450, 38513, 34.2510, 4207.5241
current_data: 1.1825, 305791, 18.2571, 2486.2642
current_data: 1.1894, 1826747, 3.3724, 709.3791
current_data: 0.4508, 6382378, 65.0659, 3815.6468
current_data: 2.5182, 11503, 0.0078, 0.0000
current_data: 0.9436, 32416, 34.3011, 4261.8994
current_data: 1.2202, 257442, 17.4301, 2676.8903
[32m[info] [src/pairwise_allocator.cpp:binary_serch_cache_roofline:462] descriptor COLS 1, find_cache_roofline_times: 1, roofline ipc: 1.1894, current ipc 1.1894, gap: 0.0000, lway: 1, rway: 14
[mcurrent_data: 1.1716, 1546219, 3.5950, 737.5042
current_data: 0.4537, 6154870, 64.9076, 3680.6461
current_data: 2.5193, 10983, 0.0080, 0.0000
current_data: 0.9438, 32828, 34.2944, 4113.1485
current_data: 2.0007, 364589, 8.0121, 1759.3851
[32m[info] [src/pairwise_allocator.cpp:binary_serch_cache_roofline:462] descriptor COLS 1, find_cache_roofline_times: 2, roofline ipc: 1.1894, current ipc 1.1716, gap: 0.0150, lway: 1, rway: 7
[mcurrent_data: 1.1247, 1144189, 4.3055, 773.7544
current_data: 0.4517, 5310216, 65.1138, 3233.1435
current_data: 2.5171, 9392, 0.0076, 0.0000
current_data: 0.9435, 27134, 34.2960, 3755.6465
current_data: 2.0585, 356554, 7.3713, 1606.8842
[32m[info] [src/pairwise_allocator.cpp:binary_serch_cache_roofline:462] descriptor COLS 1, find_cache_roofline_times: 3, roofline ipc: 1.1894, current ipc 1.1247, gap: 0.0544, lway: 5, rway: 7
[mcurrent_data: 1.1143, 1107269, 4.5437, 780.0045
current_data: 0.4515, 5351274, 65.2335, 3223.7684
current_data: 2.5147, 11498, 0.0081, 0.0000
current_data: 0.9425, 29037, 34.2909, 3800.6467
current_data: 1.2296, 232615, 18.8936, 2439.3890
[32m[info] [src/pairwise_allocator.cpp:binary_serch_cache_roofline:462] descriptor COLS 1, find_cache_roofline_times: 4, roofline ipc: 1.1894, current ipc 1.1143, gap: 0.0631, lway: 7, rway: 7
[mcurrent_data: 1.1247, 1123169, 4.3145, 730.6292
current_data: 0.4499, 5288157, 65.4575, 3209.3934
current_data: 2.5120, 11852, 0.0095, 1.2500
current_data: 0.9425, 28235, 34.2898, 3779.3966
current_data: 2.0443, 365572, 7.6249, 1690.0097
[32m[info] [src/pairwise_allocator.cpp:found_cache_roofline:405] Found_cache_roofline, obj_id 771452, roofline cache way: 7, roofline remain cache: 14, roofline cache bitmask: 0x7ffe
[m[32m[info] [src/pairwise_allocator.cpp:binary_serch_cache_roofline:462] descriptor COLS 1, find_cache_roofline_times: 5, roofline ipc: 1.1894, current ipc 1.1247, gap: 0.0544, lway: 7, rway: 7
[m[32m[info] [src/pairwise_allocator.cpp:allocating_cache:846] binary_serch_cache_roofline first pair success
[m[32m[info] [src/pairwise_allocator.cpp:pair_allocating_cache:770] pair_allocating_cache begin, allocating time: 0, descriptor roofline cache way: 7, system remain cache way: 12, complete queue size: 2
[m[32m[info] [src/pairwise_allocator.cpp:allocating_cache:852] Complete pair_allocating_cache, allocate cache ways: 7
[mcurrent_data: 1.1015, 1332414, 4.5955, 860.0049
current_data: 0.3882, 4449714, 76.1636, 3617.5207
current_data: 2.5180, 12131, 0.0076, 6.8750
current_data: 0.0107, 15348, 1528.6516, 3668.7710
current_data: 1.3994, 260474, 13.7985, 2209.3876
current_data: 0.9760, 895413, 5.9199, 1066.8811
current_data: 0.4409, 6218829, 65.6812, 3736.8964
current_data: 2.4566, 35646, 0.0287, 0.6250
current_data: 2.3314, 205600, 26.1304, 12804.4483
current_data: 1.8936, 382264, 8.3326, 1678.1346
[32m[info] [src/pairwise_allocator.cpp:binary_serch_cache_roofline:462] descriptor COLS 4, find_cache_roofline_times: 1, roofline ipc: 2.3314, current ipc 2.3314, gap: 0.0000, lway: 1, rway: 14
[mcurrent_data: 0.9653, 668900, 6.0615, 786.2545
current_data: 0.4480, 5009700, 64.8762, 2916.2667
current_data: 2.4839, 20685, 0.0178, 0.0000
current_data: 2.3288, 55665, 26.4467, 11500.6908
current_data: 1.9848, 336968, 7.4390, 1493.1335
[32m[info] [src/pairwise_allocator.cpp:binary_serch_cache_roofline:462] descriptor COLS 4, find_cache_roofline_times: 2, roofline ipc: 2.3314, current ipc 2.3288, gap: 0.0011, lway: 1, rway: 7
[mcurrent_data: 0.9654, 684428, 6.1624, 859.3799
current_data: 0.4501, 5082890, 64.7941, 3065.0175
current_data: 2.4594, 27301, 0.0258, 0.6250
current_data: 2.3261, 52904, 26.4597, 11480.0657
current_data: 1.6039, 305560, 11.8487, 1824.3854
[32m[info] [src/pairwise_allocator.cpp:binary_serch_cache_roofline:462] descriptor COLS 4, find_cache_roofline_times: 3, roofline ipc: 2.3314, current ipc 2.3261, gap: 0.0023, lway: 1, rway: 4
[mcurrent_data: 0.9653, 656956, 6.0612, 845.0048
current_data: 0.4452, 4919275, 65.3280, 2898.7666
current_data: 2.4750, 22915, 0.0230, 1.8750
current_data: 2.3284, 50873, 26.4704, 11325.6898
current_data: 1.9889, 341695, 7.3544, 1566.2590
[32m[info] [src/pairwise_allocator.cpp:binary_serch_cache_roofline:462] descriptor COLS 4, find_cache_roofline_times: 4, roofline ipc: 2.3314, current ipc 2.3284, gap: 0.0013, lway: 1, rway: 2
[mcurrent_data: 0.9636, 677329, 6.2575, 859.3799
current_data: 0.4458, 4992697, 65.3303, 2988.7671
current_data: 2.4470, 32842, 0.0337, 0.6250
current_data: 2.3178, 42360, 26.4839, 11433.1904
current_data: 1.3949, 259676, 15.0395, 2010.6365
[32m[info] [src/pairwise_allocator.cpp:binary_serch_cache_roofline:462] descriptor COLS 4, find_cache_roofline_times: 5, roofline ipc: 2.3314, current ipc 2.3178, gap: 0.0058, lway: 1, rway: 1
[mcurrent_data: 0.9654, 681801, 6.3429, 803.7546
current_data: 0.4443, 4953528, 65.5228, 2995.6421
current_data: 2.4637, 27382, 0.0320, 0.0000
current_data: 2.3319, 44986, 26.4824, 11528.1910
current_data: 1.9845, 362761, 7.3626, 1581.8841
[32m[info] [src/pairwise_allocator.cpp:found_cache_roofline:405] Found_cache_roofline, obj_id 774182, roofline cache way: 1, roofline remain cache: 14, roofline cache bitmask: 0x7ffe
[m[32m[info] [src/pairwise_allocator.cpp:binary_serch_cache_roofline:462] descriptor COLS 4, find_cache_roofline_times: 6, roofline ipc: 2.3319, current ipc 2.3319, gap: 0.0000, lway: 1, rway: 1
[m[32m[info] [src/pairwise_allocator.cpp:allocating_cache:846] binary_serch_cache_roofline first pair success
[m[32m[info] [src/pairwise_allocator.cpp:pair_allocating_cache:770] pair_allocating_cache begin, allocating time: 0, descriptor roofline cache way: 1, system remain cache way: 5, complete queue size: 3
[m[32m[info] [src/pairwise_allocator.cpp:allocating_cache:852] Complete pair_allocating_cache, allocate cache ways: 1
[mcurrent_data: 1.0940, 1146920, 4.8886, 856.8799
current_data: 0.3866, 4359334, 76.7218, 3766.8966
current_data: 2.5170, 11950, 0.0088, 6.8750
current_data: 0.9249, 39853, 31.9283, 4206.2741
current_data: 1.1472, 278839, 19.0293, 2480.6392
current_data: 1.0778, 1143920, 5.1753, 1065.0061
current_data: 0.4371, 5895064, 66.3178, 3620.0207
current_data: 2.5443, 8048, 0.0008, 0.0000
current_data: 0.9258, 23515, 32.0168, 4233.7742
current_data: 1.1616, 268391, 18.3695, 2600.6399
[32m[info] [src/pairwise_allocator.cpp:binary_serch_cache_roofline:462] descriptor COLS 3, find_cache_roofline_times: 1, roofline ipc: 2.5443, current ipc 2.5443, gap: 0.0000, lway: 1, rway: 14
[mcurrent_data: 1.0494, 907149, 5.9719, 1053.7560
current_data: 0.4488, 5872053, 65.0990, 3494.3950
current_data: 2.5461, 8660, 0.0011, 0.6250
current_data: 0.9280, 23593, 31.9964, 4334.3998
current_data: 2.0615, 386716, 7.4146, 1848.7606
[32m[info] [src/pairwise_allocator.cpp:binary_serch_cache_roofline:462] descriptor COLS 3, find_cache_roofline_times: 2, roofline ipc: 2.5461, current ipc 2.5461, gap: 0.0000, lway: 1, rway: 7
[mcurrent_data: 1.0441, 869655, 5.8962, 1039.3809
current_data: 0.4495, 5798803, 64.9939, 3456.8948
current_data: 2.5462, 7386, 0.0005, 0.0000
current_data: 0.9291, 23594, 31.9948, 4238.1493
current_data: 2.0509, 403411, 7.2597, 1800.0103
[32m[info] [src/pairwise_allocator.cpp:binary_serch_cache_roofline:462] descriptor COLS 3, find_cache_roofline_times: 3, roofline ipc: 2.5462, current ipc 2.5462, gap: 0.0000, lway: 1, rway: 4
[mcurrent_data: 1.0414, 867752, 5.9896, 1002.5057
current_data: 0.4516, 5844408, 64.8462, 3420.6446
current_data: 2.5459, 6854, 0.0003, 0.0000
current_data: 0.9258, 24105, 32.0097, 4262.5244
current_data: 1.1762, 239790, 18.4405, 2609.3899
[32m[info] [src/pairwise_allocator.cpp:binary_serch_cache_roofline:462] descriptor COLS 3, find_cache_roofline_times: 4, roofline ipc: 2.5462, current ipc 2.5459, gap: 0.0001, lway: 1, rway: 2
[mcurrent_data: 1.0416, 860833, 6.0271, 980.6306
current_data: 0.4509, 5821466, 64.9582, 3452.5198
current_data: 2.5474, 6374, 0.0002, 0.0000
current_data: 0.9274, 19621, 32.0148, 4161.8988
current_data: 2.0781, 378107, 7.1961, 1791.8853
[32m[info] [src/pairwise_allocator.cpp:binary_serch_cache_roofline:462] descriptor COLS 3, find_cache_roofline_times: 5, roofline ipc: 2.5474, current ipc 2.5474, gap: 0.0000, lway: 1, rway: 1
[mcurrent_data: 1.0385, 849066, 6.1462, 989.3807
current_data: 0.4510, 5760107, 64.8968, 3344.3941
current_data: 2.5452, 6029, 0.0002, 0.0000
current_data: 0.9282, 20587, 32.0221, 4201.2740
current_data: 1.8471, 329505, 7.9553, 1938.7611
[32m[info] [src/pairwise_allocator.cpp:found_cache_roofline:405] Found_cache_roofline, obj_id 771466, roofline cache way: 1, roofline remain cache: 14, roofline cache bitmask: 0x7ffe
[m[32m[info] [src/pairwise_allocator.cpp:binary_serch_cache_roofline:462] descriptor COLS 3, find_cache_roofline_times: 6, roofline ipc: 2.5474, current ipc 2.5452, gap: 0.0009, lway: 1, rway: 1
[m[32m[info] [src/pairwise_allocator.cpp:allocating_cache:846] binary_serch_cache_roofline first pair success
[m[32m[info] [src/pairwise_allocator.cpp:pair_allocating_cache:770] pair_allocating_cache begin, allocating time: 0, descriptor roofline cache way: 1, system remain cache way: 4, complete queue size: 4
[m[32m[info] [src/pairwise_allocator.cpp:allocating_cache:852] Complete pair_allocating_cache, allocate cache ways: 1
[m[34m[critical] [src/pairwise_allocator.cpp:print_allocating_cache_results:815] print_allocating_cache_results: system remain cache: 3
[m[34m[critical] [src/pairwise_allocator.cpp:print_allocating_cache_results:823] obj: 774192, cache_way: 2, roofline cache way: 2
[m[34m[critical] [src/pairwise_allocator.cpp:print_allocating_cache_results:823] obj: 771457, cache_way: 1, roofline cache way: 1
[m[34m[critical] [src/pairwise_allocator.cpp:print_allocating_cache_results:823] obj: 771452, cache_way: 7, roofline cache way: 7
[m[34m[critical] [src/pairwise_allocator.cpp:print_allocating_cache_results:823] obj: 774182, cache_way: 1, roofline cache way: 1
[m[34m[critical] [src/pairwise_allocator.cpp:print_allocating_cache_results:823] obj: 771466, cache_way: 1, roofline cache way: 1
[mSKT0: MBA COS6 => 100% requested, 100% applied
current_data: 1.0864, 1278100, 4.8808, 1105.6313
current_data: 0.5069, 7744667, 62.6786, 4368.7750
current_data: 2.5443, 7149, 0.0013, 0.0000
current_data: 0.9255, 27860, 31.9991, 4357.5249
current_data: 1.1421, 226872, 18.7528, 2557.5146
SKT0: MBA COS6 => 60% requested, 60% applied
[32m[info] [src/pairwise_allocator.cpp:binary_serch_mb_roofline:937] descriptor1 COLS 2, find_mb_roofline_time: 1, roofline mb: 4368.7750, current mb 4368.7750, gap: 0.0000, lmb_throttle: 20, rmb_throttle: 100
[mcurrent_data: 1.0549, 880575, 5.9925, 1050.6310
current_data: 0.5074, 6456383, 62.6719, 3690.0211
current_data: 2.5433, 7728, 0.0018, 0.6250
current_data: 0.9268, 24536, 31.9971, 4043.1481
current_data: 2.0733, 350427, 7.2128, 1723.1349
SKT0: MBA COS6 => 40% requested, 40% applied
[32m[info] [src/pairwise_allocator.cpp:binary_serch_mb_roofline:937] descriptor1 COLS 2, find_mb_roofline_time: 2, roofline mb: 3690.0211, current mb 3690.0211, gap: 0.0000, lmb_throttle: 20, rmb_throttle: 60
[mcurrent_data: 1.0471, 860865, 6.0526, 1013.7558
current_data: 0.5070, 6471074, 62.6783, 3669.3960
current_data: 2.5448, 6620, 0.0012, 0.0000
current_data: 0.9277, 22517, 32.0042, 4059.3982
current_data: 2.0469, 388166, 7.1850, 1745.0100
SKT0: MBA COS6 => 30% requested, 30% applied
[32m[info] [src/pairwise_allocator.cpp:binary_serch_mb_roofline:937] descriptor1 COLS 2, find_mb_roofline_time: 3, roofline mb: 3690.0211, current mb 3669.3960, gap: 0.0056, lmb_throttle: 20, rmb_throttle: 40
[mcurrent_data: 1.0462, 850804, 5.8646, 968.1305
current_data: 0.5068, 6282107, 62.6965, 3611.2707
current_data: 2.5456, 5687, 0.0009, 0.0000
current_data: 0.9272, 23704, 31.9990, 3923.1474
current_data: 1.1083, 220993, 19.9408, 2532.5145
SKT0: MBA COS6 => 20% requested, 20% applied
[32m[info] [src/pairwise_allocator.cpp:binary_serch_mb_roofline:937] descriptor1 COLS 2, find_mb_roofline_time: 4, roofline mb: 3690.0211, current mb 3611.2707, gap: 0.0213, lmb_throttle: 20, rmb_throttle: 30
[mcurrent_data: 1.0446, 849572, 5.9588, 997.5057
current_data: 0.3959, 3155493, 70.7974, 3616.8957
current_data: 2.5476, 6215, 0.0015, 0.0000
current_data: 0.9276, 23767, 32.0032, 4022.5230
current_data: 2.0611, 368534, 7.1092, 1787.5102
SKT0: MBA COS6 => 30% requested, 30% applied
[32m[info] [src/pairwise_allocator.cpp:binary_serch_mb_roofline:937] descriptor1 COLS 2, find_mb_roofline_time: 5, roofline mb: 3690.0211, current mb 3616.8957, gap: 0.0198, lmb_throttle: 30, rmb_throttle: 30
[mcurrent_data: 1.0457, 845083, 5.7925, 930.0053
current_data: 0.4465, 4448556, 77.8580, 3978.7728
current_data: 2.5446, 7554, 0.0022, 0.0000
current_data: 0.9247, 24408, 32.0140, 4054.3982
current_data: 1.1363, 231660, 18.9772, 2533.7645
[32m[info] [src/pairwise_allocator.cpp:found_mb_roofline:887] Fast found mb roofline, obj_id 771457, roofline mb: 3690.02 MB/s, roofline mb throttle: 30
[m[32m[info] [src/pairwise_allocator.cpp:binary_serch_mb_roofline:937] descriptor1 COLS 2, find_mb_roofline_time: 6, roofline mb: 3690.0211, current mb 3978.7728, gap: 0.0783, lmb_throttle: 30, rmb_throttle: 30
[m[32m[info] [src/pairwise_allocator.cpp:allocating_mb:1147] binary_serch_mb_roofline first pair success
[m[32m[info] [src/pairwise_allocator.cpp:pair_allocating_mb:1088] pair_allocating_mb begin, allocating times: 0, descriptor roofline mb throttle: 30, system remain mb: 107765.00 MB/s
[mSKT0: MBA COS2 => 20% requested, 20% applied
current_data: 1.0936, 1244293, 4.9477, 965.6305
current_data: 0.4519, 6552664, 65.3198, 3916.8974
current_data: 2.5479, 7266, 0.0003, 0.0000
current_data: 0.9278, 34700, 31.9649, 4253.1493
current_data: 1.3862, 312285, 15.6342, 2389.3887
[32m[info] [src/pairwise_allocator.cpp:pair_allocating_mb:1088] pair_allocating_mb begin, allocating times: 1, descriptor roofline mb throttle: 30, system remain mb: 107765.00 MB/s
[mSKT0: MBA COS2 => 30% requested, 30% applied
current_data: 1.1257, 1193573, 4.4315, 735.0042
current_data: 0.4933, 5860537, 66.1150, 3597.5206
current_data: 2.5465, 6006, 0.0003, 0.6250
current_data: 0.9264, 32092, 31.9563, 3973.7727
current_data: 2.0707, 415643, 7.2446, 1727.5099
[32m[info] [src/pairwise_allocator.cpp:pair_allocating_mb:1088] pair_allocating_mb begin, allocating times: 2, descriptor roofline mb throttle: 30, system remain mb: 107765.00 MB/s
[m[32m[info] [src/pairwise_allocator.cpp:allocating_fit_mb:958] Will allocating_fit_mb mb throttle: 30
[mSKT0: MBA COS2 => 30% requested, 30% applied
current_data: 1.1317, 1116536, 4.3979, 663.1288
current_data: 0.4896, 5398847, 66.6913, 3383.1444
current_data: 2.5486, 6718, 0.0009, 0.0000
current_data: 0.9256, 29374, 31.9561, 3720.6463
current_data: 1.1130, 228465, 19.8878, 2389.3887
[32m[info] [src/pairwise_allocator.cpp:allocating_mb:1121] Allocate mb: 3383.14 MB/s, mb_throttle: 30
[mSKT0: MBA COS6 => 100% requested, 100% applied
current_data: 1.0625, 1129110, 5.2173, 990.6307
current_data: 0.4668, 6795017, 62.0794, 3721.2713
current_data: 2.5460, 6294, 0.0041, 0.6250
current_data: 2.6038, 49679, 24.9765, 9919.4318
current_data: 1.1620, 242602, 18.6402, 2623.7650
SKT0: MBA COS6 => 60% requested, 60% applied
[32m[info] [src/pairwise_allocator.cpp:binary_serch_mb_roofline:937] descriptor1 COLS 4, find_mb_roofline_time: 1, roofline mb: 9919.4318, current mb 9919.4318, gap: 0.0000, lmb_throttle: 20, rmb_throttle: 100
[mcurrent_data: 1.0293, 894377, 5.7697, 972.5056
current_data: 0.4748, 6240077, 61.5470, 3440.6447
current_data: 2.5477, 4598, 0.0037, 0.0000
current_data: 2.6107, 43717, 24.9834, 9356.9285
current_data: 2.0548, 389435, 7.1740, 1749.3850
SKT0: MBA COS6 => 40% requested, 40% applied
[32m[info] [src/pairwise_allocator.cpp:binary_serch_mb_roofline:937] descriptor1 COLS 4, find_mb_roofline_time: 2, roofline mb: 9356.9285, current mb 9356.9285, gap: 0.0000, lmb_throttle: 20, rmb_throttle: 60
[mcurrent_data: 1.0293, 865765, 5.9877, 1016.2558
current_data: 0.4767, 6420103, 61.3327, 3507.5201
current_data: 2.5463, 5824, 0.0037, 0.0000
current_data: 2.2251, 39191, 24.9714, 8198.1719
current_data: 1.5977, 328207, 10.5877, 2205.6376
SKT0: MBA COS6 => 55% requested, 60% applied
[32m[info] [src/pairwise_allocator.cpp:binary_serch_mb_roofline:937] descriptor1 COLS 4, find_mb_roofline_time: 3, roofline mb: 9356.9285, current mb 8198.1719, gap: 0.1238, lmb_throttle: 50, rmb_throttle: 60
[mcurrent_data: 1.0248, 861004, 6.0340, 1005.0058
current_data: 0.4743, 6452403, 61.6508, 3536.8952
current_data: 2.5462, 5396, 0.0032, 0.0000
current_data: 2.6104, 48047, 24.9744, 9750.0558
current_data: 1.3457, 291893, 16.3468, 2473.7642
SKT0: MBA COS6 => 50% requested, 50% applied
[32m[info] [src/pairwise_allocator.cpp:binary_serch_mb_roofline:937] descriptor1 COLS 4, find_mb_roofline_time: 4, roofline mb: 9356.9285, current mb 9750.0558, gap: 0.0420, lmb_throttle: 50, rmb_throttle: 60
[mcurrent_data: 1.0238, 852888, 6.1816, 953.7555
current_data: 0.4735, 6461738, 61.8090, 3601.8956
current_data: 2.5457, 4747, 0.0033, 0.0000
current_data: 2.5170, 44091, 24.9800, 9538.8046
current_data: 2.0352, 388609, 7.3556, 1831.2605
SKT0: MBA COS6 => 50% requested, 50% applied
[32m[info] [src/pairwise_allocator.cpp:binary_serch_mb_roofline:937] descriptor1 COLS 4, find_mb_roofline_time: 5, roofline mb: 9356.9285, current mb 9538.8046, gap: 0.0194, lmb_throttle: 50, rmb_throttle: 50
[mcurrent_data: 1.0229, 845047, 5.9041, 951.8804
current_data: 0.4749, 6485139, 61.5530, 3529.3952
current_data: 2.5454, 6063, 0.0033, 0.0000
current_data: 2.5507, 44786, 24.9771, 9563.8047
current_data: 1.2561, 260378, 16.3143, 2631.8901
[32m[info] [src/pairwise_allocator.cpp:found_mb_roofline:887] Fast found mb roofline, obj_id 774182, roofline mb: 9356.93 MB/s, roofline mb throttle: 50
[m[32m[info] [src/pairwise_allocator.cpp:binary_serch_mb_roofline:937] descriptor1 COLS 4, find_mb_roofline_time: 6, roofline mb: 9356.9285, current mb 9563.8047, gap: 0.0221, lmb_throttle: 50, rmb_throttle: 50
[m[32m[info] [src/pairwise_allocator.cpp:allocating_mb:1147] binary_serch_mb_roofline first pair success
[m[32m[info] [src/pairwise_allocator.cpp:pair_allocating_mb:1088] pair_allocating_mb begin, allocating times: 0, descriptor roofline mb throttle: 50, system remain mb: 104381.86 MB/s
[mSKT0: MBA COS4 => 20% requested, 20% applied
current_data: 1.0881, 1215851, 5.1063, 993.7557
current_data: 0.4605, 5398730, 74.3959, 4168.1489
current_data: 2.5469, 7586, 0.0009, 0.0000
current_data: 1.1166, 38090, 24.9583, 4123.7736
current_data: 1.2881, 266422, 17.8093, 2432.5139
[32m[info] [src/pairwise_allocator.cpp:pair_allocating_mb:1088] pair_allocating_mb begin, allocating times: 1, descriptor roofline mb throttle: 50, system remain mb: 104381.86 MB/s
[mSKT0: MBA COS4 => 30% requested, 30% applied
current_data: 1.1104, 1070029, 4.4831, 673.1289
current_data: 0.4544, 4449402, 74.9498, 3520.0201
current_data: 2.5453, 6879, 0.0006, 0.0000
current_data: 1.6881, 36407, 24.9555, 5541.2817
current_data: 2.0783, 397071, 7.1794, 1630.0093
[32m[info] [src/pairwise_allocator.cpp:pair_allocating_mb:1088] pair_allocating_mb begin, allocating times: 2, descriptor roofline mb throttle: 50, system remain mb: 104381.86 MB/s
[mSKT0: MBA COS4 => 40% requested, 40% applied
current_data: 1.1146, 1125548, 4.2617, 698.1290
current_data: 0.4384, 2009946, 63.5139, 3126.2679
current_data: 2.5461, 6097, 0.0003, 0.0000
current_data: 2.2227, 39496, 24.9656, 7370.0422
current_data: 1.0774, 252456, 20.8788, 2366.2635
[32m[info] [src/pairwise_allocator.cpp:pair_allocating_mb:1088] pair_allocating_mb begin, allocating times: 3, descriptor roofline mb throttle: 50, system remain mb: 104381.86 MB/s
[mSKT0: MBA COS4 => 50% requested, 50% applied
current_data: 1.1193, 1045262, 4.0902, 573.1283
current_data: 0.4369, 3759788, 78.0642, 3322.5190
current_data: 2.5459, 5378, 0.0003, 0.0000
current_data: 2.5588, 43938, 24.9663, 7822.5448
current_data: 2.0620, 346696, 7.3501, 1485.6335
[32m[info] [src/pairwise_allocator.cpp:pair_allocating_mb:1088] pair_allocating_mb begin, allocating times: 4, descriptor roofline mb throttle: 50, system remain mb: 104381.86 MB/s
[m[32m[info] [src/pairwise_allocator.cpp:allocating_fit_mb:958] Will allocating_fit_mb mb throttle: 50
[mSKT0: MBA COS4 => 50% requested, 50% applied
current_data: 1.1120, 1021209, 4.3908, 592.5034
current_data: 0.4363, 3719472, 78.0368, 3273.7687
current_data: 2.5458, 6352, 0.0006, 0.0000
current_data: 2.5277, 40599, 24.9655, 7598.1685
current_data: 1.0058, 248271, 22.7302, 2240.0128
[32m[info] [src/pairwise_allocator.cpp:allocating_mb:1121] Allocate mb: 7598.17 MB/s, mb_throttle: 50
[mSKT0: MBA COS6 => 100% requested, 100% applied
current_data: 1.0782, 1142847, 5.0768, 1083.1312
current_data: 0.4407, 6104110, 65.8212, 3909.3974
current_data: 2.5448, 7330, 0.0025, 0.0000
current_data: 0.9251, 24802, 32.0158, 4382.5251
current_data: 2.5599, 504414, 7.2956, 2225.0127
SKT0: MBA COS6 => 60% requested, 60% applied
[32m[info] [src/pairwise_allocator.cpp:binary_serch_mb_roofline:937] descriptor1 COLS 5, find_mb_roofline_time: 1, roofline mb: 2225.0127, current mb 2225.0127, gap: 0.0000, lmb_throttle: 20, rmb_throttle: 100
[mcurrent_data: 1.0494, 864745, 5.8575, 982.5056
current_data: 0.4500, 5569344, 64.9544, 3470.6449
current_data: 2.5464, 5862, 0.0019, 0.0000
current_data: 0.9270, 20023, 32.0071, 4081.8984
current_data: 2.4428, 440704, 7.4374, 2479.3892
SKT0: MBA COS6 => 40% requested, 40% applied
[32m[info] [src/pairwise_allocator.cpp:binary_serch_mb_roofline:937] descriptor1 COLS 5, find_mb_roofline_time: 2, roofline mb: 2225.0127, current mb 2479.3892, gap: 0.1143, lmb_throttle: 20, rmb_throttle: 60
[mcurrent_data: 1.0440, 848004, 5.9692, 976.2556
current_data: 0.4518, 5552499, 64.7656, 3416.8946
current_data: 2.5487, 5194, 0.0017, 0.0000
current_data: 0.9266, 20080, 32.0057, 4056.8982
current_data: 1.9876, 370367, 13.8479, 3210.0184
SKT0: MBA COS6 => 55% requested, 60% applied
[32m[info] [src/pairwise_allocator.cpp:binary_serch_mb_roofline:937] descriptor1 COLS 5, find_mb_roofline_time: 3, roofline mb: 2225.0127, current mb 3210.0184, gap: 0.4427, lmb_throttle: 50, rmb_throttle: 60
[mcurrent_data: 1.0452, 820920, 5.9135, 916.2552
current_data: 0.4551, 5600374, 64.4098, 3405.0195
current_data: 2.5468, 6543, 0.0022, 9.3751
current_data: 0.9242, 22270, 32.0045, 4126.2736
current_data: 2.1251, 438330, 13.5659, 3390.0194
SKT0: MBA COS6 => 65% requested, 70% applied
[32m[info] [src/pairwise_allocator.cpp:binary_serch_mb_roofline:937] descriptor1 COLS 5, find_mb_roofline_time: 4, roofline mb: 2225.0127, current mb 3390.0194, gap: 0.5236, lmb_throttle: 70, rmb_throttle: 60
[mcurrent_data: 1.0395, 829592, 5.7935, 936.8804
current_data: 0.4508, 5547676, 64.8631, 3437.5197
current_data: 2.5476, 5473, 0.0021, 8.1250
current_data: 0.9278, 20814, 32.0085, 4096.2734
current_data: 2.3158, 491315, 11.8000, 2578.1398
[32m[info] [src/pairwise_allocator.cpp:found_mb_roofline:887] Fast found mb roofline, obj_id 774192, roofline mb: 2225.01 MB/s, roofline mb throttle: 70
[m[32m[info] [src/pairwise_allocator.cpp:binary_serch_mb_roofline:937] descriptor1 COLS 5, find_mb_roofline_time: 5, roofline mb: 2225.0127, current mb 2578.1398, gap: 0.1587, lmb_throttle: 70, rmb_throttle: 60
[m[32m[info] [src/pairwise_allocator.cpp:allocating_mb:1147] binary_serch_mb_roofline first pair success
[m[32m[info] [src/pairwise_allocator.cpp:pair_allocating_mb:1088] pair_allocating_mb begin, allocating times: 0, descriptor roofline mb throttle: 70, system remain mb: 96783.69 MB/s
[mSKT0: MBA COS5 => 20% requested, 20% applied
current_data: 1.0788, 1230255, 4.8034, 898.1301
current_data: 0.4445, 5463776, 75.1488, 4386.9001
current_data: 2.5480, 6604, 0.0002, 0.0000
current_data: 2.4566, 41778, 31.9740, 11189.4390
current_data: 2.0856, 442671, 7.1664, 1818.7604
[32m[info] [src/pairwise_allocator.cpp:pair_allocating_mb:1088] pair_allocating_mb begin, allocating times: 1, descriptor roofline mb throttle: 70, system remain mb: 96783.69 MB/s
[mSKT0: MBA COS5 => 30% requested, 30% applied
current_data: 1.1094, 1249820, 4.1500, 725.0041
current_data: 0.4407, 4761336, 76.0530, 3883.7722
current_data: 2.5481, 6947, 0.0005, 0.0000
current_data: 2.4626, 44320, 31.9705, 11187.5640
current_data: 2.3775, 493915, 7.2589, 2077.5119
[32m[info] [src/pairwise_allocator.cpp:pair_allocating_mb:1088] pair_allocating_mb begin, allocating times: 2, descriptor roofline mb throttle: 70, system remain mb: 96783.69 MB/s
[mSKT0: MBA COS5 => 40% requested, 40% applied
current_data: 1.1152, 1208248, 4.2949, 708.7541
current_data: 0.4370, 4460623, 76.6775, 3760.0215
current_data: 2.5455, 6162, 0.0002, 0.0000
current_data: 2.4508, 41975, 31.9690, 10703.1862
current_data: 1.9939, 379481, 13.9575, 3245.6436
[32m[info] [src/pairwise_allocator.cpp:pair_allocating_mb:1088] pair_allocating_mb begin, allocating times: 3, descriptor roofline mb throttle: 70, system remain mb: 96783.69 MB/s
[mSKT0: MBA COS5 => 50% requested, 50% applied
current_data: 1.1192, 1175305, 4.0696, 612.5035
current_data: 0.4357, 4284684, 76.9656, 3634.3958
current_data: 2.5468, 5396, 0.0002, 0.0000
current_data: 2.4465, 39240, 31.9778, 10388.1844
current_data: 2.0822, 472432, 13.7274, 3227.5185
[32m[info] [src/pairwise_allocator.cpp:pair_allocating_mb:1088] pair_allocating_mb begin, allocating times: 4, descriptor roofline mb throttle: 70, system remain mb: 96783.69 MB/s
[mSKT0: MBA COS5 => 60% requested, 60% applied
current_data: 1.1203, 1191995, 4.1043, 680.6289
current_data: 0.4377, 4345810, 77.0791, 3637.5208
current_data: 2.5463, 6633, 0.0008, 0.0000
current_data: 2.4633, 43829, 31.9726, 10472.5599
current_data: 2.1484, 435297, 13.5429, 2716.2655
[32m[info] [src/pairwise_allocator.cpp:pair_allocating_mb:1088] pair_allocating_mb begin, allocating times: 5, descriptor roofline mb throttle: 70, system remain mb: 96783.69 MB/s
[mSKT0: MBA COS5 => 70% requested, 70% applied
current_data: 1.1185, 1196509, 4.1390, 678.7539
current_data: 0.4373, 4357044, 77.2392, 3794.3967
current_data: 2.5478, 5673, 0.0002, 0.0000
current_data: 2.4625, 44339, 31.9643, 10578.1855
current_data: 2.5339, 508976, 7.3787, 2071.2619
[32m[info] [src/pairwise_allocator.cpp:pair_allocating_mb:1088] pair_allocating_mb begin, allocating times: 6, descriptor roofline mb throttle: 70, system remain mb: 96783.69 MB/s
[m[32m[info] [src/pairwise_allocator.cpp:allocating_fit_mb:958] Will allocating_fit_mb mb throttle: 70
[mSKT0: MBA COS5 => 70% requested, 70% applied
current_data: 1.1090, 1107519, 4.2516, 653.7537
current_data: 0.4341, 4044416, 77.3227, 3469.3949
current_data: 2.5470, 5643, 0.0002, 0.0000
current_data: 2.4582, 40947, 31.9665, 9865.0564
current_data: 2.5386, 505314, 7.2332, 1979.3863
[32m[info] [src/pairwise_allocator.cpp:allocating_mb:1121] Allocate mb: 1979.39 MB/s, mb_throttle: 70
[mSKT0: MBA COS6 => 100% requested, 100% applied
current_data: 1.0530, 1008583, 5.7182, 1061.8811
current_data: 0.3974, 3167016, 71.6788, 3931.2725
current_data: 2.5156, 16343, 0.0108, 0.0000
current_data: 0.9287, 25634, 32.0072, 4520.6509
current_data: 2.0197, 357176, 7.5396, 1756.8851
SKT0: MBA COS6 => 60% requested, 60% applied
[32m[info] [src/pairwise_allocator.cpp:binary_serch_mb_roofline:937] descriptor1 COLS 1, find_mb_roofline_time: 1, roofline mb: 1061.8811, current mb 1061.8811, gap: 0.0000, lmb_throttle: 20, rmb_throttle: 100
[mcurrent_data: 1.0550, 836014, 5.8503, 931.2553
current_data: 0.3701, 3399598, 79.7419, 3195.0183
current_data: 2.5155, 14584, 0.0106, 0.0000
current_data: 0.7030, 25984, 33.1604, 2442.5140
current_data: 1.8421, 320368, 7.7297, 1696.8847
SKT0: MBA COS6 => 40% requested, 40% applied
[32m[info] [src/pairwise_allocator.cpp:binary_serch_mb_roofline:937] descriptor1 COLS 1, find_mb_roofline_time: 2, roofline mb: 931.2553, current mb 931.2553, gap: 0.0000, lmb_throttle: 20, rmb_throttle: 60
[mcurrent_data: 1.0568, 838394, 5.6655, 899.3801
current_data: 0.3703, 3377934, 79.8120, 3171.2681
current_data: 2.4879, 22346, 0.0194, 0.0000
current_data: 0.8289, 36127, 36.9970, 3770.6466
current_data: 1.6562, 310366, 11.2490, 1963.1362
SKT0: MBA COS6 => 30% requested, 30% applied
[32m[info] [src/pairwise_allocator.cpp:binary_serch_mb_roofline:937] descriptor1 COLS 1, find_mb_roofline_time: 3, roofline mb: 899.3801, current mb 899.3801, gap: 0.0000, lmb_throttle: 20, rmb_throttle: 40
[mcurrent_data: 1.0561, 840590, 5.9050, 905.6302
current_data: 0.3701, 3414921, 79.9642, 3238.7685
current_data: 2.5066, 18099, 0.0153, 10.0001
current_data: 0.9411, 32314, 34.3220, 3808.1468
current_data: 2.0098, 375264, 7.4718, 1687.5097
SKT0: MBA COS6 => 20% requested, 20% applied
[32m[info] [src/pairwise_allocator.cpp:binary_serch_mb_roofline:937] descriptor1 COLS 1, find_mb_roofline_time: 4, roofline mb: 899.3801, current mb 905.6302, gap: 0.0069, lmb_throttle: 20, rmb_throttle: 30
[mcurrent_data: 1.0574, 850102, 5.8183, 895.6301
current_data: 0.3729, 3424552, 79.4996, 3232.5185
current_data: 2.5035, 16722, 0.0165, 0.0000
current_data: 0.9403, 30077, 34.3186, 3763.7715
current_data: 1.0530, 227533, 21.3615, 2499.3893
SKT0: MBA COS6 => 20% requested, 20% applied
[32m[info] [src/pairwise_allocator.cpp:binary_serch_mb_roofline:937] descriptor1 COLS 1, find_mb_roofline_time: 5, roofline mb: 895.6301, current mb 895.6301, gap: 0.0000, lmb_throttle: 20, rmb_throttle: 20
[mcurrent_data: 1.0571, 845537, 5.9121, 899.3801
current_data: 0.3716, 3410417, 79.7860, 3159.3931
current_data: 2.4943, 20231, 0.0200, 5.6250
current_data: 0.9417, 26267, 34.3262, 3775.6466
current_data: 2.0040, 334288, 7.5863, 1640.6344
[32m[info] [src/pairwise_allocator.cpp:found_mb_roofline:887] Fast found mb roofline, obj_id 771452, roofline mb: 895.63 MB/s, roofline mb throttle: 20
[m[32m[info] [src/pairwise_allocator.cpp:binary_serch_mb_roofline:937] descriptor1 COLS 1, find_mb_roofline_time: 6, roofline mb: 895.6301, current mb 899.3801, gap: 0.0042, lmb_throttle: 20, rmb_throttle: 20
[m[32m[info] [src/pairwise_allocator.cpp:allocating_mb:1147] binary_serch_mb_roofline first pair success
[m[32m[info] [src/pairwise_allocator.cpp:pair_allocating_mb:1088] pair_allocating_mb begin, allocating times: 0, descriptor roofline mb throttle: 20, system remain mb: 94804.30 MB/s
[mSKT0: MBA COS1 => 20% requested, 20% applied
current_data: 1.0767, 1121524, 5.0000, 930.0053
current_data: 0.4701, 5998339, 69.6385, 4199.3990
current_data: 2.5467, 7655, 0.0007, 0.0000
current_data: 2.1734, 49360, 34.2783, 8977.5514
current_data: 2.5716, 424309, 7.1511, 1905.6359
[32m[info] [src/pairwise_allocator.cpp:pair_allocating_mb:1088] pair_allocating_mb begin, allocating times: 1, descriptor roofline mb throttle: 20, system remain mb: 94804.30 MB/s
[m[32m[info] [src/pairwise_allocator.cpp:allocating_fit_mb:958] Will allocating_fit_mb mb throttle: 20
[mSKT0: MBA COS1 => 20% requested, 20% applied
current_data: 1.1010, 975482, 4.4335, 613.1285
current_data: 0.4555, 4329332, 72.6577, 3190.6433
current_data: 2.5443, 9589, 0.0017, 0.0000
current_data: 2.1697, 45618, 34.2618, 7906.9202
current_data: 2.5589, 387307, 7.2112, 1720.6348
[32m[info] [src/pairwise_allocator.cpp:allocating_mb:1121] Allocate mb: 613.13 MB/s, mb_throttle: 20
[mSKT0: MBA COS6 => 100% requested, 100% applied
current_data: 1.0795, 1068291, 5.0770, 951.8804
current_data: 0.4314, 5487114, 67.2916, 3405.6445
current_data: 2.5476, 6408, 0.0003, 0.0000
current_data: 1.1024, 22756, 25.5156, 4037.5231
current_data: 2.0973, 368453, 7.0348, 1726.8849
SKT0: MBA COS6 => 60% requested, 60% applied
[32m[info] [src/pairwise_allocator.cpp:binary_serch_mb_roofline:937] descriptor1 COLS 3, find_mb_roofline_time: 1, roofline mb: 0.0000, current mb 0.0000, gap: -nan, lmb_throttle: 20, rmb_throttle: 100
[mcurrent_data: 1.0467, 856456, 5.9159, 940.0054
current_data: 0.4418, 5283609, 66.0852, 3126.2679
current_data: 2.5456, 6571, 0.0004, 0.0000
current_data: 1.1023, 23382, 25.5042, 3926.2725
current_data: 1.6599, 314768, 9.9504, 2093.7620
SKT0: MBA COS6 => 40% requested, 40% applied
[32m[info] [src/pairwise_allocator.cpp:binary_serch_mb_roofline:937] descriptor1 COLS 3, find_mb_roofline_time: 2, roofline mb: 0.0000, current mb 0.0000, gap: -nan, lmb_throttle: 20, rmb_throttle: 60
[mcurrent_data: 1.0481, 847183, 6.0569, 955.0055
current_data: 0.4446, 5341971, 65.8935, 3171.8931
current_data: 2.5464, 6528, 0.0005, 0.0000
current_data: 1.1027, 22609, 25.5058, 3943.1476
current_data: 1.5652, 317156, 12.7014, 2142.5123
SKT0: MBA COS6 => 30% requested, 30% applied
[32m[info] [src/pairwise_allocator.cpp:binary_serch_mb_roofline:937] descriptor1 COLS 3, find_mb_roofline_time: 3, roofline mb: 0.0000, current mb 0.0000, gap: -nan, lmb_throttle: 20, rmb_throttle: 40
[mcurrent_data: 1.0396, 846073, 6.0257, 980.0056
current_data: 0.4403, 5327925, 66.3636, 3242.5186
current_data: 2.5465, 8057, 0.0008, 0.6250
current_data: 0.9402, 21315, 24.7917, 3290.0188
current_data: 2.0378, 413812, 7.5235, 1760.6351
SKT0: MBA COS6 => 20% requested, 20% applied
[32m[info] [src/pairwise_allocator.cpp:binary_serch_mb_roofline:937] descriptor1 COLS 3, find_mb_roofline_time: 4, roofline mb: 0.0000, current mb 0.6250, gap: inf, lmb_throttle: 20, rmb_throttle: 30
[mcurrent_data: 1.0435, 825234, 6.0910, 947.5054
current_data: 0.4459, 5404315, 65.6776, 3193.1433
current_data: 2.5470, 6314, 0.0004, 0.0000
current_data: 1.1213, 28624, 24.9162, 3969.3977
current_data: 1.1152, 232699, 19.6632, 2535.0145
SKT0: MBA COS6 => 20% requested, 20% applied
[32m[info] [src/pairwise_allocator.cpp:binary_serch_mb_roofline:937] descriptor1 COLS 3, find_mb_roofline_time: 5, roofline mb: 0.0000, current mb 0.0000, gap: -nan, lmb_throttle: 20, rmb_throttle: 20
[mcurrent_data: 1.0411, 815287, 5.9433, 911.8802
current_data: 0.4450, 5421761, 65.8444, 3233.7685
current_data: 2.5477, 6057, 0.0003, 0.0000
current_data: 1.1216, 24597, 24.9243, 3966.8977
current_data: 2.0617, 379440, 7.4736, 1718.7598
[32m[info] [src/pairwise_allocator.cpp:found_mb_roofline:887] Fast found mb roofline, obj_id 771466, roofline mb: 0.00 MB/s, roofline mb throttle: 20
[m[32m[info] [src/pairwise_allocator.cpp:binary_serch_mb_roofline:937] descriptor1 COLS 3, find_mb_roofline_time: 6, roofline mb: 0.0000, current mb 0.0000, gap: -nan, lmb_throttle: 20, rmb_throttle: 20
[m[32m[info] [src/pairwise_allocator.cpp:allocating_mb:1147] binary_serch_mb_roofline first pair success
[m[32m[info] [src/pairwise_allocator.cpp:pair_allocating_mb:1088] pair_allocating_mb begin, allocating times: 0, descriptor roofline mb throttle: 20, system remain mb: 94191.17 MB/s
[mSKT0: MBA COS3 => 20% requested, 20% applied
current_data: 1.0382, 1108224, 5.0870, 876.8800
current_data: 0.4199, 4522221, 77.0068, 3867.5221
current_data: 2.5473, 6466, 0.0005, 0.0000
current_data: 2.2057, 40420, 26.4947, 11152.5638
current_data: 2.3500, 491246, 9.5198, 1825.6354
[32m[info] [src/pairwise_allocator.cpp:pair_allocating_mb:1088] pair_allocating_mb begin, allocating times: 1, descriptor roofline mb throttle: 20, system remain mb: 94191.17 MB/s
[m[32m[info] [src/pairwise_allocator.cpp:allocating_fit_mb:958] Will allocating_fit_mb mb throttle: 20
[mSKT0: MBA COS3 => 20% requested, 20% applied
current_data: 1.0728, 897618, 4.4184, 552.5032
current_data: 0.4141, 3330259, 76.9146, 2897.5166
current_data: 2.5472, 5295, 0.0003, 0.0000
current_data: 2.2093, 37658, 26.4866, 9655.6803
current_data: 2.5182, 428785, 7.1461, 1756.8851
[32m[info] [src/pairwise_allocator.cpp:allocating_mb:1121] Allocate mb: 0.00 MB/s, mb_throttle: 20
[mcurrent_data: 1.0679, 903653, 4.5028, 547.5031
current_data: 0.4541, 2733033, 72.4540, 3280.6438
current_data: 2.5449, 5038, 0.0004, 0.0000
current_data: 2.1747, 34912, 26.4817, 9235.6778
current_data: 1.9284, 329023, 15.5922, 2790.6410
current_data: 1.0847, 5719670, 4.2624, 3275.6437
current_data: 0.4158, 20290009, 78.0361, 17786.3518
current_data: 2.5470, 31173, 0.0004, 0.6250
current_data: 2.2007, 218400, 26.4876, 58079.0823
current_data: 2.3195, 2287894, 9.5261, 12415.6960
current_data: 1.0990, 5948164, 4.1867, 3111.8928
current_data: 0.4213, 20637664, 78.0382, 18161.3539
current_data: 2.5470, 28825, 0.0004, 0.0000
current_data: 2.2505, 203497, 28.4053, 55564.0679
current_data: 2.3346, 2339818, 9.5284, 12583.8220
current_data: 1.1170, 6030714, 4.2124, 3187.5182
current_data: 0.4325, 21095161, 78.0398, 18554.4812
current_data: 2.5478, 28127, 0.0002, 0.0000
current_data: 2.4543, 217077, 31.9614, 52169.0485
current_data: 2.2796, 2258115, 10.8289, 13748.8287
current_data: 1.1204, 6022244, 4.1098, 3259.3937
current_data: 0.4323, 21072963, 78.0819, 18517.6060
current_data: 2.5472, 29264, 0.0003, 0.0000
current_data: 2.4477, 205375, 31.9653, 52041.5478
current_data: 2.2829, 2262637, 10.7903, 13733.8286
current_data: 1.1215, 5785480, 4.1647, 3085.6427
current_data: 0.4329, 21143076, 78.0757, 18654.4817
current_data: 2.5475, 29490, 0.0003, 0.0000
current_data: 2.4567, 205993, 31.9672, 52309.0493
current_data: 2.3792, 2349927, 9.4967, 12621.3222
current_data: 1.1191, 6085631, 4.2139, 3307.5189
current_data: 0.4331, 21198689, 77.9941, 18549.4811
current_data: 2.5473, 28052, 0.0002, 0.0000
current_data: 2.4565, 197468, 31.9659, 52435.9250
current_data: 2.3771, 2376819, 9.5089, 12662.5725
current_data: 1.1209, 6079093, 4.1659, 3223.1434
current_data: 0.4326, 21187817, 78.0567, 18620.1065
current_data: 2.5483, 28029, 0.0002, 0.0000
current_data: 2.4542, 198521, 31.9657, 52430.9250
current_data: 2.2850, 2211269, 10.7761, 13776.3288
current_data: 1.1204, 6070294, 4.1594, 3235.6435
current_data: 0.4325, 21264816, 78.0670, 18776.3574
current_data: 2.5474, 27879, 0.0003, 0.0000
current_data: 2.4574, 202175, 31.9690, 52745.3018
current_data: 2.2898, 2267640, 10.7702, 13838.8292
current_data: 1.1186, 6071197, 4.1664, 3301.8939
current_data: 0.4322, 21269538, 78.0599, 18677.6069
current_data: 2.5455, 37461, 0.0005, 0.6250
current_data: 2.4513, 219184, 31.9683, 52600.9260
current_data: 2.2826, 2229160, 10.7771, 13780.0789
current_data: 1.1195, 6092648, 4.1761, 3367.5193
current_data: 0.4329, 21388117, 78.0280, 18785.1075
current_data: 2.5476, 30267, 0.0003, 0.0000
current_data: 2.4529, 204090, 31.9659, 52870.3025
current_data: 2.3371, 2369346, 10.0995, 12720.6978
current_data: 1.1208, 6095549, 4.2080, 3248.7686
current_data: 0.4347, 21486111, 78.0774, 18794.4825
current_data: 2.5463, 30286, 0.0005, 0.0000
current_data: 2.2866, 219026, 29.1070, 46604.6417
current_data: 2.3872, 2411849, 9.5011, 12811.9483
current_data: 1.1222, 6170173, 4.1656, 3355.0192
current_data: 0.4353, 21549312, 78.0674, 18922.6083
current_data: 2.5471, 29550, 0.0003, 0.0000
current_data: 2.5484, 216393, 24.9761, 44760.8811
current_data: 2.3966, 2356810, 9.4639, 12681.9476
current_data: 1.1253, 6192095, 4.1830, 3268.1437
current_data: 0.4346, 21572822, 77.9599, 19006.9838
current_data: 2.5478, 28818, 0.0002, 0.0000
current_data: 2.5166, 215948, 24.9769, 44361.5038
current_data: 2.3018, 2327895, 10.7445, 14042.5804
current_data: 1.1188, 6089213, 4.2212, 3400.0195
current_data: 0.4405, 19572757, 76.1625, 18473.8557
current_data: 2.5466, 31590, 0.0004, 0.0000
current_data: 2.5448, 231822, 24.9718, 45038.3827
current_data: 2.3005, 2323135, 10.7205, 14076.9555
current_data: 1.1110, 5997436, 4.3713, 3526.8952
current_data: 0.4349, 21756706, 78.0199, 19113.2344
current_data: 2.5475, 32040, 0.0004, 0.0000
current_data: 2.5285, 223215, 24.9736, 44856.5067
current_data: 2.3003, 2304515, 10.7031, 14021.9552
current_data: 1.1220, 6222212, 4.1998, 3306.2689
current_data: 0.4353, 21821279, 78.0363, 19120.7344
current_data: 2.5489, 28873, 0.0003, 0.0000
current_data: 2.5439, 218716, 24.9741, 45265.2590
current_data: 2.3008, 2339875, 10.6687, 14041.3303
current_data: 1.1246, 6235251, 4.1562, 3348.1442
current_data: 0.4351, 21756719, 78.0893, 19269.4853
current_data: 2.5476, 29155, 0.0003, 0.0000
current_data: 2.5394, 214199, 24.9770, 45101.5081
current_data: 2.3078, 2322697, 10.6405, 14051.3304
current_data: 1.1227, 6183490, 4.1324, 3417.5196
current_data: 0.4353, 21862600, 78.0453, 19341.3607
current_data: 2.5481, 28208, 0.0002, 0.0000
current_data: 2.5436, 215800, 24.9739, 45292.1342
current_data: 2.3042, 2300728, 10.6565, 14063.2055
current_data: 1.1247, 6223039, 4.1637, 3442.5197
current_data: 0.4363, 21888508, 78.0222, 19217.6100
current_data: 2.5472, 29194, 0.0003, 0.0000
current_data: 2.4294, 213736, 25.0877, 43360.2481
current_data: 2.3101, 2362000, 10.6192, 14121.3308
current_data: 1.1196, 6233614, 4.2069, 3388.7694
current_data: 0.4327, 21749543, 78.0494, 19185.7348
current_data: 2.5470, 28553, 0.0002, 0.0000
current_data: 2.4565, 209774, 31.9699, 53837.8081
current_data: 2.3192, 2461734, 10.4444, 13224.4507
current_data: 1.1209, 6254065, 4.2144, 3368.1443
current_data: 0.4328, 21779836, 78.0537, 19206.9849
current_data: 2.5472, 27432, 0.0002, 0.0000
current_data: 2.4514, 209997, 31.9688, 53870.9333
current_data: 2.3845, 2474083, 9.4191, 12894.4488
current_data: 1.1209, 6263720, 4.1768, 3432.5196
current_data: 0.4329, 21810505, 78.0397, 19229.4850
current_data: 2.5471, 28499, 0.0002, 0.0000
current_data: 2.4562, 215650, 31.9646, 53902.8084
current_data: 2.3962, 2306960, 9.4049, 12958.8242
current_data: 1.1203, 6238384, 4.1301, 3325.0190
current_data: 0.4327, 21831499, 78.0640, 19143.8595
current_data: 2.5474, 28491, 0.0002, 0.0000
current_data: 2.4551, 212871, 31.9661, 54029.6842
current_data: 2.3970, 2347268, 9.4359, 13016.9495
current_data: 1.1236, 6237172, 4.1580, 3378.1443
current_data: 0.4324, 21795075, 78.0493, 19130.1095
current_data: 2.5476, 29572, 0.0002, 0.0000
current_data: 2.4550, 214617, 31.9666, 53956.5587
current_data: 2.3911, 2463951, 9.4340, 12935.0740
current_data: 1.1216, 6262327, 4.1543, 3337.5191
current_data: 0.4325, 21801085, 78.0327, 19055.1090
current_data: 2.5473, 29324, 0.0002, 0.0000
current_data: 2.4576, 211630, 31.9676, 53975.3088
current_data: 2.3872, 2355173, 9.4104, 12839.4485
current_data: 1.1164, 6193773, 4.2194, 3408.1445
current_data: 0.4315, 18965145, 75.8709, 18195.7291
current_data: 2.5467, 39536, 0.0006, 1.2500
current_data: 2.4516, 238166, 31.9642, 54029.0592
current_data: 2.3527, 2298990, 9.5863, 13664.4532
current_data: 1.1105, 6070322, 4.3063, 3431.8946
current_data: 0.4321, 21785435, 78.0242, 19160.7346
current_data: 2.5469, 33688, 0.0005, 0.6250
current_data: 2.4484, 233177, 31.9635, 53776.5577
current_data: 2.3033, 2204728, 10.6140, 14086.3306
current_data: 1.1206, 6252966, 4.2715, 3450.0197
current_data: 0.4368, 22066616, 78.0447, 19426.3612
current_data: 2.5472, 32573, 0.0004, 0.0000
current_data: 2.0924, 250921, 34.4141, 47343.3959
current_data: 2.3069, 2366986, 10.6774, 14168.2061
current_data: 1.1305, 6335189, 4.1396, 3417.5196
current_data: 0.4395, 22221808, 78.0634, 19450.1113
current_data: 2.5467, 30039, 0.0003, 0.0000
current_data: 2.1727, 224137, 34.2671, 46075.2636
current_data: 2.3124, 2341847, 10.6828, 14236.9565
current_data: 1.1316, 6288048, 4.1026, 3343.1441
current_data: 0.4393, 22209656, 78.0542, 19607.6122
current_data: 2.5472, 31334, 0.0003, 0.0000
current_data: 2.1727, 224385, 34.2657, 46082.1387
current_data: 2.3194, 2354453, 10.6294, 14243.8315
current_data: 1.1242, 6276036, 4.1924, 3391.2694
current_data: 0.4363, 22053965, 78.0559, 19417.6111
current_data: 2.5475, 30393, 0.0003, 0.0000
current_data: 2.2813, 4500394, 28.0787, 44694.0057
current_data: 2.3037, 2307464, 10.6012, 14165.7061
current_data: 1.0982, 6125968, 4.1972, 3239.3935
current_data: 0.4191, 21177976, 78.0365, 18548.8561
current_data: 2.5471, 30505, 0.0003, 0.6250
current_data: 1.7944, 382166, 34.2181, 57989.7068
current_data: 2.2624, 2230187, 10.7135, 14016.3302
current_data: 1.1205, 6264876, 4.1457, 3311.8940
current_data: 0.4329, 21832139, 78.0583, 19273.2353
current_data: 2.5474, 29887, 0.0002, 0.0000
current_data: 2.7421, 253672, 25.4019, 50059.0364
current_data: 2.3008, 2407129, 10.6637, 14111.3307
current_data: 1.1108, 6213531, 4.1674, 3348.1442
current_data: 0.4263, 21498370, 78.0878, 18974.4836
current_data: 2.5479, 30038, 0.0003, 0.0000
current_data: 2.4594, 249888, 25.6977, 53309.6800
current_data: 2.2810, 2370795, 10.6438, 13985.7050
current_data: 1.0903, 6098616, 4.3031, 3389.3944
current_data: 0.4156, 20984627, 78.0541, 18460.7306
current_data: 2.5477, 30061, 0.0002, 0.6250
current_data: 2.1990, 207892, 26.4860, 60030.3435
current_data: 2.2438, 2317637, 10.6955, 13860.0793
current_data: 1.0936, 5803658, 4.1257, 3076.2676
current_data: 0.4162, 20988705, 78.0437, 18335.1049
current_data: 2.5474, 30057, 0.0002, 0.0000
current_data: 2.2028, 211468, 26.4866, 60241.5947
current_data: 2.2516, 2295190, 10.7179, 14008.8302
current_data: 1.1008, 6092145, 4.3410, 3431.2696
current_data: 0.4263, 21535262, 78.0548, 18891.3581
current_data: 2.5484, 32601, 0.0003, 0.6250
current_data: 2.3489, 230737, 30.1374, 55934.6951
current_data: 2.3269, 2487469, 10.1042, 12862.5736
current_data: 1.1222, 6251859, 4.1169, 3306.2689
current_data: 0.4332, 21849392, 78.0348, 19069.4841
current_data: 2.5480, 29349, 0.0002, 0.0000
current_data: 2.4582, 203174, 31.9694, 54039.6842
current_data: 2.3974, 2406607, 9.3655, 12905.6988
current_data: 1.1193, 6296891, 4.2946, 3469.3949
current_data: 0.4319, 18838499, 75.9409, 18157.6039
current_data: 2.5474, 31294, 0.0003, 0.0000
current_data: 2.4529, 209545, 31.9673, 53992.8089
current_data: 2.4048, 2330734, 9.3930, 13023.1995
current_data: 1.1125, 6175032, 4.3173, 3441.8947
current_data: 0.4328, 21807348, 78.0303, 19220.1100
current_data: 2.5465, 33164, 0.0004, 0.0000
current_data: 2.4566, 221723, 31.9641, 53930.3086
current_data: 2.3939, 2456857, 9.4448, 12959.4492
current_data: 1.1168, 6226276, 4.2296, 3414.3945
current_data: 0.4325, 21899959, 78.0297, 19273.8603
current_data: 2.5472, 30699, 0.0003, 0.6250
current_data: 2.4554, 205662, 31.9687, 54170.3100
current_data: 2.3906, 2426248, 9.3853, 12951.9491
current_data: 1.1201, 5915229, 4.1443, 3204.3933
current_data: 0.4323, 21798508, 78.0713, 19120.1094
current_data: 2.5459, 38749, 0.0005, 0.6250
current_data: 2.4566, 222422, 31.9694, 53967.8088
current_data: 2.3929, 2410424, 9.4267, 12916.9489
current_data: 1.1176, 6246974, 4.2310, 3373.1443
current_data: 0.4324, 21865699, 78.0552, 19181.9848
current_data: 2.5469, 30657, 0.0003, 0.0000
current_data: 2.4581, 208513, 31.9669, 54207.8102
current_data: 2.3656, 2295357, 9.6995, 13865.7043
current_data: 1.1181, 6217292, 4.0979, 3335.0191
current_data: 0.4322, 21841819, 78.0433, 19202.6099
current_data: 2.5474, 30259, 0.0004, 0.0000
current_data: 2.4461, 203251, 31.9670, 53892.1834
current_data: 2.3317, 2276119, 10.3335, 14140.7059
current_data: 1.1233, 6254060, 4.1298, 3405.0195
current_data: 0.4337, 21928311, 78.0381, 19204.4849
current_data: 2.5480, 31418, 0.0004, 0.0000
current_data: 2.2705, 214464, 31.1657, 49969.6609
current_data: 2.3051, 2422440, 10.6371, 14129.4558
current_data: 1.1245, 6286632, 4.1506, 3375.0193
current_data: 0.4354, 21984554, 78.0456, 19412.6111
current_data: 2.5470, 30377, 0.0003, 0.6250
current_data: 2.5449, 227016, 24.9732, 45564.0107
current_data: 2.3147, 2357495, 10.6023, 14110.0807
current_data: 1.1256, 6317052, 4.1576, 3335.0191
current_data: 0.4357, 22021746, 78.0470, 19470.7364
current_data: 2.5465, 29264, 0.0002, 0.0000
current_data: 2.5173, 221388, 24.9741, 45120.8832
current_data: 2.2875, 2370144, 10.6269, 14016.9552
current_data: 1.1229, 6320225, 4.2545, 3455.6448
current_data: 0.4356, 21935902, 78.0562, 19318.8605
current_data: 2.5479, 28328, 0.0002, 0.0000
current_data: 2.5478, 221072, 24.9747, 45496.5103
current_data: 2.2862, 2238692, 10.6587, 14084.4556
current_data: 1.1251, 6280492, 4.1814, 3415.0195
current_data: 0.4354, 21942957, 78.0651, 19272.6103
current_data: 2.5468, 28845, 0.0002, 0.0000
current_data: 2.5415, 218655, 24.9723, 45425.8849
current_data: 2.2817, 2383379, 10.6825, 14013.8302
current_data: 1.1238, 6239111, 4.2615, 3459.3948
current_data: 0.4357, 21957439, 78.0285, 19176.9847
current_data: 2.5472, 29169, 0.0002, 0.0000
current_data: 2.5219, 219049, 24.9752, 45094.0080
current_data: 2.2872, 2222891, 10.6461, 14040.7053
current_data: 1.1205, 6194139, 4.2625, 3550.6453
current_data: 0.4291, 21079631, 77.7584, 18775.1074
current_data: 2.5472, 29679, 0.0003, 0.0000
current_data: 2.5427, 217502, 24.9754, 45435.2600
current_data: 2.2871, 2359585, 10.6359, 13998.8301
current_data: 1.1251, 6266085, 4.0590, 3348.1442
current_data: 0.4375, 21856915, 77.7702, 19656.3625
current_data: 2.5461, 30515, 0.0004, 1.2500
current_data: 2.5449, 220191, 24.9731, 45629.0111
current_data: 2.2862, 2288991, 10.6398, 13898.8295
current_data: 1.1185, 6177179, 4.2922, 3335.6441
current_data: 0.4359, 21974266, 78.0189, 19300.7354
current_data: 2.5470, 32433, 0.0003, 0.0000
current_data: 2.5236, 228577, 24.9720, 45063.3829
current_data: 2.3588, 2455233, 9.5281, 12819.4484
current_data: 1.1189, 6224174, 4.1778, 3308.1439
current_data: 0.4330, 21880774, 78.0481, 19185.7348
current_data: 2.5476, 31258, 0.0003, 0.0000
current_data: 2.3667, 261973, 32.5888, 53708.4323
current_data: 2.3677, 2339050, 9.3919, 12802.5733
current_data: 1.1185, 6247218, 4.2248, 3440.6447
current_data: 0.4325, 21811831, 78.0557, 19145.7346
current_data: 2.5470, 29684, 0.0003, 0.0000
current_data: 2.4495, 221137, 31.9665, 53870.3082
current_data: 2.3647, 2380808, 9.4224, 12806.3233
current_data: 1.1144, 6156454, 4.2970, 3566.8954
current_data: 0.4323, 21848675, 78.0521, 19318.8605
current_data: 2.5473, 31085, 0.0003, 0.6250
current_data: 2.4511, 224081, 31.9644, 54005.9340
current_data: 2.3484, 2305646, 9.4252, 13449.4520
current_data: 1.1191, 6259829, 4.1632, 3334.3941
current_data: 0.4327, 21895243, 78.0107, 19141.3595
current_data: 2.5475, 29473, 0.0003, 0.0000
current_data: 2.4531, 213888, 31.9642, 54168.4350
current_data: 2.2783, 2365778, 10.6580, 13996.3301
current_data: 1.1180, 6247487, 4.2658, 3417.5196
current_data: 0.4325, 21776066, 78.0349, 19137.6095
current_data: 2.5467, 35452, 0.0004, 0.6250
current_data: 2.4497, 229479, 31.9680, 53429.6807
current_data: 2.2670, 2220284, 10.7526, 13897.5795
current_data: 1.1198, 6077573, 4.2655, 3398.1444
current_data: 0.4323, 21333676, 78.0683, 18779.4825
current_data: 2.5476, 29552, 0.0003, 0.0000
current_data: 2.4537, 222296, 31.9639, 53031.5534
current_data: 2.2756, 2239313, 10.6636, 13795.7039
current_data: 1.1207, 6200705, 4.1199, 3271.2687
current_data: 0.4329, 21670598, 78.0385, 18984.4836
current_data: 2.5471, 29940, 0.0003, 0.0000
current_data: 2.4541, 215462, 31.9661, 53624.6818
current_data: 2.2809, 2314313, 10.6693, 14013.8302
current_data: 1.1206, 6183584, 4.1430, 3251.8936
current_data: 0.4327, 21730769, 78.0630, 19058.2341
current_data: 2.5484, 30217, 0.0004, 0.6250
current_data: 2.4482, 214188, 31.9672, 53612.8068
current_data: 2.3424, 2457024, 9.7948, 12822.5734
current_data: 1.1259, 6230249, 4.0914, 3196.2683
current_data: 0.4362, 21865107, 78.0894, 19219.4850
current_data: 2.5467, 28679, 0.0002, 0.0000
current_data: 2.1418, 235281, 34.0227, 48418.4021
current_data: 2.3814, 2349908, 9.4052, 12795.6982
current_data: 1.1282, 6318360, 4.2276, 3476.8949
current_data: 0.4394, 22116404, 78.0354, 19355.1108
current_data: 2.5474, 29350, 0.0002, 0.0000
current_data: 2.1741, 226122, 34.2686, 45891.5126
current_data: 2.3917, 2298166, 9.3798, 12880.0737
current_data: 1.1289, 6260980, 4.1697, 3382.5194
current_data: 0.4377, 19045375, 75.9485, 18344.4800
current_data: 2.5481, 30699, 0.0003, 0.0000
current_data: 2.1720, 234465, 34.2668, 45795.2620
current_data: 2.3522, 2202521, 9.7307, 13763.8288
current_data: 1.1306, 6265384, 4.1201, 3328.7690
current_data: 0.4388, 22030591, 78.0715, 19390.1110
current_data: 2.5479, 30176, 0.0004, 0.0000
current_data: 2.0473, 802564, 33.4118, 44179.6278
current_data: 2.2931, 2310047, 10.6359, 13996.9551
current_data: 1.0952, 6058852, 4.2313, 3381.2693
current_data: 0.4189, 21073475, 78.0360, 18551.9812
current_data: 2.5474, 32711, 0.0004, 0.6250
current_data: 1.7462, 3840760, 32.6390, 56476.5732
current_data: 2.2381, 2245789, 10.7475, 13820.0791
current_data: 1.1128, 6113401, 4.2658, 3411.2695
current_data: 0.4323, 21721579, 78.0686, 19040.7340
current_data: 2.5470, 30454, 0.0003, 0.0000
current_data: 2.7500, 287767, 25.5190, 50289.6628
current_data: 2.2813, 2272928, 10.6703, 13982.5800
current_data: 1.1182, 6176342, 4.1226, 3250.6436
current_data: 0.4307, 21650027, 78.0510, 19053.2340
current_data: 2.5475, 29997, 0.0003, 0.0000
current_data: 2.5837, 260029, 25.3572, 50845.2909
current_data: 2.2757, 2315999, 10.6572, 13985.0800
current_data: 1.0917, 6077526, 4.1654, 3234.3935
current_data: 0.4161, 20988384, 78.0318, 18511.3559
current_data: 2.5471, 29698, 0.0003, 0.0000
current_data: 2.2029, 209594, 26.4887, 60115.3440
current_data: 2.2832, 2364292, 10.0563, 12613.8222
current_data: 1.0938, 6144274, 4.1362, 3228.7685
current_data: 0.4162, 21015608, 78.0265, 18408.8553
current_data: 2.5465, 28640, 0.0002, 0.0000
current_data: 2.2039, 214763, 26.4861, 60210.3445
current_data: 2.3250, 2332126, 9.4382, 12629.4473
current_data: 1.1044, 6213821, 4.1965, 3393.7694
current_data: 0.4224, 21337873, 78.0349, 18781.3575
current_data: 2.5475, 29083, 0.0002, 0.0000
current_data: 2.2971, 222438, 28.9670, 57256.5776
current_data: 2.3514, 2256022, 9.4016, 12717.5728
current_data: 1.1212, 6237631, 4.1496, 3336.2691
current_data: 0.4326, 21782190, 78.0628, 19235.1101
current_data: 2.5472, 29946, 0.0002, 0.0000
current_data: 2.4551, 202678, 31.9700, 53934.6836
current_data: 2.3144, 2216086, 10.1661, 13991.9551
current_data: 1.1201, 6284525, 4.1890, 3408.1445
current_data: 0.4326, 21813466, 78.0201, 19057.6090
current_data: 2.5478, 29261, 0.0002, 0.0000
current_data: 2.4493, 204509, 31.9685, 53819.0580
current_data: 2.2888, 2288184, 10.6840, 14087.5806
current_data: 1.1207, 6274816, 4.1250, 3380.6443
current_data: 0.4326, 21847862, 78.0566, 19151.9846
current_data: 2.5472, 29749, 0.0003, 0.0000
current_data: 2.4550, 205588, 31.9672, 54067.1844
current_data: 2.2894, 2294675, 10.6114, 14016.9552
current_data: 1.1174, 6205875, 4.2065, 3325.6440
current_data: 0.4322, 21784787, 78.0675, 19119.4844
current_data: 2.5458, 40920, 0.0006, 0.0000
current_data: 2.4505, 223011, 31.9682, 53854.6832
current_data: 2.2838, 2322016, 10.6666, 14012.5802
current_data: 1.1202, 6221376, 4.1290, 3466.2698
current_data: 0.4326, 21856921, 78.0615, 19083.8592
current_data: 2.5482, 31165, 0.0003, 0.6250
current_data: 2.4546, 211157, 31.9687, 54040.3092
current_data: 2.2895, 2265583, 10.6008, 14007.5802
current_data: 1.1181, 6217291, 4.2144, 3319.3940
current_data: 0.4321, 18860054, 75.8519, 18138.2288
current_data: 2.5474, 31631, 0.0004, 0.0000
current_data: 2.4578, 213257, 31.9677, 54012.8091
current_data: 2.2867, 2334777, 10.6026, 14010.7052
current_data: 1.1139, 6111638, 4.2132, 3370.0193
current_data: 0.4328, 21865740, 78.0219, 19267.6103
current_data: 2.5477, 33084, 0.0004, 0.0000
current_data: 2.4492, 217644, 31.9645, 53931.5586
current_data: 2.2970, 2243970, 10.6813, 13568.2026
current_data: 1.1170, 6205231, 4.2683, 3516.2701
current_data: 0.4337, 21858495, 78.0385, 19191.9848
current_data: 2.5476, 33452, 0.0004, 0.0000
current_data: 2.2678, 220291, 32.7999, 51734.6710
current_data: 2.3782, 2347471, 9.3863, 12817.5733
current_data: 1.1216, 6252526, 4.2304, 3428.7696
current_data: 0.4359, 22027899, 78.0727, 19267.6103
current_data: 2.5491, 30445, 0.0003, 0.0000
current_data: 2.5365, 234657, 24.9751, 45492.1353
current_data: 2.3896, 2361419, 9.4096, 12971.9492
current_data: 1.1244, 6269446, 4.1978, 3436.2697
current_data: 0.4356, 21959924, 78.0583, 19346.9857
current_data: 2.5477, 29897, 0.0002, 0.0000
current_data: 2.5190, 232286, 24.9763, 45061.5078
current_data: 2.3919, 2427192, 9.3652, 12870.6986
current_data: 1.1246, 6296138, 4.1675, 3399.3945
current_data: 0.4356, 22019999, 78.0289, 19348.8607
current_data: 2.5476, 30212, 0.0003, 0.0000
current_data: 2.5454, 231679, 24.9754, 45614.0110
current_data: 2.3806, 2417461, 9.3431, 13291.3261
current_data: 1.1201, 6264176, 4.2973, 3546.2703
current_data: 0.4356, 22010851, 78.0219, 19315.1105
current_data: 2.5477, 29774, 0.0003, 0.0000
current_data: 2.5385, 229697, 24.9727, 45522.1355
current_data: 2.3161, 2237395, 10.4214, 14010.7052
current_data: 1.1207, 6253957, 4.2732, 3467.5198
current_data: 0.4357, 22057338, 78.0209, 19469.4864
current_data: 2.5480, 30190, 0.0003, 0.0000
current_data: 2.5188, 232072, 24.9731, 45218.3837
current_data: 2.2985, 2364006, 10.5764, 14043.8304
current_data: 1.1219, 6255222, 4.2534, 3378.7693
current_data: 0.4355, 21938938, 78.0341, 19177.6097
current_data: 2.5469, 28548, 0.0002, 0.0000
current_data: 2.5458, 229159, 24.9749, 45490.2603
current_data: 2.3035, 2227541, 10.6267, 14113.8308
current_data: 1.1250, 6315912, 4.1331, 3273.7687
current_data: 0.4356, 21996724, 78.0564, 19287.6104
current_data: 2.5477, 31473, 0.0003, 0.0000
current_data: 2.5430, 233698, 24.9735, 45542.7606
current_data: 2.3002, 2267691, 10.6525, 14158.2060
current_data: 1.1181, 6134286, 4.3854, 3628.7708
current_data: 0.4350, 21950742, 78.0423, 19205.7349
current_data: 2.5471, 34380, 0.0004, 0.6250
current_data: 2.5215, 240849, 24.9706, 45072.1329
current_data: 2.2951, 2345296, 10.5960, 14005.7051
current_data: 1.1182, 6236678, 4.2894, 3475.6449
current_data: 0.4337, 21944383, 78.0467, 19173.2347
current_data: 2.5484, 30607, 0.0003, 1.2500
current_data: 2.2606, 258514, 31.6519, 50336.5380
current_data: 2.2940, 2223609, 10.6183, 14074.4555
current_data: 1.1181, 6247355, 4.2085, 3289.3938
current_data: 0.4200, 19402591, 77.5908, 17651.9760
current_data: 2.5473, 29599, 0.0002, 0.0000
current_data: 2.4518, 222053, 31.9676, 53928.4336
current_data: 2.2926, 2283897, 10.5885, 14054.4554
current_data: 1.1209, 6279282, 4.1309, 3349.3942
current_data: 0.4331, 21874675, 78.0617, 19256.9852
current_data: 2.5477, 30092, 0.0002, 0.0000
current_data: 2.4514, 221084, 31.9652, 53940.9337
current_data: 2.3403, 2468877, 10.0603, 12871.3237
current_data: 1.1198, 6230586, 4.1236, 3408.1445
current_data: 0.4326, 21788506, 78.0869, 19143.2345
current_data: 2.5468, 40554, 0.0005, 0.0000
current_data: 2.4537, 242967, 31.9625, 53839.6831
current_data: 2.3830, 2297164, 9.4173, 12902.5738
current_data: 1.1126, 6116373, 4.2969, 3386.2694
current_data: 0.4325, 21788968, 78.0501, 19227.6100
current_data: 2.5477, 34817, 0.0005, 0.0000
current_data: 2.4512, 232293, 31.9648, 53882.8083
current_data: 2.3798, 2319100, 9.3904, 12848.8235
current_data: 1.1153, 6214243, 4.3100, 3429.3946
current_data: 0.4324, 21877381, 78.0477, 19263.8602
current_data: 2.5475, 31241, 0.0003, 0.0000
current_data: 2.4546, 228818, 31.9653, 54148.4348
current_data: 2.3657, 2284709, 9.3651, 13153.8253
current_data: 1.1202, 6230106, 4.1594, 3343.1441
current_data: 0.4325, 21873092, 78.0457, 19342.6107
current_data: 2.5465, 30869, 0.0003, 0.6250
current_data: 2.4574, 214008, 31.9652, 54149.6848
current_data: 2.2900, 2338637, 10.6521, 14067.5805
current_data: 1.1163, 6240621, 4.2150, 3527.5202
current_data: 0.4324, 21810762, 78.0346, 19116.3594
current_data: 2.5468, 30560, 0.0003, 0.0000
current_data: 2.4445, 211180, 31.9633, 53760.9326
current_data: 2.2942, 2257216, 10.6219, 14115.0808
current_data: 1.1182, 6185730, 4.2091, 3443.7697
current_data: 0.4347, 21963748, 78.0354, 19281.3603
current_data: 2.5467, 31654, 0.0003, 0.0000
current_data: 2.1744, 236583, 33.6782, 49668.4092
current_data: 2.3017, 2281868, 10.6694, 14171.3311
current_data: 1.1291, 6313087, 4.1883, 3375.0193
current_data: 0.4396, 22171897, 78.0537, 19563.2369
current_data: 2.5478, 29886, 0.0003, 0.0000
current_data: 2.1733, 228878, 34.2654, 45980.2631
current_data: 2.3081, 2357371, 10.5899, 14021.9552
current_data: 1.1283, 6264257, 4.1537, 3393.1444
current_data: 0.4396, 22150873, 78.0338, 19462.6114
current_data: 2.5482, 29144, 0.0003, 0.0000
current_data: 2.1723, 224247, 34.2679, 45942.1379
current_data: 2.3143, 2235108, 10.5718, 14082.5806
current_data: 1.1297, 6311082, 4.2030, 3401.2695
current_data: 0.4398, 22230821, 78.0533, 19426.9862
current_data: 2.5476, 31039, 0.0003, 0.0000
current_data: 2.1115, 557468, 33.7576, 44565.2550
current_data: 2.3183, 2312094, 10.5744, 14175.0811
current_data: 1.0974, 6126835, 4.2227, 3401.8945
current_data: 0.4184, 21122499, 78.0529, 18423.2304
current_data: 2.5476, 28674, 0.0002, 0.0000
current_data: 1.7972, 5261575, 30.8849, 56839.7002
current_data: 2.2714, 2228988, 10.6981, 13446.9519
current_data: 1.1180, 6247065, 4.2662, 3515.0201
current_data: 0.4329, 21858233, 78.0410, 19100.1093
current_data: 2.5478, 29941, 0.0003, 0.0000
current_data: 2.7566, 279292, 25.5662, 50727.7903
current_data: 2.3910, 2332300, 9.3494, 12867.5736
current_data: 1.1197, 6246772, 4.1242, 3247.5186
current_data: 0.4311, 18723433, 75.9282, 18038.2282
current_data: 2.5477, 29281, 0.0002, 0.0000
current_data: 2.6220, 252383, 25.2608, 50655.2899
current_data: 2.3894, 2368527, 9.3517, 13021.9495
current_data: 1.0946, 6114094, 4.1856, 3314.3940
current_data: 0.4156, 20988730, 78.0578, 18551.3562
current_data: 2.5474, 28913, 0.0002, 0.0000
current_data: 2.2025, 205064, 26.4927, 60200.9695
current_data: 2.3369, 2305870, 9.4202, 12698.1977
current_data: 1.0920, 6127907, 4.2138, 3201.2683
current_data: 0.4153, 21008773, 78.0597, 18460.7306
current_data: 2.5477, 30418, 0.0003, 0.0000
current_data: 2.1995, 215427, 26.4869, 60216.5946
current_data: 2.2774, 2152076, 10.1772, 13884.4544
current_data: 1.0941, 6041070, 4.2765, 3555.0203
current_data: 0.4213, 21292570, 78.0400, 18571.9813
current_data: 2.5473, 33044, 0.0003, 0.6250
current_data: 2.2775, 241547, 28.6317, 57573.4544
current_data: 2.2636, 2212819, 10.6850, 14025.7053
current_data: 1.1213, 6218942, 4.1118, 3342.5191
current_data: 0.4323, 21864160, 78.0805, 19223.8600
current_data: 2.5471, 29861, 0.0003, 0.0000
current_data: 2.4544, 212647, 31.9679, 54139.6848
current_data: 2.2942, 2367137, 10.6209, 14059.4554
current_data: 1.1176, 6239133, 4.2491, 3406.8945
current_data: 0.4324, 21808435, 78.0356, 19287.6104
current_data: 2.5476, 30078, 0.0003, 0.0000
current_data: 2.4502, 204074, 31.9668, 53849.0581
current_data: 2.2921, 2242233, 10.6426, 14053.8304
current_data: 1.1197, 6097901, 4.1788, 3388.7694
current_data: 0.4341, 21410542, 78.0575, 18766.9824
current_data: 2.5465, 33403, 0.0003, 0.6250
current_data: 2.4567, 213662, 31.9633, 53159.6792
current_data: 2.3018, 2231080, 10.6789, 13400.7017
current_data: 1.1182, 6167029, 4.1705, 3277.5188
current_data: 0.4342, 21723706, 78.0388, 19141.3595
current_data: 2.5473, 31731, 0.0003, 0.0000
current_data: 2.4555, 203165, 31.9669, 53627.1819
current_data: 2.3868, 2326512, 9.4240, 12831.9484
current_data: 1.1203, 6227790, 4.1917, 3339.3941
current_data: 0.4338, 21665241, 78.0746, 19013.8588
current_data: 2.5477, 28427, 0.0002, 0.0000
current_data: 2.4576, 202625, 31.9681, 53585.3066
current_data: 2.3911, 2336359, 9.3915, 12856.9486
current_data: 1.1186, 6232816, 4.1955, 3281.8938
current_data: 0.4338, 21786469, 78.0484, 19120.7344
current_data: 2.5484, 29133, 0.0002, 0.6250
current_data: 2.4590, 201282, 31.9690, 53870.3082
current_data: 2.3506, 2196111, 9.7865, 13875.7044
current_data: 1.1154, 6237520, 4.2107, 3411.8945
current_data: 0.4336, 21780693, 78.0396, 19030.1089
current_data: 2.5467, 31071, 0.0003, 0.0000
current_data: 2.4486, 205509, 31.9672, 53634.0569
current_data: 2.2944, 2317485, 10.5888, 13933.2047
current_data: 1.1185, 6213690, 4.2303, 3400.6445
current_data: 0.4337, 21756093, 78.0807, 19125.7344
current_data: 2.5469, 29573, 0.0002, 0.0000
current_data: 2.4574, 195352, 31.9692, 53780.3077
current_data: 2.2915, 2282805, 10.6707, 13997.5801
current_data: 1.1210, 6169615, 4.2454, 3469.3949
current_data: 0.4366, 21962455, 78.0285, 19265.7352
current_data: 2.5472, 33019, 0.0003, 0.0000
current_data: 2.3924, 244061, 25.9752, 44912.1320
current_data: 2.3022, 2250014, 10.6269, 14035.7053
current_data: 1.1242, 6235684, 4.3026, 3545.6453
current_data: 0.4356, 19285288, 75.8719, 18426.3554
current_data: 2.5475, 29849, 0.0002, 0.0000
current_data: 2.5185, 217761, 24.9779, 44941.5072
current_data: 2.3048, 2289119, 10.5989, 14000.0801
current_data: 1.1245, 6188543, 4.1302, 3431.2696
current_data: 0.4363, 21901460, 78.0477, 19262.6102
current_data: 2.5485, 28891, 0.0002, 0.0000
current_data: 2.5494, 217099, 24.9758, 45356.5095
current_data: 2.3321, 2447251, 10.4617, 13300.0761
current_data: 1.1246, 6263595, 4.2312, 3446.2697
current_data: 0.4364, 21944761, 78.0311, 19281.3603
current_data: 2.5469, 32094, 0.0004, 0.6250
current_data: 2.5403, 215717, 24.9736, 45415.2599
current_data: 2.4072, 2381875, 9.3492, 12957.5741
current_data: 1.1114, 6119469, 4.3840, 3572.5204
current_data: 0.4361, 22018413, 78.0774, 19338.8607
current_data: 2.5473, 33174, 0.0004, 0.6250
current_data: 2.5225, 232248, 24.9721, 45198.3836
current_data: 2.4008, 2444665, 9.3668, 12896.9488
current_data: 1.1166, 6181447, 4.2853, 3507.5201
current_data: 0.4356, 21993552, 78.0499, 19376.3609
current_data: 2.5475, 31074, 0.0003, 0.0000
current_data: 2.5487, 222275, 24.9742, 45619.0110
current_data: 2.4046, 2298432, 9.3416, 12940.6990
current_data: 1.1236, 6301465, 4.1438, 3306.2689
current_data: 0.4359, 22017422, 78.0469, 19319.4855
current_data: 2.5479, 28412, 0.0002, 0.6250
current_data: 2.5426, 214608, 24.9776, 45569.0107
current_data: 2.3787, 2228907, 9.5144, 13785.7039
current_data: 1.1268, 6316093, 4.1886, 3443.1447
current_data: 0.4361, 22010282, 78.0359, 19315.1105
current_data: 2.5484, 29711, 0.0003, 0.0000
current_data: 2.5284, 210220, 24.9758, 45220.2588
current_data: 2.3106, 2372491, 10.5944, 14090.0806
current_data: 1.1219, 6289036, 4.2143, 3409.3945
current_data: 0.4347, 21949036, 78.0410, 19301.9854
current_data: 2.5463, 29129, 0.0002, 0.0000
current_data: 2.2807, 242444, 30.1459, 48610.2782
current_data: 2.3103, 2287335, 10.5449, 14087.5806
current_data: 1.1186, 6247771, 4.2873, 3463.7698
current_data: 0.4331, 21818023, 78.0478, 19117.6094
current_data: 2.5476, 28978, 0.0002, 0.0000
current_data: 2.4517, 216204, 31.9699, 53897.8084
current_data: 2.3069, 2352178, 10.6230, 14116.9558
[32m[info] [src/pairwise_allocator.cpp:allocating:1174] Will begin allocating cache, allocation_ready_queue size 1, allocation_complete_queue size 4
[mcurrent_data: 1.0817, 1103790, 5.1930, 1068.1311
current_data: 0.4254, 5361321, 68.0959, 3515.0201
current_data: 2.5478, 6797, 0.0005, 0.0000
current_data: 0.9269, 22865, 32.0051, 4068.1483
current_data: 2.0847, 345791, 7.3799, 1697.5097
[32m[info] [src/pairwise_allocator.cpp:binary_serch_cache_roofline:462] descriptor COLS 3, find_cache_roofline_times: 1, roofline ipc: 2.5478, current ipc 2.5478, gap: 0.0000, lway: 1, rway: 14
[mcurrent_data: 1.0518, 867517, 5.6550, 961.8805
current_data: 0.4401, 5299095, 66.3648, 3330.0191
current_data: 2.5488, 6883, 0.0003, 0.0000
current_data: 0.9259, 22681, 32.0075, 4039.3981
current_data: 1.9608, 350966, 7.2607, 1710.6348
[32m[info] [src/pairwise_allocator.cpp:binary_serch_cache_roofline:462] descriptor COLS 3, find_cache_roofline_times: 2, roofline ipc: 2.5488, current ipc 2.5488, gap: 0.0000, lway: 1, rway: 7
[mcurrent_data: 1.0450, 834805, 6.0079, 1016.2558
current_data: 0.4425, 5399294, 66.1953, 3311.2689
current_data: 2.5483, 6801, 0.0004, 0.0000
current_data: 0.9291, 24024, 31.9944, 4102.5235
current_data: 1.3264, 286244, 17.1257, 2450.0140
[32m[info] [src/pairwise_allocator.cpp:binary_serch_cache_roofline:462] descriptor COLS 3, find_cache_roofline_times: 3, roofline ipc: 2.5488, current ipc 2.5483, gap: 0.0002, lway: 1, rway: 4
[mcurrent_data: 1.0471, 817752, 5.9716, 1066.2561
current_data: 0.4452, 5353018, 65.8504, 3288.7688
current_data: 2.5480, 7946, 0.0008, 0.0000
current_data: 0.9274, 24383, 32.0062, 3983.1478
current_data: 2.0685, 387081, 7.4318, 1754.3850
[32m[info] [src/pairwise_allocator.cpp:binary_serch_cache_roofline:462] descriptor COLS 3, find_cache_roofline_times: 4, roofline ipc: 2.5488, current ipc 2.5480, gap: 0.0003, lway: 1, rway: 2
[mcurrent_data: 1.0405, 846679, 5.9896, 1045.6310
current_data: 0.3914, 2366250, 63.4396, 2920.6417
current_data: 2.5473, 6170, 0.0003, 0.0000
current_data: 0.9248, 22429, 32.0013, 4022.5230
current_data: 1.1197, 231344, 19.3389, 2531.8895
[32m[info] [src/pairwise_allocator.cpp:binary_serch_cache_roofline:462] descriptor COLS 3, find_cache_roofline_times: 5, roofline ipc: 2.5488, current ipc 2.5473, gap: 0.0006, lway: 1, rway: 1
[mcurrent_data: 1.0398, 834237, 6.2771, 1014.3808
current_data: 0.3663, 3489207, 80.3091, 3325.0190
current_data: 2.5472, 6326, 0.0004, 0.0000
current_data: 0.9281, 22577, 31.9930, 4033.1481
current_data: 2.1142, 348907, 6.9759, 1701.8847
[32m[info] [src/pairwise_allocator.cpp:found_cache_roofline:405] Found_cache_roofline, obj_id 771466, roofline cache way: 1, roofline remain cache: 14, roofline cache bitmask: 0x7ffe
[m[32m[info] [src/pairwise_allocator.cpp:binary_serch_cache_roofline:462] descriptor COLS 3, find_cache_roofline_times: 6, roofline ipc: 2.5488, current ipc 2.5472, gap: 0.0006, lway: 1, rway: 1
[m[32m[info] [src/pairwise_allocator.cpp:allocating_cache:846] binary_serch_cache_roofline first pair success
[m[32m[info] [src/pairwise_allocator.cpp:pair_allocating_cache:770] pair_allocating_cache begin, allocating time: 0, descriptor roofline cache way: 1, system remain cache way: 4, complete queue size: 4
[m[32m[info] [src/pairwise_allocator.cpp:allocating_cache:852] Complete pair_allocating_cache, allocate cache ways: 1
[m[34m[critical] [src/pairwise_allocator.cpp:print_allocating_cache_results:815] print_allocating_cache_results: system remain cache: 3
[m[34m[critical] [src/pairwise_allocator.cpp:print_allocating_cache_results:818] obj: 774192, cache_way: 2, roofline cache way: 2
[m[34m[critical] [src/pairwise_allocator.cpp:print_allocating_cache_results:818] obj: 771452, cache_way: 7, roofline cache way: 7
[m[34m[critical] [src/pairwise_allocator.cpp:print_allocating_cache_results:818] obj: 774182, cache_way: 1, roofline cache way: 1
[m[34m[critical] [src/pairwise_allocator.cpp:print_allocating_cache_results:818] obj: 771457, cache_way: 1, roofline cache way: 1
[m[34m[critical] [src/pairwise_allocator.cpp:print_allocating_cache_results:823] obj: 771466, cache_way: 1, roofline cache way: 1
[mSKT0: MBA COS6 => 100% requested, 100% applied
current_data: 1.0852, 1078593, 5.1945, 1046.8810
current_data: 0.4264, 5301351, 68.0987, 3486.8950
current_data: 2.5455, 6651, 0.0005, 0.0000
current_data: 0.6360, 24975, 34.8854, 2605.6399
current_data: 1.1662, 228712, 18.5267, 2506.8893
SKT0: MBA COS6 => 60% requested, 60% applied
[32m[info] [src/pairwise_allocator.cpp:binary_serch_mb_roofline:937] descriptor1 COLS 3, find_mb_roofline_time: 1, roofline mb: 0.0000, current mb 0.0000, gap: -nan, lmb_throttle: 20, rmb_throttle: 100
[mcurrent_data: 1.0505, 876240, 5.8965, 980.6306
current_data: 0.4396, 5281370, 66.5713, 3333.1441
current_data: 2.5465, 6917, 0.0009, 0.0000
current_data: 0.9018, 33597, 35.1075, 3937.5225
current_data: 2.0922, 354301, 7.2408, 1690.6347
SKT0: MBA COS6 => 40% requested, 40% applied
[32m[info] [src/pairwise_allocator.cpp:binary_serch_mb_roofline:937] descriptor1 COLS 3, find_mb_roofline_time: 2, roofline mb: 0.0000, current mb 0.0000, gap: -nan, lmb_throttle: 20, rmb_throttle: 60
[mcurrent_data: 1.0512, 818399, 5.6894, 1066.2561
current_data: 0.4470, 5449140, 65.7499, 3312.5190
current_data: 2.5497, 5839, 0.0002, 0.0000
current_data: 0.9415, 28010, 34.2995, 3941.8976
current_data: 1.7862, 304679, 8.6604, 1905.6359
SKT0: MBA COS6 => 30% requested, 30% applied
[32m[info] [src/pairwise_allocator.cpp:binary_serch_mb_roofline:937] descriptor1 COLS 3, find_mb_roofline_time: 3, roofline mb: 0.0000, current mb 0.0000, gap: -nan, lmb_throttle: 20, rmb_throttle: 40
[mcurrent_data: 1.0502, 815322, 5.7773, 1033.7559
current_data: 0.4448, 5286678, 66.0574, 3253.1436
current_data: 2.5482, 5478, 0.0002, 0.0000
current_data: 0.9409, 27683, 34.3236, 3885.6472
current_data: 1.5900, 319431, 12.5252, 2080.0119
SKT0: MBA COS6 => 20% requested, 20% applied
[32m[info] [src/pairwise_allocator.cpp:binary_serch_mb_roofline:937] descriptor1 COLS 3, find_mb_roofline_time: 4, roofline mb: 0.0000, current mb 0.0000, gap: -nan, lmb_throttle: 20, rmb_throttle: 30
[mcurrent_data: 1.0481, 827301, 6.1042, 1064.3811
current_data: 0.4421, 5297635, 66.2749, 3315.0190
current_data: 2.5485, 6128, 0.0004, 0.0000
current_data: 0.9413, 29968, 34.3111, 3928.7725
current_data: 2.0875, 333858, 7.2930, 1674.3846
SKT0: MBA COS6 => 20% requested, 20% applied
[32m[info] [src/pairwise_allocator.cpp:binary_serch_mb_roofline:937] descriptor1 COLS 3, find_mb_roofline_time: 5, roofline mb: 0.0000, current mb 0.0000, gap: -nan, lmb_throttle: 20, rmb_throttle: 20
[mcurrent_data: 1.0453, 824065, 5.8711, 1026.8809
current_data: 0.4441, 5408510, 66.1118, 3336.2691
current_data: 2.5486, 5664, 0.0001, 0.0000
current_data: 0.9419, 27861, 34.3038, 3960.0227
current_data: 1.1377, 236771, 19.2447, 2497.5143
[32m[info] [src/pairwise_allocator.cpp:found_mb_roofline:887] Fast found mb roofline, obj_id 771466, roofline mb: 0.00 MB/s, roofline mb throttle: 20
[m[32m[info] [src/pairwise_allocator.cpp:binary_serch_mb_roofline:937] descriptor1 COLS 3, find_mb_roofline_time: 6, roofline mb: 0.0000, current mb 0.0000, gap: -nan, lmb_throttle: 20, rmb_throttle: 20
[m[32m[info] [src/pairwise_allocator.cpp:allocating_mb:1147] binary_serch_mb_roofline first pair success
[m[32m[info] [src/pairwise_allocator.cpp:pair_allocating_mb:1088] pair_allocating_mb begin, allocating times: 0, descriptor roofline mb throttle: 20, system remain mb: 94191.17 MB/s
[mSKT0: MBA COS3 => 20% requested, 20% applied
current_data: 1.0756, 1158608, 5.0271, 855.0049
current_data: 0.4422, 4751034, 77.1616, 3998.1479
current_data: 2.5454, 6643, 0.0007, 0.0000
current_data: 2.1634, 44071, 34.2769, 8435.6733
current_data: 2.0686, 402732, 14.5314, 3069.3926
[32m[info] [src/pairwise_allocator.cpp:pair_allocating_mb:1088] pair_allocating_mb begin, allocating times: 1, descriptor roofline mb throttle: 20, system remain mb: 94191.17 MB/s
[m[32m[info] [src/pairwise_allocator.cpp:allocating_fit_mb:958] Will allocating_fit_mb mb throttle: 20
[mSKT0: MBA COS3 => 20% requested, 20% applied
current_data: 1.1164, 935939, 4.2529, 520.0030
current_data: 0.4441, 3558209, 77.3565, 3030.0173
current_data: 2.5471, 5582, 0.0009, 0.0000
current_data: 2.1751, 37808, 34.2626, 7239.4164
current_data: 2.5834, 377553, 7.0342, 1680.0096
[32m[info] [src/pairwise_allocator.cpp:allocating_mb:1121] Allocate mb: 0.00 MB/s, mb_throttle: 20
[mcurrent_data: 1.1191, 966457, 4.2425, 566.2532
current_data: 0.4411, 3563589, 77.3697, 3059.3925
current_data: 2.5451, 4906, 0.0002, 0.0000
current_data: 2.1642, 36342, 34.2674, 7237.5414
current_data: 1.9297, 354104, 15.8769, 2807.5161
current_data: 1.1242, 5731825, 4.1903, 3030.0173
current_data: 0.4381, 21552644, 77.6702, 18651.3567
current_data: 2.5468, 27907, 0.0003, 0.0000
current_data: 2.2585, 5661936, 27.2518, 43562.7493
current_data: 2.2979, 2296416, 10.5801, 13140.0752
current_data: 1.0978, 5881419, 4.2377, 3273.1437
current_data: 0.4256, 19188149, 75.5194, 18043.8532
current_data: 2.5465, 33039, 0.0006, 1.2500
current_data: 1.9382, 386576, 32.0754, 55349.0667
current_data: 2.3233, 2231644, 9.4579, 12273.1952
current_data: 1.1204, 6073529, 4.1871, 3228.1435
current_data: 0.4337, 21198746, 78.0620, 18648.2317
current_data: 2.5471, 29815, 0.0004, 0.0000
current_data: 2.7395, 275668, 25.4133, 48532.1527
current_data: 2.2679, 2213327, 10.7279, 13626.9530
current_data: 1.1126, 5967206, 4.1778, 3243.1436
current_data: 0.4296, 20972319, 78.0349, 18471.3557
current_data: 2.5479, 28783, 0.0003, 0.0000
current_data: 2.5119, 242776, 25.5637, 50764.6655
current_data: 2.2741, 2201332, 10.7155, 13184.4504
current_data: 1.0955, 5956064, 4.1786, 3119.3928
current_data: 0.4170, 20402193, 78.0705, 17876.3523
current_data: 2.5470, 30631, 0.0004, 0.0000
current_data: 2.2022, 199417, 26.4922, 58344.7089
current_data: 2.3134, 2192898, 9.5034, 12205.0698
current_data: 1.0863, 5796758, 4.2085, 3185.0182
current_data: 0.4162, 20343602, 78.0186, 17887.6024
current_data: 2.5473, 32336, 0.0004, 0.0000
current_data: 2.1968, 219993, 26.4875, 58139.0827
current_data: 2.2168, 2182265, 10.7450, 13418.8268
current_data: 1.0988, 5915395, 4.2552, 3280.6438
current_data: 0.4230, 20744452, 78.0624, 18301.9797
current_data: 2.5473, 32963, 0.0004, 0.0000
current_data: 2.2784, 238966, 28.6369, 55890.3198
current_data: 2.2881, 2309911, 10.2280, 12566.3219
current_data: 1.1203, 6131804, 4.2032, 3283.7688
current_data: 0.4341, 21344998, 78.0557, 18735.1072
current_data: 2.5479, 28819, 0.0003, 0.0000
current_data: 2.4561, 204935, 31.9696, 52751.5518
current_data: 2.3671, 2229923, 9.3882, 12480.0714
current_data: 1.1210, 6135887, 4.2128, 3285.0188
current_data: 0.4336, 21385977, 78.0475, 18796.9826
current_data: 2.5470, 28136, 0.0002, 0.0000
current_data: 2.4477, 203624, 31.9689, 52665.9264
current_data: 2.2680, 2209572, 10.7493, 13711.9535
current_data: 1.1172, 6070735, 4.1794, 3233.1435
current_data: 0.4335, 21349126, 78.0758, 18805.1076
current_data: 2.5483, 28391, 0.0002, 0.0000
current_data: 2.4524, 207375, 31.9669, 52709.6766
current_data: 2.2708, 2266405, 10.6725, 13739.4536
current_data: 1.1185, 6121146, 4.2165, 3335.6441
current_data: 0.4341, 21534332, 78.0241, 18861.9829
current_data: 2.5494, 28769, 0.0003, 0.0000
current_data: 2.4546, 201743, 31.9689, 53148.4291
current_data: 2.3712, 2278694, 9.3729, 12608.1971
current_data: 1.1208, 6150966, 4.1575, 3338.7691
current_data: 0.4340, 21488201, 78.0639, 18832.6078
current_data: 2.5469, 29487, 0.0003, 0.6250
current_data: 2.4549, 201963, 31.9704, 53025.3034
current_data: 2.3671, 2347133, 9.3798, 12578.8220
current_data: 1.1192, 6158936, 4.2249, 3364.3943
current_data: 0.4335, 21483793, 78.0834, 18795.7326
current_data: 2.5476, 28668, 0.0002, 0.0000
current_data: 2.4564, 205220, 31.9696, 53167.8042
current_data: 2.2728, 2258323, 10.6554, 13765.0788
current_data: 1.1229, 6180776, 4.1912, 3396.8944
current_data: 0.4336, 21531353, 78.0401, 18857.6079
current_data: 2.5488, 27861, 0.0002, 0.0000
current_data: 2.4497, 204378, 31.9684, 53053.4286
current_data: 2.2747, 2271979, 10.6495, 13783.8289
current_data: 1.1211, 6182907, 4.1782, 3283.1438
current_data: 0.4328, 19228847, 75.7790, 18297.6047
current_data: 2.5477, 29281, 0.0002, 0.0000
current_data: 2.4556, 204448, 31.9687, 53337.1802
current_data: 2.2927, 2272477, 10.6464, 13425.7018
current_data: 1.1267, 6223022, 4.1394, 3246.8936
current_data: 0.4360, 21738208, 78.0600, 19135.1095
current_data: 2.5470, 28904, 0.0003, 0.0000
current_data: 2.3067, 223248, 27.5540, 45217.1337
current_data: 2.3797, 2376789, 9.3225, 12661.9475
current_data: 1.1251, 6258218, 4.1811, 3306.2689
current_data: 0.4361, 21786938, 78.0236, 19091.3592
current_data: 2.5474, 28147, 0.0002, 0.0000
current_data: 2.5298, 222936, 24.9751, 44829.0065
current_data: 2.3783, 2364384, 9.3028, 12583.8220
current_data: 1.1233, 6201991, 4.1607, 3206.2683
current_data: 0.4359, 21862995, 78.0720, 19154.4846
current_data: 2.5477, 28716, 0.0002, 0.0000
current_data: 2.5440, 220825, 24.9770, 45232.1338
current_data: 2.2892, 2265877, 10.6211, 13908.8296
current_data: 1.1160, 6112831, 4.2769, 3361.8942
current_data: 0.4355, 21860869, 78.0726, 19296.3604
current_data: 2.5459, 38396, 0.0005, 0.0000
current_data: 2.5386, 243236, 24.9715, 45155.2584
current_data: 2.2842, 2182514, 10.5806, 13842.5792
current_data: 1.1194, 6145004, 4.2779, 3409.3945
current_data: 0.4363, 21883469, 78.0459, 19305.1105
current_data: 2.5457, 34283, 0.0005, 0.0000
current_data: 2.5198, 239284, 24.9698, 44807.7564
current_data: 2.2843, 2289227, 10.5562, 13803.8290
current_data: 1.1204, 6149139, 4.2064, 3405.0195
current_data: 0.4364, 21868576, 78.0403, 19236.9851
current_data: 2.5459, 33172, 0.0004, 0.0000
current_data: 2.5477, 229782, 24.9742, 45335.2594
current_data: 2.3629, 2442959, 9.3963, 12668.1975
current_data: 1.1223, 6238860, 4.2069, 3275.6437
current_data: 0.4365, 21949714, 78.0439, 19370.1108
current_data: 2.5477, 29205, 0.0003, 0.0000
current_data: 2.5444, 227350, 24.9739, 45427.1349
current_data: 2.3815, 2309863, 9.3580, 12821.9484
current_data: 1.1218, 6231482, 4.2557, 3548.7703
current_data: 0.4363, 22027792, 78.0640, 19433.2362
current_data: 2.5467, 28617, 0.0002, 0.0000
current_data: 2.5197, 219904, 24.9720, 45145.8833
current_data: 2.3759, 2333392, 9.3134, 12711.3227
current_data: 1.1236, 6307172, 4.1853, 3325.6440
current_data: 0.4356, 21975427, 78.0257, 19182.6098
current_data: 2.5479, 29881, 0.0003, 0.0000
current_data: 2.3224, 243850, 27.8892, 46545.8913
current_data: 2.2803, 2270315, 10.6148, 13958.2049
current_data: 1.1226, 6278261, 4.0728, 3292.5188
current_data: 0.4333, 21871516, 78.0507, 19215.1099
current_data: 2.5477, 29893, 0.0003, 0.0000
current_data: 2.4549, 219800, 31.9658, 54050.3093
current_data: 2.2736, 2276904, 10.6074, 13910.0796
current_data: 1.1211, 6256609, 4.1657, 3285.6438
current_data: 0.4332, 21817690, 78.0652, 19206.9849
current_data: 2.5485, 29012, 0.0003, 0.0000
current_data: 2.4480, 211314, 31.9655, 53762.1826
current_data: 2.2780, 2275143, 10.5679, 13886.3295
current_data: 1.1176, 6195921, 4.2471, 3432.5196
current_data: 0.4337, 21840918, 78.0540, 19273.2353
current_data: 2.5480, 29359, 0.0003, 0.0000
current_data: 2.4548, 211856, 31.9657, 53920.9335
current_data: 2.2891, 2293865, 10.5781, 13991.9551
current_data: 1.1197, 6291436, 4.1850, 3465.6448
current_data: 0.4357, 19924451, 75.9865, 18966.9835
current_data: 2.5479, 29878, 0.0003, 0.6250
current_data: 2.4546, 210249, 31.9649, 54090.3095
current_data: 2.3808, 2259048, 9.3373, 12823.8234
current_data: 1.1168, 6199458, 4.1736, 3310.0189
current_data: 0.4336, 21894189, 78.0662, 19292.6104
current_data: 2.5482, 30144, 0.0003, 0.0000
current_data: 2.4554, 215402, 31.9673, 54026.5591
current_data: 2.3785, 2320322, 9.3113, 12782.5731
current_data: 1.1189, 6245794, 4.1885, 3320.0190
current_data: 0.4333, 21899330, 78.0231, 19239.4851
current_data: 2.5470, 31310, 0.0003, 0.6250
current_data: 2.4573, 223310, 31.9654, 54114.0596
current_data: 2.3660, 2307968, 9.3026, 13065.6998
current_data: 1.1212, 6279885, 4.1282, 3211.2684
current_data: 0.4331, 21835141, 78.0760, 19210.7349
current_data: 2.5483, 28033, 0.0002, 0.0000
current_data: 2.4486, 212989, 31.9654, 53839.6831
current_data: 2.2828, 2266702, 10.5846, 13952.5798
current_data: 1.1164, 6218120, 4.2386, 3390.6444
current_data: 0.4331, 21842580, 78.0488, 19288.2354
current_data: 2.5467, 31452, 0.0003, 0.0000
current_data: 2.4544, 223218, 31.9641, 53957.8087
current_data: 2.2794, 2272599, 10.5970, 13910.7046
current_data: 1.1253, 6194357, 4.1677, 3416.2695
current_data: 0.4397, 22194223, 78.0055, 19491.9865
current_data: 2.5470, 33205, 0.0004, 0.0000
current_data: 2.0480, 271111, 35.3374, 45513.3854
current_data: 2.2926, 2281873, 10.5468, 13945.0798
current_data: 1.1301, 6296593, 4.1480, 3465.6448
current_data: 0.4408, 22279724, 78.0222, 19491.3615
current_data: 2.5481, 29104, 0.0003, 0.0000
current_data: 2.1744, 229953, 34.2653, 46155.2641
current_data: 2.2990, 2359511, 10.5246, 14030.7053
current_data: 1.1290, 6312627, 4.1509, 3461.2698
current_data: 0.4406, 22179895, 78.0528, 19575.1120
current_data: 2.5480, 28854, 0.0002, 0.0000
current_data: 2.1587, 220262, 34.2523, 45776.5119
current_data: 2.3948, 2277268, 9.3128, 12881.9487
current_data: 1.1138, 6067393, 4.1782, 3305.0189
current_data: 0.4310, 21288694, 78.0282, 18618.2315
current_data: 2.5467, 34296, 0.0005, 0.6250
current_data: 1.8638, 5635993, 31.6204, 48167.1506
current_data: 2.3693, 2304293, 9.3022, 12648.8224
current_data: 1.1059, 6128383, 4.1527, 3271.2687
current_data: 0.4260, 21400958, 78.0160, 18822.6077
current_data: 2.5460, 30531, 0.0003, 0.0000
current_data: 2.5977, 385715, 25.6885, 54620.9375
current_data: 2.2895, 2113196, 10.3207, 13803.8290
current_data: 1.1188, 6225811, 4.2391, 3405.0195
current_data: 0.4338, 21731825, 78.0471, 19132.6095
current_data: 2.5469, 30214, 0.0003, 0.0000
current_data: 2.7249, 278392, 25.2212, 49092.7809
current_data: 2.2868, 2268359, 10.5368, 13810.0790
current_data: 1.1043, 6137521, 4.2030, 3361.2692
current_data: 0.4225, 21223721, 78.0379, 18716.3571
current_data: 2.5472, 30085, 0.0002, 0.0000
current_data: 2.3076, 245704, 26.1848, 56177.8215
current_data: 2.2532, 2247310, 10.5905, 13756.9537
current_data: 1.0849, 5931517, 4.2723, 3410.6445
current_data: 0.4106, 20107762, 77.8086, 17977.6029
current_data: 2.5472, 32897, 0.0004, 0.0000
current_data: 2.2042, 222096, 26.4831, 60022.8435
current_data: 2.3237, 2317356, 9.3219, 12481.9464
current_data: 1.0940, 6114333, 4.2206, 3472.5199
current_data: 0.4167, 21016143, 78.0404, 18501.3559
current_data: 2.5479, 28330, 0.0002, 0.0000
current_data: 2.2046, 221593, 26.4820, 60094.0939
current_data: 2.3237, 2312959, 9.4049, 12558.8219
current_data: 1.1159, 6199583, 4.1543, 3383.7694
current_data: 0.4312, 21652520, 78.0374, 19139.4845
current_data: 2.5471, 29998, 0.0003, 0.0000
current_data: 2.4141, 221176, 31.5029, 54016.5591
current_data: 2.3008, 2178924, 10.3110, 13901.9545
current_data: 1.1155, 6148323, 4.2388, 3351.8942
current_data: 0.4330, 21830485, 78.0513, 19192.6098
current_data: 2.5466, 29246, 0.0003, 0.0000
current_data: 2.4520, 203637, 31.9693, 53964.6838
current_data: 2.2906, 2229092, 10.5650, 13993.8301
current_data: 1.1197, 6242604, 4.2176, 3420.0196
current_data: 0.4328, 21821764, 78.0677, 19211.9849
current_data: 2.5488, 29773, 0.0003, 0.0000
current_data: 2.4546, 202876, 31.9670, 53946.5587
current_data: 2.2902, 2263139, 10.5569, 13947.5798
current_data: 1.1179, 6173781, 4.1657, 3291.8938
current_data: 0.4332, 21793320, 78.0783, 19235.7351
current_data: 2.5474, 31878, 0.0003, 0.0000
current_data: 2.4556, 208533, 31.9675, 53942.8087
current_data: 2.2930, 2290787, 10.5491, 13911.3296
current_data: 1.1150, 6187181, 4.3001, 3428.1446
current_data: 0.4334, 21933844, 78.0244, 19173.8597
current_data: 2.5473, 32950, 0.0004, 0.0000
current_data: 2.4557, 214845, 31.9675, 54195.3101
current_data: 2.3546, 2493803, 9.5911, 12756.9480
current_data: 1.1252, 6286014, 4.0948, 3324.3940
current_data: 0.4336, 21827851, 78.0429, 19228.8600
current_data: 2.5486, 27459, 0.0002, 0.0000
current_data: 2.4622, 202319, 31.9678, 54040.3092
current_data: 2.3759, 2323925, 9.3316, 12786.9482
current_data: 1.1197, 6280614, 4.1235, 3315.6440
current_data: 0.4329, 21870429, 78.0641, 19176.9847
current_data: 2.5472, 30917, 0.0003, 0.0000
current_data: 2.4595, 207920, 31.9668, 54178.4350
current_data: 2.3784, 2334907, 9.3126, 12719.4478
current_data: 1.1181, 6269742, 4.1481, 3352.5192
current_data: 0.4329, 21849625, 78.0468, 19153.2346
current_data: 2.5474, 29681, 0.0002, 0.0000
current_data: 2.4531, 199322, 31.9666, 53999.0590
current_data: 2.2925, 2280117, 10.5406, 13961.9549
current_data: 1.1245, 6293950, 4.2032, 3352.5192
current_data: 0.4348, 21917125, 78.0561, 19179.4847
current_data: 2.5481, 28502, 0.0002, 0.0000
current_data: 2.2911, 213981, 29.1366, 47518.3969
current_data: 2.2942, 2311002, 10.5539, 13925.7047
current_data: 1.1226, 6229168, 4.2031, 3510.0201
current_data: 0.4359, 21968130, 78.0605, 19306.9855
current_data: 2.5479, 28915, 0.0002, 0.0000
current_data: 2.5471, 215609, 24.9765, 45554.6357
current_data: 2.3030, 2293036, 10.5642, 13971.3299
current_data: 1.1250, 5961911, 4.1525, 3255.6436
current_data: 0.4365, 21966352, 78.0580, 19273.8603
current_data: 2.5463, 36604, 0.0004, 1.2500
current_data: 2.5197, 223191, 24.9778, 44946.5072
current_data: 2.2984, 2266600, 10.5443, 13964.4549
current_data: 1.1236, 6240547, 4.2752, 3433.1446
current_data: 0.4390, 20071060, 76.1385, 19052.6090
current_data: 2.5471, 31361, 0.0003, 0.0000
current_data: 2.5540, 226311, 24.9740, 45604.0109
current_data: 2.3835, 2338672, 9.3317, 12799.4482
current_data: 1.1251, 6256957, 4.1339, 3319.3940
current_data: 0.4365, 21990059, 78.0467, 19338.8607
current_data: 2.5469, 30829, 0.0003, 0.0000
current_data: 2.5149, 213130, 24.9747, 44933.3821
current_data: 2.3937, 2369947, 9.3215, 12776.3231
current_data: 1.1255, 6270857, 4.1839, 3396.8944
current_data: 0.4359, 21960472, 78.0326, 19375.7359
current_data: 2.5486, 29080, 0.0003, 0.0000
current_data: 2.5484, 213927, 24.9763, 45542.7606
current_data: 2.3959, 2394415, 9.2914, 12786.3232
current_data: 1.1225, 6032883, 4.1543, 3203.7683
current_data: 0.4358, 21989119, 78.0724, 19280.7353
current_data: 2.5469, 28706, 0.0002, 0.0000
current_data: 2.5402, 214364, 24.9780, 45502.7604
current_data: 2.3019, 2271535, 10.5219, 13968.8299
current_data: 1.1245, 6277669, 4.1606, 3355.6442
current_data: 0.4358, 21939744, 78.0729, 19348.2357
current_data: 2.5473, 29092, 0.0002, 0.0000
current_data: 2.5222, 214934, 24.9752, 45057.1328
current_data: 2.3068, 2315912, 10.5032, 13952.5798
current_data: 1.1209, 6239753, 4.2038, 3351.2692
current_data: 0.4354, 21926741, 78.0481, 19268.8603
current_data: 2.5467, 32314, 0.0004, 0.0000
current_data: 2.3316, 253603, 26.8461, 45175.2585
current_data: 2.3001, 2316640, 10.5193, 13943.8298
current_data: 1.1130, 6134612, 4.2451, 3482.5199
current_data: 0.4332, 21881072, 78.0089, 19211.3599
current_data: 2.5476, 32906, 0.0003, 0.6250
current_data: 2.4514, 224032, 31.9658, 53985.9339
current_data: 2.2911, 2285608, 10.5406, 13995.7051
current_data: 1.1188, 6208872, 4.2342, 3453.1448
current_data: 0.4334, 21849297, 78.0468, 19243.8601
current_data: 2.5470, 29010, 0.0002, 0.0000
current_data: 2.4479, 214254, 31.9660, 53825.9330
current_data: 2.3852, 2307729, 9.3101, 12795.0732
current_data: 1.1201, 6246171, 4.2093, 3329.3941
current_data: 0.4334, 21870379, 78.0550, 19286.3604
current_data: 2.5483, 29399, 0.0003, 0.0000
current_data: 2.4544, 219322, 31.9658, 54010.9341
current_data: 2.3820, 2305156, 9.3098, 12795.0732
current_data: 1.1129, 6088488, 4.2864, 3443.7697
current_data: 0.4328, 21840803, 78.0220, 19153.2346
current_data: 2.5468, 32109, 0.0004, 0.0000
current_data: 2.4514, 222883, 31.9656, 53919.0585
current_data: 2.3738, 2318107, 9.3226, 12952.5741
current_data: 1.1230, 6279179, 4.1522, 3332.5191
current_data: 0.4331, 21872582, 78.0480, 19197.6098
current_data: 2.5486, 29034, 0.0002, 0.0000
current_data: 2.4517, 217736, 31.9669, 53992.1839
current_data: 2.2913, 2272805, 10.5497, 13981.3300
current_data: 1.1208, 6246718, 4.1894, 3365.6443
current_data: 0.4328, 21827579, 78.0579, 19109.4843
current_data: 2.5474, 29812, 0.0002, 0.0000
current_data: 2.4549, 215014, 31.9682, 53994.6840
current_data: 2.2939, 2276106, 10.5383, 13929.4547
current_data: 1.1228, 6223499, 4.0024, 3196.8933
current_data: 0.4330, 21854477, 78.0432, 19256.9852
current_data: 2.5477, 29159, 0.0002, 0.0000
current_data: 2.4488, 212262, 31.9660, 53867.1832
current_data: 2.2924, 2312427, 10.5198, 13883.2044
current_data: 1.1215, 6265292, 4.0987, 3395.6444
current_data: 0.4406, 20605503, 76.2352, 19238.2351
current_data: 2.5466, 28992, 0.0002, 0.0000
current_data: 2.4549, 208332, 31.9677, 53982.1839
current_data: 2.3103, 2249245, 10.5355, 13418.2018
current_data: 1.1252, 6282345, 4.2854, 3451.8948
current_data: 0.4390, 22162379, 78.0505, 19505.1116
current_data: 2.5476, 29374, 0.0002, 0.0000
current_data: 2.0383, 236874, 34.9658, 45785.8870
current_data: 2.4078, 2331992, 9.2332, 12820.0734
current_data: 1.1245, 6274997, 4.2931, 3446.8947
current_data: 0.4400, 22181978, 78.0678, 19401.3610
current_data: 2.5462, 38269, 0.0005, 0.0000
current_data: 2.1738, 235938, 34.2677, 46004.0132
current_data: 2.4055, 2390815, 9.3265, 12868.8236
current_data: 1.1295, 6294794, 4.1992, 3355.0192
current_data: 0.4401, 22224161, 78.0677, 19492.6115
current_data: 2.5471, 30766, 0.0003, 0.0000
current_data: 2.1723, 221839, 34.2655, 46038.3884
current_data: 2.3965, 2348072, 9.2322, 13289.4510
current_data: 1.1220, 6255664, 4.1474, 3219.3934
current_data: 0.4337, 21853903, 78.0840, 19383.8609
current_data: 2.5473, 32121, 0.0003, 0.0000
current_data: 2.0488, 5649252, 29.1605, 46215.2644
current_data: 2.2943, 2281210, 10.5492, 13976.9550
current_data: 1.0970, 6042637, 4.2743, 3532.5202
current_data: 0.4235, 21420404, 78.0180, 18771.3574
current_data: 2.5466, 33410, 0.0004, 0.0000
current_data: 2.3147, 410710, 27.9370, 55962.1952
current_data: 2.2729, 2251367, 10.6252, 13918.2046
current_data: 1.1080, 6022457, 4.3087, 3450.6447
current_data: 0.4336, 21889006, 78.0411, 19310.7355
current_data: 2.5482, 33719, 0.0005, 0.6250
current_data: 2.7299, 290280, 25.2783, 49655.9091
current_data: 2.2946, 2327206, 10.5234, 13915.7046
current_data: 1.1058, 6171002, 4.1845, 3385.0194
current_data: 0.4245, 21446538, 78.0508, 18816.9827
current_data: 2.5485, 28659, 0.0003, 0.0000
current_data: 2.3559, 252048, 26.0227, 55572.1930
current_data: 2.3065, 2351757, 10.1983, 12931.9490
current_data: 1.0956, 6130074, 4.1800, 3204.3933
current_data: 0.4170, 21041542, 78.0291, 18495.7308
current_data: 2.5479, 28707, 0.0002, 0.0000
current_data: 2.2034, 214648, 26.4837, 60174.0943
current_data: 2.3450, 2305036, 9.3399, 12628.8223
current_data: 1.0909, 6119785, 4.2644, 3347.5192
current_data: 0.4160, 21009852, 78.0583, 18460.1056
current_data: 2.5473, 29557, 0.0003, 0.0000
current_data: 2.2018, 218343, 26.4836, 60171.5943
current_data: 2.3450, 2211871, 9.3168, 12481.9464
current_data: 1.1139, 6227759, 4.1930, 3391.8944
current_data: 0.4303, 21730116, 78.0273, 19024.4839
current_data: 2.5471, 27795, 0.0002, 0.0000
current_data: 2.3929, 225332, 31.1386, 54632.8126
current_data: 2.2936, 2270918, 10.5661, 13966.9549
current_data: 1.1187, 5942683, 4.1597, 3207.5184
current_data: 0.4335, 21873604, 78.0209, 19073.2341
current_data: 2.5471, 30355, 0.0004, 0.0000
current_data: 2.4541, 209147, 31.9704, 53955.3087
current_data: 2.3027, 2267330, 10.5133, 13995.0801
current_data: 1.1194, 6295102, 4.2139, 3465.6448
current_data: 0.4367, 19998752, 76.1457, 19000.1087
current_data: 2.5475, 30398, 0.0003, 0.0000
current_data: 2.4514, 206545, 31.9690, 54029.6842
current_data: 2.3023, 2200816, 10.5393, 13941.9548
current_data: 1.1231, 6281825, 4.1391, 3339.3941
current_data: 0.4335, 21844040, 78.0445, 19215.1099
current_data: 2.5475, 28194, 0.0002, 0.0000
current_data: 2.4586, 197869, 31.9702, 54025.9341
current_data: 2.3360, 2441954, 10.2786, 13105.7000
current_data: 1.1190, 6232418, 4.1665, 3371.8943
current_data: 0.4334, 21908927, 78.0442, 19291.3604
current_data: 2.5478, 30634, 0.0003, 0.0000
current_data: 2.4557, 207116, 31.9719, 54134.0598
current_data: 2.3936, 2386558, 9.2835, 12816.9483
current_data: 1.1160, 6216215, 4.2749, 3401.2695
current_data: 0.4329, 21862657, 78.0424, 19222.6100
current_data: 2.5471, 31499, 0.0003, 0.0000
current_data: 2.4602, 206743, 31.9699, 54164.6849
current_data: 2.3911, 2292249, 9.2997, 12821.3234
current_data: 1.1184, 5978770, 4.2083, 3218.1434
current_data: 0.4330, 21862792, 78.0576, 19280.1103
current_data: 2.5479, 29231, 0.0003, 0.0000
current_data: 2.4586, 206778, 31.9692, 54119.6847
current_data: 2.3326, 2139429, 10.0588, 13989.4550
current_data: 1.1178, 6236201, 4.1793, 3343.7691
current_data: 0.4328, 21909648, 78.0215, 19317.6105
current_data: 2.5485, 29590, 0.0002, 0.0000
current_data: 2.4499, 201655, 31.9686, 54056.5593
current_data: 2.2980, 2281236, 10.5229, 13961.3299
current_data: 1.1192, 6226573, 4.1848, 3453.7698
current_data: 0.4347, 21934627, 78.0336, 19263.2352
current_data: 2.5493, 28847, 0.0003, 0.0000
current_data: 2.2742, 215414, 29.6820, 47992.7746
current_data: 2.3064, 2322124, 10.5155, 14005.7051
current_data: 1.1143, 6112441, 4.2525, 3518.1451
current_data: 0.4356, 21925897, 78.0325, 19285.7354
current_data: 2.5458, 42431, 0.0008, 0.0000
current_data: 2.5384, 254736, 24.9735, 45309.0093
current_data: 2.3019, 2249498, 10.5503, 13966.3299
current_data: 1.1026, 5850791, 4.5176, 3548.1453
current_data: 0.4353, 21960011, 78.0413, 19341.9857
current_data: 2.5476, 30915, 0.0004, 0.0000
current_data: 2.5166, 221591, 24.9732, 45019.6326
current_data: 2.3760, 2450244, 9.5571, 12859.4486
current_data: 1.1252, 6255320, 4.1202, 3299.3939
current_data: 0.4365, 22076202, 78.0432, 19411.3611
current_data: 2.5474, 29066, 0.0002, 0.0000
current_data: 2.5500, 225443, 24.9712, 45700.8865
current_data: 2.4062, 2405403, 9.2613, 12808.8233
current_data: 1.1215, 6240744, 4.1539, 3327.5190
current_data: 0.4359, 21968560, 78.0420, 19244.4851
current_data: 2.5476, 29635, 0.0003, 0.0000
current_data: 2.5180, 216423, 24.9713, 45014.6326
current_data: 2.4068, 2338087, 9.2927, 12771.9481
current_data: 1.1194, 6211392, 4.2121, 3483.7699
current_data: 0.4355, 22015229, 78.0747, 19243.8601
current_data: 2.5482, 31045, 0.0003, 0.0000
current_data: 2.5451, 226672, 24.9732, 45663.3863
current_data: 2.3259, 2151685, 10.4230, 14046.9554
current_data: 1.1214, 6242926, 4.1588, 3434.3947
current_data: 0.4361, 22006999, 78.0372, 19340.1107
current_data: 2.5467, 28652, 0.0002, 0.0000
current_data: 2.5396, 217608, 24.9754, 45450.8851
current_data: 2.3067, 2271095, 10.5283, 13978.8300
current_data: 1.1242, 6245976, 4.0664, 3370.0193
current_data: 0.4380, 20087667, 76.4457, 19278.8603
current_data: 2.5477, 28709, 0.0003, 0.0000
current_data: 2.5403, 220177, 24.9759, 45507.1354
current_data: 2.2862, 2306299, 10.5157, 13870.0794
current_data: 1.1236, 6226049, 4.2100, 3418.1446
current_data: 0.4354, 21779080, 78.3115, 19366.3608
current_data: 2.5472, 29391, 0.0003, 0.0000
current_data: 2.3280, 245230, 26.2885, 44042.1270
current_data: 2.2864, 2239264, 10.5515, 13764.4538
current_data: 1.1193, 6303240, 4.1326, 3341.8941
current_data: 0.4325, 21664408, 78.3059, 19310.7355
current_data: 2.5479, 29671, 0.0003, 0.0000
current_data: 2.4531, 219124, 31.9677, 53996.5590
current_data: 2.3693, 2290260, 9.2910, 12686.3226
current_data: 1.1191, 6279859, 4.1920, 3370.0193
current_data: 0.4319, 21637573, 78.3104, 19343.8607
current_data: 2.5482, 28575, 0.0003, 0.0000
current_data: 2.4490, 213956, 31.9696, 53959.0588
current_data: 2.3677, 2297403, 9.3099, 12676.3225
current_data: 1.1203, 6277368, 4.2059, 3440.0197
current_data: 0.4319, 21602354, 78.3067, 19280.1103
current_data: 2.5482, 27917, 0.0003, 0.0000
current_data: 2.4533, 216595, 31.9674, 53891.5584
current_data: 2.2765, 2298441, 10.5439, 13792.5789
current_data: 1.1195, 6272471, 4.1748, 3367.5193
current_data: 0.4319, 21637767, 78.2954, 19183.8598
current_data: 2.5474, 29559, 0.0003, 0.0000
current_data: 2.4508, 216620, 31.9675, 53996.5590
current_data: 2.2798, 2199062, 10.5479, 13906.9546
current_data: 1.1172, 6255064, 4.2108, 3416.8946
current_data: 0.4325, 21667078, 78.2433, 19240.7351
current_data: 2.5469, 32661, 0.0003, 0.0000
current_data: 2.4517, 225757, 31.9685, 53935.9336
current_data: 2.2830, 2266305, 10.5451, 13880.7044
current_data: 1.1113, 6071954, 4.2572, 3491.8950
current_data: 0.4321, 21660549, 78.2772, 19380.7359
current_data: 2.5477, 33530, 0.0005, 0.0000
current_data: 2.4572, 234090, 31.9657, 54054.6843
current_data: 2.3695, 2252850, 9.2808, 12638.8223
current_data: 1.1190, 6236858, 4.1952, 3354.3942
current_data: 0.4321, 21635184, 78.2921, 19339.4857
current_data: 2.5465, 28848, 0.0003, 0.0000
current_data: 2.4531, 217620, 31.9674, 53982.1839
current_data: 2.3694, 2293930, 9.2982, 12695.6976
current_data: 1.1151, 6232940, 4.3620, 3469.3949
current_data: 0.4315, 21670850, 78.3265, 19331.3606
current_data: 2.5480, 28895, 0.0003, 0.0000
current_data: 2.4518, 219596, 31.9674, 54144.0598
current_data: 2.3057, 2112188, 10.1673, 13890.7045
current_data: 1.1227, 6320163, 4.2143, 3446.8947
current_data: 0.4366, 21837775, 78.3157, 19367.6108
current_data: 2.5466, 38990, 0.0006, 0.0000
current_data: 2.0577, 262063, 34.7404, 46255.8897
current_data: 2.2882, 2241486, 10.5066, 13870.0794
current_data: 1.1267, 6267343, 4.2331, 3452.5198
current_data: 0.4387, 21928245, 78.2981, 19452.6113
current_data: 2.5467, 33358, 0.0005, 0.0000
current_data: 2.1726, 235624, 34.2645, 45919.0128
current_data: 2.2932, 2258597, 10.4886, 13858.8293
current_data: 1.1260, 6217242, 4.1762, 3301.8939
current_data: 0.4345, 18873771, 76.5465, 18775.1074
current_data: 2.5480, 30737, 0.0003, 0.0000
current_data: 2.1729, 231884, 34.2656, 45942.7629
current_data: 2.3466, 2458731, 9.8638, 12713.8227
current_data: 1.1229, 6308985, 4.2078, 3327.5190
current_data: 0.4357, 21987500, 78.0616, 19372.6109
current_data: 2.5469, 29254, 0.0003, 0.0000
current_data: 2.2356, 5701934, 27.5533, 44941.5072
current_data: 2.3715, 2311492, 9.2846, 12701.9477
current_data: 1.1011, 6172053, 4.2348, 3344.3941
current_data: 0.4212, 21275774, 78.0214, 18743.2322
current_data: 2.5472, 28522, 0.0003, 0.0000
current_data: 2.0774, 398846, 30.4282, 56822.2001
current_data: 2.3390, 2334646, 9.2563, 12750.0730
current_data: 1.1189, 6273942, 4.1839, 3316.8940
current_data: 0.4330, 21874951, 78.0663, 19146.3596
current_data: 2.5477, 29478, 0.0003, 0.0000
current_data: 2.7402, 274869, 25.3307, 50003.4111
current_data: 2.2832, 2250993, 10.5339, 13912.5796
current_data: 1.1108, 6203402, 4.1196, 3332.5191
current_data: 0.4244, 21405624, 78.0646, 18867.6080
current_data: 2.5483, 29180, 0.0003, 0.0000
current_data: 2.4011, 245336, 25.8871, 54554.6872
current_data: 2.2540, 2248826, 10.5939, 13782.5789
current_data: 1.0948, 6109217, 4.1079, 3241.8936
current_data: 0.4161, 21036938, 78.0049, 18575.1063
current_data: 2.5473, 28924, 0.0003, 0.0000
current_data: 2.2024, 206448, 26.4889, 60243.4697
current_data: 2.3290, 2192078, 9.3107, 12517.5716
current_data: 1.0950, 6130047, 4.1718, 3245.0186
current_data: 0.4163, 20988327, 78.0247, 18440.1055
current_data: 2.5471, 28808, 0.0003, 0.6250
current_data: 2.2039, 214421, 26.4869, 60135.3441
current_data: 2.3216, 2318540, 9.2918, 12405.6960
current_data: 1.1120, 6224083, 4.1789, 3298.1439
current_data: 0.4280, 21618518, 78.0294, 19095.7343
current_data: 2.5476, 29692, 0.0003, 0.0000
current_data: 2.3754, 221674, 30.7281, 55195.9408
current_data: 2.2678, 2218894, 10.6055, 13860.7043
current_data: 1.1114, 6118077, 4.3252, 3531.2702
current_data: 0.4323, 21835267, 78.0189, 19183.8598
current_data: 2.5471, 33547, 0.0004, 0.0000
current_data: 2.4532, 218965, 31.9687, 54012.1841
current_data: 2.2785, 2243846, 10.5477, 13823.2041
current_data: 1.1196, 6234263, 4.2144, 3509.3951
current_data: 0.4329, 21835800, 78.0380, 19186.3598
current_data: 2.5480, 29097, 0.0003, 0.0000
current_data: 2.4524, 206527, 31.9680, 53912.1835
current_data: 2.2841, 2207135, 10.5023, 13838.8292
current_data: 1.1235, 6259331, 4.1409, 3347.5192
current_data: 0.4331, 21818395, 78.0422, 19050.7340
current_data: 2.5478, 27960, 0.0002, 0.0000
current_data: 2.4588, 204929, 31.9677, 54013.4341
current_data: 2.3757, 2291525, 9.3047, 12725.0728
current_data: 1.1207, 6282985, 4.1674, 3461.2698
current_data: 0.4328, 21855184, 78.0489, 19153.2346
current_data: 2.5472, 28778, 0.0002, 0.0000
current_data: 2.4572, 205424, 31.9678, 54124.0597
current_data: 2.3775, 2307811, 9.2625, 12713.8227
current_data: 1.1246, 6260701, 4.0566, 3305.0189
current_data: 0.4328, 21844609, 78.0214, 19103.2343
current_data: 2.5474, 29475, 0.0003, 0.0000
current_data: 2.4576, 201932, 31.9700, 54109.6846
current_data: 2.2974, 2157693, 10.4028, 13866.9543
current_data: 1.1189, 6284640, 4.1807, 3370.0193
current_data: 0.4390, 20540879, 76.2165, 19270.1103
current_data: 2.5466, 28794, 0.0003, 0.0000
current_data: 2.4570, 207932, 31.9730, 54157.1849
current_data: 2.2818, 2242500, 10.5190, 13881.9544
current_data: 1.1181, 6243195, 4.2296, 3460.0198
current_data: 0.4329, 21842938, 78.0549, 19178.8597
current_data: 2.5458, 37229, 0.0005, 0.0000
current_data: 2.4472, 211028, 31.9680, 53868.4332
current_data: 2.2801, 2212332, 10.4944, 13810.0790
current_data: 1.1209, 6288193, 4.2095, 3340.6441
current_data: 0.4355, 21971814, 78.0461, 19346.3607
current_data: 2.5457, 30765, 0.0003, 1.2500
current_data: 2.2769, 219673, 30.3152, 48962.7802
current_data: 2.3792, 2334720, 9.2477, 12701.3227
current_data: 1.1279, 6252078, 4.1140, 3425.0196
current_data: 0.4369, 22049246, 78.0620, 19345.7357
current_data: 2.5471, 30418, 0.0004, 0.0000
current_data: 2.5484, 221423, 24.9733, 45664.0113
current_data: 2.3822, 2351793, 9.2605, 12721.9478
current_data: 1.1244, 6297616, 4.1770, 3311.2689
current_data: 0.4366, 22045289, 78.0682, 19432.6112
current_data: 2.5467, 29372, 0.0002, 0.0000
current_data: 2.5190, 214857, 24.9763, 45117.7582
current_data: 2.3633, 2256032, 9.3440, 13431.9519
current_data: 1.1183, 6153696, 4.2175, 3347.5192
current_data: 0.4364, 22004534, 78.0179, 19352.6107
current_data: 2.5464, 31906, 0.0003, 0.0000
current_data: 2.5476, 225132, 24.9732, 45529.0105
current_data: 2.2936, 2256810, 10.5363, 13913.2046
current_data: 1.1232, 6310357, 4.2149, 3423.1446
current_data: 0.4368, 22097127, 78.0314, 19295.7354
current_data: 2.5478, 29223, 0.0003, 0.0000
current_data: 2.5391, 209964, 24.9736, 45583.3858
current_data: 2.2959, 2195526, 10.5247, 13981.3300
current_data: 1.1246, 6305729, 4.1806, 3300.0189
current_data: 0.4369, 22034513, 78.0261, 19463.2364
current_data: 2.5479, 31006, 0.0003, 0.0000
current_data: 2.5487, 211814, 24.9751, 45620.8860
current_data: 2.3066, 2172029, 10.5156, 13365.7015
current_data: 1.1144, 6141838, 4.3157, 3511.8951
current_data: 0.4367, 22045017, 78.0258, 19348.2357
current_data: 2.5473, 32559, 0.0004, 0.0000
current_data: 2.5447, 219920, 24.9771, 45541.5106
current_data: 2.3835, 2314827, 9.2566, 12728.8228
current_data: 1.1236, 6264713, 4.2052, 3355.0192
current_data: 0.4366, 22063570, 78.0297, 19356.3608
current_data: 2.5474, 29583, 0.0003, 0.0000
current_data: 2.5449, 211017, 24.9744, 45603.3859
current_data: 2.3881, 2319106, 9.2423, 12740.0729
current_data: 1.1246, 6283383, 4.1571, 3401.8945
current_data: 0.4370, 22057727, 78.0430, 19284.4853
current_data: 2.5471, 29261, 0.0003, 0.0000
current_data: 2.3414, 225691, 25.9171, 44132.1275
current_data: 2.2975, 2256057, 10.4816, 13905.0796
current_data: 1.1173, 6259138, 4.1784, 3418.7696
current_data: 0.4339, 21902086, 78.0452, 19211.9849
current_data: 2.5470, 30278, 0.0003, 0.0000
current_data: 2.4567, 208000, 31.9652, 54127.1847
current_data: 2.2894, 2252097, 10.4889, 13902.5796
current_data: 1.1218, 6289929, 4.1910, 3420.0196
current_data: 0.4340, 19797700, 75.8012, 18881.9830
current_data: 2.5478, 30514, 0.0003, 0.0000
current_data: 2.4507, 203689, 31.9647, 53984.0589
current_data: 2.2908, 2240932, 10.4905, 13886.9545
current_data: 1.1237, 6265443, 4.1105, 3308.1439
current_data: 0.4336, 21856670, 78.0846, 19232.6100
current_data: 2.5474, 30248, 0.0003, 0.0000
current_data: 2.4596, 209907, 31.9640, 54077.8094
current_data: 2.3825, 2321360, 9.2576, 12729.4478
current_data: 1.1202, 6267763, 4.2082, 3380.6443
current_data: 0.4338, 21912810, 78.0506, 19286.9854
current_data: 2.5476, 28683, 0.0002, 0.0000
current_data: 2.4575, 204762, 31.9656, 54135.3098
current_data: 2.3833, 2323874, 9.2598, 12696.9477
current_data: 1.1188, 6207353, 4.1965, 3363.7692
current_data: 0.4332, 21847818, 78.0543, 19196.3598
current_data: 2.5483, 29802, 0.0003, 0.0000
current_data: 2.4546, 204305, 31.9666, 54023.4341
current_data: 2.3314, 2219724, 9.7893, 13865.7043
current_data: 1.1155, 6219812, 4.1846, 3345.0191
current_data: 0.4333, 21881684, 78.0498, 19251.9852
current_data: 2.5472, 30175, 0.0003, 0.0000
current_data: 2.4571, 207451, 31.9657, 54108.4346
current_data: 2.2894, 2236104, 10.5039, 13892.5795
current_data: 1.1197, 6251147, 4.1653, 3340.0191
current_data: 0.4334, 21862396, 78.0319, 19266.3602
current_data: 2.5477, 29328, 0.0003, 0.0000
current_data: 2.4534, 200976, 31.9672, 54106.5596
current_data: 2.2926, 2293154, 10.4601, 13902.5796
current_data: 1.1167, 6217575, 4.2885, 3420.6446
current_data: 0.4340, 21881410, 78.0435, 19222.6100
current_data: 2.5458, 37045, 0.0005, 0.0000
current_data: 2.4565, 219880, 31.9624, 54009.6840
current_data: 2.3553, 2443546, 9.4446, 12696.3226
current_data: 1.1251, 6291397, 4.2069, 3438.1447
current_data: 0.4392, 22117810, 78.0456, 19496.9866
current_data: 2.5460, 30136, 0.0003, 0.0000
current_data: 2.0635, 224121, 34.6591, 46464.6409
current_data: 2.3971, 2292374, 9.2518, 12740.0729
current_data: 1.1292, 6300130, 4.1517, 3387.5194
current_data: 0.4406, 22157785, 78.0525, 19529.4867
current_data: 2.5461, 29618, 0.0003, 0.0000
current_data: 2.1745, 214693, 34.2674, 45927.1378
current_data: 2.3826, 2301861, 9.2626, 13288.8260
current_data: 1.1226, 6169397, 4.2090, 3541.8953
current_data: 0.4405, 22181340, 78.0180, 19472.6114
current_data: 2.5467, 32129, 0.0003, 0.6250
current_data: 2.1724, 230312, 34.2640, 45882.7625
current_data: 2.2968, 2231052, 10.4964, 13863.8293
current_data: 1.1247, 6255212, 4.1266, 3329.3941
current_data: 0.4377, 22072503, 78.0542, 19330.7356
current_data: 2.5472, 29220, 0.0003, 0.0000
current_data: 2.3082, 5704469, 26.9491, 44390.8790
current_data: 2.2998, 2259334, 10.5066, 13948.2048
current_data: 1.1019, 6162819, 4.1174, 3224.3935
current_data: 0.4223, 21315102, 78.0473, 18697.6070
current_data: 2.5477, 28933, 0.0002, 0.0000
current_data: 1.9774, 384021, 31.6830, 57322.8280
current_data: 2.3106, 2415796, 9.8936, 12601.9471
current_data: 1.1196, 6238882, 4.1881, 3393.1444
current_data: 0.4346, 21937336, 78.0440, 19204.4849
current_data: 2.5465, 30270, 0.0002, 0.0000
current_data: 2.7416, 266723, 25.3553, 50038.4113
current_data: 2.3916, 2315405, 9.2537, 12756.9480
current_data: 1.1084, 6168006, 4.2013, 3296.8939
current_data: 0.4261, 19344974, 75.7513, 18483.2308
current_data: 2.5467, 30053, 0.0003, 0.0000
current_data: 2.4157, 246183, 25.8133, 53915.3085
current_data: 2.3466, 2337806, 9.2726, 12657.5724
current_data: 1.0901, 5800226, 4.1951, 3157.5181
current_data: 0.4164, 21064186, 78.0415, 18528.2310
current_data: 2.5479, 30089, 0.0003, 0.0000
current_data: 2.1990, 212221, 26.4866, 60214.0945
current_data: 2.2445, 2180135, 10.5461, 13722.5785
current_data: 1.0828, 5998938, 4.3042, 3461.8948
current_data: 0.4171, 21111553, 78.0194, 18556.9812
current_data: 2.5464, 32566, 0.0003, 0.0000
current_data: 2.1984, 228080, 26.4843, 60276.5949
current_data: 2.2361, 2201020, 10.6150, 13770.0788
current_data: 1.1119, 6246426, 4.2137, 3347.5192
current_data: 0.4294, 21729669, 78.0349, 19101.9843
current_data: 2.5474, 29538, 0.0003, 0.0000
current_data: 2.3732, 221664, 30.5493, 55702.8187
current_data: 2.3709, 2333144, 9.2112, 12605.0721
current_data: 1.1227, 6250461, 4.0778, 3390.0194
current_data: 0.4342, 21867952, 78.0386, 19218.2350
current_data: 2.5466, 29082, 0.0003, 0.0000
current_data: 2.4585, 197225, 31.9702, 54006.5590
current_data: 2.3850, 2302510, 9.2919, 12751.3230
current_data: 1.1197, 6321149, 4.1073, 3326.8940
current_data: 0.4335, 21885369, 78.0781, 19376.9859
current_data: 2.5481, 29237, 0.0002, 0.0000
current_data: 2.4525, 198514, 31.9679, 53980.9339
current_data: 2.3032, 2197464, 10.2646, 13842.5792
current_data: 1.1189, 6268362, 4.2046, 3345.0191
current_data: 0.4338, 21864975, 78.0243, 19215.1099
current_data: 2.5479, 29311, 0.0002, 0.0000
current_data: 2.4567, 198853, 31.9674, 54004.6840
current_data: 2.2914, 2198647, 10.4912, 13906.9546
current_data: 1.1182, 6306492, 4.2549, 3461.8948
current_data: 0.4340, 21941667, 78.0435, 19403.8610
current_data: 2.5468, 30350, 0.0002, 0.0000
current_data: 2.4524, 196337, 31.9674, 54084.6845
current_data: 2.2954, 2258801, 10.4682, 13890.7045
current_data: 1.1187, 6239161, 4.1883, 3308.1439
current_data: 0.4340, 21874712, 78.0471, 19330.1106
current_data: 2.5477, 29453, 0.0002, 0.0000
current_data: 2.4589, 204413, 31.9697, 54095.9345
current_data: 2.3794, 2372848, 9.2521, 12668.1975
current_data: 1.1135, 5914931, 4.2629, 3288.7688
current_data: 0.4336, 21867590, 78.0565, 19131.3595
current_data: 2.5459, 40858, 0.0007, 0.0000
current_data: 2.4584, 234418, 31.9660, 54074.6844
current_data: 2.3734, 2218949, 9.2702, 12673.1975
current_data: 1.1148, 6199291, 4.2373, 3304.3939
current_data: 0.4333, 21824898, 78.0292, 19150.7346
current_data: 2.5474, 33423, 0.0004, 0.0000
current_data: 2.4459, 213595, 31.9661, 53737.1825
current_data: 2.3088, 2181115, 10.3516, 13841.3292
current_data: 1.1218, 6269004, 4.1427, 3289.3938
current_data: 0.4348, 21884377, 78.0538, 19176.3597
current_data: 2.5489, 29455, 0.0003, 0.0000
current_data: 2.2694, 204814, 30.6213, 49103.4060
current_data: 2.3060, 2282553, 10.4975, 13981.9550
current_data: 1.1228, 6320099, 4.2043, 3385.0194
current_data: 0.4351, 21872816, 77.9768, 19307.6105
current_data: 2.5472, 28982, 0.0002, 0.0000
current_data: 2.5505, 214916, 24.9753, 45689.0114
current_data: 2.3114, 2214045, 10.4984, 14041.9553
current_data: 1.1235, 6340310, 4.2434, 3307.5189
current_data: 0.4478, 21275494, 76.5641, 19645.1124
current_data: 2.5480, 29976, 0.0003, 0.0000
current_data: 2.5200, 215220, 24.9771, 45091.5080
current_data: 2.3866, 2409088, 9.3694, 12812.5733
current_data: 1.1270, 6270967, 4.1379, 3371.8943
current_data: 0.4364, 22034453, 78.0429, 19437.6112
current_data: 2.5475, 29024, 0.0002, 0.0000
current_data: 2.5514, 216601, 24.9738, 45650.8862
current_data: 2.4049, 2307281, 9.1998, 12767.5731
current_data: 1.1232, 6267480, 4.1516, 3393.7694
current_data: 0.4359, 21982907, 78.0362, 19308.8605
current_data: 2.5466, 30338, 0.0003, 0.0000
current_data: 2.5410, 214929, 24.9728, 45470.8852
current_data: 2.3940, 2288913, 9.2061, 13133.2001
current_data: 1.1215, 6251432, 4.1102, 3375.0193
current_data: 0.4358, 21995776, 78.0489, 19335.1106
current_data: 2.5473, 28702, 0.0002, 0.0000
current_data: 2.5501, 215933, 24.9730, 45590.2609
current_data: 2.3104, 2239194, 10.4577, 13946.9548
current_data: 1.1221, 6263407, 4.1747, 3400.0195
current_data: 0.4355, 21994455, 78.0644, 19453.8613
current_data: 2.5467, 30940, 0.0004, 0.0000
current_data: 2.5431, 215001, 24.9759, 45552.1357
current_data: 2.3123, 2351309, 10.4461, 13975.0800
current_data: 1.1253, 6324290, 4.2230, 3467.5198
current_data: 0.4363, 22029461, 78.0342, 19288.8604
current_data: 2.5473, 28379, 0.0002, 0.0000
current_data: 2.5441, 209460, 24.9759, 45549.0106
current_data: 2.3140, 2206454, 10.4647, 14071.3305
current_data: 1.1267, 6290375, 4.1526, 3301.2689
current_data: 0.4368, 22006039, 78.0261, 19374.4859
current_data: 2.5477, 28794, 0.0002, 0.0000
current_data: 2.4376, 209294, 25.0722, 43672.7499
current_data: 2.4058, 2260791, 9.2374, 12826.9484
current_data: 1.1154, 6215735, 4.2938, 3377.5193
current_data: 0.4330, 21811562, 78.0656, 19226.9850
current_data: 2.5471, 30066, 0.0003, 0.0000
current_data: 2.4550, 222761, 31.9673, 53990.3089
current_data: 2.3939, 2298411, 9.2181, 12691.9476
current_data: 1.1163, 6174602, 4.1464, 3444.3947
current_data: 0.4328, 21870738, 78.0442, 19177.6097
current_data: 2.5470, 32735, 0.0004, 0.0000
current_data: 2.4470, 224740, 31.9657, 53909.0585
current_data: 2.3005, 2203396, 10.4477, 13933.8297
current_data: 1.1123, 6142499, 4.3228, 3403.1445
current_data: 0.4327, 21797799, 78.0394, 19109.4843
current_data: 2.5473, 32216, 0.0003, 0.0000
current_data: 2.4509, 227596, 31.9645, 53820.9330
current_data: 2.2958, 2247859, 10.5184, 13928.2047
current_data: 1.1183, 6236013, 4.2409, 3485.0199
current_data: 0.4333, 21889558, 78.0835, 19246.3601
current_data: 2.5474, 29455, 0.0002, 0.0000
current_data: 2.4511, 214080, 31.9658, 54111.5596
current_data: 2.2992, 2244144, 10.4482, 13953.2048
current_data: 1.1176, 6263249, 4.2688, 3304.3939
current_data: 0.4334, 21897130, 78.0421, 19293.2354
current_data: 2.5477, 28411, 0.0002, 0.0000
current_data: 2.4536, 210604, 31.9669, 54074.6844
current_data: 2.4012, 2295843, 9.1977, 12802.5733
current_data: 1.1160, 6244412, 4.1778, 3321.8940
current_data: 0.4365, 20082197, 76.0561, 18997.6087
current_data: 2.5470, 36648, 0.0005, 0.6250
current_data: 2.4564, 224783, 31.9674, 54042.1842
current_data: 2.3890, 2301937, 9.2652, 12800.6982
current_data: 1.1189, 6274392, 4.1392, 3242.5186
current_data: 0.4332, 21846160, 78.0634, 19229.4850
current_data: 2.5480, 29273, 0.0003, 0.0000
current_data: 2.4515, 217229, 31.9650, 53923.4336
current_data: 2.3496, 2221873, 9.6683, 13775.7038
current_data: 1.1207, 6270385, 4.2374, 3445.6447
current_data: 0.4334, 21864906, 77.9865, 19170.7347
current_data: 2.5473, 30492, 0.0003, 0.0000
current_data: 2.4498, 212394, 31.9673, 53859.6832
current_data: 2.2934, 2161222, 10.4863, 13876.9544
current_data: 1.1266, 5990959, 4.1381, 3194.3933
current_data: 0.4383, 22109398, 78.0514, 19445.1113
current_data: 2.5472, 28839, 0.0002, 0.0000
current_data: 2.0765, 247343, 34.4783, 46785.8927
current_data: 2.3112, 2248931, 10.4401, 13914.4546
current_data: 1.1283, 6234002, 4.1470, 3361.8942
current_data: 0.4406, 22152482, 78.0421, 19461.9864
current_data: 2.5484, 31190, 0.0003, 0.0000
current_data: 2.1735, 238918, 34.2647, 45884.0126
current_data: 2.3920, 2450627, 9.3866, 12781.9481
current_data: 1.1309, 6312054, 4.1602, 3481.8949
current_data: 0.4406, 22189935, 78.0507, 19599.4871
current_data: 2.5480, 29915, 0.0003, 0.0000
current_data: 2.1739, 224395, 34.2674, 45935.2628
current_data: 2.4113, 2302918, 9.2019, 12802.5733
current_data: 1.1230, 6301136, 4.2212, 3379.3943
current_data: 0.4372, 22087557, 78.0201, 19353.8607
current_data: 2.5472, 29109, 0.0003, 0.0000
current_data: 2.2874, 4619546, 27.9070, 44640.2554
current_data: 2.3984, 2295794, 9.1857, 13114.4500
current_data: 1.0955, 6076597, 4.2371, 3346.2691
current_data: 0.4198, 21190196, 78.0281, 18752.6073
current_data: 2.5484, 30018, 0.0003, 0.0000
current_data: 1.8063, 378103, 34.0157, 57847.2060
current_data: 2.2659, 2211139, 10.5310, 13788.8289
current_data: 1.1225, 6290338, 4.1219, 3369.3943
current_data: 0.4337, 21863350, 78.0535, 19291.3604
current_data: 2.5481, 29910, 0.0003, 0.6250
current_data: 2.7403, 265102, 25.3925, 50012.1612
current_data: 2.3100, 2240076, 10.4490, 13939.4548
current_data: 1.1123, 6188629, 4.1615, 3329.3941
current_data: 0.4277, 21558345, 78.0270, 18913.2332
current_data: 2.5468, 31482, 0.0003, 0.0000
current_data: 2.4625, 245888, 25.7082, 53408.4306
current_data: 2.3533, 2344191, 9.4818, 12706.3227
current_data: 1.0897, 6008336, 4.2001, 3286.8938
current_data: 0.4167, 21078526, 78.0191, 18534.4811
current_data: 2.5481, 32415, 0.0003, 0.0000
current_data: 2.2018, 215013, 26.4877, 60157.2192
current_data: 2.3469, 2309330, 9.2270, 12476.9464
current_data: 1.0946, 6166857, 4.1809, 3231.2685
current_data: 0.4163, 21058552, 78.0351, 18429.4805
current_data: 2.5477, 29052, 0.0002, 0.0000
current_data: 2.2014, 214523, 26.4858, 60284.0949
current_data: 2.2906, 2092640, 10.0148, 13810.7040
current_data: 1.1096, 6202924, 4.2083, 3299.3939
current_data: 0.4273, 21559582, 78.0225, 19063.2341
current_data: 2.5479, 29159, 0.0002, 0.0000
current_data: 2.3521, 214807, 30.1947, 55827.1944
current_data: 2.2900, 2284191, 10.4251, 13770.7038
current_data: 1.1223, 6316241, 4.1805, 3322.5190
current_data: 0.4345, 19878958, 75.9409, 18870.7330
current_data: 2.5478, 28743, 0.0002, 0.0000
current_data: 2.4555, 198922, 31.9695, 54094.0595
current_data: 2.3085, 2242769, 10.4356, 13965.0799
current_data: 1.1198, 6244239, 4.2159, 3403.1445
current_data: 0.4333, 21840747, 78.0479, 19235.7351
current_data: 2.5469, 29028, 0.0002, 0.0000
current_data: 2.4534, 200348, 31.9678, 53883.4333
current_data: 2.3975, 2343461, 9.2425, 12700.0727
current_data: 1.1192, 6239793, 4.1848, 3453.1448
current_data: 0.4331, 21906165, 78.0423, 19188.2348
current_data: 2.5482, 28516, 0.0002, 0.0000
current_data: 2.4590, 197579, 31.9680, 54212.8102
current_data: 2.3965, 2286942, 9.2106, 12708.1977
current_data: 1.1231, 6262739, 4.0893, 3293.1438
current_data: 0.4331, 21809804, 78.0590, 19185.7348
current_data: 2.5476, 28896, 0.0002, 0.0000
current_data: 2.4535, 190822, 31.9712, 53942.1837
current_data: 2.2858, 2266518, 10.5034, 13821.9541
current_data: 1.1142, 6131251, 4.2399, 3376.2693
current_data: 0.4324, 21870423, 78.0556, 19311.3605
current_data: 2.5463, 40323, 0.0006, 0.0000
current_data: 2.4549, 225208, 31.9667, 54050.3093
current_data: 2.2642, 2208391, 10.5541, 13822.5791
current_data: 1.1194, 6205545, 4.1718, 3396.8944
current_data: 0.4337, 21891203, 77.9927, 19200.1099
current_data: 2.5476, 30242, 0.0003, 0.0000
current_data: 2.4609, 208191, 31.9668, 54112.1846
current_data: 2.3349, 2355987, 9.6671, 12600.0721
current_data: 1.1225, 6271595, 4.1691, 3425.6446
current_data: 0.4333, 21902534, 78.0377, 19261.3602
current_data: 2.5478, 28940, 0.0002, 0.0000
current_data: 2.4503, 197987, 31.9682, 54010.3090
current_data: 2.3666, 2291342, 9.2594, 12614.4472
current_data: 1.1210, 6256394, 4.1849, 3306.8939
current_data: 0.4339, 21913583, 78.0895, 19376.9859
current_data: 2.5477, 29372, 0.0002, 0.0000
current_data: 2.2759, 195719, 31.0798, 50075.2865
current_data: 2.3316, 2142230, 9.6679, 13720.0785
current_data: 1.1236, 6292203, 4.1965, 3352.5192
current_data: 0.4360, 21981424, 78.0243, 19270.7353
current_data: 2.5469, 29720, 0.0002, 0.0000
current_data: 2.5469, 204701, 24.9764, 45555.2607
current_data: 2.2848, 2247408, 10.4683, 13795.7039
current_data: 1.1246, 6306832, 4.1759, 3328.7690
current_data: 0.4364, 22065987, 78.0587, 19298.8604
current_data: 2.5470, 31297, 0.0004, 0.0000
current_data: 2.5208, 209381, 24.9775, 45245.2589
current_data: 2.2901, 2227162, 10.4983, 13990.0801
current_data: 1.1151, 6152009, 4.3218, 3535.0202
current_data: 0.4360, 22025370, 78.0590, 19310.1105
current_data: 2.5469, 32826, 0.0004, 0.0000
current_data: 2.5518, 218834, 24.9732, 45712.7616
current_data: 2.3780, 2281630, 9.2346, 12648.1974
current_data: 1.1218, 6262652, 4.2838, 3483.7699
current_data: 0.4358, 21991821, 78.0193, 19260.1102
current_data: 2.5475, 29051, 0.0003, 0.0000
current_data: 2.5565, 206876, 24.9722, 45726.5116
current_data: 2.3734, 2261309, 9.2121, 12588.8220
current_data: 1.1242, 6305250, 4.1913, 3428.7696
current_data: 0.4391, 20325959, 76.0479, 19142.6095
current_data: 2.5471, 29875, 0.0002, 0.0000
current_data: 2.5248, 212333, 24.9713, 45278.3841
current_data: 2.2801, 2265112, 10.4656, 13827.5791
current_data: 1.1216, 6227528, 4.1596, 3451.8948
current_data: 0.4360, 22006645, 78.0461, 19316.3605
current_data: 2.5470, 32889, 0.0003, 0.0000
current_data: 2.5416, 218630, 24.9739, 45485.2603
current_data: 2.2901, 2229162, 10.4442, 13811.9540
current_data: 1.1148, 6145207, 4.2908, 3412.5195
current_data: 0.4364, 22046832, 78.0146, 19361.3608
current_data: 2.5465, 32642, 0.0004, 0.0000
current_data: 2.5460, 218313, 24.9728, 45592.1359
current_data: 2.3785, 2281534, 9.2307, 12658.8224
current_data: 1.1267, 6285854, 4.1466, 3390.0194
current_data: 0.4368, 22007378, 78.0403, 19282.6103
current_data: 2.5477, 29041, 0.0003, 0.0000
current_data: 2.5063, 198345, 24.9611, 44889.6319
current_data: 2.3824, 2357498, 9.1992, 12591.3220
current_data: 1.1233, 6304232, 4.1391, 3388.1444
current_data: 0.4329, 21880371, 78.0607, 19330.1106
current_data: 2.5481, 28659, 0.0002, 0.0000
current_data: 2.4522, 226160, 31.9888, 54129.6847
current_data: 2.2835, 2201256, 10.4503, 13755.0787
current_data: 1.1199, 6255323, 4.1239, 3311.2689
current_data: 0.4333, 21861695, 78.0212, 19258.8602
current_data: 2.5468, 28762, 0.0002, 0.0000
current_data: 2.4512, 209708, 31.9656, 53882.8083
current_data: 2.2813, 2244654, 10.4703, 13794.4539
current_data: 1.1184, 6255447, 4.1989, 3382.5194
current_data: 0.4338, 21952372, 78.0236, 19246.9851
current_data: 2.5479, 29958, 0.0002, 0.0000
current_data: 2.4577, 211640, 31.9633, 54141.5598
current_data: 2.3200, 2419918, 9.9934, 12686.3226
current_data: 1.1219, 6263064, 4.1853, 3286.2688
current_data: 0.4337, 21918691, 78.0421, 19319.4855
current_data: 2.5475, 29889, 0.0003, 0.0000
current_data: 2.4570, 204300, 31.9642, 54113.4346
current_data: 2.3717, 2351247, 9.1891, 12544.4468
current_data: 1.1149, 6198809, 4.2865, 3336.2691
current_data: 0.4330, 21812512, 78.0695, 19186.3598
current_data: 2.5462, 36284, 0.0005, 0.6250
current_data: 2.4530, 219355, 31.9665, 53940.3086
current_data: 2.3464, 2140705, 9.3734, 13379.4516
current_data: 1.1196, 6258523, 4.2165, 3421.2696
current_data: 0.4336, 21943448, 78.0365, 19274.4853
current_data: 2.5477, 29435, 0.0002, 0.0000
current_data: 2.4578, 209525, 31.9673, 54201.5601
current_data: 2.2780, 2249758, 10.4886, 13745.0786
current_data: 1.1197, 6278507, 4.2797, 3477.5199
current_data: 0.4338, 21924193, 78.0451, 19153.8596
current_data: 2.5477, 31141, 0.0004, 0.0000
current_data: 2.4562, 216496, 31.9645, 54168.4350
current_data: 2.2852, 2268127, 10.4490, 13873.2044
current_data: 1.1088, 5990291, 4.2948, 3476.8949
current_data: 0.4334, 21888460, 78.0454, 19168.8597
current_data: 2.5474, 33490, 0.0004, 0.0000
current_data: 2.4530, 230218, 31.9627, 54011.5591
current_data: 2.3692, 2209201, 9.2517, 12635.6973
current_data: 1.1238, 6266989, 4.1921, 3433.1446
current_data: 0.4377, 22091101, 78.0237, 19413.8611
current_data: 2.5470, 30054, 0.0003, 0.0000
current_data: 2.0925, 240074, 34.4019, 47255.2704
current_data: 2.3814, 2303994, 9.2500, 12609.4472
current_data: 1.1283, 6343001, 4.2373, 3451.8948
current_data: 0.4432, 20363083, 76.1148, 19280.7353
current_data: 2.5475, 29472, 0.0003, 0.0000
current_data: 2.1735, 225835, 34.2640, 46119.6389
current_data: 2.2981, 2206334, 10.4239, 13865.7043
current_data: 1.1320, 6269677, 4.2000, 3454.3948
current_data: 0.4403, 22209213, 78.0562, 19612.6122
current_data: 2.5479, 29394, 0.0003, 0.0000
current_data: 2.1730, 217985, 34.2677, 45969.0130
current_data: 2.3015, 2232581, 10.4192, 13800.0790
current_data: 1.1261, 6291247, 4.1926, 3394.3944
current_data: 0.4379, 22151187, 78.0294, 19420.7361
current_data: 2.5466, 29892, 0.0003, 0.0000
current_data: 2.2638, 4188263, 28.4220, 44840.8816
current_data: 2.3895, 2296205, 9.1542, 12655.0724
current_data: 1.1001, 6146655, 4.1740, 3351.8942
current_data: 0.4202, 21216960, 78.0487, 18623.8566
current_data: 2.5477, 30076, 0.0004, 0.6250
current_data: 1.7673, 367078, 34.6997, 58142.8327
current_data: 2.3423, 2251451, 9.2557, 12476.9464
current_data: 1.1241, 6309893, 4.1312, 3437.5197
current_data: 0.4336, 21874910, 78.0330, 19410.7361
current_data: 2.5473, 28743, 0.0003, 0.0000
current_data: 2.7416, 259660, 25.4036, 50088.4116
current_data: 2.2885, 2266865, 10.4482, 13755.0787
current_data: 1.1153, 6210926, 4.1152, 3367.5193
current_data: 0.4274, 21601085, 78.0234, 18958.8585
current_data: 2.5471, 30125, 0.0002, 0.0000
current_data: 2.4671, 240093, 25.6900, 53332.8052
current_data: 2.2739, 2174517, 10.4612, 13767.5788
current_data: 1.0986, 6128313, 4.1591, 3385.6444
current_data: 0.4169, 21017453, 78.0293, 18442.6055
current_data: 2.5471, 30661, 0.0003, 0.0000
current_data: 2.2042, 204484, 26.4864, 60139.7191
current_data: 2.3341, 2186875, 9.2070, 12348.8207
current_data: 1.0967, 6164646, 4.1596, 3387.5194
current_data: 0.4165, 21038178, 78.0548, 18655.7317
current_data: 2.5470, 29399, 0.0002, 0.0000
current_data: 2.2054, 216784, 26.4852, 60289.0950
current_data: 2.3221, 2315369, 9.2374, 12346.9456
current_data: 1.1062, 6220256, 4.2845, 3343.1441
current_data: 0.4269, 21535577, 78.0437, 18925.1083
current_data: 2.5466, 31016, 0.0003, 0.0000
current_data: 2.3476, 220970, 30.1228, 55835.9445
current_data: 2.2597, 2257940, 10.4746, 13642.5781
current_data: 1.1224, 6238654, 4.2023, 3458.7698
current_data: 0.4336, 21896985, 78.0586, 19247.6101
current_data: 2.5472, 29268, 0.0002, 0.0000
current_data: 2.4556, 199366, 31.9694, 54112.1846
current_data: 2.2787, 2223304, 10.4788, 13800.0790
current_data: 1.1172, 6215350, 4.2049, 3349.3942
current_data: 0.4334, 21826804, 78.0910, 19227.6100
current_data: 2.5468, 31729, 0.0003, 0.0000
current_data: 2.4527, 203624, 31.9674, 53887.8083
current_data: 2.3796, 2236061, 9.2307, 12641.9473
current_data: 1.1127, 6119567, 4.2418, 3460.0198
current_data: 0.4329, 21852857, 78.0357, 19031.3589
current_data: 2.5453, 42625, 0.0007, 0.0000
current_data: 2.4554, 237732, 31.9620, 53982.8089
current_data: 2.3714, 2376815, 9.2191, 12583.1970
current_data: 1.1213, 6261198, 4.2018, 3443.7697
current_data: 0.4353, 20043646, 75.9488, 18941.3584
current_data: 2.5469, 32011, 0.0003, 0.0000
current_data: 2.4528, 205483, 31.9656, 54065.3094
current_data: 2.2832, 2191209, 10.4843, 13816.9541
current_data: 1.1195, 6216891, 4.1510, 3305.0189
current_data: 0.4332, 21872043, 78.0727, 19291.3604
current_data: 2.5479, 30292, 0.0003, 0.0000
current_data: 2.4563, 201657, 31.9670, 54050.9343
current_data: 2.2900, 2244601, 10.4473, 13786.9539
current_data: 1.1184, 6209949, 4.1788, 3340.6441
current_data: 0.4336, 21873047, 78.0333, 19226.9850
current_data: 2.5470, 33845, 0.0004, 0.0000
current_data: 2.4609, 210506, 31.9664, 54128.4347
current_data: 2.3786, 2222414, 9.2199, 12604.4471
current_data: 1.1156, 6177759, 4.2795, 3433.7696
current_data: 0.4332, 21863295, 78.0379, 19169.4847
current_data: 2.5456, 33698, 0.0003, 0.0000
current_data: 2.4493, 212067, 31.9652, 53915.3085
current_data: 2.3637, 2307541, 9.1897, 12526.3217
current_data: 1.1223, 6266252, 4.1035, 3252.5186
current_data: 0.4341, 21918848, 78.0488, 19310.1105
current_data: 2.5464, 29226, 0.0002, 0.0000
current_data: 2.2713, 205092, 31.2107, 50097.7867
current_data: 2.2880, 2236409, 10.4454, 13828.8291
current_data: 1.1214, 6221192, 4.2501, 3410.0195
current_data: 0.4359, 21984367, 78.0285, 19388.8609
current_data: 2.5473, 29574, 0.0003, 0.0000
current_data: 2.5480, 213818, 24.9753, 45583.3858
current_data: 2.2960, 2232359, 10.4425, 13816.9541
current_data: 1.1248, 6280121, 4.1941, 3362.5192
current_data: 0.4366, 22037949, 78.0495, 19408.2361
current_data: 2.5472, 30750, 0.0003, 0.0000
current_data: 2.5201, 210322, 24.9774, 45105.8831
current_data: 2.3791, 2365864, 9.2303, 12625.6972
current_data: 1.1247, 6255307, 4.1177, 3313.1440
current_data: 0.4365, 21987199, 78.0521, 19401.3610
current_data: 2.5478, 30664, 0.0003, 0.0000
current_data: 2.5514, 211513, 24.9753, 45567.1357
current_data: 2.3922, 2258659, 9.1956, 12656.9474
current_data: 1.1164, 6179471, 4.3001, 3440.6447
current_data: 0.4359, 21980321, 78.0425, 19418.2361
current_data: 2.5470, 32641, 0.0003, 0.0000
current_data: 2.5402, 217677, 24.9719, 45474.0102
current_data: 2.3168, 2117310, 10.1295, 13871.3294
current_data: 1.1230, 6306955, 4.1870, 3309.3939
current_data: 0.4362, 22031465, 78.0234, 19307.6105
current_data: 2.5471, 29627, 0.0002, 0.0000
current_data: 2.5231, 214549, 24.9735, 45196.5086
current_data: 2.3019, 2241263, 10.4194, 13818.2041
current_data: 1.1257, 6289091, 4.1040, 3355.6442
current_data: 0.4366, 22015183, 78.0443, 19315.7355
current_data: 2.5478, 28706, 0.0002, 0.0000
current_data: 2.5442, 212752, 24.9764, 45541.5106
current_data: 2.3110, 2208445, 10.4281, 13464.4520
current_data: 1.1245, 6254496, 4.1352, 3386.8944
current_data: 0.4365, 22007669, 78.0358, 19226.3600
current_data: 2.5481, 30830, 0.0003, 0.0000
current_data: 2.5488, 219984, 24.9734, 45603.3859
current_data: 2.3905, 2336036, 9.1924, 12661.9475
current_data: 1.1184, 6206356, 4.2134, 3379.3943
current_data: 0.4360, 22040857, 78.0123, 19325.7356
current_data: 2.5474, 32307, 0.0003, 0.0000
current_data: 2.5266, 220475, 24.9737, 45250.8839
current_data: 2.3663, 2298071, 9.2065, 12514.4466
current_data: 1.1177, 6191887, 4.1491, 3366.2693
current_data: 0.4352, 20075842, 75.9216, 18964.4835
current_data: 2.5477, 29793, 0.0002, 0.0000
current_data: 2.3920, 252198, 32.3950, 53799.6828
current_data: 2.2928, 2229891, 10.4534, 13850.0793
current_data: 1.1223, 6269699, 4.1605, 3406.2695
current_data: 0.4339, 21912087, 78.0128, 19281.9853
current_data: 2.5474, 28463, 0.0002, 0.0000
current_data: 2.4487, 214499, 31.9671, 53919.0585
current_data: 2.2916, 2291401, 10.4000, 13796.9539
current_data: 1.1186, 6247133, 4.1999, 3390.6444
current_data: 0.4339, 21882500, 78.0440, 19293.2354
current_data: 2.5466, 30409, 0.0003, 0.0000
current_data: 2.4549, 214689, 31.9665, 53959.0588
current_data: 2.3829, 2263983, 9.2493, 12660.6974
current_data: 1.1175, 6211824, 4.2269, 3381.8944
current_data: 0.4328, 21875829, 78.1237, 19289.4854
current_data: 2.5457, 40771, 0.0006, 1.2500
current_data: 2.4545, 238482, 31.9628, 54107.1846
current_data: 2.3673, 2306008, 9.1960, 12531.3217
current_data: 1.1197, 6224968, 4.1457, 3350.0192
current_data: 0.4333, 21843761, 78.0413, 19311.3605
current_data: 2.5469, 29540, 0.0002, 0.0000
current_data: 2.4527, 210872, 31.9672, 53912.8085
current_data: 2.2892, 2311837, 10.4591, 13780.0789
current_data: 1.1214, 6252642, 4.0723, 3300.0189
current_data: 0.4339, 21903170, 78.0314, 19219.4850
current_data: 2.5469, 28490, 0.0003, 0.0000
current_data: 2.4564, 213267, 31.9669, 53938.4336
current_data: 2.2961, 2147534, 10.4382, 13819.4541
current_data: 1.1207, 6237670, 4.1645, 3296.2689
current_data: 0.4338, 21896310, 78.0411, 19268.2353
current_data: 2.5474, 31200, 0.0003, 0.0000
current_data: 2.4571, 209534, 31.9680, 54094.0595
current_data: 2.3868, 2314228, 9.1939, 12676.3225
current_data: 1.1211, 6269123, 4.1555, 3371.2693
current_data: 0.4334, 21900574, 78.0483, 19223.2350
current_data: 2.5473, 29024, 0.0002, 0.0000
current_data: 2.4526, 209542, 31.9681, 54047.1843
current_data: 2.3824, 2307422, 9.1462, 12538.1967
current_data: 1.1251, 6278825, 4.2200, 3434.3947
current_data: 0.4373, 22043043, 78.0250, 19370.7358
current_data: 2.5477, 29760, 0.0003, 0.0000
current_data: 2.1056, 243369, 34.2746, 47628.3975
current_data: 2.2997, 2238235, 10.4483, 13850.0793
current_data: 1.1308, 6325451, 4.1818, 3269.3937
current_data: 0.4401, 22207128, 78.0680, 19518.8617
current_data: 2.5477, 28457, 0.0002, 0.0000
current_data: 2.1729, 224727, 34.2676, 46017.7633
current_data: 2.3089, 2228923, 10.4108, 13851.3293
current_data: 1.1285, 6322902, 4.2410, 3501.8950
current_data: 0.4407, 22213378, 78.0436, 19472.6114
current_data: 2.5472, 29796, 0.0003, 0.0000
current_data: 2.1732, 221254, 34.2676, 45994.6382
current_data: 2.3881, 2390535, 9.2586, 12708.1977
current_data: 1.1248, 6271734, 4.2179, 3325.0190
current_data: 0.4381, 22091390, 78.0281, 19323.2356
current_data: 2.5468, 32276, 0.0004, 0.0000
current_data: 2.2047, 3083834, 29.8179, 45010.8826
current_data: 2.3958, 2313938, 9.1938, 12703.1977
current_data: 1.0922, 6082802, 4.3111, 3426.8946
current_data: 0.4211, 19208762, 75.8741, 18303.8547
current_data: 2.5467, 34086, 0.0004, 0.0000
current_data: 1.6428, 548072, 36.5550, 57966.5817
current_data: 2.2846, 2109316, 9.9220, 13659.4532
current_data: 1.1163, 6183621, 4.2477, 3418.7696
current_data: 0.4333, 21889570, 78.0411, 19270.1103
current_data: 2.5475, 30372, 0.0003, 0.0000
current_data: 2.7437, 268629, 25.4353, 50273.4127
current_data: 2.2961, 2240120, 10.4251, 13868.2044
current_data: 1.1144, 6210079, 4.2353, 3438.7697
current_data: 0.4287, 21703892, 78.0409, 19054.4840
current_data: 2.5479, 30128, 0.0003, 0.0000
current_data: 2.4950, 249960, 25.6062, 52942.8029
current_data: 2.3425, 2345410, 9.5171, 12625.6972
current_data: 1.0969, 6151045, 4.2252, 3308.7689
current_data: 0.4169, 21073625, 78.0516, 18470.1057
current_data: 2.5470, 28745, 0.0003, 0.0000
current_data: 2.2034, 211352, 26.4868, 60332.8452
current_data: 2.3363, 2337444, 9.2011, 12448.1962
current_data: 1.0996, 6152840, 4.1782, 3320.6440
current_data: 0.4160, 21010252, 78.0491, 18517.6060
current_data: 2.5481, 28725, 0.0003, 0.0000
current_data: 2.1994, 213901, 26.4875, 60163.4693
current_data: 2.2425, 2182135, 10.5425, 13675.0782
current_data: 1.1125, 6227753, 4.1650, 3437.5197
current_data: 0.4263, 21542521, 78.0456, 19010.7338
current_data: 2.5472, 28610, 0.0002, 0.0000
current_data: 2.3368, 221260, 29.9077, 56158.4463
current_data: 2.2793, 2165547, 10.4326, 13728.8286
current_data: 1.1228, 6249217, 4.1845, 3519.3951
current_data: 0.4337, 21862091, 78.0221, 19186.9848
current_data: 2.5465, 32322, 0.0005, 0.6250
current_data: 2.4568, 207521, 31.9696, 53981.5589
current_data: 2.3859, 2298933, 9.1371, 12546.3218
current_data: 1.1193, 6259612, 4.2366, 3360.6442
current_data: 0.4335, 21878127, 78.0727, 19301.3604
current_data: 2.5464, 38846, 0.0006, 0.0000
current_data: 2.4507, 218410, 31.9677, 53883.4333
current_data: 2.3769, 2342712, 9.2301, 12620.0722
current_data: 1.1206, 6269732, 4.1674, 3441.8947
current_data: 0.4336, 21853142, 78.0342, 19251.9852
current_data: 2.5476, 29630, 0.0003, 0.0000
current_data: 2.4558, 203735, 31.9656, 53957.1837
current_data: 2.2921, 2237446, 10.4823, 13839.4542
current_data: 1.1224, 6306037, 4.2188, 3398.1444
current_data: 0.4336, 21944254, 78.0308, 19216.3600
current_data: 2.5481, 30719, 0.0003, 0.0000
current_data: 2.4521, 204564, 31.9677, 54109.0596
current_data: 2.2977, 2312103, 10.4016, 13803.2040
current_data: 1.1175, 6222300, 4.2393, 3484.3949
current_data: 0.4340, 21883608, 78.0319, 19265.1102
current_data: 2.5474, 32546, 0.0004, 0.0000
current_data: 2.4586, 213660, 31.9675, 54085.9345
current_data: 2.3925, 2254359, 9.1956, 12684.4476
current_data: 1.1195, 6251829, 4.1624, 3353.1442
current_data: 0.4341, 21930700, 78.0465, 19165.7347
current_data: 2.5476, 29788, 0.0002, 0.0000
current_data: 2.4616, 197624, 31.9682, 54205.3102
current_data: 2.3925, 2292560, 9.2073, 12703.8227
current_data: 1.1164, 6191543, 4.3017, 3434.3947
current_data: 0.4330, 21822242, 78.0346, 19114.4844
current_data: 2.5467, 32112, 0.0003, 0.0000
current_data: 2.4465, 209977, 31.9670, 53780.3077
current_data: 2.3064, 2122282, 10.3897, 13809.4540
current_data: 1.1155, 6141683, 4.2604, 3398.7694
current_data: 0.4354, 20003178, 75.8883, 18938.8584
current_data: 2.5476, 32380, 0.0003, 0.0000
current_data: 2.2543, 228988, 31.5596, 50137.1619
current_data: 2.3082, 2249541, 10.3838, 13871.9544
current_data: 1.1259, 6284676, 4.0701, 3305.6439
current_data: 0.4367, 22061832, 78.0553, 19385.7359
current_data: 2.5471, 30793, 0.0003, 0.0000
current_data: 2.5434, 229672, 24.9721, 45600.2609
current_data: 2.3390, 2416735, 10.1241, 12934.4490
current_data: 1.1247, 6291082, 4.1552, 3418.7696
current_data: 0.4371, 22029059, 78.0470, 19365.1108
current_data: 2.5470, 28559, 0.0002, 0.0000
current_data: 2.5189, 222444, 24.9758, 45030.8827
current_data: 2.4014, 2319073, 9.1693, 12676.9475
current_data: 1.1250, 6252061, 4.0832, 3303.1439
current_data: 0.4362, 21994583, 78.0810, 19305.1105
current_data: 2.5486, 28756, 0.0002, 0.0000
current_data: 2.5475, 217409, 24.9747, 45565.2607
current_data: 2.3886, 2317922, 9.1722, 13216.3256
current_data: 1.1245, 6276457, 4.2146, 3308.7689
current_data: 0.4361, 21974618, 78.0692, 19391.3610
current_data: 2.5476, 29274, 0.0002, 0.0000
current_data: 2.5426, 216705, 24.9741, 45485.2603
current_data: 2.3117, 2254388, 10.4101, 13878.2044
current_data: 1.1254, 6278251, 4.1819, 3371.8943
current_data: 0.4369, 22013004, 78.0335, 19370.1108
current_data: 2.5473, 28974, 0.0002, 0.0000
current_data: 2.5208, 216853, 24.9745, 45124.0082
current_data: 2.3149, 2286827, 10.3594, 13915.0796
current_data: 1.1253, 6291610, 4.1636, 3464.3948
current_data: 0.4369, 22082563, 78.0479, 19322.6106
current_data: 2.5469, 29895, 0.0002, 0.0000
current_data: 2.5447, 220206, 24.9780, 45674.6364
current_data: 2.4077, 2299834, 9.1603, 12732.5729
current_data: 1.1222, 6227786, 4.2242, 3355.0192
current_data: 0.4364, 21994536, 78.0267, 19405.7360
current_data: 2.5479, 30024, 0.0003, 0.0000
current_data: 2.5439, 218499, 24.9753, 45502.1354
current_data: 2.4041, 2286435, 9.1897, 12725.6978
current_data: 1.1267, 6265635, 4.1951, 3463.7698
current_data: 0.4364, 22038603, 78.0405, 19385.7359
current_data: 2.5480, 29439, 0.0002, 0.0000
current_data: 2.5231, 212728, 24.9733, 45189.6336
current_data: 2.3138, 2226944, 10.3788, 13860.0793
current_data: 1.1206, 6270388, 4.0995, 3293.1438
current_data: 0.4339, 21851524, 78.0548, 19148.8596
current_data: 2.5474, 29090, 0.0002, 0.0000
current_data: 2.2990, 244408, 32.8656, 52451.5501
current_data: 2.3058, 2296395, 10.3769, 13764.4538
current_data: 1.1134, 6154407, 4.2514, 3396.2694
current_data: 0.4335, 21852604, 78.0771, 19200.7349
current_data: 2.5456, 39704, 0.0006, 0.0000
current_data: 2.4490, 236136, 31.9663, 53878.4333
current_data: 2.3931, 2256322, 9.2075, 12718.1978
current_data: 1.1207, 6240965, 4.1550, 3293.1438
current_data: 0.4340, 21884800, 78.0422, 19110.7344
current_data: 2.5473, 31980, 0.0004, 0.0000
current_data: 2.4534, 227994, 31.9622, 53960.9338
current_data: 2.3954, 2347404, 9.1519, 12601.9471
current_data: 1.1182, 6269940, 4.1777, 3354.3942
current_data: 0.4336, 19894548, 75.7057, 18835.1078
current_data: 2.5460, 33688, 0.0003, 0.0000
current_data: 2.4523, 224579, 31.9644, 54053.4343
current_data: 2.3016, 2197102, 10.4169, 13877.5794
current_data: 1.1141, 5903103, 4.2196, 3258.1436
current_data: 0.4335, 21954471, 78.0493, 19346.9857
current_data: 2.5473, 33224, 0.0003, 0.0000
current_data: 2.4501, 229273, 31.9655, 54119.6847
current_data: 2.2967, 2231824, 10.4313, 13869.4544
current_data: 1.1182, 6275011, 4.1985, 3315.0190
current_data: 0.4342, 21962345, 78.0235, 19291.3604
current_data: 2.5480, 29914, 0.0003, 0.0000
current_data: 2.4571, 228503, 31.9646, 54166.5599
current_data: 2.3554, 2342304, 9.7137, 12594.4471
current_data: 1.1194, 6253150, 4.1953, 3401.2695
current_data: 0.4341, 21945230, 78.0375, 19247.6101
current_data: 2.5476, 30775, 0.0002, 0.0000
current_data: 2.4556, 220766, 31.9659, 54159.6849
current_data: 2.3928, 2266062, 9.1942, 12696.3226
current_data: 1.1176, 6201680, 4.2043, 3302.5189
current_data: 0.4332, 21848708, 78.0547, 19183.8598
current_data: 2.5473, 30522, 0.0002, 0.0000
current_data: 2.4477, 214984, 31.9653, 53825.9330
current_data: 2.3462, 2103492, 9.5713, 13629.4530
current_data: 1.1236, 6284987, 4.1418, 3424.3946
current_data: 0.4371, 22053713, 78.0641, 19423.2361
current_data: 2.5466, 30658, 0.0002, 0.0000
current_data: 2.1255, 237633, 34.1598, 48260.9012
current_data: 2.3078, 2240806, 10.3934, 13863.2043
current_data: 1.1323, 6307342, 4.1462, 3384.3944
current_data: 0.4410, 22251104, 78.0020, 19504.4866
current_data: 2.5472, 29974, 0.0003, 0.0000
current_data: 2.1746, 220060, 34.2681, 46012.1383
current_data: 2.3308, 2188101, 10.3806, 13223.2007
current_data: 1.1318, 6317657, 4.1539, 3455.6448
current_data: 0.4409, 22282072, 78.0356, 19635.7374
current_data: 2.5473, 32002, 0.0003, 0.0000
current_data: 2.1732, 229023, 34.2662, 46097.7638
current_data: 2.4036, 2239138, 9.1639, 12730.6978
current_data: 1.1278, 6311515, 4.1064, 3268.1437
current_data: 0.4383, 22115588, 78.0451, 19501.3616
current_data: 2.5476, 30213, 0.0003, 0.0000
current_data: 2.1403, 2074288, 31.0870, 45091.5080
current_data: 2.3914, 2300534, 9.1731, 12950.0741
current_data: 1.1004, 6162419, 4.1345, 3298.1439
current_data: 0.4201, 21256738, 78.0338, 18666.3568
current_data: 2.5468, 30068, 0.0002, 0.0000
current_data: 1.6820, 1507129, 35.2466, 57745.3304
current_data: 2.2366, 2215161, 10.4996, 13565.7026
current_data: 1.1235, 6304887, 4.1835, 3330.0191
current_data: 0.4342, 21897871, 78.0426, 19184.4848
current_data: 2.5488, 30033, 0.0002, 0.0000
current_data: 2.7517, 268486, 25.4563, 50343.4131
current_data: 2.3490, 2387759, 9.4184, 12559.4469
current_data: 1.1145, 6210947, 4.1293, 3334.3941
current_data: 0.4298, 21579068, 78.0356, 18927.6083
current_data: 2.5477, 29707, 0.0002, 0.0000
current_data: 2.5252, 253275, 25.5285, 52167.7985
current_data: 2.3491, 2320949, 9.2009, 12436.9462
current_data: 1.0923, 6089499, 4.1883, 3270.6437
current_data: 0.4163, 21060994, 78.0605, 18488.2308
current_data: 2.5468, 31173, 0.0003, 0.0000
current_data: 2.1990, 201561, 26.4903, 60280.3449
current_data: 2.2272, 2187524, 10.5159, 13590.7028
current_data: 1.0913, 6089130, 4.1865, 3261.2687
current_data: 0.4175, 18913350, 75.6997, 18078.2284
current_data: 2.5469, 32725, 0.0003, 0.0000
current_data: 2.2031, 218220, 26.4854, 60250.3448
current_data: 2.2573, 2287182, 10.2968, 12746.3229
current_data: 1.1009, 6099728, 4.2324, 3366.8943
current_data: 0.4254, 21506869, 78.0393, 18943.2334
current_data: 2.5467, 36394, 0.0005, 0.0000
current_data: 2.3246, 240333, 29.6230, 56531.5735
current_data: 2.3468, 2254874, 9.1979, 12436.3212
current_data: 1.1202, 5957851, 4.1601, 3195.6433
current_data: 0.4337, 21554340, 78.0022, 18950.1084
current_data: 2.5454, 34048, 0.0004, 0.0000
current_data: 2.4551, 206204, 31.9666, 53305.9300
current_data: 2.2784, 2222898, 10.4066, 13596.3278
current_data: 1.1211, 6220551, 4.1326, 3214.3934
current_data: 0.4340, 21784935, 78.0623, 19145.1095
current_data: 2.5469, 30490, 0.0003, 0.0000
current_data: 2.4508, 197896, 31.9675, 53712.8073
current_data: 2.2753, 2124942, 10.4364, 13679.4533
current_data: 1.1115, 6072741, 4.2557, 3376.8943
current_data: 0.4338, 21767906, 78.0620, 19150.7346
current_data: 2.5463, 33241, 0.0004, 0.0000
current_data: 2.4577, 208728, 31.9676, 53763.4326
current_data: 2.3660, 2268752, 9.2401, 12497.5715
current_data: 1.1187, 6238802, 4.1923, 3280.0188
current_data: 0.4335, 21797132, 78.0456, 19241.3601
current_data: 2.5476, 30097, 0.0002, 0.0000
current_data: 2.4543, 195042, 31.9680, 53942.1837
current_data: 2.3245, 2182656, 9.6040, 13520.0774
current_data: 1.1189, 6279278, 4.2540, 3358.1442
current_data: 0.4338, 21961244, 78.0089, 19239.4851
current_data: 2.5475, 29490, 0.0002, 0.0000
current_data: 2.4578, 197522, 31.9695, 54211.5602
current_data: 2.2739, 2225697, 10.4714, 13761.3287
current_data: 1.1186, 6234904, 4.2438, 3454.3948
current_data: 0.4341, 21895880, 78.0327, 19315.7355
current_data: 2.5471, 29283, 0.0002, 0.0000
current_data: 2.4613, 203873, 31.9674, 54119.0597
current_data: 2.3743, 2203497, 9.1826, 12554.4468
current_data: 1.1196, 6234782, 4.1756, 3273.1437
current_data: 0.4338, 21848522, 78.0380, 19197.6098
current_data: 2.5475, 30661, 0.0003, 0.0000
current_data: 2.4507, 199045, 31.9661, 53837.8081
current_data: 2.3721, 2296305, 9.1358, 12467.5713
current_data: 1.1189, 5981465, 4.1536, 3251.2686
current_data: 0.4343, 21925510, 78.0429, 19237.6101
current_data: 2.5464, 30739, 0.0003, 0.0000
current_data: 2.2592, 202093, 32.2803, 51156.5427
current_data: 2.2811, 2215688, 10.4552, 13736.9536
current_data: 1.1237, 6301991, 4.2042, 3373.7693
current_data: 0.4371, 22014571, 78.0500, 19431.3612
current_data: 2.5477, 30129, 0.0003, 0.0000
current_data: 2.5418, 209896, 24.9765, 45441.5100
current_data: 2.2901, 2157816, 10.4592, 13644.4531
current_data: 1.1245, 6301517, 4.1790, 3321.2690
current_data: 0.4372, 22016627, 78.0515, 19239.4851
current_data: 2.5476, 28531, 0.0002, 0.0000
current_data: 2.5233, 209849, 24.9777, 45097.7581
current_data: 2.3818, 2339776, 9.1780, 12542.5718
current_data: 1.1239, 6286857, 4.1523, 3378.7693
current_data: 0.4342, 21790995, 77.9519, 19321.3606
current_data: 2.5471, 32112, 0.0003, 0.0000
current_data: 2.5481, 219762, 24.9745, 45582.7608
current_data: 2.3596, 2233750, 9.1741, 13167.5753
current_data: 1.1195, 6263828, 4.2237, 3429.3946
current_data: 0.4439, 21432341, 76.9638, 19846.3636
current_data: 2.5479, 32115, 0.0003, 0.0000
current_data: 2.5384, 218213, 24.9729, 45413.3849
current_data: 2.2836, 2262446, 10.4342, 13728.2036
current_data: 1.1198, 6203340, 4.2157, 3388.1444
current_data: 0.4368, 22091618, 78.0128, 19463.2364
current_data: 2.5476, 32778, 0.0003, 0.0000
current_data: 2.5221, 224373, 24.9747, 45242.1339
current_data: 2.3776, 2274153, 9.1706, 12534.4467
current_data: 1.1239, 6218215, 4.1336, 3338.1441
current_data: 0.4368, 22015663, 78.0342, 19378.8609
current_data: 2.5479, 28784, 0.0002, 0.0000
current_data: 2.5413, 210004, 24.9780, 45464.0101
current_data: 2.3760, 2277968, 9.2367, 12622.5722
current_data: 1.1245, 6265660, 4.1746, 3279.3938
current_data: 0.4363, 21992260, 78.0611, 19350.7357
current_data: 2.5479, 29125, 0.0002, 0.0000
current_data: 2.5463, 213067, 24.9745, 45579.6358
current_data: 2.2823, 2181667, 10.4353, 13765.7038
current_data: 1.1240, 6263754, 4.1774, 3422.5196
current_data: 0.4368, 22032142, 78.0424, 19486.9865
current_data: 2.5477, 30820, 0.0003, 0.0000
current_data: 2.5263, 210038, 24.9737, 45198.3836
current_data: 2.2912, 2214346, 10.4138, 13753.8287
current_data: 1.1188, 6233955, 4.2014, 3351.8942
current_data: 0.4346, 21905668, 78.0386, 19203.8599
current_data: 2.5459, 37097, 0.0005, 1.2500
current_data: 2.2588, 265452, 32.2670, 50985.9167
current_data: 2.3754, 2232491, 9.2236, 12599.4471
current_data: 1.1204, 6296705, 4.1774, 3416.8946
current_data: 0.4335, 21909557, 78.0412, 19270.1103
current_data: 2.5478, 29278, 0.0002, 0.0000
current_data: 2.4543, 221153, 31.9661, 54074.0594
current_data: 2.3729, 2332740, 9.1546, 12446.3212
current_data: 1.1220, 6268864, 4.0869, 3433.7696
current_data: 0.4333, 21840949, 78.0819, 19206.3599
current_data: 2.5472, 29367, 0.0002, 0.0000
current_data: 2.4511, 217751, 31.9638, 53902.1834
current_data: 2.2812, 2227102, 10.4542, 13765.0788
current_data: 1.1214, 6237556, 4.1626, 3361.8942
current_data: 0.4338, 21893162, 78.0488, 19239.4851
current_data: 2.5474, 30293, 0.0003, 0.0000
current_data: 2.4573, 216994, 31.9633, 54239.0604
current_data: 2.3416, 2368955, 9.7329, 12578.1970
current_data: 1.1204, 6282983, 4.1469, 3390.0194
current_data: 0.4340, 21914993, 78.0280, 19132.6095
current_data: 2.5474, 28928, 0.0002, 0.0000
current_data: 2.4553, 211684, 31.9673, 54092.1845
current_data: 2.3809, 2286041, 9.2048, 12600.6971
current_data: 1.1179, 6207710, 4.2305, 3325.6440
current_data: 0.4333, 21823359, 78.0798, 19161.3596
current_data: 2.5469, 29256, 0.0002, 0.0000
current_data: 2.4562, 214937, 31.9660, 53991.5589
current_data: 2.2930, 2075974, 10.3673, 13681.9533
current_data: 1.1216, 6281147, 4.1261, 3321.8940
current_data: 0.4336, 21922254, 78.0344, 19235.1101
current_data: 2.5480, 30607, 0.0002, 0.0000
current_data: 2.4566, 214584, 31.9659, 54140.9348
current_data: 2.2861, 2203053, 10.4285, 13753.2037
current_data: 1.1193, 6249947, 4.1936, 3355.6442
current_data: 0.4340, 19922045, 75.7520, 18900.1081
current_data: 2.5470, 31792, 0.0004, 0.0000
current_data: 2.4494, 212507, 31.9655, 53872.1833
current_data: 2.3754, 2213552, 9.1945, 12573.1969
current_data: 1.1142, 6181104, 4.3596, 3492.5200
current_data: 0.4360, 22068871, 78.0399, 19395.7360
current_data: 2.5477, 33004, 0.0004, 0.0000
current_data: 2.1565, 245366, 33.9311, 49152.7813
current_data: 2.3797, 2348011, 9.1797, 12590.0720
current_data: 1.1217, 6233696, 4.3048, 3603.1456
current_data: 0.4402, 22267066, 78.0080, 19610.1122
current_data: 2.5467, 33800, 0.0004, 0.0000
current_data: 2.1726, 240648, 34.2646, 46072.1386
current_data: 2.2977, 2237919, 10.4175, 13795.7039
current_data: 1.1285, 6303747, 4.2551, 3455.6448
current_data: 0.4408, 22221259, 78.0549, 19461.9864
current_data: 2.5472, 30957, 0.0003, 0.0000
current_data: 2.1743, 222706, 34.2684, 46050.8885
current_data: 2.3016, 2245912, 10.4266, 13662.5782
current_data: 1.1326, 6330999, 4.1209, 3291.8938
current_data: 0.4402, 22193938, 78.0614, 19613.8622
current_data: 2.5483, 29234, 0.0003, 0.0000
current_data: 2.0502, 793762, 33.3652, 44462.1294
current_data: 2.3881, 2369201, 9.1454, 12547.5718
current_data: 1.1012, 6230192, 4.1241, 3196.8933
current_data: 0.4198, 21262843, 78.0618, 18775.7324
current_data: 2.5483, 28736, 0.0002, 0.0000
current_data: 1.7461, 3583151, 32.8245, 56945.9508
current_data: 2.3199, 2213735, 9.1788, 12958.1991
current_data: 1.1163, 6283536, 4.3311, 3505.0201
current_data: 0.4334, 21929879, 78.0400, 19213.8599
current_data: 2.5487, 29963, 0.0003, 0.0000
current_data: 2.7535, 276914, 25.5039, 50594.6645
current_data: 2.2870, 2205388, 10.4293, 13801.3290
current_data: 1.1200, 6258690, 4.1922, 3589.3955
current_data: 0.4312, 21732310, 78.0471, 19203.8599
current_data: 2.5483, 28407, 0.0002, 0.0000
current_data: 2.5660, 250389, 25.4040, 51309.6686
current_data: 2.3692, 2252866, 9.2270, 12619.4472
current_data: 1.0934, 6109514, 4.2069, 3323.7690
current_data: 0.4165, 21034179, 78.0365, 18666.9818
current_data: 2.5481, 31466, 0.0004, 0.6250
current_data: 2.2038, 213042, 26.4872, 60277.8449
current_data: 2.3318, 2196601, 9.2542, 12460.0713
current_data: 1.0919, 6090308, 4.1881, 3243.7686
current_data: 0.4160, 21007429, 78.0735, 18421.3554
current_data: 2.5461, 40419, 0.0006, 0.0000
current_data: 2.1987, 240415, 26.4835, 60110.9690
current_data: 2.2358, 2132862, 10.5026, 13548.2025
current_data: 1.0985, 6044656, 4.2884, 3358.7692
current_data: 0.4241, 21468597, 78.0126, 18803.2326
current_data: 2.5467, 34414, 0.0004, 0.0000
current_data: 2.3040, 254355, 29.1655, 57124.7019
current_data: 2.3526, 2221762, 9.1983, 12468.1963
current_data: 1.1195, 6192785, 4.1568, 3338.7691
current_data: 0.4339, 21864017, 78.0567, 19060.1091
current_data: 2.5480, 28895, 0.0002, 0.0000
current_data: 2.4569, 207838, 31.9686, 54057.1843
current_data: 2.3817, 2215041, 9.2054, 12621.9472
current_data: 1.1196, 6280962, 4.1226, 3295.0189
current_data: 0.4333, 21884443, 78.0552, 19233.8601
current_data: 2.5476, 30444, 0.0003, 0.0000
current_data: 2.4495, 210316, 31.9666, 53977.1839
current_data: 2.2854, 2221201, 10.3650, 13640.0780
current_data: 1.1201, 6243297, 4.1307, 3283.1438
current_data: 0.4345, 19880983, 75.8147, 18828.2327
current_data: 2.5479, 29994, 0.0003, 0.0000
current_data: 2.4566, 212494, 31.9647, 53987.1839
current_data: 2.2904, 2236923, 10.4094, 13848.2042
current_data: 1.1158, 6185342, 4.2758, 3360.6442
current_data: 0.4335, 21902587, 78.0376, 19231.9850
current_data: 2.5466, 31249, 0.0003, 0.0000
current_data: 2.4542, 218625, 31.9660, 54105.3096
current_data: 2.3773, 2234207, 9.2061, 12648.8224
current_data: 1.1111, 6120367, 4.3021, 3367.5193
current_data: 0.4331, 21839555, 78.0174, 19151.3596
current_data: 2.5464, 33730, 0.0004, 0.0000
current_data: 2.4536, 228859, 31.9665, 53882.8083
current_data: 2.3638, 2246767, 9.1679, 13076.9498
current_data: 1.1171, 6186536, 4.1870, 3301.2689
current_data: 0.4331, 21888705, 78.0697, 19298.2354
current_data: 2.5474, 31664, 0.0004, 0.0000
current_data: 2.4579, 214115, 31.9663, 54167.1849
current_data: 2.2901, 2296486, 10.3941, 13753.8287
current_data: 1.1213, 6233681, 4.1744, 3347.5192
current_data: 0.4335, 21858319, 78.0312, 19304.4855
current_data: 2.5468, 30421, 0.0003, 0.6250
current_data: 2.4522, 205539, 31.9672, 53916.5585
current_data: 2.3824, 2290045, 9.1927, 12621.3222
current_data: 1.1201, 6296292, 4.1608, 3328.1440
current_data: 0.4342, 21935941, 78.0374, 19253.8602
current_data: 2.5477, 29877, 0.0003, 0.0000
current_data: 2.2656, 214104, 32.5622, 51782.7963
current_data: 2.3857, 2215490, 9.1354, 12568.1969
current_data: 1.1208, 6164735, 4.1818, 3416.2695
current_data: 0.4360, 21956670, 78.0311, 19255.7352
current_data: 2.5477, 30322, 0.0003, 0.0000
current_data: 2.5380, 221306, 24.9746, 45348.3845
current_data: 2.3010, 2250890, 10.3828, 13834.4542
current_data: 1.1209, 6246745, 4.2748, 3331.2691
current_data: 0.4367, 22065277, 78.0611, 19465.1114
current_data: 2.5475, 30273, 0.0003, 0.0000
current_data: 2.5184, 219930, 24.9761, 45160.2584
current_data: 2.3035, 2193143, 10.3781, 13818.8291
current_data: 1.1238, 6294864, 4.2023, 3365.6443
current_data: 0.4368, 22064825, 78.0173, 19330.1106
current_data: 2.5462, 29295, 0.0002, 0.0000
current_data: 2.5487, 221196, 24.9742, 45633.3861
current_data: 2.3993, 2324062, 9.1519, 12634.4473
current_data: 1.1228, 6249940, 4.1311, 3369.3943
current_data: 0.4362, 22035130, 78.0379, 19286.3604
current_data: 2.5475, 29692, 0.0003, 0.0000
current_data: 2.5445, 216560, 24.9728, 45675.8864
current_data: 2.3964, 2285378, 9.1437, 12585.0720
current_data: 1.1223, 6283403, 4.3292, 3379.3943
current_data: 0.4362, 22010976, 78.0524, 19292.6104
current_data: 2.5482, 29058, 0.0002, 0.0000
current_data: 2.5204, 215202, 24.9745, 45150.2584
current_data: 2.3048, 2243121, 10.3697, 13803.2040
current_data: 1.1245, 6297900, 4.1801, 3315.0190
current_data: 0.4366, 21998391, 78.0530, 19321.9856
current_data: 2.5475, 29940, 0.0003, 0.0000
current_data: 2.5464, 216239, 24.9774, 45539.0106
current_data: 2.3185, 2230475, 10.3741, 13301.9511
current_data: 1.1211, 6290998, 4.1689, 3352.5192
current_data: 0.4374, 20245518, 75.7688, 19082.6092
current_data: 2.5470, 29353, 0.0002, 0.0000
current_data: 2.5419, 218457, 24.9753, 45629.6361
current_data: 2.3935, 2282700, 9.1360, 12627.5723
current_data: 1.1218, 5908438, 4.2227, 3203.1433
current_data: 0.4361, 21734092, 78.0814, 19150.1096
current_data: 2.5457, 38171, 0.0006, 0.0000
current_data: 2.5232, 224956, 24.9702, 44554.0049
current_data: 2.3381, 2168804, 9.7936, 13667.5782
current_data: 1.1201, 6243531, 4.1544, 3323.1440
current_data: 0.4345, 21907507, 78.0119, 19220.1100
current_data: 2.5460, 31654, 0.0003, 0.0000
current_data: 2.2637, 260453, 31.9466, 50578.4144
current_data: 2.2949, 2217871, 10.3520, 13650.7031
current_data: 1.1147, 6179077, 4.3016, 3535.6452
current_data: 0.4338, 21932391, 78.0423, 19192.6098
current_data: 2.5471, 32990, 0.0004, 0.0000
current_data: 2.4530, 231815, 31.9650, 54149.6848
current_data: 2.3841, 2286883, 9.1752, 12623.8222
current_data: 1.1183, 6274245, 4.2367, 3400.6445
current_data: 0.4335, 21885728, 78.0636, 19333.8606
current_data: 2.5476, 29179, 0.0002, 0.0000
current_data: 2.4536, 213897, 31.9650, 54006.5590
current_data: 2.3900, 2208398, 9.1377, 12562.5719
current_data: 1.1192, 6259353, 4.2815, 3358.1442
current_data: 0.4332, 21833928, 78.0780, 19247.6101
current_data: 2.5477, 29446, 0.0002, 0.0000
current_data: 2.4538, 210622, 31.9649, 53902.1834
current_data: 2.2969, 2284959, 10.3785, 13746.9537
current_data: 1.1204, 6222332, 4.1923, 3459.3948
current_data: 0.4340, 21886241, 78.0123, 19183.8598
current_data: 2.5482, 28503, 0.0002, 0.0000
current_data: 2.4546, 210611, 31.9668, 54015.3091
current_data: 2.3025, 2226695, 10.4357, 13391.9516
current_data: 1.1194, 6259588, 4.1482, 3383.7694
current_data: 0.4339, 21910953, 78.0537, 19346.9857
current_data: 2.5480, 29070, 0.0003, 0.0000
current_data: 2.4584, 214277, 31.9683, 54196.5601
current_data: 2.3901, 2285180, 9.1227, 12546.9468
current_data: 1.1210, 6290649, 4.1051, 3356.2692
current_data: 0.4335, 21905894, 78.0570, 19239.4851
current_data: 2.5464, 28973, 0.0002, 0.0000
current_data: 2.4571, 210327, 31.9657, 54180.9350
current_data: 2.3624, 2161717, 9.2836, 13354.4514
current_data: 1.1201, 6235814, 4.1902, 3409.3945
current_data: 0.4333, 21829417, 78.0323, 19118.8594
current_data: 2.5471, 30063, 0.0003, 0.0000
current_data: 2.4469, 211524, 31.9631, 53711.5573
current_data: 2.2945, 2127226, 10.3867, 13759.4537
current_data: 1.1260, 6266024, 4.1455, 3292.5188
current_data: 0.4367, 22007987, 78.0776, 19261.9852
current_data: 2.5472, 30356, 0.0003, 0.0000
current_data: 2.1557, 232439, 33.7917, 49110.2810
current_data: 2.3970, 2259312, 9.1111, 12553.1968
current_data: 1.1280, 6298199, 4.2317, 3513.7701
current_data: 0.4408, 22268705, 78.0166, 19453.8613
current_data: 2.5462, 32372, 0.0003, 0.0000
current_data: 2.1744, 229324, 34.2680, 46108.3888
current_data: 2.4011, 2323047, 9.1405, 12685.0726
current_data: 1.1282, 6328688, 4.1229, 3373.7693
current_data: 0.4404, 22247840, 78.0324, 19598.8621
current_data: 2.5476, 30628, 0.0003, 0.0000
current_data: 2.1721, 232312, 34.2674, 46077.1387
current_data: 2.3101, 2223401, 10.3542, 13796.9539
current_data: 1.1270, 6331773, 4.2684, 3482.5199
current_data: 0.4432, 20368714, 76.0308, 19213.2349
current_data: 2.5481, 28393, 0.0002, 0.0000
current_data: 2.1368, 776878, 32.6340, 44061.5021
current_data: 2.3141, 2228067, 10.3365, 13791.3289
current_data: 1.0952, 6128056, 4.2818, 3326.8940
current_data: 0.4197, 21222822, 78.0587, 18661.9818
current_data: 2.5473, 29221, 0.0003, 0.0000
current_data: 1.7983, 4973049, 31.2762, 56456.5730
current_data: 2.3507, 2271945, 9.1338, 12403.8210
current_data: 1.1181, 6243139, 4.2054, 3308.7689
current_data: 0.4333, 21918404, 78.0284, 19230.7350
current_data: 2.5479, 32550, 0.0004, 0.6250
current_data: 2.7536, 285492, 25.5337, 50682.1650
current_data: 2.3897, 2285350, 9.1241, 12631.9473
current_data: 1.1072, 5780491, 4.3237, 3365.6443
current_data: 0.4310, 21804426, 78.0442, 19230.7350
current_data: 2.5470, 34865, 0.0005, 0.6250
current_data: 2.5869, 267678, 25.3319, 50871.5411
current_data: 2.2825, 2254011, 10.3876, 13714.4535
current_data: 1.0874, 6070391, 4.3055, 3348.7692
current_data: 0.4168, 21090119, 78.0631, 18652.6067
current_data: 2.5466, 36764, 0.0005, 0.6250
current_data: 2.2023, 233541, 26.4852, 60248.4697
current_data: 2.3380, 2316959, 9.1942, 12414.4460
current_data: 1.0942, 6179795, 4.1305, 3297.5189
current_data: 0.4170, 21116388, 78.0248, 18540.7311
current_data: 2.5466, 30771, 0.0003, 0.6250
current_data: 2.2046, 217200, 26.4842, 60434.0958
current_data: 2.3460, 2225649, 9.1974, 12532.5717
current_data: 1.1044, 6186212, 4.1996, 3353.7692
current_data: 0.4235, 21387675, 78.0379, 18813.8577
current_data: 2.5475, 29964, 0.0002, 0.0000
current_data: 2.2920, 217398, 28.9552, 57230.3275
current_data: 2.2733, 2195889, 10.3907, 13657.5781
current_data: 1.1208, 6255531, 4.1247, 3335.6441
current_data: 0.4341, 21903407, 78.0636, 19368.8608
current_data: 2.5468, 28857, 0.0002, 0.0000
current_data: 2.4586, 200575, 31.9685, 54113.4346
current_data: 2.3219, 2220322, 10.3293, 13099.4500
current_data: 1.1203, 6238251, 4.1612, 3413.7695
current_data: 0.4340, 21868217, 78.0543, 19185.1098
current_data: 2.5477, 29176, 0.0002, 0.0000
current_data: 2.4537, 199109, 31.9674, 53957.8087
current_data: 2.3910, 2330748, 9.1597, 12603.8221
[32m[info] [src/pairwise_allocator.cpp:allocating:1174] Will begin allocating cache, allocation_ready_queue size 1, allocation_complete_queue size 4
[mcurrent_data: 1.0820, 1097838, 5.1640, 983.1306
current_data: 0.4326, 5580957, 67.0384, 3490.6450
current_data: 2.5474, 7240, 0.0007, 0.0000
current_data: 0.9293, 22348, 32.0100, 4111.2735
current_data: 2.0965, 363900, 7.1239, 1682.5096
[32m[info] [src/pairwise_allocator.cpp:binary_serch_cache_roofline:462] descriptor COLS 3, find_cache_roofline_times: 1, roofline ipc: 2.5474, current ipc 2.5474, gap: 0.0000, lway: 1, rway: 14
[mcurrent_data: 1.0525, 857142, 5.6036, 893.1301
current_data: 0.4465, 5395028, 65.3928, 3240.6435
current_data: 2.5499, 5529, 0.0001, 0.0000
current_data: 0.9286, 19852, 31.9970, 4043.7731
current_data: 1.5759, 246636, 10.8717, 2128.7622
[32m[info] [src/pairwise_allocator.cpp:binary_serch_cache_roofline:462] descriptor COLS 3, find_cache_roofline_times: 2, roofline ipc: 2.5499, current ipc 2.5499, gap: 0.0000, lway: 1, rway: 7
[mcurrent_data: 1.0494, 832760, 5.7174, 911.8802
current_data: 0.4482, 5488227, 65.3263, 3255.0186
current_data: 2.5460, 6764, 0.0004, 0.0000
current_data: 0.9280, 24685, 31.9963, 4062.5232
current_data: 2.0870, 362866, 7.0450, 1693.7597
[32m[info] [src/pairwise_allocator.cpp:binary_serch_cache_roofline:462] descriptor COLS 3, find_cache_roofline_times: 3, roofline ipc: 2.5499, current ipc 2.5460, gap: 0.0015, lway: 1, rway: 4
[mcurrent_data: 1.0409, 850697, 6.0021, 924.3803
current_data: 0.4447, 5396485, 65.6642, 3276.2687
current_data: 2.5471, 7065, 0.0005, 0.0000
current_data: 0.9284, 20611, 32.0054, 4053.7732
current_data: 2.0575, 373670, 7.2992, 1680.0096
[32m[info] [src/pairwise_allocator.cpp:binary_serch_cache_roofline:462] descriptor COLS 3, find_cache_roofline_times: 4, roofline ipc: 2.5499, current ipc 2.5471, gap: 0.0011, lway: 1, rway: 2
[mcurrent_data: 1.0461, 805280, 5.7030, 910.0052
current_data: 0.3824, 2236434, 65.7248, 2980.0171
current_data: 2.5454, 6073, 0.0002, 0.0000
current_data: 0.9276, 21565, 32.0081, 4081.8984
current_data: 1.4058, 246287, 15.4240, 2275.0130
[32m[info] [src/pairwise_allocator.cpp:binary_serch_cache_roofline:462] descriptor COLS 3, find_cache_roofline_times: 5, roofline ipc: 2.5499, current ipc 2.5454, gap: 0.0018, lway: 1, rway: 1
[mcurrent_data: 1.0421, 818949, 6.0938, 946.2554
current_data: 0.3666, 3446605, 80.3822, 3346.8942
current_data: 2.5475, 5816, 0.0002, 0.0000
current_data: 0.9282, 20288, 32.0141, 4015.6480
current_data: 2.1199, 341269, 6.8089, 1665.6345
[32m[info] [src/pairwise_allocator.cpp:found_cache_roofline:405] Found_cache_roofline, obj_id 771466, roofline cache way: 1, roofline remain cache: 14, roofline cache bitmask: 0x7ffe
[m[32m[info] [src/pairwise_allocator.cpp:binary_serch_cache_roofline:462] descriptor COLS 3, find_cache_roofline_times: 6, roofline ipc: 2.5499, current ipc 2.5475, gap: 0.0009, lway: 1, rway: 1
[m[32m[info] [src/pairwise_allocator.cpp:allocating_cache:846] binary_serch_cache_roofline first pair success
[m[32m[info] [src/pairwise_allocator.cpp:pair_allocating_cache:770] pair_allocating_cache begin, allocating time: 0, descriptor roofline cache way: 1, system remain cache way: 4, complete queue size: 4
[m[32m[info] [src/pairwise_allocator.cpp:allocating_cache:852] Complete pair_allocating_cache, allocate cache ways: 1
[m[34m[critical] [src/pairwise_allocator.cpp:print_allocating_cache_results:815] print_allocating_cache_results: system remain cache: 3
[m[34m[critical] [src/pairwise_allocator.cpp:print_allocating_cache_results:818] obj: 774192, cache_way: 2, roofline cache way: 2
[m[34m[critical] [src/pairwise_allocator.cpp:print_allocating_cache_results:818] obj: 771452, cache_way: 7, roofline cache way: 7
[m[34m[critical] [src/pairwise_allocator.cpp:print_allocating_cache_results:818] obj: 774182, cache_way: 1, roofline cache way: 1
[m[34m[critical] [src/pairwise_allocator.cpp:print_allocating_cache_results:818] obj: 771457, cache_way: 1, roofline cache way: 1
[m[34m[critical] [src/pairwise_allocator.cpp:print_allocating_cache_results:823] obj: 771466, cache_way: 1, roofline cache way: 1
[mSKT0: MBA COS6 => 100% requested, 100% applied
current_data: 1.0829, 1087932, 5.1547, 932.5053
current_data: 0.4349, 5606108, 66.7276, 3546.8953
current_data: 2.5459, 7782, 0.0009, 0.0000
current_data: 1.1181, 24714, 25.0193, 4022.5230
current_data: 1.1425, 207139, 18.9696, 2466.8891
SKT0: MBA COS6 => 60% requested, 60% applied
[32m[info] [src/pairwise_allocator.cpp:binary_serch_mb_roofline:937] descriptor1 COLS 3, find_mb_roofline_time: 1, roofline mb: 0.0000, current mb 0.0000, gap: -nan, lmb_throttle: 20, rmb_throttle: 100
[mcurrent_data: 1.0545, 854173, 5.7741, 926.8803
current_data: 0.4503, 5479911, 65.0118, 3339.3941
current_data: 2.5466, 6037, 0.0002, 0.0000
current_data: 1.1182, 22397, 25.0217, 3975.6477
current_data: 2.1185, 354364, 6.7908, 1666.8845
SKT0: MBA COS6 => 40% requested, 40% applied
[32m[info] [src/pairwise_allocator.cpp:binary_serch_mb_roofline:937] descriptor1 COLS 3, find_mb_roofline_time: 2, roofline mb: 0.0000, current mb 0.0000, gap: -nan, lmb_throttle: 20, rmb_throttle: 60
[mcurrent_data: 1.0429, 830594, 5.9944, 909.3802
current_data: 0.4512, 5500192, 64.8412, 3344.3941
current_data: 2.5480, 5604, 0.0002, 0.0000
current_data: 1.1177, 21881, 25.0150, 3912.5224
current_data: 1.1347, 240273, 18.9252, 2513.1394
SKT0: MBA COS6 => 30% requested, 30% applied
[32m[info] [src/pairwise_allocator.cpp:binary_serch_mb_roofline:937] descriptor1 COLS 3, find_mb_roofline_time: 3, roofline mb: 0.0000, current mb 0.0000, gap: -nan, lmb_throttle: 20, rmb_throttle: 40
[mcurrent_data: 1.0486, 810165, 5.8605, 941.8804
current_data: 0.4549, 5533118, 64.5317, 3316.8940
current_data: 2.5475, 6351, 0.0005, 0.0000
current_data: 1.1185, 23604, 25.0187, 3929.3975
current_data: 2.0892, 378974, 7.0701, 1657.5095
SKT0: MBA COS6 => 20% requested, 20% applied
[32m[info] [src/pairwise_allocator.cpp:binary_serch_mb_roofline:937] descriptor1 COLS 3, find_mb_roofline_time: 4, roofline mb: 0.0000, current mb 0.0000, gap: -nan, lmb_throttle: 20, rmb_throttle: 30
[mcurrent_data: 1.0441, 768482, 6.0019, 912.5052
current_data: 0.4511, 5205716, 64.8116, 3151.2680
current_data: 2.5482, 5147, 0.0002, 0.0000
current_data: 1.1181, 20152, 25.0267, 3778.1466
current_data: 1.5965, 257445, 10.6238, 2098.7620
SKT0: MBA COS6 => 20% requested, 20% applied
[32m[info] [src/pairwise_allocator.cpp:binary_serch_mb_roofline:937] descriptor1 COLS 3, find_mb_roofline_time: 5, roofline mb: 0.0000, current mb 0.0000, gap: -nan, lmb_throttle: 20, rmb_throttle: 20
[mcurrent_data: 1.0465, 832180, 5.8202, 992.5057
current_data: 0.4507, 5619350, 64.9638, 3397.5194
current_data: 2.5472, 5825, 0.0002, 0.0000
current_data: 1.1188, 22645, 25.0098, 4023.7730
current_data: 2.0245, 380418, 7.5611, 1689.3847
[32m[info] [src/pairwise_allocator.cpp:found_mb_roofline:887] Fast found mb roofline, obj_id 771466, roofline mb: 0.00 MB/s, roofline mb throttle: 20
[m[32m[info] [src/pairwise_allocator.cpp:binary_serch_mb_roofline:937] descriptor1 COLS 3, find_mb_roofline_time: 6, roofline mb: 0.0000, current mb 0.0000, gap: -nan, lmb_throttle: 20, rmb_throttle: 20
[m[32m[info] [src/pairwise_allocator.cpp:allocating_mb:1147] binary_serch_mb_roofline first pair success
[m[32m[info] [src/pairwise_allocator.cpp:pair_allocating_mb:1088] pair_allocating_mb begin, allocating times: 0, descriptor roofline mb throttle: 20, system remain mb: 94191.17 MB/s
[mSKT0: MBA COS3 => 20% requested, 20% applied
current_data: 1.0698, 1171286, 4.9255, 911.2552
current_data: 0.4389, 4752738, 76.9711, 4027.5230
current_data: 2.5475, 6894, 0.0006, 0.0000
current_data: 2.5486, 41872, 24.9716, 8389.4230
current_data: 2.5693, 408705, 6.8669, 1661.2595
[32m[info] [src/pairwise_allocator.cpp:pair_allocating_mb:1088] pair_allocating_mb begin, allocating times: 1, descriptor roofline mb throttle: 20, system remain mb: 94191.17 MB/s
[m[32m[info] [src/pairwise_allocator.cpp:allocating_fit_mb:958] Will allocating_fit_mb mb throttle: 20
[mSKT0: MBA COS3 => 20% requested, 20% applied
current_data: 1.1098, 937431, 4.3921, 541.8781
current_data: 0.4406, 3555864, 77.2960, 3063.7675
current_data: 2.5461, 5836, 0.0009, 0.0000
current_data: 2.5514, 34086, 24.9767, 7245.6665
current_data: 2.0500, 291826, 15.2234, 2817.5161
[32m[info] [src/pairwise_allocator.cpp:allocating_mb:1121] Allocate mb: 0.00 MB/s, mb_throttle: 20
[mcurrent_data: 1.1195, 964551, 4.2603, 575.6283
current_data: 0.4400, 3546071, 77.5081, 3110.6428
current_data: 2.5495, 4578, 0.0002, 0.0000
current_data: 2.5013, 32158, 24.9744, 7126.2908
current_data: 2.5865, 346292, 7.0220, 1558.1339
current_data: 1.1209, 6048160, 4.1954, 3248.7686
current_data: 0.4381, 21479587, 77.6723, 18703.8570
current_data: 2.5462, 28226, 0.0003, 1.2500
current_data: 2.5241, 194502, 24.9730, 43626.4996
current_data: 2.3010, 2155501, 10.5197, 13413.2018
current_data: 1.1222, 6078866, 4.2653, 3275.6437
current_data: 0.4393, 19907179, 75.6479, 18695.7320
current_data: 2.5469, 28199, 0.0003, 0.0000
current_data: 2.5483, 195514, 24.9758, 44237.7531
current_data: 2.3917, 2170328, 9.2204, 12193.8198
current_data: 1.1220, 6061489, 4.1897, 3311.2689
current_data: 0.4364, 21296490, 78.0522, 18757.6073
current_data: 2.5461, 28592, 0.0002, 0.6250
current_data: 2.5429, 193331, 24.9798, 44038.3770
current_data: 2.3055, 2158462, 10.4640, 13466.3271
current_data: 1.1200, 6059010, 4.2084, 3213.1434
current_data: 0.4368, 21443047, 78.0416, 18909.4832
current_data: 2.5467, 30252, 0.0005, 0.6250
current_data: 2.5379, 195125, 24.9744, 44250.8782
current_data: 2.4043, 2223140, 9.1537, 12353.1957
current_data: 1.1205, 6085722, 4.1929, 3213.1434
current_data: 0.4365, 21358878, 78.0536, 18770.7324
current_data: 2.5471, 31655, 0.0004, 0.6250
current_data: 2.3435, 222671, 26.0641, 43167.7470
current_data: 2.3742, 2187850, 9.1875, 12690.6976
current_data: 1.1155, 5956514, 4.1660, 3244.3936
current_data: 0.4337, 21178699, 78.0738, 18621.9816
current_data: 2.5469, 31905, 0.0004, 0.0000
current_data: 2.4570, 213938, 31.9630, 52374.0497
current_data: 2.3505, 2282616, 9.7046, 12212.5699
current_data: 1.1177, 6085295, 4.1949, 3214.3934
current_data: 0.4340, 21286335, 78.0309, 18748.2323
current_data: 2.5481, 29848, 0.0003, 0.0000
current_data: 2.4541, 192559, 31.9675, 52527.1756
current_data: 2.3843, 2205193, 9.2305, 12330.6956
current_data: 1.1206, 6112872, 4.1546, 3336.8941
current_data: 0.4340, 21382250, 78.0106, 18751.3573
current_data: 2.5480, 28563, 0.0002, 0.0000
current_data: 2.4559, 194400, 31.9653, 52715.9266
current_data: 2.2597, 2190663, 10.5292, 13379.4516
current_data: 1.1214, 6128786, 4.1504, 3195.0183
current_data: 0.4342, 21456180, 78.0375, 18886.9831
current_data: 2.5474, 27700, 0.0002, 0.0000
current_data: 2.4592, 194626, 31.9644, 53071.5537
current_data: 2.3589, 2189273, 9.2449, 12205.6948
[32m[info] [src/pairwise_allocator.cpp:allocating:1174] Will begin allocating cache, allocation_ready_queue size 1, allocation_complete_queue size 4
[mcurrent_data: 1.0818, 1074943, 5.0559, 980.6306
current_data: 0.4319, 5501006, 67.0899, 3440.6447
current_data: 2.5434, 8706, 0.0013, 1.2500
current_data: 0.9282, 27206, 31.9997, 4073.7733
current_data: 2.0685, 348867, 7.1299, 1658.7595
[32m[info] [src/pairwise_allocator.cpp:binary_serch_cache_roofline:462] descriptor COLS 3, find_cache_roofline_times: 1, roofline ipc: 2.5434, current ipc 2.5434, gap: 0.0000, lway: 1, rway: 14
[mcurrent_data: 1.0472, 844285, 5.5945, 896.8801
current_data: 0.4449, 5422618, 65.8052, 3265.6437
current_data: 2.5482, 6634, 0.0005, 0.0000
current_data: 0.9287, 21454, 32.0114, 4053.1482
current_data: 1.2021, 221054, 18.0364, 2603.7649
[32m[info] [src/pairwise_allocator.cpp:binary_serch_cache_roofline:462] descriptor COLS 3, find_cache_roofline_times: 2, roofline ipc: 2.5482, current ipc 2.5482, gap: 0.0000, lway: 1, rway: 7
[mcurrent_data: 1.0458, 796348, 5.8890, 870.0050
current_data: 0.4462, 5178993, 65.6839, 3143.7680
current_data: 2.5472, 5396, 0.0002, 0.0000
current_data: 0.9286, 20549, 32.0078, 3956.2726
current_data: 2.0573, 362148, 7.2802, 1716.2598
[32m[info] [src/pairwise_allocator.cpp:binary_serch_cache_roofline:462] descriptor COLS 3, find_cache_roofline_times: 3, roofline ipc: 2.5482, current ipc 2.5472, gap: 0.0004, lway: 1, rway: 4
[mcurrent_data: 1.0423, 838109, 6.0686, 978.7556
current_data: 0.4490, 5570610, 65.2833, 3343.7691
current_data: 2.5480, 6460, 0.0003, 0.0000
current_data: 0.9274, 22748, 32.0107, 4062.5232
current_data: 1.1249, 204699, 19.2783, 2468.7641
[32m[info] [src/pairwise_allocator.cpp:binary_serch_cache_roofline:462] descriptor COLS 3, find_cache_roofline_times: 4, roofline ipc: 2.5482, current ipc 2.5480, gap: 0.0001, lway: 1, rway: 2
[mcurrent_data: 1.0422, 815118, 5.8833, 899.3801
current_data: 0.4466, 5407712, 65.6162, 3198.1433
current_data: 2.5468, 5626, 0.0002, 0.0000
current_data: 0.9280, 20311, 32.0146, 4028.7731
current_data: 2.0736, 325191, 7.1391, 1640.6344
[32m[info] [src/pairwise_allocator.cpp:binary_serch_cache_roofline:462] descriptor COLS 3, find_cache_roofline_times: 5, roofline ipc: 2.5482, current ipc 2.5468, gap: 0.0005, lway: 1, rway: 1
[mcurrent_data: 1.0404, 818103, 5.8647, 966.8805
current_data: 0.4482, 5500380, 65.3257, 3278.1438
current_data: 2.5469, 5773, 0.0002, 0.0000
current_data: 0.9272, 20525, 32.0112, 4077.5233
current_data: 1.1835, 202951, 17.8161, 2457.5141
[32m[info] [src/pairwise_allocator.cpp:found_cache_roofline:405] Found_cache_roofline, obj_id 771466, roofline cache way: 1, roofline remain cache: 14, roofline cache bitmask: 0x7ffe
[m[32m[info] [src/pairwise_allocator.cpp:binary_serch_cache_roofline:462] descriptor COLS 3, find_cache_roofline_times: 6, roofline ipc: 2.5482, current ipc 2.5469, gap: 0.0005, lway: 1, rway: 1
[m[32m[info] [src/pairwise_allocator.cpp:allocating_cache:846] binary_serch_cache_roofline first pair success
[m[32m[info] [src/pairwise_allocator.cpp:pair_allocating_cache:770] pair_allocating_cache begin, allocating time: 0, descriptor roofline cache way: 1, system remain cache way: 4, complete queue size: 4
[m[32m[info] [src/pairwise_allocator.cpp:allocating_cache:852] Complete pair_allocating_cache, allocate cache ways: 1
[m[34m[critical] [src/pairwise_allocator.cpp:print_allocating_cache_results:815] print_allocating_cache_results: system remain cache: 3
[m[34m[critical] [src/pairwise_allocator.cpp:print_allocating_cache_results:818] obj: 774192, cache_way: 2, roofline cache way: 2
[m[34m[critical] [src/pairwise_allocator.cpp:print_allocating_cache_results:818] obj: 771452, cache_way: 7, roofline cache way: 7
[m[34m[critical] [src/pairwise_allocator.cpp:print_allocating_cache_results:818] obj: 774182, cache_way: 1, roofline cache way: 1
[m[34m[critical] [src/pairwise_allocator.cpp:print_allocating_cache_results:818] obj: 771457, cache_way: 1, roofline cache way: 1
[m[34m[critical] [src/pairwise_allocator.cpp:print_allocating_cache_results:823] obj: 771466, cache_way: 1, roofline cache way: 1
[mSKT0: MBA COS6 => 100% requested, 100% applied
current_data: 1.0800, 1073158, 5.2176, 946.8804
current_data: 0.4289, 5381699, 67.7914, 3446.8947
current_data: 2.5463, 7783, 0.0012, 0.0000
current_data: 0.9441, 25892, 34.2985, 3963.7727
current_data: 2.0630, 334982, 7.2636, 1663.1345
SKT0: MBA COS6 => 60% requested, 60% applied
[32m[info] [src/pairwise_allocator.cpp:binary_serch_mb_roofline:937] descriptor1 COLS 3, find_mb_roofline_time: 1, roofline mb: 0.0000, current mb 0.0000, gap: -nan, lmb_throttle: 20, rmb_throttle: 100
[mcurrent_data: 1.0490, 878116, 5.8457, 930.0053
current_data: 0.4409, 5388938, 66.3896, 3270.6437
current_data: 2.5456, 6664, 0.0004, 0.0000
current_data: 0.9428, 27864, 34.3004, 3995.0229
current_data: 1.2224, 193118, 16.9100, 2487.5142
SKT0: MBA COS6 => 40% requested, 40% applied
[32m[info] [src/pairwise_allocator.cpp:binary_serch_mb_roofline:937] descriptor1 COLS 3, find_mb_roofline_time: 2, roofline mb: 0.0000, current mb 0.0000, gap: -nan, lmb_throttle: 20, rmb_throttle: 60
[mcurrent_data: 1.0488, 844829, 6.0526, 973.1306
current_data: 0.4412, 5342737, 66.5389, 3266.8937
current_data: 2.5471, 5841, 0.0003, 0.0000
current_data: 0.9439, 27415, 34.3012, 3999.3979
current_data: 2.0938, 367394, 6.8632, 1728.1349
SKT0: MBA COS6 => 30% requested, 30% applied
[32m[info] [src/pairwise_allocator.cpp:binary_serch_mb_roofline:937] descriptor1 COLS 3, find_mb_roofline_time: 3, roofline mb: 0.0000, current mb 0.0000, gap: -nan, lmb_throttle: 20, rmb_throttle: 40
[mcurrent_data: 1.0413, 817018, 5.9875, 974.3806
current_data: 0.4435, 5380081, 66.1165, 3203.1433
current_data: 2.5465, 6906, 0.0006, 0.0000
current_data: 0.9433, 24041, 34.3009, 3964.3977
current_data: 1.8592, 314000, 7.5439, 1831.2605
SKT0: MBA COS6 => 20% requested, 20% applied
[32m[info] [src/pairwise_allocator.cpp:binary_serch_mb_roofline:937] descriptor1 COLS 3, find_mb_roofline_time: 4, roofline mb: 0.0000, current mb 0.0000, gap: -nan, lmb_throttle: 20, rmb_throttle: 30
[mcurrent_data: 1.0447, 828784, 6.1421, 1001.2557
current_data: 0.4419, 5284582, 66.4473, 3200.6433
current_data: 2.5475, 6303, 0.0008, 0.0000
current_data: 0.9438, 24708, 34.2995, 3934.3975
current_data: 1.8579, 342864, 9.0435, 1743.1350
SKT0: MBA COS6 => 20% requested, 20% applied
[32m[info] [src/pairwise_allocator.cpp:binary_serch_mb_roofline:937] descriptor1 COLS 3, find_mb_roofline_time: 5, roofline mb: 0.0000, current mb 0.0000, gap: -nan, lmb_throttle: 20, rmb_throttle: 20
[mcurrent_data: 1.0466, 813115, 6.0072, 895.6301
current_data: 0.4418, 5309999, 66.3487, 3270.6437
current_data: 2.5469, 6501, 0.0003, 0.0000
current_data: 0.9436, 29399, 34.2890, 3976.8978
current_data: 2.0966, 325009, 6.8062, 1684.3846
[32m[info] [src/pairwise_allocator.cpp:found_mb_roofline:887] Fast found mb roofline, obj_id 771466, roofline mb: 0.00 MB/s, roofline mb throttle: 20
[m[32m[info] [src/pairwise_allocator.cpp:binary_serch_mb_roofline:937] descriptor1 COLS 3, find_mb_roofline_time: 6, roofline mb: 0.0000, current mb 0.0000, gap: -nan, lmb_throttle: 20, rmb_throttle: 20
[m[32m[info] [src/pairwise_allocator.cpp:allocating_mb:1147] binary_serch_mb_roofline first pair success
[m[32m[info] [src/pairwise_allocator.cpp:pair_allocating_mb:1088] pair_allocating_mb begin, allocating times: 0, descriptor roofline mb throttle: 20, system remain mb: 94191.17 MB/s
[mSKT0: MBA COS3 => 20% requested, 20% applied
current_data: 1.0605, 1133429, 4.9153, 860.0049
current_data: 0.4348, 4671727, 77.2384, 3959.3977
current_data: 2.5467, 6977, 0.0010, 1.2500
current_data: 2.5426, 70774, 25.2908, 8744.4250
current_data: 2.5766, 408951, 6.6643, 1775.6352
[32m[info] [src/pairwise_allocator.cpp:pair_allocating_mb:1088] pair_allocating_mb begin, allocating times: 1, descriptor roofline mb throttle: 20, system remain mb: 94191.17 MB/s
[m[32m[info] [src/pairwise_allocator.cpp:allocating_fit_mb:958] Will allocating_fit_mb mb throttle: 20
[mSKT0: MBA COS3 => 20% requested, 20% applied
current_data: 1.0997, 955075, 4.5992, 565.0032
current_data: 0.4364, 3548122, 77.4589, 3085.6427
current_data: 2.5477, 4937, 0.0003, 0.0000
current_data: 2.8162, 42922, 25.4412, 8210.6720
current_data: 2.5576, 354050, 6.8383, 1581.8841
[32m[info] [src/pairwise_allocator.cpp:allocating_mb:1121] Allocate mb: 0.00 MB/s, mb_throttle: 20
[mcurrent_data: 1.1086, 954172, 4.3271, 547.5031
current_data: 0.4351, 3502249, 77.5404, 3092.5177
current_data: 2.5474, 4699, 0.0002, 0.0000
current_data: 2.8008, 33948, 25.4646, 8123.1715
current_data: 1.9732, 329541, 15.7707, 2833.1412
current_data: 1.1183, 6034255, 4.2519, 3306.8939
current_data: 0.4353, 21363764, 77.7661, 18697.6070
current_data: 2.5467, 28355, 0.0003, 0.0000
current_data: 2.7328, 269413, 25.2496, 48054.0250
current_data: 2.3657, 2248728, 9.2437, 12270.6952
current_data: 1.1047, 5981107, 4.1424, 3226.2685
current_data: 0.4243, 20891156, 77.8942, 18219.4793
current_data: 2.5478, 27929, 0.0003, 0.0000
current_data: 2.3592, 244101, 26.0296, 54050.9343
current_data: 2.2428, 2161826, 10.5321, 13380.0766
current_data: 1.0906, 5894115, 4.2160, 3178.1432
current_data: 0.4171, 20455117, 77.9395, 17861.3522
current_data: 2.5474, 28797, 0.0003, 0.0000
current_data: 2.2035, 200069, 26.4853, 58398.4592
current_data: 2.3205, 2150724, 9.2284, 12023.1938
current_data: 1.0943, 5921119, 4.1118, 3156.2681
current_data: 0.4286, 19676223, 76.3640, 18306.9798
current_data: 2.5480, 27549, 0.0003, 0.0000
current_data: 2.1996, 202394, 26.4855, 58254.0833
current_data: 2.2276, 2058028, 10.6037, 13282.5760
current_data: 1.1144, 6002241, 4.1542, 3330.0191
current_data: 0.4281, 20911931, 78.0224, 18398.2303
current_data: 2.5478, 28110, 0.0004, 0.6250
current_data: 2.3544, 212176, 30.1615, 54139.0598
current_data: 2.3547, 2160182, 9.2791, 12142.5695
current_data: 1.1213, 5829414, 4.1151, 3130.6429
current_data: 0.4340, 21139888, 78.0407, 18608.2315
current_data: 2.5472, 31760, 0.0003, 0.6250
current_data: 2.4554, 202562, 31.9681, 52164.6735
current_data: 2.2748, 2141455, 10.5418, 13420.7018
current_data: 1.1214, 6149195, 4.2159, 3245.6436
current_data: 0.4341, 21342300, 78.0776, 18825.1077
current_data: 2.5474, 30272, 0.0003, 0.6250
current_data: 2.4524, 203668, 31.9654, 52684.6765
current_data: 2.3668, 2263530, 9.2205, 12299.4454
[32m[info] [src/pairwise_allocator.cpp:allocating:1174] Will begin allocating cache, allocation_ready_queue size 1, allocation_complete_queue size 4
[mcurrent_data: 1.0835, 1079410, 5.1653, 974.3806
current_data: 0.4302, 5408268, 67.4449, 3581.8955
current_data: 2.5472, 7476, 0.0010, 0.0000
current_data: 0.9280, 23380, 32.0118, 4062.5232
current_data: 2.0489, 369826, 6.9936, 1580.0090
[32m[info] [src/pairwise_allocator.cpp:binary_serch_cache_roofline:462] descriptor COLS 3, find_cache_roofline_times: 1, roofline ipc: 2.5472, current ipc 2.5472, gap: 0.0000, lway: 1, rway: 14
[mcurrent_data: 1.0521, 866436, 5.5891, 955.6305
current_data: 0.4405, 5264687, 66.4344, 3422.5196
current_data: 2.5478, 6052, 0.0002, 0.0000
current_data: 0.9279, 21010, 32.0091, 4030.6481
current_data: 1.5835, 285835, 12.2929, 2117.5121
[32m[info] [src/pairwise_allocator.cpp:binary_serch_cache_roofline:462] descriptor COLS 3, find_cache_roofline_times: 2, roofline ipc: 2.5478, current ipc 2.5478, gap: 0.0000, lway: 1, rway: 7
[mcurrent_data: 1.0484, 841683, 5.9015, 1001.8807
current_data: 0.4424, 5353533, 66.2133, 3458.1448
current_data: 2.5470, 5775, 0.0002, 0.0000
current_data: 0.9272, 21943, 32.0108, 4096.8984
current_data: 2.1070, 317886, 6.7865, 1681.8846
[32m[info] [src/pairwise_allocator.cpp:binary_serch_cache_roofline:462] descriptor COLS 3, find_cache_roofline_times: 3, roofline ipc: 2.5478, current ipc 2.5470, gap: 0.0003, lway: 1, rway: 4
[mcurrent_data: 1.0478, 817475, 5.9584, 968.7555
current_data: 0.4480, 5475498, 65.5513, 3431.2696
current_data: 2.5464, 7234, 0.0005, 0.0000
current_data: 0.9267, 23628, 32.0030, 4081.2734
current_data: 1.1683, 214719, 18.0167, 2509.3894
[32m[info] [src/pairwise_allocator.cpp:binary_serch_cache_roofline:462] descriptor COLS 3, find_cache_roofline_times: 4, roofline ipc: 2.5478, current ipc 2.5464, gap: 0.0006, lway: 1, rway: 2
[mcurrent_data: 1.0494, 802346, 5.9491, 996.8807
current_data: 0.4465, 5407359, 65.8002, 3383.7694
current_data: 2.5472, 5771, 0.0002, 0.0000
current_data: 0.9283, 21251, 32.0117, 4078.1483
current_data: 2.1100, 343310, 6.6810, 1713.7598
[32m[info] [src/pairwise_allocator.cpp:binary_serch_cache_roofline:462] descriptor COLS 3, find_cache_roofline_times: 5, roofline ipc: 2.5478, current ipc 2.5472, gap: 0.0002, lway: 1, rway: 1
[mcurrent_data: 1.0421, 816462, 5.9239, 1008.1308
current_data: 0.4450, 5394091, 65.8420, 3429.3946
current_data: 2.5465, 6000, 0.0002, 0.0000
current_data: 0.9262, 21713, 32.0097, 4056.8982
current_data: 1.1440, 230302, 18.3878, 2520.6394
[32m[info] [src/pairwise_allocator.cpp:found_cache_roofline:405] Found_cache_roofline, obj_id 771466, roofline cache way: 1, roofline remain cache: 14, roofline cache bitmask: 0x7ffe
[m[32m[info] [src/pairwise_allocator.cpp:binary_serch_cache_roofline:462] descriptor COLS 3, find_cache_roofline_times: 6, roofline ipc: 2.5478, current ipc 2.5465, gap: 0.0005, lway: 1, rway: 1
[m[32m[info] [src/pairwise_allocator.cpp:allocating_cache:846] binary_serch_cache_roofline first pair success
[m[32m[info] [src/pairwise_allocator.cpp:pair_allocating_cache:770] pair_allocating_cache begin, allocating time: 0, descriptor roofline cache way: 1, system remain cache way: 4, complete queue size: 4
[m[32m[info] [src/pairwise_allocator.cpp:allocating_cache:852] Complete pair_allocating_cache, allocate cache ways: 1
[m[34m[critical] [src/pairwise_allocator.cpp:print_allocating_cache_results:815] print_allocating_cache_results: system remain cache: 3
[m[34m[critical] [src/pairwise_allocator.cpp:print_allocating_cache_results:818] obj: 774192, cache_way: 2, roofline cache way: 2
[m[34m[critical] [src/pairwise_allocator.cpp:print_allocating_cache_results:818] obj: 771452, cache_way: 7, roofline cache way: 7
[m[34m[critical] [src/pairwise_allocator.cpp:print_allocating_cache_results:818] obj: 774182, cache_way: 1, roofline cache way: 1
[m[34m[critical] [src/pairwise_allocator.cpp:print_allocating_cache_results:818] obj: 771457, cache_way: 1, roofline cache way: 1
[m[34m[critical] [src/pairwise_allocator.cpp:print_allocating_cache_results:823] obj: 771466, cache_way: 1, roofline cache way: 1
[mSKT0: MBA COS6 => 100% requested, 100% applied
current_data: 1.0833, 1084382, 5.1354, 1036.8809
current_data: 0.4364, 5571342, 66.5031, 3604.3956
current_data: 2.5472, 6477, 0.0005, 0.0000
current_data: 1.1198, 21793, 25.0228, 3981.8978
current_data: 2.0884, 387458, 6.8425, 1731.8849
SKT0: MBA COS6 => 60% requested, 60% applied
[32m[info] [src/pairwise_allocator.cpp:binary_serch_mb_roofline:937] descriptor1 COLS 3, find_mb_roofline_time: 1, roofline mb: 0.0000, current mb 0.0000, gap: -nan, lmb_throttle: 20, rmb_throttle: 100
[mcurrent_data: 1.0479, 863493, 5.7800, 991.8807
current_data: 0.4493, 5465309, 64.9561, 3385.6444
current_data: 2.5468, 5897, 0.0002, 0.0000
current_data: 1.1192, 22533, 25.0147, 3929.3975
current_data: 1.1380, 234819, 18.5965, 2541.8895
SKT0: MBA COS6 => 40% requested, 40% applied
[32m[info] [src/pairwise_allocator.cpp:binary_serch_mb_roofline:937] descriptor1 COLS 3, find_mb_roofline_time: 2, roofline mb: 0.0000, current mb 0.0000, gap: -nan, lmb_throttle: 20, rmb_throttle: 60
[mcurrent_data: 1.0455, 841544, 5.9300, 1019.3808
current_data: 0.4493, 5504076, 65.0910, 3473.7699
current_data: 2.5453, 6217, 0.0002, 0.0000
current_data: 1.1193, 23589, 25.0109, 4008.7729
current_data: 2.0820, 365171, 6.9884, 1725.6349
SKT0: MBA COS6 => 30% requested, 30% applied
[32m[info] [src/pairwise_allocator.cpp:binary_serch_mb_roofline:937] descriptor1 COLS 3, find_mb_roofline_time: 3, roofline mb: 0.0000, current mb 0.0000, gap: -nan, lmb_throttle: 20, rmb_throttle: 40
[mcurrent_data: 1.0452, 825574, 5.8529, 1020.0058
current_data: 0.4529, 5583300, 64.6297, 3410.6445
current_data: 2.5471, 5504, 0.0002, 0.0000
current_data: 1.1192, 22099, 25.0150, 3983.7728
current_data: 1.6608, 289737, 9.6821, 2056.2618
SKT0: MBA COS6 => 20% requested, 20% applied
[32m[info] [src/pairwise_allocator.cpp:binary_serch_mb_roofline:937] descriptor1 COLS 3, find_mb_roofline_time: 4, roofline mb: 0.0000, current mb 0.0000, gap: -nan, lmb_throttle: 20, rmb_throttle: 30
[mcurrent_data: 1.0410, 842659, 6.1186, 1030.6309
current_data: 0.4489, 5487337, 65.1604, 3437.5197
current_data: 2.5470, 5880, 0.0002, 0.0000
current_data: 1.1206, 21252, 25.0148, 3958.7727
current_data: 2.0538, 338546, 7.2709, 1623.1343
SKT0: MBA COS6 => 20% requested, 20% applied
[32m[info] [src/pairwise_allocator.cpp:binary_serch_mb_roofline:937] descriptor1 COLS 3, find_mb_roofline_time: 5, roofline mb: 0.0000, current mb 0.0000, gap: -nan, lmb_throttle: 20, rmb_throttle: 20
[mcurrent_data: 1.0415, 820785, 6.0778, 1043.7560
current_data: 0.4507, 5597082, 64.9084, 3451.8948
current_data: 2.5472, 6569, 0.0003, 0.0000
current_data: 1.1191, 23284, 25.0172, 4000.0229
current_data: 2.0741, 316975, 6.9590, 1563.7589
[32m[info] [src/pairwise_allocator.cpp:found_mb_roofline:887] Fast found mb roofline, obj_id 771466, roofline mb: 0.00 MB/s, roofline mb throttle: 20
[m[32m[info] [src/pairwise_allocator.cpp:binary_serch_mb_roofline:937] descriptor1 COLS 3, find_mb_roofline_time: 6, roofline mb: 0.0000, current mb 0.0000, gap: -nan, lmb_throttle: 20, rmb_throttle: 20
[m[32m[info] [src/pairwise_allocator.cpp:allocating_mb:1147] binary_serch_mb_roofline first pair success
[m[32m[info] [src/pairwise_allocator.cpp:pair_allocating_mb:1088] pair_allocating_mb begin, allocating times: 0, descriptor roofline mb throttle: 20, system remain mb: 94191.17 MB/s
[mSKT0: MBA COS3 => 20% requested, 20% applied
current_data: 1.0694, 1137475, 5.2227, 961.2555
current_data: 0.4408, 4785061, 77.0520, 4111.8985
current_data: 2.5446, 6704, 0.0005, 0.0000
current_data: 2.5642, 40546, 24.9759, 8542.5489
current_data: 2.5707, 404031, 6.7601, 1748.7600
[32m[info] [src/pairwise_allocator.cpp:pair_allocating_mb:1088] pair_allocating_mb begin, allocating times: 1, descriptor roofline mb throttle: 20, system remain mb: 94191.17 MB/s
[m[32m[info] [src/pairwise_allocator.cpp:allocating_fit_mb:958] Will allocating_fit_mb mb throttle: 20
[mSKT0: MBA COS3 => 20% requested, 20% applied
current_data: 1.1004, 931431, 4.4517, 569.3783
current_data: 0.4391, 3554933, 77.3813, 3078.7676
current_data: 2.5456, 5826, 0.0010, 0.0000
current_data: 2.5549, 33757, 24.9725, 7275.6666
current_data: 2.5519, 351449, 6.9131, 1581.8841
[32m[info] [src/pairwise_allocator.cpp:allocating_mb:1121] Allocate mb: 0.00 MB/s, mb_throttle: 20
[mcurrent_data: 1.1149, 962532, 4.2250, 530.0030
current_data: 0.4398, 3532368, 77.4681, 3043.1424
current_data: 2.5470, 5023, 0.0004, 0.0000
current_data: 2.4989, 32587, 24.9756, 7095.6656
current_data: 2.1061, 344683, 15.0727, 2501.8893
current_data: 1.1233, 6057089, 4.1923, 3195.0183
current_data: 0.4381, 21504279, 77.7073, 18886.3581
current_data: 2.5457, 33639, 0.0005, 0.6250
current_data: 2.5246, 211434, 24.9711, 43699.0000
current_data: 2.3740, 2205253, 9.1871, 12186.3197
current_data: 1.1251, 6088312, 4.1360, 3250.6436
current_data: 0.4372, 21418760, 77.8799, 18741.3572
current_data: 2.5461, 30873, 0.0003, 0.0000
current_data: 2.5521, 204614, 24.9766, 44289.6284
current_data: 2.2879, 2187705, 10.4846, 13466.9521
current_data: 1.1245, 6084581, 4.1869, 3317.5190
current_data: 0.4372, 21413027, 77.9188, 18738.2322
current_data: 2.5474, 28327, 0.0002, 0.0000
current_data: 2.5471, 198034, 24.9768, 44188.3778
current_data: 2.3823, 2214265, 9.2485, 12291.3203
current_data: 1.1237, 6069039, 4.1856, 3269.3937
current_data: 0.4366, 21341388, 77.9771, 18731.3572
current_data: 2.5469, 27601, 0.0002, 0.0000
current_data: 2.5250, 200984, 24.9729, 43725.2502
current_data: 2.2852, 2153120, 10.5259, 13378.8266
current_data: 1.1236, 6019559, 4.1888, 3484.3949
current_data: 0.4370, 21339749, 77.9759, 18636.3566
current_data: 2.5481, 28425, 0.0003, 0.0000
current_data: 2.3427, 213196, 26.2298, 43263.3726
current_data: 2.3798, 2207442, 9.2548, 12214.4449
current_data: 1.1234, 6024014, 4.0720, 3203.7683
current_data: 0.4336, 21177144, 78.0149, 18621.3566
current_data: 2.5479, 28313, 0.0003, 0.0000
current_data: 2.4567, 202876, 31.9644, 52300.2993
current_data: 2.2792, 2151760, 10.5426, 13356.9514
current_data: 1.1234, 6101471, 4.1461, 3375.0193
current_data: 0.4343, 19393162, 76.1515, 18621.3566
current_data: 2.5466, 30248, 0.0005, 0.0000
current_data: 2.4536, 193319, 31.9684, 52578.4259
current_data: 2.3755, 2172246, 9.1716, 12218.1949
current_data: 1.1216, 6093981, 4.1987, 3329.3941
current_data: 0.4319, 20986714, 78.3150, 18664.4818
current_data: 2.5469, 27754, 0.0002, 0.0000
current_data: 2.4562, 198811, 31.9649, 52479.0503
current_data: 2.2796, 2161989, 10.4951, 13414.4518
current_data: 1.1224, 6126596, 4.1774, 3225.0185
current_data: 0.4324, 21143379, 78.3053, 18912.6082
current_data: 2.5470, 29474, 0.0003, 0.0000
current_data: 2.4598, 200526, 31.9631, 52954.6780
current_data: 2.3750, 2201904, 9.1908, 12261.9452
current_data: 1.1180, 6104141, 4.2132, 3285.6438
current_data: 0.4319, 21119543, 78.2987, 18810.1076
current_data: 2.5467, 28923, 0.0003, 0.0000
current_data: 2.4548, 195414, 31.9657, 52790.9271
current_data: 2.2887, 2079416, 10.4024, 13428.2018
current_data: 1.1185, 6088615, 4.1956, 3268.7687
current_data: 0.4324, 21259657, 78.2688, 18940.7334
current_data: 2.5477, 29094, 0.0003, 0.0000
current_data: 2.4614, 199778, 31.9658, 53192.8044
current_data: 2.3770, 2304602, 9.1816, 12410.6960
current_data: 1.1178, 6084513, 4.2275, 3347.5192
current_data: 0.4320, 21247995, 78.2708, 18791.3575
current_data: 2.5472, 32917, 0.0004, 0.0000
current_data: 2.4604, 215181, 31.9638, 53213.4295
current_data: 2.3740, 2302098, 9.1737, 12408.1960
current_data: 1.1146, 6044460, 4.2302, 3295.0189
current_data: 0.4319, 21325227, 78.2918, 18848.2329
current_data: 2.5465, 32891, 0.0004, 0.0000
current_data: 2.4479, 207689, 31.9630, 53083.4287
current_data: 2.2792, 2196288, 10.4873, 13554.4526
current_data: 1.1227, 6155935, 4.2497, 3437.5197
current_data: 0.4349, 21462165, 78.2781, 19148.2346
current_data: 2.5479, 28481, 0.0003, 0.6250
current_data: 2.1638, 216096, 33.6860, 48586.5280
current_data: 2.3868, 2320839, 9.1636, 12498.8215
current_data: 1.1284, 6213204, 4.1976, 3340.0191
current_data: 0.4390, 21730110, 78.2745, 19422.6111
current_data: 2.5475, 27851, 0.0002, 0.0000
current_data: 2.1737, 218638, 34.2670, 45488.3853
current_data: 2.2995, 2268146, 10.4578, 13736.3286
current_data: 1.1250, 6130661, 4.2723, 3456.2698
current_data: 0.4391, 21695160, 78.3180, 19373.8609
current_data: 2.5472, 30790, 0.0005, 0.0000
current_data: 2.1741, 224111, 34.2669, 45487.7603
current_data: 2.3460, 2316995, 9.9222, 12555.6968
current_data: 1.1278, 6224660, 4.2557, 3481.2699
current_data: 0.4396, 21819160, 78.3042, 19409.4861
current_data: 2.5464, 30043, 0.0003, 0.0000
current_data: 2.1196, 241245, 34.2947, 44831.5065
current_data: 2.3971, 2270164, 9.0927, 12478.8214
current_data: 1.0989, 6099186, 4.0980, 3333.1441
current_data: 0.4186, 20883407, 78.3310, 18611.3565
current_data: 2.5453, 35804, 0.0006, 0.0000
current_data: 1.6747, 5279767, 32.3878, 56060.9458
current_data: 2.2390, 2137136, 10.4770, 13453.8270
current_data: 1.1203, 6215288, 4.1432, 3265.0187
current_data: 0.4337, 21617730, 78.3072, 19198.8599
current_data: 2.5456, 28296, 0.0002, 0.0000
current_data: 2.7626, 252802, 25.6225, 50693.4151
current_data: 2.3864, 2309473, 9.0913, 12451.9463
current_data: 1.1179, 6267818, 4.1739, 3438.7697
current_data: 0.4329, 19281092, 76.4616, 18865.7330
current_data: 2.5477, 30155, 0.0003, 0.0000
current_data: 2.6760, 265945, 25.1170, 48967.7802
current_data: 2.3826, 2239756, 9.1409, 12437.5712
current_data: 1.0951, 6090323, 4.1694, 3299.3939
current_data: 0.4150, 20866687, 78.0482, 18445.7305
current_data: 2.5474, 28784, 0.0002, 1.2500
current_data: 2.1993, 200645, 26.4917, 59791.5921
current_data: 2.2363, 2150691, 10.4644, 13429.4518
current_data: 1.0915, 6034809, 4.2194, 3299.3939
current_data: 0.4154, 20837935, 78.0505, 18330.1049
current_data: 2.5469, 29244, 0.0003, 0.0000
current_data: 2.2043, 202263, 26.4885, 59875.9676
current_data: 2.3293, 2205846, 9.1849, 12296.3204
current_data: 1.0973, 6144320, 4.2058, 3303.7689
current_data: 0.4188, 21077281, 78.0522, 18525.7310
current_data: 2.5474, 28024, 0.0002, 0.0000
current_data: 2.2482, 215469, 27.8929, 58345.3339
current_data: 2.2889, 2074878, 9.8739, 13570.0776
current_data: 1.1188, 6251084, 4.1799, 3354.3942
current_data: 0.4322, 21834568, 78.0565, 19263.2352
current_data: 2.5474, 29204, 0.0003, 0.0000
current_data: 2.4591, 193129, 31.9726, 54217.1852
current_data: 2.2919, 2146128, 10.4118, 13523.8274
current_data: 1.1106, 6076324, 4.2866, 3463.1448
current_data: 0.4321, 21834967, 78.0101, 19119.4844
current_data: 2.5463, 33089, 0.0004, 0.0000
current_data: 2.4501, 207932, 31.9676, 53940.3086
current_data: 2.3814, 2253320, 9.1048, 12483.1964
current_data: 1.1075, 6033357, 4.2961, 3553.1453
current_data: 0.4315, 21794765, 78.0452, 19071.9841
current_data: 2.5470, 34274, 0.0005, 0.0000
current_data: 2.4539, 215022, 31.9660, 54023.4341
current_data: 2.3014, 2149496, 10.1913, 13633.8280
current_data: 1.1209, 6244823, 4.1820, 3317.5190
current_data: 0.4324, 21801870, 78.0697, 19175.1097
current_data: 2.5466, 29003, 0.0002, 0.0000
current_data: 2.4570, 192154, 31.9688, 54061.5593
current_data: 2.2891, 2276555, 10.3686, 13765.0788
current_data: 1.1220, 6269821, 4.1171, 3326.2690
current_data: 0.4324, 21893138, 78.0162, 19248.2351
current_data: 2.5451, 30313, 0.0002, 0.0000
current_data: 2.4586, 199655, 31.9684, 54260.9355
current_data: 2.3808, 2306955, 9.1811, 12593.8221
current_data: 1.1245, 6266211, 4.0952, 3283.1438
current_data: 0.4321, 21792738, 78.0344, 19125.1094
current_data: 2.5471, 28203, 0.0003, 0.0000
current_data: 2.4597, 195304, 31.9689, 54109.0596
current_data: 2.3200, 2104830, 9.9174, 13738.2036
current_data: 1.1220, 6239653, 4.1898, 3480.0199
current_data: 0.4320, 21812656, 78.0566, 19148.8596
current_data: 2.5487, 29906, 0.0003, 0.0000
current_data: 2.4505, 193449, 31.9697, 53981.5589
current_data: 2.2942, 2160152, 10.3747, 13776.9538
current_data: 1.1210, 6245788, 4.1709, 3415.0195
current_data: 0.4324, 21801663, 78.0286, 19126.9844
current_data: 2.5471, 28975, 0.0003, 0.0000
current_data: 2.4610, 192930, 31.9673, 54096.5595
current_data: 2.3928, 2221305, 9.1261, 12561.3219
current_data: 1.1214, 6284067, 4.2651, 3476.8949
current_data: 0.4343, 19651442, 75.8309, 18738.2322
current_data: 2.5465, 31560, 0.0004, 0.0000
current_data: 2.3785, 221552, 25.9817, 44932.1321
current_data: 2.3489, 2204265, 9.5719, 13638.8280
current_data: 1.1241, 6291762, 4.1976, 3370.0193
current_data: 0.4357, 22021226, 78.0661, 19353.8607
current_data: 2.5470, 32302, 0.0003, 0.0000
current_data: 2.5203, 199265, 24.9800, 45187.7586
current_data: 2.3037, 2239796, 10.3494, 13723.8285
current_data: 1.1217, 6254776, 4.2690, 3391.2694
current_data: 0.4361, 21911071, 78.0453, 19153.2346
current_data: 2.5462, 36064, 0.0005, 0.0000
current_data: 2.5489, 214218, 24.9752, 45387.1347
current_data: 2.3942, 2293266, 9.0741, 12473.8214
current_data: 1.1168, 6173306, 4.2416, 3431.8946
current_data: 0.4366, 22016479, 78.0292, 19284.4853
current_data: 2.5465, 35796, 0.0004, 0.0000
current_data: 2.5411, 220260, 24.9702, 45442.7600
current_data: 2.3853, 2330822, 9.1031, 12858.1986
current_data: 1.1221, 6242511, 4.2330, 3255.6436
current_data: 0.4370, 21995898, 78.0404, 19388.8609
current_data: 2.5476, 31024, 0.0003, 0.0000
current_data: 2.5258, 210287, 24.9719, 45079.0079
current_data: 2.3028, 2224769, 10.3932, 13758.8287
current_data: 1.1246, 6225415, 4.1498, 3340.0191
current_data: 0.4371, 21981144, 78.0575, 19407.6111
current_data: 2.5469, 31584, 0.0003, 0.0000
current_data: 2.5503, 206476, 24.9758, 45523.3855
current_data: 2.3916, 2317055, 9.1771, 12591.9471
current_data: 1.1191, 6214307, 4.2406, 3533.1452
current_data: 0.4367, 22062508, 77.9906, 19260.7352
current_data: 2.5469, 32872, 0.0003, 0.0000
current_data: 2.5479, 218996, 24.9747, 45594.0109
current_data: 2.3965, 2227518, 9.1048, 12455.6963
current_data: 1.1196, 6170530, 4.1619, 3404.3945
current_data: 0.4367, 22041755, 78.0099, 19403.8610
current_data: 2.5463, 33120, 0.0003, 0.0000
current_data: 2.5299, 223089, 24.9711, 45242.1339
current_data: 2.2963, 2301662, 10.3210, 13672.5782
current_data: 1.1213, 6241608, 4.1638, 3350.6442
current_data: 0.4358, 22004687, 78.0781, 19393.2360
current_data: 2.5481, 30607, 0.0003, 0.6250
current_data: 2.2817, 245344, 30.3070, 48973.4052
current_data: 2.3933, 2269425, 9.1326, 12598.8221
current_data: 1.1208, 6287470, 4.1903, 3382.5194
current_data: 0.4338, 21890244, 78.0471, 19220.1100
current_data: 2.5474, 30502, 0.0003, 0.0000
current_data: 2.4555, 213804, 31.9670, 54009.6840
current_data: 2.3876, 2216964, 9.1431, 12527.5717
current_data: 1.1195, 6268032, 4.2085, 3405.6445
current_data: 0.4336, 21866384, 78.0813, 19286.3604
current_data: 2.5480, 29489, 0.0002, 0.0000
current_data: 2.4484, 206624, 31.9676, 53865.9332
current_data: 2.2921, 2161362, 10.3685, 13681.9533
current_data: 1.1216, 6259672, 4.1848, 3381.8944
current_data: 0.4341, 21882974, 78.0757, 19224.4850
current_data: 2.5470, 30875, 0.0003, 0.0000
current_data: 2.4559, 213081, 31.9655, 54008.4340
current_data: 2.3856, 2228697, 9.1367, 12556.9469
current_data: 1.1178, 6275296, 4.1998, 3358.1442
current_data: 0.4339, 21933458, 78.0314, 19271.3603
current_data: 2.5474, 29581, 0.0002, 0.0000
current_data: 2.4531, 210355, 31.9670, 54097.8096
current_data: 2.3928, 2199364, 9.0988, 12533.1967
current_data: 1.1213, 6247358, 4.0511, 3318.7690
current_data: 0.4336, 19635165, 75.8893, 18703.2320
current_data: 2.5473, 29414, 0.0002, 0.0000
current_data: 2.4557, 209425, 31.9686, 54008.4340
current_data: 2.2949, 2286114, 10.3335, 13679.4533
current_data: 1.1172, 6208610, 4.2563, 3428.1446
current_data: 0.4339, 21888923, 78.0382, 19278.2353
current_data: 2.5463, 30520, 0.0003, 0.0000
current_data: 2.4593, 210457, 31.9669, 54078.4344
current_data: 2.3922, 2333804, 9.0616, 12468.1963
current_data: 1.1183, 6229646, 4.2321, 3380.6443
current_data: 0.4333, 21852656, 78.0403, 19183.2348
current_data: 2.5466, 29455, 0.0003, 0.0000
current_data: 2.4484, 201429, 31.9685, 53824.0580
current_data: 2.3884, 2337209, 9.1179, 12527.5717
current_data: 1.1226, 6250154, 4.1770, 3352.5192
current_data: 0.4346, 21929030, 78.0735, 19276.9853
current_data: 2.5468, 30032, 0.0003, 0.0000
current_data: 2.2201, 231164, 33.2773, 50908.4163
current_data: 2.3052, 2225925, 10.3770, 13751.9537
current_data: 1.1302, 6337960, 4.2404, 3429.3946
current_data: 0.4407, 22287008, 78.0622, 19629.4873
current_data: 2.5474, 29798, 0.0002, 0.0000
current_data: 2.1744, 227998, 34.2699, 46158.3891
current_data: 2.4107, 2319092, 9.0893, 12590.0720
current_data: 1.1288, 6312443, 4.1816, 3321.8940
current_data: 0.4408, 22215773, 78.0354, 19511.3616
current_data: 2.5471, 31309, 0.0003, 0.6250
current_data: 2.1729, 224654, 34.2729, 45776.5119
current_data: 2.4063, 2260109, 9.1451, 12469.4464
current_data: 1.1258, 6066062, 4.2161, 3285.0188
current_data: 0.4407, 21723842, 78.0358, 19076.9842
current_data: 2.5469, 34172, 0.0005, 0.0000
current_data: 2.1121, 251893, 34.3656, 44192.1279
current_data: 2.3079, 2188120, 10.3776, 13599.4528
current_data: 1.0965, 5996531, 4.3047, 3363.7692
current_data: 0.4239, 21243450, 78.0099, 18681.9819
current_data: 2.5464, 35076, 0.0004, 0.0000
current_data: 1.6891, 5744522, 32.1478, 52767.8019
current_data: 2.3534, 2196684, 9.1537, 12337.5706
current_data: 1.1126, 6158852, 4.1940, 3225.6435
current_data: 0.4310, 21688824, 78.0486, 18978.2336
current_data: 2.5471, 31416, 0.0003, 0.0000
current_data: 2.7518, 290934, 25.5014, 52051.5478
current_data: 2.3161, 2153487, 9.9406, 13651.9531
current_data: 1.1201, 6208405, 4.2448, 3403.1445
current_data: 0.4351, 21871597, 78.0363, 19224.4850
current_data: 2.5480, 29528, 0.0003, 0.0000
current_data: 2.7189, 256079, 25.0568, 48796.5292
current_data: 2.3092, 2161384, 10.3693, 13418.2018
current_data: 1.0964, 6107319, 4.1125, 3178.1432
current_data: 0.4178, 21033918, 78.0664, 18448.2306
current_data: 2.5467, 30844, 0.0004, 0.0000
current_data: 2.1913, 221269, 26.5980, 59889.0927
current_data: 2.3413, 2309234, 9.1691, 12359.4457
current_data: 1.0912, 6072183, 4.1989, 3219.3934
current_data: 0.4166, 20912691, 78.0315, 18328.2299
current_data: 2.5468, 29699, 0.0002, 0.0000
current_data: 2.2000, 206588, 26.4874, 59783.4671
current_data: 2.2511, 2103674, 10.4527, 13476.3271
current_data: 1.0897, 5950632, 4.2489, 3369.3943
current_data: 0.4180, 20962082, 78.0255, 18481.3558
current_data: 2.5469, 32961, 0.0004, 0.0000
current_data: 2.2072, 241443, 26.9460, 58958.4624
current_data: 2.3468, 2230880, 9.1558, 12315.0705
current_data: 1.1179, 6218587, 4.1807, 3253.7686
current_data: 0.4406, 20494632, 76.1959, 19081.3592
current_data: 2.5480, 28724, 0.0002, 0.0000
current_data: 2.4549, 195440, 31.9706, 53735.9325
current_data: 2.3880, 2260651, 9.1399, 12414.4460
current_data: 1.1213, 6265229, 4.1742, 3305.0189
current_data: 0.4337, 21751498, 78.0462, 19126.3594
current_data: 2.5474, 27968, 0.0002, 0.0000
current_data: 2.4488, 196901, 31.9712, 53528.4313
current_data: 2.2961, 2253440, 10.3540, 13679.4533
current_data: 1.1197, 6245197, 4.2221, 3539.3953
current_data: 0.4341, 21762221, 78.0422, 19135.1095
current_data: 2.5472, 28590, 0.0003, 0.0000
current_data: 2.4579, 194903, 31.9700, 53735.3075
current_data: 2.3923, 2245866, 9.1172, 12467.5713
current_data: 1.1212, 6249302, 4.1618, 3376.2693
current_data: 0.4334, 21799883, 78.0631, 19140.1095
current_data: 2.5481, 29640, 0.0002, 0.0000
current_data: 2.4544, 193614, 31.9692, 53882.1833
current_data: 2.3425, 2115229, 9.6885, 13660.0782
current_data: 1.1216, 6279500, 4.1439, 3403.1445
current_data: 0.4339, 21853974, 78.0445, 19301.9854
current_data: 2.5474, 29629, 0.0003, 0.0000
current_data: 2.4553, 193522, 31.9711, 54029.0592
current_data: 2.3001, 2213853, 10.3640, 13803.8290
current_data: 1.1201, 6222426, 4.2344, 3408.7695
current_data: 0.4339, 21887488, 78.0205, 19186.9848
current_data: 2.5480, 29179, 0.0002, 0.0000
current_data: 2.4597, 197501, 31.9717, 54086.5595
current_data: 2.3922, 2298250, 9.1631, 12575.0720
current_data: 1.1193, 6244692, 4.1244, 3353.7692
current_data: 0.4334, 21908568, 78.0231, 19250.7352
current_data: 2.5456, 34414, 0.0004, 0.0000
current_data: 2.4509, 211847, 31.9692, 54038.4342
current_data: 2.3331, 2109729, 9.8178, 13796.3289
current_data: 1.1116, 6152003, 4.3271, 3461.2698
current_data: 0.4337, 21860673, 78.0433, 19282.6103
current_data: 2.5464, 34463, 0.0005, 0.0000
current_data: 2.4558, 213015, 31.9674, 53952.8087
current_data: 2.2785, 2201291, 10.4387, 12995.0744
current_data: 1.1224, 6215526, 4.1471, 3370.0193
current_data: 0.4367, 22074870, 78.0168, 19330.1106
current_data: 2.5476, 30357, 0.0003, 0.0000
current_data: 2.3058, 220558, 27.4894, 45699.0115
current_data: 2.3701, 2267328, 9.1423, 12498.8215
current_data: 1.1239, 6273742, 4.1140, 3410.6445
current_data: 0.4364, 21980841, 78.0513, 19297.6104
current_data: 2.5460, 34421, 0.0004, 1.2500
current_data: 2.5167, 224505, 24.9770, 45011.5076
current_data: 2.2773, 2210248, 10.4164, 13640.7031
current_data: 1.1244, 6278746, 4.2102, 3361.2692
current_data: 0.4368, 22039483, 78.0551, 19321.9856
current_data: 2.5463, 31791, 0.0003, 0.0000
current_data: 2.5495, 222792, 24.9755, 45609.0110
current_data: 2.3726, 2231227, 9.1480, 12483.8214
current_data: 1.1245, 6267601, 4.1882, 3453.7698
current_data: 0.4372, 22035467, 78.0108, 19305.7355
current_data: 2.5471, 29763, 0.0002, 0.0000
current_data: 2.5434, 219550, 24.9722, 45427.7599
current_data: 2.3684, 2185196, 9.1328, 12416.9461
current_data: 1.1236, 6286581, 4.2385, 3485.0199
current_data: 0.4356, 19864252, 75.7207, 18808.2326
current_data: 2.5473, 30923, 0.0003, 0.0000
current_data: 2.5214, 216643, 24.9724, 45166.5084
current_data: 2.2832, 2219205, 10.3528, 13615.0779
current_data: 1.1223, 6221722, 4.2032, 3400.0195
current_data: 0.4365, 21987284, 78.0555, 19365.1108
current_data: 2.5476, 28306, 0.0002, 0.0000
current_data: 2.5477, 217926, 24.9755, 45545.8856
current_data: 2.3728, 2254517, 9.0582, 12375.0708
current_data: 1.1243, 6275930, 4.1679, 3427.5196
current_data: 0.4362, 21971825, 78.0569, 19334.4856
current_data: 2.5479, 28600, 0.0003, 0.0000
current_data: 2.5434, 212895, 24.9771, 45437.1350
current_data: 2.3713, 2322998, 9.0908, 12339.4456
current_data: 1.1221, 6269772, 4.2228, 3382.5194
current_data: 0.4367, 22047247, 78.0546, 19326.3606
current_data: 2.5470, 30214, 0.0003, 0.6250
current_data: 2.5180, 212469, 24.9747, 45132.1332
current_data: 2.2824, 2192214, 10.3767, 13659.4532
current_data: 1.1267, 6263475, 4.0748, 3315.0190
current_data: 0.4360, 21976782, 78.0517, 19391.9860
current_data: 2.5470, 30578, 0.0003, 0.0000
current_data: 2.2994, 255491, 28.4832, 46793.3928
current_data: 2.3768, 2269263, 9.1561, 12539.4468
current_data: 1.1211, 6235030, 4.1297, 3410.0195
current_data: 0.4332, 21847186, 78.0487, 19233.2351
current_data: 2.5471, 30168, 0.0003, 0.0000
current_data: 2.4524, 227296, 31.9669, 53980.9339
current_data: 2.3122, 2077171, 9.8620, 13653.8281
current_data: 1.1161, 6166389, 4.1944, 3363.7692
current_data: 0.4339, 21904388, 77.9880, 19150.1096
current_data: 2.5470, 31319, 0.0003, 0.0000
current_data: 2.4504, 222196, 31.9651, 53883.4333
current_data: 2.3015, 2302908, 10.2658, 12925.6990
current_data: 1.1194, 6226497, 4.1838, 3416.8946
current_data: 0.4338, 21898577, 78.0396, 19298.2354
current_data: 2.5465, 31810, 0.0004, 0.0000
current_data: 2.4553, 228054, 31.9632, 54026.5591
current_data: 2.3660, 2263903, 9.0819, 12399.4460
current_data: 1.1151, 6178196, 4.1932, 3242.5186
current_data: 0.4332, 21838375, 78.0264, 19329.4856
current_data: 2.5465, 33475, 0.0004, 0.0000
current_data: 2.4495, 226582, 31.9651, 53847.8081
current_data: 2.2802, 2112289, 10.3461, 13606.3279
current_data: 1.1160, 6206485, 4.2234, 3428.1446
current_data: 0.4338, 21951129, 78.0374, 19263.8602
current_data: 2.5473, 29499, 0.0003, 0.0000
current_data: 2.4543, 214676, 31.9689, 54122.1847
current_data: 2.3756, 2287719, 9.0548, 12426.9461
current_data: 1.1213, 6286455, 4.1501, 3341.2691
current_data: 0.4337, 21854374, 78.0657, 19185.1098
current_data: 2.5470, 28895, 0.0002, 0.0000
current_data: 2.4586, 212671, 31.9691, 54070.9344
current_data: 2.3711, 2329685, 9.1070, 12405.0710
current_data: 1.1180, 6242208, 4.2046, 3462.5198
current_data: 0.4330, 21867324, 78.0519, 19055.1090
current_data: 2.5471, 29869, 0.0004, 0.0000
current_data: 2.4461, 209017, 31.9684, 53862.8082
current_data: 2.2806, 2198793, 10.3741, 13671.9532
current_data: 1.1217, 6291837, 4.1597, 3348.1442
current_data: 0.4340, 21925887, 78.0210, 19260.1102
current_data: 2.5473, 28483, 0.0002, 0.0000
current_data: 2.4238, 205198, 31.9402, 53486.5561
current_data: 2.3785, 2218719, 9.1427, 12451.9463
current_data: 1.1301, 6289962, 4.0409, 3223.7684
current_data: 0.4410, 19982034, 76.0529, 18934.4833
current_data: 2.5467, 34564, 0.0005, 0.0000
current_data: 2.1712, 245868, 34.2677, 45855.8874
current_data: 2.3839, 2282309, 9.0761, 12348.8207
current_data: 1.1281, 6320900, 4.2269, 3321.8940
current_data: 0.4410, 22247616, 78.0084, 19523.8617
current_data: 2.5463, 32404, 0.0003, 0.0000
current_data: 2.1729, 238530, 34.2630, 46037.1384
current_data: 2.2998, 2215889, 10.3155, 13654.4531
current_data: 1.1312, 6302630, 4.1366, 3361.2692
current_data: 0.4410, 22234839, 78.0594, 19580.7370
current_data: 2.5471, 29097, 0.0002, 0.6250
current_data: 2.1109, 237057, 34.4431, 45150.2584
current_data: 2.3907, 2225221, 9.0977, 12483.1964
current_data: 1.1111, 6219513, 4.1103, 3385.6444
current_data: 0.4280, 21588310, 78.0631, 18949.4834
current_data: 2.5473, 30532, 0.0003, 0.0000
current_data: 1.6790, 5674968, 33.8896, 50355.9131
current_data: 2.3122, 2070464, 9.5637, 13463.8270
current_data: 1.1115, 6236426, 4.1354, 3228.1435
current_data: 0.4286, 21703662, 78.0496, 19155.7346
current_data: 2.5469, 29275, 0.0003, 0.0000
current_data: 2.6627, 336964, 25.6156, 54080.9345
current_data: 2.3022, 2303228, 10.1062, 12692.5726
current_data: 1.1212, 6291946, 4.2725, 3361.8942
current_data: 0.4350, 21931670, 78.0397, 19218.2350
current_data: 2.5476, 28955, 0.0003, 0.0000
current_data: 2.7270, 273433, 25.1419, 49277.7820
current_data: 2.3798, 2205385, 9.0706, 12398.1959
current_data: 1.1010, 6124037, 4.1556, 3361.2692
current_data: 0.4200, 21175246, 78.0440, 18592.6064
current_data: 2.5475, 29977, 0.0004, 0.6250
current_data: 2.2296, 244963, 26.4601, 57949.0816
current_data: 2.2412, 2197794, 10.3747, 13406.9517
current_data: 1.0934, 6145911, 4.2196, 3365.0193
current_data: 0.4171, 21119427, 78.0352, 18605.1065
current_data: 2.5472, 32393, 0.0004, 0.0000
current_data: 2.2036, 216879, 26.4866, 60430.3458
current_data: 2.3282, 2325720, 9.0946, 12286.9453
current_data: 1.0857, 6033883, 4.3408, 3441.8947
current_data: 0.4162, 20970662, 78.0375, 18493.8558
current_data: 2.5461, 32479, 0.0004, 0.0000
current_data: 2.2022, 232091, 26.4791, 60012.2184
current_data: 2.3235, 2248803, 9.1433, 12173.8197
current_data: 1.1236, 6301210, 4.1689, 3468.1448
current_data: 0.4342, 21883629, 78.0471, 19172.6097
current_data: 2.5474, 29439, 0.0003, 0.6250
current_data: 2.4584, 197882, 31.9701, 54087.1845
current_data: 2.2853, 2156161, 10.3450, 13611.9529
current_data: 1.1215, 6281733, 4.1577, 3328.7690
current_data: 0.4341, 21945814, 78.0371, 19213.8599
current_data: 2.5473, 28291, 0.0002, 0.0000
current_data: 2.4537, 195722, 31.9699, 54097.8096
current_data: 2.3745, 2331104, 9.1065, 12433.1961
current_data: 1.1219, 6262594, 4.1879, 3306.8939
current_data: 0.4337, 21872993, 78.0450, 19193.8598
current_data: 2.5471, 29721, 0.0003, 0.0000
current_data: 2.4573, 197010, 31.9683, 54016.5591
current_data: 2.2822, 2216417, 10.3925, 13626.9530
[32m[info] [src/pairwise_allocator.cpp:allocating:1174] Will begin allocating cache, allocation_ready_queue size 1, allocation_complete_queue size 4
[mcurrent_data: 1.0520, 995236, 5.7178, 1078.1312
current_data: 0.4434, 6084226, 65.8696, 3823.1469
current_data: 2.5298, 9261, 0.0049, 0.0000
current_data: 0.9407, 152886, 31.3191, 4283.1495
current_data: 1.1653, 265276, 18.1699, 2601.2649
[32m[info] [src/pairwise_allocator.cpp:binary_serch_cache_roofline:462] descriptor COLS 4, find_cache_roofline_times: 1, roofline ipc: 0.9407, current ipc 0.9407, gap: 0.0000, lway: 1, rway: 14
[mcurrent_data: 1.0166, 843676, 6.1974, 990.6307
current_data: 0.4450, 5673974, 65.9503, 3628.7708
current_data: 2.5222, 10311, 0.0060, 3.7500
current_data: 0.9633, 313853, 30.4615, 4173.1489
current_data: 2.0994, 323842, 6.8147, 1596.2591
[32m[info] [src/pairwise_allocator.cpp:binary_serch_cache_roofline:462] descriptor COLS 4, find_cache_roofline_times: 2, roofline ipc: 0.9633, current ipc 0.9633, gap: 0.0000, lway: 1, rway: 7
[mcurrent_data: 1.0021, 753090, 6.2619, 833.1298
current_data: 0.4405, 5128017, 66.4970, 3313.1440
current_data: 2.5212, 11651, 0.0085, 4.3750
current_data: 0.9495, 196021, 30.9962, 3875.6472
current_data: 1.6272, 257657, 9.9060, 1898.7609
[32m[info] [src/pairwise_allocator.cpp:binary_serch_cache_roofline:462] descriptor COLS 4, find_cache_roofline_times: 3, roofline ipc: 0.9633, current ipc 0.9495, gap: 0.0144, lway: 1, rway: 4
[mcurrent_data: 1.0037, 741223, 6.2773, 905.6302
current_data: 0.4305, 4800822, 68.3701, 3164.3931
current_data: 2.5066, 14811, 0.0115, 0.0000
current_data: 0.9332, 96477, 31.5648, 3846.8970
current_data: 2.0389, 359226, 7.0776, 1545.0088
[32m[info] [src/pairwise_allocator.cpp:binary_serch_cache_roofline:462] descriptor COLS 4, find_cache_roofline_times: 4, roofline ipc: 0.9633, current ipc 0.9332, gap: 0.0313, lway: 1, rway: 2
[mcurrent_data: 1.0017, 727350, 6.0996, 875.6300
current_data: 0.4295, 4737723, 68.3384, 3147.5180
current_data: 2.5210, 10298, 0.0070, 0.0000
current_data: 0.9308, 57653, 31.7767, 3749.3965
current_data: 1.6697, 256909, 9.3266, 1718.1348
[32m[info] [src/pairwise_allocator.cpp:binary_serch_cache_roofline:462] descriptor COLS 4, find_cache_roofline_times: 5, roofline ipc: 0.9633, current ipc 0.9308, gap: 0.0338, lway: 1, rway: 1
[mcurrent_data: 1.0036, 725259, 6.3682, 926.8803
current_data: 0.4291, 4764853, 68.6232, 3163.7681
current_data: 2.5083, 15249, 0.0113, 0.0000
current_data: 0.9283, 29446, 31.9532, 3850.6470
current_data: 2.0804, 331859, 6.8086, 1580.6340
[32m[info] [src/pairwise_allocator.cpp:found_cache_roofline:405] Found_cache_roofline, obj_id 774182, roofline cache way: 1, roofline remain cache: 14, roofline cache bitmask: 0x7ffe
[m[32m[info] [src/pairwise_allocator.cpp:binary_serch_cache_roofline:462] descriptor COLS 4, find_cache_roofline_times: 6, roofline ipc: 0.9633, current ipc 0.9283, gap: 0.0363, lway: 1, rway: 1
[m[32m[info] [src/pairwise_allocator.cpp:allocating_cache:846] binary_serch_cache_roofline first pair success
[m[32m[info] [src/pairwise_allocator.cpp:pair_allocating_cache:770] pair_allocating_cache begin, allocating time: 0, descriptor roofline cache way: 1, system remain cache way: 4, complete queue size: 4
[m[32m[info] [src/pairwise_allocator.cpp:allocating_cache:852] Complete pair_allocating_cache, allocate cache ways: 1
[m[34m[critical] [src/pairwise_allocator.cpp:print_allocating_cache_results:815] print_allocating_cache_results: system remain cache: 3
[m[34m[critical] [src/pairwise_allocator.cpp:print_allocating_cache_results:818] obj: 771466, cache_way: 1, roofline cache way: 1
[m[34m[critical] [src/pairwise_allocator.cpp:print_allocating_cache_results:818] obj: 774192, cache_way: 2, roofline cache way: 2
[m[34m[critical] [src/pairwise_allocator.cpp:print_allocating_cache_results:818] obj: 771452, cache_way: 7, roofline cache way: 7
[m[34m[critical] [src/pairwise_allocator.cpp:print_allocating_cache_results:818] obj: 771457, cache_way: 1, roofline cache way: 1
[m[34m[critical] [src/pairwise_allocator.cpp:print_allocating_cache_results:823] obj: 774182, cache_way: 1, roofline cache way: 1
[mSKT0: MBA COS6 => 100% requested, 100% applied
current_data: 1.0535, 1049616, 5.1873, 943.1304
current_data: 0.4334, 5649729, 66.8192, 3685.6461
current_data: 2.5447, 6327, 0.0029, 0.0000
current_data: 1.8937, 63958, 31.2282, 9135.0523
current_data: 1.8648, 327679, 7.3482, 1816.2604
SKT0: MBA COS6 => 60% requested, 60% applied
[32m[info] [src/pairwise_allocator.cpp:binary_serch_mb_roofline:937] descriptor1 COLS 4, find_mb_roofline_time: 1, roofline mb: 9135.0523, current mb 9135.0523, gap: 0.0000, lmb_throttle: 20, rmb_throttle: 100
[mcurrent_data: 1.0363, 849803, 5.8525, 948.1304
current_data: 0.4452, 5498533, 65.8222, 3474.3949
current_data: 2.5452, 6183, 0.0029, 1.8750
current_data: 2.5822, 49303, 24.9695, 9222.5528
current_data: 1.8202, 346260, 9.3905, 1748.7600
SKT0: MBA COS6 => 40% requested, 40% applied
[32m[info] [src/pairwise_allocator.cpp:binary_serch_mb_roofline:937] descriptor1 COLS 4, find_mb_roofline_time: 2, roofline mb: 9222.5528, current mb 9222.5528, gap: 0.0000, lmb_throttle: 20, rmb_throttle: 60
[mcurrent_data: 1.0308, 807408, 5.8505, 958.1305
current_data: 0.4478, 5464535, 65.5122, 3435.6447
current_data: 2.5453, 6081, 0.0032, 0.0000
current_data: 2.2262, 40460, 24.9671, 7895.6702
current_data: 2.0636, 368722, 6.9813, 1696.2597
SKT0: MBA COS6 => 55% requested, 60% applied
[32m[info] [src/pairwise_allocator.cpp:binary_serch_mb_roofline:937] descriptor1 COLS 4, find_mb_roofline_time: 3, roofline mb: 9222.5528, current mb 7895.6702, gap: 0.1439, lmb_throttle: 50, rmb_throttle: 60
[mcurrent_data: 1.0262, 813195, 5.8588, 938.1304
current_data: 0.4445, 5456944, 65.8784, 3429.3946
current_data: 2.5382, 7660, 0.0049, 0.0000
current_data: 2.6036, 46300, 24.9749, 9319.4283
current_data: 1.2829, 251537, 17.4406, 2438.1390
SKT0: MBA COS6 => 50% requested, 50% applied
[32m[info] [src/pairwise_allocator.cpp:binary_serch_mb_roofline:937] descriptor1 COLS 4, find_mb_roofline_time: 4, roofline mb: 9319.4283, current mb 9319.4283, gap: 0.0000, lmb_throttle: 50, rmb_throttle: 60
[mcurrent_data: 1.0245, 797947, 6.0026, 935.0054
current_data: 0.4459, 5359298, 65.8068, 3434.3947
current_data: 2.5317, 8419, 0.0062, 5.6250
current_data: 2.5541, 41938, 24.9790, 9000.0515
current_data: 2.0749, 344416, 6.9292, 1702.5097
SKT0: MBA COS6 => 50% requested, 50% applied
[32m[info] [src/pairwise_allocator.cpp:binary_serch_mb_roofline:937] descriptor1 COLS 4, find_mb_roofline_time: 5, roofline mb: 9319.4283, current mb 9000.0515, gap: 0.0343, lmb_throttle: 50, rmb_throttle: 50
[mcurrent_data: 1.0229, 813515, 6.0915, 948.7554
current_data: 0.4459, 5489963, 65.7541, 3475.6449
current_data: 2.5288, 7734, 0.0050, 0.0000
current_data: 2.5547, 42846, 24.9778, 9156.3024
current_data: 1.1494, 216581, 18.3391, 2493.1393
[32m[info] [src/pairwise_allocator.cpp:found_mb_roofline:887] Fast found mb roofline, obj_id 774182, roofline mb: 9319.43 MB/s, roofline mb throttle: 50
[m[32m[info] [src/pairwise_allocator.cpp:binary_serch_mb_roofline:937] descriptor1 COLS 4, find_mb_roofline_time: 6, roofline mb: 9319.4283, current mb 9156.3024, gap: 0.0175, lmb_throttle: 50, rmb_throttle: 50
[m[32m[info] [src/pairwise_allocator.cpp:allocating_mb:1147] binary_serch_mb_roofline first pair success
[m[32m[info] [src/pairwise_allocator.cpp:pair_allocating_mb:1088] pair_allocating_mb begin, allocating times: 0, descriptor roofline mb throttle: 50, system remain mb: 101789.34 MB/s
[mSKT0: MBA COS4 => 20% requested, 20% applied
current_data: 1.0933, 1158923, 4.7941, 876.8800
current_data: 0.4505, 4755035, 77.4648, 4115.0235
current_data: 2.5462, 6114, 0.0004, 0.0000
current_data: 1.1124, 36208, 24.9562, 3981.2728
current_data: 2.6027, 465083, 6.6960, 1903.7609
[32m[info] [src/pairwise_allocator.cpp:pair_allocating_mb:1088] pair_allocating_mb begin, allocating times: 1, descriptor roofline mb throttle: 50, system remain mb: 101789.34 MB/s
[mSKT0: MBA COS4 => 30% requested, 30% applied
current_data: 1.1147, 957523, 4.4925, 577.5033
current_data: 0.4429, 3566235, 77.6485, 3113.1428
current_data: 2.5468, 4926, 0.0002, 0.0000
current_data: 1.6821, 31444, 24.9569, 4793.7774
current_data: 2.2982, 275880, 9.2174, 2443.1390
[32m[info] [src/pairwise_allocator.cpp:pair_allocating_mb:1088] pair_allocating_mb begin, allocating times: 2, descriptor roofline mb throttle: 50, system remain mb: 101789.34 MB/s
[mSKT0: MBA COS4 => 40% requested, 40% applied
current_data: 1.1220, 981431, 4.5229, 556.8782
current_data: 0.4411, 3585438, 77.7049, 3096.8927
current_data: 2.5469, 4994, 0.0002, 0.0000
current_data: 2.2269, 31735, 24.9652, 6390.0366
current_data: 2.5973, 347612, 6.9083, 1587.5091
[32m[info] [src/pairwise_allocator.cpp:pair_allocating_mb:1088] pair_allocating_mb begin, allocating times: 3, descriptor roofline mb throttle: 50, system remain mb: 101789.34 MB/s
[mSKT0: MBA COS4 => 50% requested, 50% applied
current_data: 1.1145, 961537, 4.1823, 536.8781
current_data: 0.4371, 3502636, 77.7508, 3062.5175
current_data: 2.5466, 5585, 0.0007, 0.0000
current_data: 2.5518, 34861, 24.9692, 7246.2915
current_data: 2.5501, 391395, 7.0596, 1611.2592
[32m[info] [src/pairwise_allocator.cpp:pair_allocating_mb:1088] pair_allocating_mb begin, allocating times: 4, descriptor roofline mb throttle: 50, system remain mb: 101789.34 MB/s
[m[32m[info] [src/pairwise_allocator.cpp:allocating_fit_mb:958] Will allocating_fit_mb mb throttle: 50
[mSKT0: MBA COS4 => 50% requested, 50% applied
current_data: 1.1238, 817975, 4.3294, 491.2528
current_data: 0.4385, 3506359, 77.8060, 2986.8921
current_data: 2.5487, 4864, 0.0003, 0.0000
current_data: 2.5602, 36752, 24.9767, 7296.2917
current_data: 2.2225, 415431, 12.7197, 2118.1371
[32m[info] [src/pairwise_allocator.cpp:allocating_mb:1121] Allocate mb: 7296.29 MB/s, mb_throttle: 50
[mcurrent_data: 1.1172, 990902, 4.2138, 516.8780
current_data: 0.4375, 3470508, 77.9041, 3013.7672
current_data: 2.5457, 4636, 0.0001, 0.0000
current_data: 2.5501, 32931, 24.9767, 7171.2910
current_data: 2.5676, 417984, 6.9275, 1637.5094
current_data: 1.1230, 6095630, 4.2495, 3243.7686
current_data: 0.4370, 21398995, 77.9389, 18618.2315
current_data: 2.5479, 28191, 0.0002, 0.0000
current_data: 2.5437, 211173, 24.9733, 44127.1275
current_data: 2.3095, 2100490, 10.4231, 13040.6996
current_data: 1.1233, 6014532, 4.2357, 3340.0191
current_data: 0.4366, 21372228, 77.9989, 18569.4813
current_data: 2.5469, 27967, 0.0002, 0.0000
current_data: 2.5452, 202978, 24.9747, 44169.6277
current_data: 2.3792, 2230325, 9.1919, 12233.8200
current_data: 1.1204, 6050912, 4.1993, 3171.2681
current_data: 0.4367, 21326399, 78.0048, 18683.2319
current_data: 2.5465, 27387, 0.0003, 0.0000
current_data: 2.5249, 197151, 24.9730, 43657.1248
current_data: 2.3392, 2264938, 9.8813, 12395.0709
current_data: 1.1194, 6026678, 4.1736, 3250.0186
current_data: 0.4342, 21203741, 77.9835, 18453.8556
current_data: 2.5468, 29941, 0.0004, 0.0000
current_data: 2.2842, 205838, 32.8784, 50780.2906
current_data: 2.3723, 2219407, 9.1598, 12246.3201
current_data: 1.1216, 6039936, 4.1485, 3296.2689
current_data: 0.4338, 21239432, 78.0179, 18620.1065
current_data: 2.5480, 27526, 0.0002, 0.0000
current_data: 2.4568, 190535, 31.9680, 52448.4251
current_data: 2.3783, 2193130, 9.0968, 12176.3197
current_data: 1.1199, 6040192, 4.1374, 3151.2680
current_data: 0.4337, 21189107, 78.0337, 18621.3566
current_data: 2.5477, 28183, 0.0002, 0.0000
current_data: 2.4559, 190354, 31.9679, 52320.9244
current_data: 2.3759, 2236130, 9.1488, 12237.5700
current_data: 1.1152, 5911328, 4.2252, 3330.6441
current_data: 0.4333, 21246117, 78.0437, 18547.6061
current_data: 2.5460, 38925, 0.0006, 0.0000
current_data: 2.4563, 219320, 31.9639, 52512.1755
current_data: 2.3716, 2229687, 9.2006, 12205.0698
current_data: 1.1093, 5899453, 4.2041, 3398.1444
current_data: 0.4334, 21397768, 77.9953, 18638.8567
current_data: 2.5465, 32515, 0.0004, 0.6250
current_data: 2.4550, 228634, 31.9589, 52862.1775
current_data: 2.3704, 2223812, 9.1799, 12261.9452
current_data: 1.1158, 6066638, 4.2480, 3283.7688
current_data: 0.4336, 21385612, 78.0550, 18641.9817
current_data: 2.5481, 29522, 0.0003, 0.0000
current_data: 2.4593, 205946, 31.9657, 52922.8028
current_data: 2.3638, 2280778, 9.3131, 12235.6950
current_data: 1.1195, 6071988, 4.1673, 3345.6441
current_data: 0.4337, 21420962, 78.0391, 18666.9818
current_data: 2.5471, 29558, 0.0003, 0.0000
current_data: 2.4617, 203845, 31.9632, 53070.9287
current_data: 2.3785, 2230194, 9.1030, 12267.5702
current_data: 1.1206, 6147246, 4.2534, 3415.6445
current_data: 0.4325, 21469869, 77.9694, 18764.4824
current_data: 2.5456, 29181, 0.0003, 0.0000
current_data: 2.4489, 196809, 31.9643, 53079.6787
current_data: 2.2857, 2149395, 10.3814, 13519.4524
current_data: 1.1257, 6180418, 4.1825, 3253.1436
current_data: 0.4445, 20590422, 76.4265, 19137.6095
current_data: 2.5469, 28475, 0.0002, 0.0000
current_data: 2.2278, 202613, 33.1101, 50398.4134
current_data: 2.3802, 2197350, 9.1488, 12323.8205
current_data: 1.1298, 6176252, 4.1685, 3270.6437
current_data: 0.4400, 21873480, 78.0447, 19282.6103
current_data: 2.5479, 29285, 0.0004, 0.6250
current_data: 2.1738, 202634, 34.2706, 45317.7593
current_data: 2.2980, 2190331, 10.3837, 13556.3276
current_data: 1.1314, 6220752, 4.1456, 3303.1439
current_data: 0.4406, 21884154, 78.0587, 19217.6100
current_data: 2.5470, 28233, 0.0002, 0.0000
current_data: 2.1754, 208668, 34.2661, 45446.5100
current_data: 2.3998, 2249465, 9.0794, 12397.5709
current_data: 1.1308, 6232858, 4.1690, 3310.0189
current_data: 0.4401, 21969676, 78.0636, 19347.6107
current_data: 2.5477, 28828, 0.0002, 0.0000
current_data: 2.1101, 223257, 34.4064, 44659.6305
current_data: 2.3188, 2072628, 10.1577, 13567.5776
current_data: 1.1113, 6159081, 4.1531, 3269.3937
current_data: 0.4260, 21324162, 78.0848, 18906.9832
current_data: 2.5478, 31189, 0.0003, 0.0000
current_data: 1.6854, 5668465, 33.1801, 51262.1683
current_data: 2.3599, 2319548, 9.0893, 12340.6956
current_data: 1.1163, 6218807, 4.1293, 3343.7691
current_data: 0.4292, 21537343, 78.0269, 18898.8581
current_data: 2.5473, 29379, 0.0003, 0.0000
current_data: 2.6985, 312199, 25.5740, 53010.9283
current_data: 2.3765, 2259877, 9.1026, 12368.8208
current_data: 1.1238, 6275415, 4.1868, 3283.7688
current_data: 0.4343, 21763285, 78.0701, 19180.7348
current_data: 2.5474, 29932, 0.0003, 0.0000
current_data: 2.7171, 275097, 25.1131, 48754.6540
current_data: 2.2945, 2106816, 10.3422, 13538.8275
current_data: 1.0981, 6108619, 4.2669, 3356.8942
current_data: 0.4193, 21067848, 78.0609, 18553.2312
current_data: 2.5483, 29194, 0.0003, 0.0000
current_data: 2.2095, 226674, 26.5301, 58042.8321
current_data: 2.3407, 2262977, 9.1067, 12268.8202
current_data: 1.0913, 6046728, 4.1930, 3190.0183
current_data: 0.4160, 20875365, 78.0495, 18256.9795
current_data: 2.5473, 29853, 0.0003, 0.0000
current_data: 2.2008, 207945, 26.4872, 59768.4670
current_data: 2.2364, 2181008, 10.4302, 13364.4515
current_data: 1.0878, 5981423, 4.2797, 3397.5194
current_data: 0.4164, 20892104, 78.0146, 18297.6047
current_data: 2.5461, 35331, 0.0005, 1.8750
current_data: 2.2020, 235913, 26.4785, 59818.4673
current_data: 2.3343, 2273467, 9.1230, 12244.4451
current_data: 1.1165, 6180431, 4.2499, 3356.2692
current_data: 0.4329, 21764602, 78.0607, 19163.8597
current_data: 2.5474, 31431, 0.0003, 0.0000
current_data: 2.4563, 205192, 31.9678, 53881.5583
current_data: 2.3621, 2276298, 9.1141, 12940.0740
current_data: 1.1212, 6244693, 4.1403, 3410.6445
current_data: 0.4335, 21752279, 78.0660, 19085.7342
current_data: 2.5469, 28855, 0.0003, 0.0000
current_data: 2.4552, 192702, 31.9695, 53790.9328
current_data: 2.3198, 2324648, 10.0323, 12646.9474
current_data: 1.1191, 6213121, 4.1768, 3231.8935
current_data: 0.4370, 19968465, 76.1284, 18991.9837
current_data: 2.5453, 35570, 0.0004, 1.2500
current_data: 2.4578, 214252, 31.9662, 53988.4339
current_data: 2.3783, 2278810, 9.1212, 12446.9462
[32m[info] [src/pairwise_allocator.cpp:allocating:1174] Will begin allocating cache, allocation_ready_queue size 1, allocation_complete_queue size 4
[mcurrent_data: 1.0197, 993939, 5.7832, 1070.6311
current_data: 0.4489, 6512910, 64.8746, 3764.3965
current_data: 2.5307, 9831, 0.0063, 0.0000
current_data: 2.4770, 137446, 31.7887, 11830.0677
current_data: 1.7962, 355522, 9.5274, 1980.0113
[32m[info] [src/pairwise_allocator.cpp:binary_serch_cache_roofline:462] descriptor COLS 4, find_cache_roofline_times: 1, roofline ipc: 2.4770, current ipc 2.4770, gap: 0.0000, lway: 1, rway: 14
[mcurrent_data: 0.9684, 780353, 6.4882, 1020.6308
current_data: 0.4434, 5641806, 66.0316, 3365.6443
current_data: 2.5265, 9063, 0.0058, 0.0000
current_data: 2.4814, 278920, 31.4694, 11098.8135
current_data: 2.0293, 382111, 7.3151, 1804.3853
[32m[info] [src/pairwise_allocator.cpp:binary_serch_cache_roofline:462] descriptor COLS 4, find_cache_roofline_times: 2, roofline ipc: 2.4814, current ipc 2.4814, gap: 0.0000, lway: 1, rway: 7
[mcurrent_data: 0.9540, 719268, 6.7643, 959.3805
current_data: 0.4273, 4891804, 68.6147, 3293.7688
current_data: 2.5256, 8588, 0.0062, 0.0000
current_data: 2.4736, 160572, 31.6911, 10456.3098
current_data: 1.1533, 235512, 19.4913, 2513.1394
[32m[info] [src/pairwise_allocator.cpp:binary_serch_cache_roofline:462] descriptor COLS 4, find_cache_roofline_times: 3, roofline ipc: 2.4814, current ipc 2.4736, gap: 0.0032, lway: 1, rway: 4
[mcurrent_data: 0.9550, 690955, 6.5259, 929.3803
current_data: 0.4091, 4389838, 71.7936, 3247.5186
current_data: 2.5224, 9958, 0.0077, 0.0000
current_data: 2.4625, 76668, 31.8826, 10296.9339
current_data: 2.0338, 345194, 7.2728, 1595.0091
[32m[info] [src/pairwise_allocator.cpp:binary_serch_cache_roofline:462] descriptor COLS 4, find_cache_roofline_times: 4, roofline ipc: 2.4814, current ipc 2.4625, gap: 0.0076, lway: 1, rway: 2
[mcurrent_data: 0.9539, 683619, 6.6252, 936.8804
current_data: 0.4093, 4337277, 71.7269, 3175.6432
current_data: 2.5192, 9570, 0.0076, 0.0000
current_data: 2.4453, 45361, 31.9508, 10219.4335
current_data: 1.0915, 226526, 19.6614, 2499.3893
[32m[info] [src/pairwise_allocator.cpp:binary_serch_cache_roofline:462] descriptor COLS 4, find_cache_roofline_times: 5, roofline ipc: 2.4814, current ipc 2.4453, gap: 0.0145, lway: 1, rway: 1
[mcurrent_data: 0.9547, 682344, 6.4283, 887.5051
current_data: 0.4084, 4327958, 71.9128, 3232.5185
current_data: 2.5134, 11907, 0.0097, 0.0000
current_data: 2.4653, 37373, 31.9658, 10191.3083
current_data: 2.0671, 316784, 6.8817, 1645.6344
[32m[info] [src/pairwise_allocator.cpp:found_cache_roofline:405] Found_cache_roofline, obj_id 774182, roofline cache way: 1, roofline remain cache: 14, roofline cache bitmask: 0x7ffe
[m[32m[info] [src/pairwise_allocator.cpp:binary_serch_cache_roofline:462] descriptor COLS 4, find_cache_roofline_times: 6, roofline ipc: 2.4814, current ipc 2.4653, gap: 0.0065, lway: 1, rway: 1
[m[32m[info] [src/pairwise_allocator.cpp:allocating_cache:846] binary_serch_cache_roofline first pair success
[m[32m[info] [src/pairwise_allocator.cpp:pair_allocating_cache:770] pair_allocating_cache begin, allocating time: 0, descriptor roofline cache way: 1, system remain cache way: 4, complete queue size: 4
[m[32m[info] [src/pairwise_allocator.cpp:allocating_cache:852] Complete pair_allocating_cache, allocate cache ways: 1
[m[34m[critical] [src/pairwise_allocator.cpp:print_allocating_cache_results:815] print_allocating_cache_results: system remain cache: 3
[m[34m[critical] [src/pairwise_allocator.cpp:print_allocating_cache_results:818] obj: 771466, cache_way: 1, roofline cache way: 1
[m[34m[critical] [src/pairwise_allocator.cpp:print_allocating_cache_results:818] obj: 774192, cache_way: 2, roofline cache way: 2
[m[34m[critical] [src/pairwise_allocator.cpp:print_allocating_cache_results:818] obj: 771452, cache_way: 7, roofline cache way: 7
[m[34m[critical] [src/pairwise_allocator.cpp:print_allocating_cache_results:818] obj: 771457, cache_way: 1, roofline cache way: 1
[m[34m[critical] [src/pairwise_allocator.cpp:print_allocating_cache_results:823] obj: 774182, cache_way: 1, roofline cache way: 1
[mSKT0: MBA COS6 => 100% requested, 100% applied
current_data: 1.0579, 1054977, 5.1808, 969.3805
current_data: 0.4309, 5525179, 67.3211, 3574.3955
current_data: 2.5394, 7545, 0.0039, 0.0000
current_data: 2.5781, 58991, 24.9421, 9055.0518
current_data: 1.3596, 285570, 15.8581, 2370.0136
SKT0: MBA COS6 => 60% requested, 60% applied
[32m[info] [src/pairwise_allocator.cpp:binary_serch_mb_roofline:937] descriptor1 COLS 4, find_mb_roofline_time: 1, roofline mb: 9055.0518, current mb 9055.0518, gap: 0.0000, lmb_throttle: 20, rmb_throttle: 100
[mcurrent_data: 1.0304, 846701, 5.8379, 968.7555
current_data: 0.4401, 5317792, 66.4485, 3403.1445
current_data: 2.5380, 7019, 0.0034, 0.0000
current_data: 2.6079, 49795, 24.9667, 9229.4278
current_data: 2.0875, 349855, 6.8293, 1709.3848
SKT0: MBA COS6 => 40% requested, 40% applied
[32m[info] [src/pairwise_allocator.cpp:binary_serch_mb_roofline:937] descriptor1 COLS 4, find_mb_roofline_time: 2, roofline mb: 9229.4278, current mb 9229.4278, gap: 0.0000, lmb_throttle: 20, rmb_throttle: 60
[mcurrent_data: 1.0255, 826928, 5.8208, 966.2555
current_data: 0.4453, 5557527, 65.8419, 3436.8947
current_data: 2.5383, 8895, 0.0049, 0.0000
current_data: 2.2280, 46461, 24.9549, 8060.0461
current_data: 1.1567, 239443, 18.0844, 2524.3894
SKT0: MBA COS6 => 55% requested, 60% applied
[32m[info] [src/pairwise_allocator.cpp:binary_serch_mb_roofline:937] descriptor1 COLS 4, find_mb_roofline_time: 3, roofline mb: 9229.4278, current mb 8060.0461, gap: 0.1267, lmb_throttle: 50, rmb_throttle: 60
[mcurrent_data: 1.0225, 823362, 6.2408, 1002.5057
current_data: 0.4412, 5348741, 66.3891, 3441.2697
current_data: 2.5322, 9073, 0.0054, 0.0000
current_data: 2.6082, 50657, 24.9620, 9271.3031
current_data: 2.0875, 377305, 6.7811, 1730.0099
SKT0: MBA COS6 => 50% requested, 50% applied
[32m[info] [src/pairwise_allocator.cpp:binary_serch_mb_roofline:937] descriptor1 COLS 4, find_mb_roofline_time: 4, roofline mb: 9271.3031, current mb 9271.3031, gap: 0.0000, lmb_throttle: 50, rmb_throttle: 60
[mcurrent_data: 1.0206, 814044, 5.9574, 971.2556
current_data: 0.4434, 5423064, 65.9060, 3418.7696
current_data: 2.5357, 7763, 0.0046, 0.0000
current_data: 2.5454, 46523, 24.9687, 9061.9269
current_data: 1.1391, 220786, 18.5795, 2508.1394
SKT0: MBA COS6 => 50% requested, 50% applied
[32m[info] [src/pairwise_allocator.cpp:binary_serch_mb_roofline:937] descriptor1 COLS 4, find_mb_roofline_time: 5, roofline mb: 9271.3031, current mb 9061.9269, gap: 0.0226, lmb_throttle: 50, rmb_throttle: 50
[mcurrent_data: 1.0224, 812388, 6.0648, 967.5055
current_data: 0.4412, 5418381, 66.3057, 3416.8946
current_data: 2.5268, 10487, 0.0065, 0.0000
current_data: 2.5609, 50300, 24.9668, 9222.5528
current_data: 2.0790, 351085, 6.8650, 1650.6344
[32m[info] [src/pairwise_allocator.cpp:found_mb_roofline:887] Fast found mb roofline, obj_id 774182, roofline mb: 9271.30 MB/s, roofline mb throttle: 50
[m[32m[info] [src/pairwise_allocator.cpp:binary_serch_mb_roofline:937] descriptor1 COLS 4, find_mb_roofline_time: 6, roofline mb: 9271.3031, current mb 9222.5528, gap: 0.0053, lmb_throttle: 50, rmb_throttle: 50
[m[32m[info] [src/pairwise_allocator.cpp:allocating_mb:1147] binary_serch_mb_roofline first pair success
[m[32m[info] [src/pairwise_allocator.cpp:pair_allocating_mb:1088] pair_allocating_mb begin, allocating times: 0, descriptor roofline mb throttle: 50, system remain mb: 101789.34 MB/s
[mSKT0: MBA COS4 => 20% requested, 20% applied
current_data: 1.0805, 1149245, 5.3722, 951.2554
current_data: 0.4491, 5113118, 77.1623, 4330.0248
current_data: 2.5468, 7646, 0.0010, 0.0000
current_data: 0.9267, 36531, 31.9456, 4382.5251
current_data: 2.3956, 375092, 8.4624, 2742.5157
[32m[info] [src/pairwise_allocator.cpp:pair_allocating_mb:1088] pair_allocating_mb begin, allocating times: 1, descriptor roofline mb throttle: 50, system remain mb: 101789.34 MB/s
[mSKT0: MBA COS4 => 30% requested, 30% applied
current_data: 1.1069, 1014750, 4.6121, 638.1287
current_data: 0.4459, 3632965, 77.3911, 3139.3930
current_data: 2.5454, 6399, 0.0005, 0.6250
current_data: 1.3945, 34564, 31.9591, 4911.9031
current_data: 2.0181, 363479, 15.0443, 2913.7667
[32m[info] [src/pairwise_allocator.cpp:pair_allocating_mb:1088] pair_allocating_mb begin, allocating times: 2, descriptor roofline mb throttle: 50, system remain mb: 101789.34 MB/s
[mSKT0: MBA COS4 => 40% requested, 40% applied
current_data: 1.1091, 972602, 4.5023, 591.8784
current_data: 0.4401, 3608193, 77.5286, 3098.1427
current_data: 2.5469, 5550, 0.0003, 0.0000
current_data: 2.0260, 36126, 31.9550, 7183.1661
current_data: 2.5866, 371475, 6.7533, 1658.1345
[32m[info] [src/pairwise_allocator.cpp:pair_allocating_mb:1088] pair_allocating_mb begin, allocating times: 3, descriptor roofline mb throttle: 50, system remain mb: 101789.34 MB/s
[mSKT0: MBA COS4 => 50% requested, 50% applied
current_data: 1.0971, 931579, 4.5076, 578.1283
current_data: 0.4329, 3513046, 77.5337, 3038.1424
current_data: 2.5448, 5421, 0.0003, 0.0000
current_data: 2.4435, 35631, 31.9622, 8580.6741
current_data: 1.9908, 270158, 15.1605, 2715.6405
[32m[info] [src/pairwise_allocator.cpp:pair_allocating_mb:1088] pair_allocating_mb begin, allocating times: 4, descriptor roofline mb throttle: 50, system remain mb: 101789.34 MB/s
[m[32m[info] [src/pairwise_allocator.cpp:allocating_fit_mb:958] Will allocating_fit_mb mb throttle: 50
[mSKT0: MBA COS4 => 50% requested, 50% applied
current_data: 1.1141, 957570, 4.2859, 574.3783
current_data: 0.4360, 3513666, 77.6355, 2970.0170
current_data: 2.5475, 5355, 0.0009, 0.0000
current_data: 2.4639, 35037, 31.9609, 8611.9243
current_data: 2.5585, 426791, 6.9867, 1638.7594
[32m[info] [src/pairwise_allocator.cpp:allocating_mb:1121] Allocate mb: 8611.92 MB/s, mb_throttle: 50
[mcurrent_data: 1.1171, 966564, 4.1291, 545.0031
current_data: 0.4327, 3465431, 77.7662, 2991.8921
current_data: 2.5463, 4659, 0.0002, 0.0000
current_data: 2.4366, 34767, 31.9760, 8528.7988
current_data: 1.9899, 314019, 14.8105, 2759.3908
current_data: 1.1185, 6071101, 4.2438, 3285.0188
current_data: 0.4343, 21247292, 77.9050, 18582.6063
current_data: 2.5459, 34153, 0.0005, 0.6250
current_data: 2.4483, 223568, 31.9634, 52112.7982
current_data: 2.3805, 2192171, 9.2163, 12095.6942
current_data: 1.1211, 6028624, 4.1076, 3230.0185
current_data: 0.4342, 21325725, 77.8963, 18803.2326
current_data: 2.5488, 28445, 0.0002, 0.6250
current_data: 2.4535, 209343, 31.9656, 52386.5498
current_data: 2.2866, 2137355, 10.4800, 13257.5759
current_data: 1.1203, 6099129, 4.2303, 3296.8939
current_data: 0.4345, 21305304, 77.9563, 18739.4822
current_data: 2.5465, 30332, 0.0003, 0.0000
current_data: 2.4531, 205368, 31.9671, 52390.2998
current_data: 2.3831, 2192337, 9.2106, 12082.5691
current_data: 1.1166, 5992843, 4.1810, 3161.2681
current_data: 0.4338, 21190316, 78.0023, 18513.2309
current_data: 2.5470, 29596, 0.0003, 1.2500
current_data: 2.4509, 209210, 31.9686, 52177.1736
current_data: 2.2806, 2155977, 10.4514, 13341.9513
current_data: 1.1189, 6028865, 4.2138, 3234.3935
current_data: 0.4343, 21237233, 77.9837, 18758.8573
current_data: 2.5475, 28779, 0.0002, 0.0000
current_data: 2.4583, 203314, 31.9684, 52384.6747
current_data: 2.3837, 2193829, 9.1043, 12124.4444
current_data: 1.1180, 6013643, 4.2427, 3254.3936
current_data: 0.4340, 21193510, 78.0352, 18641.3567
current_data: 2.5480, 30069, 0.0004, 1.2500
current_data: 2.4474, 205524, 31.9676, 52172.1735
current_data: 2.2846, 2091125, 10.4330, 13257.5759
current_data: 1.1209, 6056349, 4.1449, 3222.5184
current_data: 0.4343, 21290039, 78.0277, 18651.9817
current_data: 2.5480, 29851, 0.0003, 0.6250
current_data: 2.4550, 203489, 31.9694, 52514.0505
current_data: 2.3873, 2188049, 9.0777, 12153.8195
current_data: 1.1209, 6018447, 4.2251, 3404.3945
current_data: 0.4385, 21528867, 78.0533, 18871.3580
current_data: 2.5461, 32032, 0.0003, 1.2500
current_data: 2.0705, 233503, 34.5823, 45575.8858
current_data: 2.3028, 2154063, 10.3649, 13401.3267
current_data: 1.1198, 5997579, 4.4184, 3519.3951
current_data: 0.4407, 21678566, 78.0400, 18961.9835
current_data: 2.5474, 33355, 0.0004, 0.6250
current_data: 2.1727, 230102, 34.2674, 44875.8818
current_data: 2.3953, 2227758, 9.1379, 12225.0700
current_data: 1.1250, 6107091, 4.2768, 3406.8945
current_data: 0.4407, 21768527, 78.0333, 19178.2347
current_data: 2.5472, 30216, 0.0003, 1.2500
current_data: 2.1719, 218848, 34.2691, 45016.5076
current_data: 2.3081, 2183783, 10.4050, 13520.7024
current_data: 1.1292, 6211677, 4.2107, 3388.7694
current_data: 0.4384, 19720479, 75.7566, 18721.3571
current_data: 2.5473, 27205, 0.0002, 0.0000
current_data: 2.1303, 1832075, 31.3515, 44450.8793
current_data: 2.3986, 2312062, 9.0739, 12346.9456
current_data: 1.0972, 6065093, 4.2591, 3318.1440
current_data: 0.4202, 20966125, 78.0404, 18410.7303
current_data: 2.5483, 28467, 0.0003, 0.6250
current_data: 1.6915, 2170919, 34.5998, 56840.3252
current_data: 2.2589, 2151750, 10.3903, 13359.4514
current_data: 1.1159, 6146870, 4.2205, 3337.5191
current_data: 0.4342, 21651086, 78.0325, 19053.8590
current_data: 2.5466, 28807, 0.0003, 0.6250
current_data: 2.7528, 266218, 25.4923, 49865.2853
current_data: 2.3936, 2265986, 9.0369, 12289.4453
current_data: 1.1178, 6146256, 4.1272, 3355.6442
current_data: 0.4308, 21442441, 78.0569, 18890.7331
current_data: 2.5480, 31682, 0.0004, 1.2500
current_data: 2.5593, 241451, 25.4134, 50675.2900
current_data: 2.3418, 2133904, 9.4727, 13234.4507
current_data: 1.0941, 6019778, 4.2354, 3218.1434
current_data: 0.4172, 20839446, 78.0482, 18376.9802
current_data: 2.5470, 30862, 0.0004, 0.6250
current_data: 2.2031, 206974, 26.4899, 59582.8409
current_data: 2.3466, 2195714, 9.1398, 12176.3197
current_data: 1.0916, 6087850, 4.2523, 3292.5188
current_data: 0.4167, 20861823, 78.0340, 18350.1050
current_data: 2.5480, 29190, 0.0003, 0.0000
current_data: 2.2037, 209674, 26.4882, 59713.4667
current_data: 2.3473, 2221474, 9.1458, 12230.6950
current_data: 1.1041, 6129204, 4.2594, 3278.7688
current_data: 0.4241, 21212923, 78.0230, 18585.7313
current_data: 2.5467, 28125, 0.0002, 0.0000
current_data: 2.2930, 220227, 28.8627, 56952.2009
current_data: 2.3033, 2297576, 10.2490, 12772.5731
current_data: 1.1171, 6220482, 4.1974, 3364.3943
current_data: 0.4340, 21823596, 78.0228, 19192.6098
current_data: 2.5446, 37406, 0.0005, 2.5000
current_data: 2.4571, 218434, 31.9692, 53821.5580
current_data: 2.3891, 2271723, 9.0689, 12310.6954
current_data: 1.1186, 6202027, 4.1333, 3342.5191
current_data: 0.4336, 21755903, 78.0581, 19176.9847
current_data: 2.5467, 29068, 0.0003, 0.0000
current_data: 2.4506, 201861, 31.9656, 53616.5568
current_data: 2.2894, 2185025, 10.3401, 13496.3272
current_data: 1.1203, 6211521, 4.1869, 3270.0187
current_data: 0.4341, 21768254, 78.0436, 19135.7345
current_data: 2.5473, 30362, 0.0004, 0.6250
current_data: 2.4594, 200106, 31.9667, 53772.1827
current_data: 2.3899, 2243042, 9.0601, 12309.4454
current_data: 1.1150, 6095234, 4.2104, 3396.2694
current_data: 0.4334, 21730704, 78.0606, 19110.1093
current_data: 2.5466, 33494, 0.0004, 1.2500
current_data: 2.4525, 211242, 31.9672, 53658.4320
current_data: 2.3410, 2303993, 9.1243, 12864.4486
current_data: 1.1153, 6149925, 4.2885, 3428.1446
current_data: 0.4341, 21784362, 78.0407, 18985.7336
current_data: 2.5475, 30999, 0.0003, 1.8750
current_data: 2.4594, 212799, 31.9661, 53797.8078
current_data: 2.3624, 2288690, 9.1170, 12281.3203
current_data: 1.1177, 6263044, 4.1871, 3339.3941
current_data: 0.4340, 21895678, 78.0439, 19301.9854
current_data: 2.5446, 29891, 0.0003, 0.0000
current_data: 2.4626, 201440, 31.9681, 54012.1841
current_data: 2.3609, 2246376, 9.1230, 12276.3202
current_data: 1.1175, 6222841, 4.2117, 3286.2688
current_data: 0.4412, 20539952, 76.2170, 19130.7345
current_data: 2.5466, 29624, 0.0003, 0.6250
current_data: 2.4505, 198769, 31.9660, 53584.0566
current_data: 2.2722, 2207227, 10.3834, 13458.2020
current_data: 1.1179, 6281479, 4.3222, 3496.2700
current_data: 0.4341, 21771546, 78.0285, 19150.1096
current_data: 2.5471, 28903, 0.0002, 0.0000
current_data: 2.4477, 192233, 31.9600, 53679.0572
current_data: 2.3624, 2290949, 9.1111, 12285.0703
current_data: 1.1216, 6211834, 4.2038, 3359.3942
current_data: 0.4362, 21917521, 78.0527, 19209.4849
current_data: 2.5472, 32373, 0.0003, 1.2500
current_data: 2.5297, 217219, 25.0609, 45360.8846
current_data: 2.2801, 2199863, 10.3419, 13513.2023
current_data: 1.1200, 6260741, 4.2047, 3393.7694
current_data: 0.4368, 22192180, 78.0926, 19528.8617
current_data: 2.5471, 32955, 0.0004, 1.2500
current_data: 2.5226, 210551, 24.9777, 45375.8846
current_data: 2.3737, 2296924, 9.1327, 12415.6960
current_data: 1.1248, 6273968, 4.1475, 3334.3941
current_data: 0.4364, 21951259, 78.0553, 19377.6109
current_data: 2.5476, 28229, 0.0003, 0.6250
current_data: 2.5492, 205677, 24.9751, 45511.5104
current_data: 2.3669, 2311602, 9.0824, 12642.5723
current_data: 1.1241, 6236954, 4.1477, 3359.3942
current_data: 0.4370, 22070473, 78.0276, 19355.7358
current_data: 2.5478, 29981, 0.0003, 0.0000
current_data: 2.5534, 206184, 24.9718, 45777.1369
current_data: 2.3193, 2389683, 10.0232, 12598.1971
current_data: 1.1208, 6202130, 4.2044, 3195.6433
current_data: 0.4370, 22024795, 78.0676, 19430.7362
current_data: 2.5475, 29611, 0.0003, 0.6250
current_data: 2.5270, 206400, 24.9733, 45242.1339
current_data: 2.3799, 2237768, 9.1133, 12406.3210
current_data: 1.1230, 6229579, 4.1557, 3451.2697
current_data: 0.4361, 22037876, 78.0735, 19446.3613
current_data: 2.5474, 31243, 0.0004, 2.5000
current_data: 2.5504, 212643, 24.9745, 45769.6369
current_data: 2.2800, 2201862, 10.3152, 13495.0772
current_data: 1.1212, 6266686, 4.1847, 3389.3944
current_data: 0.4370, 22101122, 78.0151, 19383.8609
current_data: 2.5469, 31527, 0.0004, 1.2500
current_data: 2.5429, 213830, 24.9745, 45617.1360
current_data: 2.3748, 2351885, 9.0401, 12360.0707
current_data: 1.1257, 6246643, 4.0645, 3175.6432
current_data: 0.4366, 21996671, 78.0561, 19244.4851
current_data: 2.5480, 30170, 0.0003, 0.6250
current_data: 2.5302, 201242, 24.9742, 45224.6338
current_data: 2.3691, 2305065, 9.0789, 12670.0725
current_data: 1.1161, 6198711, 4.2208, 3382.5194
current_data: 0.4350, 21925531, 78.0752, 19216.3600
current_data: 2.5453, 41192, 0.0006, 1.8750
current_data: 2.2715, 270213, 30.9873, 49375.2825
current_data: 2.3224, 2411109, 9.7006, 12306.9454
current_data: 1.1158, 6185451, 4.2278, 3438.7697
current_data: 0.4342, 21905273, 78.0226, 19206.9849
current_data: 2.5468, 32601, 0.0004, 0.0000
current_data: 2.4559, 223930, 31.9669, 54024.6841
current_data: 2.3620, 2247308, 9.0681, 12298.8204
current_data: 1.1195, 6274424, 4.1292, 3230.0185
current_data: 0.4335, 19922596, 75.6387, 18882.6080
current_data: 2.5482, 28651, 0.0002, 0.0000
current_data: 2.4491, 210790, 31.9651, 53914.0585
current_data: 2.2735, 2113837, 10.3210, 13433.2019
current_data: 1.1198, 6227727, 4.2058, 3400.0195
current_data: 0.4342, 21902912, 78.0410, 19243.8601
current_data: 2.5470, 29590, 0.0003, 0.6250
current_data: 2.4573, 210170, 31.9654, 54055.3093
current_data: 2.3685, 2204127, 9.1109, 12347.5707
current_data: 1.1202, 6249688, 4.1626, 3291.2688
current_data: 0.4338, 21926528, 78.0517, 19321.3606
current_data: 2.5483, 29070, 0.0002, 0.0000
current_data: 2.4518, 212602, 31.9653, 54076.5594
current_data: 2.3118, 2100799, 9.7969, 13530.0774
current_data: 1.1204, 6243294, 4.1705, 3385.6444
current_data: 0.4342, 21893260, 78.0553, 19189.4848
current_data: 2.5470, 31793, 0.0004, 1.2500
current_data: 2.4589, 207428, 31.9684, 54125.3097
current_data: 2.3634, 2278030, 9.1286, 12420.0711
current_data: 1.1166, 6250938, 4.2590, 3385.0194
current_data: 0.4341, 21887805, 78.0521, 19273.8603
current_data: 2.5476, 31470, 0.0003, 1.2500
current_data: 2.4595, 215599, 31.9659, 54079.0594
current_data: 2.3631, 2361314, 9.1238, 12390.6959
current_data: 1.1198, 6286849, 4.1479, 3200.6433
current_data: 0.4339, 21945011, 78.0762, 19293.8604
current_data: 2.5484, 29093, 0.0002, 0.0000
current_data: 2.4472, 208038, 31.9642, 54049.6843
current_data: 2.2762, 2205986, 10.3426, 13535.0774
current_data: 1.1254, 6274926, 4.1426, 3289.3938
current_data: 0.4360, 21958372, 78.0524, 19305.1105
current_data: 2.5484, 29749, 0.0002, 0.6250
current_data: 2.2005, 229172, 33.5137, 50254.6626
current_data: 2.3689, 2327904, 9.0642, 12302.5704
current_data: 1.1290, 6328552, 4.2089, 3446.2697
current_data: 0.4406, 22247600, 78.0561, 19616.3622
current_data: 2.5480, 29349, 0.0002, 0.6250
current_data: 2.1743, 216882, 34.2696, 46065.2636
current_data: 2.2872, 2238041, 10.3230, 13591.3278
current_data: 1.1312, 6317527, 4.1320, 3367.5193
current_data: 0.4411, 22221721, 78.0604, 19613.2372
current_data: 2.5470, 28842, 0.0002, 0.0000
current_data: 2.1746, 215287, 34.2697, 46037.1384
current_data: 2.3817, 2324515, 9.0741, 12418.8211
current_data: 1.1288, 6286868, 4.2311, 3440.6447
current_data: 0.4409, 22234709, 78.0247, 19528.2367
current_data: 2.5473, 29241, 0.0003, 0.0000
current_data: 2.1193, 240643, 34.2983, 45119.6332
current_data: 2.3810, 2287585, 9.1264, 12438.8212
current_data: 1.1026, 6180243, 4.1169, 3263.1437
current_data: 0.4201, 21243315, 78.0757, 18740.7322
current_data: 2.5486, 28517, 0.0003, 0.6250
current_data: 1.6840, 5247398, 32.3007, 56702.1995
current_data: 2.2369, 2129885, 10.4428, 13259.4509
current_data: 1.1152, 6158382, 4.2040, 3411.2695
current_data: 0.4336, 21880164, 78.0620, 19136.9845
current_data: 2.5462, 35778, 0.0006, 3.7500
current_data: 2.7627, 279427, 25.6081, 50914.0413
current_data: 2.3678, 2228955, 9.1282, 12383.1959
current_data: 1.1141, 6201814, 4.3233, 3440.0197
current_data: 0.4337, 21887017, 78.0507, 19296.9854
current_data: 2.5465, 33931, 0.0004, 1.2500
current_data: 2.6528, 262886, 25.1596, 49394.0326
current_data: 2.2672, 2305751, 10.3873, 13551.3275
current_data: 1.0930, 6112187, 4.1572, 3196.8933
current_data: 0.4247, 19862295, 76.1786, 18533.8561
current_data: 2.5478, 28765, 0.0003, 0.6250
current_data: 2.2024, 209125, 26.4867, 60277.8449
current_data: 2.3243, 2270582, 9.0573, 12103.1943
current_data: 1.0866, 5997152, 4.2007, 3267.5187
current_data: 0.4162, 21043361, 78.0431, 18488.8558
current_data: 2.5479, 32986, 0.0004, 1.2500
current_data: 2.1996, 217982, 26.4846, 60189.7194
current_data: 2.2784, 2072839, 9.6032, 13256.9509
current_data: 1.0976, 6110486, 4.1473, 3204.3933
current_data: 0.4216, 21276068, 78.0472, 18683.8569
current_data: 2.5461, 36746, 0.0005, 0.6250
current_data: 2.2634, 244368, 28.2300, 58019.7070
current_data: 2.3338, 2219923, 9.1537, 12251.9451
current_data: 1.1184, 6233612, 4.2426, 3353.7692
current_data: 0.4334, 21848847, 78.0814, 19181.3598
current_data: 2.5474, 28685, 0.0002, 0.6250
current_data: 2.4588, 199635, 31.9686, 54120.9347
current_data: 2.3683, 2214289, 9.1279, 12380.6958
current_data: 1.1195, 6233132, 4.2076, 3347.5192
current_data: 0.4338, 21908123, 78.0480, 19315.1105
current_data: 2.5468, 29339, 0.0002, 0.0000
current_data: 2.4523, 201205, 31.9665, 53987.8089
current_data: 2.2846, 2215376, 10.3886, 13125.0751
current_data: 1.1177, 6232907, 4.2390, 3389.3944
current_data: 0.4341, 21888357, 78.0112, 19135.1095
current_data: 2.5466, 30117, 0.0002, 0.0000
current_data: 2.4586, 201640, 31.9656, 54019.0591
current_data: 2.3721, 2367729, 9.0843, 12380.6958
current_data: 1.1200, 6241866, 4.1407, 3333.7691
current_data: 0.4335, 21878207, 78.0332, 19205.7349
current_data: 2.5467, 31216, 0.0003, 0.0000
current_data: 2.4552, 198238, 31.9673, 54002.1840
current_data: 2.2806, 2306644, 10.3291, 13555.0776
current_data: 1.1205, 6295148, 4.2241, 3373.1443
current_data: 0.4341, 21869932, 78.0490, 19236.3601
current_data: 2.5462, 30928, 0.0003, 0.0000
current_data: 2.4587, 199095, 31.9699, 54045.3092
current_data: 2.3796, 2331533, 9.0118, 12313.1955
current_data: 1.1213, 6250638, 4.0812, 3260.0187
current_data: 0.4337, 21910868, 78.0180, 19250.7352
current_data: 2.5476, 29076, 0.0002, 0.6250
current_data: 2.4604, 196588, 31.9694, 54184.6850
current_data: 2.3655, 2335528, 9.0436, 12642.5723
current_data: 1.1212, 6214548, 4.1150, 3255.6436
current_data: 0.4339, 21859926, 78.0576, 19141.3595
current_data: 2.5468, 29325, 0.0002, 0.6250
current_data: 2.4529, 194955, 31.9682, 53929.6836
current_data: 2.3425, 2405872, 9.5198, 12272.5702
current_data: 1.1218, 6274588, 4.1214, 3358.1442
current_data: 0.4339, 21913348, 78.0765, 19251.9852
current_data: 2.5474, 31700, 0.0004, 0.0000
current_data: 2.4588, 199994, 31.9689, 54176.5600
current_data: 2.3764, 2312769, 9.0281, 12323.8205
current_data: 1.1195, 6190352, 4.2265, 3473.1449
current_data: 0.4360, 21980907, 78.0080, 19230.7350
current_data: 2.5465, 33298, 0.0003, 1.2500
current_data: 2.5071, 238313, 25.2083, 45400.8848
current_data: 2.2902, 2185413, 10.2958, 13498.2022
current_data: 1.1156, 6203874, 4.4114, 3611.8957
current_data: 0.4382, 20101708, 75.9935, 19057.6090
current_data: 2.5474, 31757, 0.0004, 1.8750
current_data: 2.5184, 222972, 24.9750, 45187.7586
current_data: 2.3831, 2302773, 9.0136, 12302.5704
current_data: 1.1234, 6262364, 4.2020, 3400.6445
current_data: 0.4363, 22000917, 78.0519, 19330.7356
current_data: 2.5470, 27249, 0.0002, 0.6250
current_data: 2.5533, 209671, 24.9770, 45614.6360
current_data: 2.3379, 2164546, 9.4909, 13428.8268
current_data: 1.1226, 6249851, 4.2048, 3391.8944
current_data: 0.4370, 22023388, 78.0325, 19340.1107
current_data: 2.5466, 30069, 0.0003, 0.0000
current_data: 2.5512, 211493, 24.9737, 45584.6358
current_data: 2.3879, 2186552, 9.0276, 12311.3204
current_data: 1.1241, 6296637, 4.1639, 3335.6441
current_data: 0.4370, 22062757, 78.0679, 19324.4856
current_data: 2.5474, 28650, 0.0002, 0.0000
current_data: 2.5266, 213045, 24.9733, 45291.5092
current_data: 2.3868, 2368882, 9.0419, 12416.3210
current_data: 1.1243, 6273467, 4.1763, 3370.6443
current_data: 0.4364, 22006335, 78.0593, 19405.7360
current_data: 2.5471, 28422, 0.0002, 0.0000
current_data: 2.5459, 210382, 24.9770, 45552.7607
current_data: 2.2924, 2267253, 10.3343, 13585.0777
current_data: 1.1239, 6299751, 4.2483, 3391.8944
current_data: 0.4367, 22079101, 78.0499, 19470.7364
current_data: 2.5474, 29498, 0.0002, 1.2500
current_data: 2.5409, 215411, 24.9748, 45608.3860
current_data: 2.3853, 2296599, 9.0948, 12480.6964
current_data: 1.1231, 6266878, 4.0539, 3251.2686
current_data: 0.4364, 21992710, 78.0463, 19358.2358
current_data: 2.5472, 35746, 0.0004, 2.5000
current_data: 2.5291, 227647, 24.9716, 45155.2584
current_data: 2.3219, 2110266, 9.9424, 13600.0778
current_data: 1.1182, 6279949, 4.2386, 3394.3944
current_data: 0.4356, 22041403, 78.0286, 19446.3613
current_data: 2.5470, 29831, 0.0003, 0.0000
current_data: 2.2674, 248631, 30.7707, 48920.2799
current_data: 2.3863, 2295733, 9.0762, 12423.1961
current_data: 1.1184, 6209063, 4.1628, 3430.6446
current_data: 0.4340, 21917590, 78.0305, 19285.1104
current_data: 2.5460, 29224, 0.0002, 0.6250
current_data: 2.4554, 212945, 31.9680, 54075.9344
current_data: 2.3763, 2210279, 9.0908, 12375.0708
current_data: 1.1217, 6258837, 4.2164, 3462.5198
current_data: 0.4340, 21898746, 78.0208, 19213.8599
current_data: 2.5476, 29207, 0.0002, 0.0000
current_data: 2.4465, 215471, 31.9654, 53824.6830
current_data: 2.2806, 2219872, 10.3705, 13578.2027
current_data: 1.1201, 6280609, 4.2772, 3448.7697
current_data: 0.4340, 21918063, 78.0411, 19259.4852
current_data: 2.5475, 29640, 0.0002, 0.0000
current_data: 2.4546, 219978, 31.9649, 54060.3093
current_data: 2.3786, 2290891, 9.1264, 12453.1963
current_data: 1.1127, 6125333, 4.2518, 3365.6443
current_data: 0.4333, 21864323, 78.0367, 19068.2341
current_data: 2.5464, 36115, 0.0006, 2.5000
current_data: 2.4493, 225734, 31.9662, 53901.5584
current_data: 2.2816, 2265372, 10.3522, 13583.2027
current_data: 1.1145, 6189701, 4.3116, 3520.0201
current_data: 0.4338, 21921175, 78.0449, 19243.8601
current_data: 2.5463, 33361, 0.0003, 0.0000
current_data: 2.4554, 234108, 31.9662, 54102.1846
current_data: 2.3738, 2347538, 9.0393, 12341.3206
current_data: 1.1160, 6232258, 4.2360, 3335.6441
current_data: 0.4350, 19923573, 75.9375, 18904.4832
current_data: 2.5468, 31706, 0.0003, 0.6250
current_data: 2.4569, 224704, 31.9662, 54174.0600
current_data: 2.3744, 2393078, 9.0814, 12428.8211
current_data: 1.1209, 6304386, 4.1474, 3436.8947
current_data: 0.4339, 21927089, 78.0352, 19289.4854
current_data: 2.5481, 27968, 0.0002, 0.0000
current_data: 2.4448, 212602, 31.9647, 53923.4336
current_data: 2.2856, 2214408, 10.3255, 13656.3281
current_data: 1.1252, 6291580, 4.0808, 3251.2686
current_data: 0.4356, 21971609, 78.0406, 19282.6103
current_data: 2.5466, 30095, 0.0003, 0.6250
current_data: 2.2050, 238619, 33.4272, 50459.0387
current_data: 2.3791, 2346280, 9.0538, 12356.3207
current_data: 1.1300, 6312747, 4.1496, 3384.3944
current_data: 0.4404, 22232217, 78.0735, 19559.4869
current_data: 2.5476, 28836, 0.0003, 0.0000
current_data: 2.1723, 227372, 34.2686, 46058.3885
current_data: 2.2995, 2239456, 10.2734, 13602.5778
current_data: 1.1285, 6275291, 4.2351, 3430.0196
current_data: 0.4407, 22265223, 78.0524, 19706.9878
current_data: 2.5464, 28594, 0.0003, 0.0000
current_data: 2.1742, 222814, 34.2684, 46143.3890
current_data: 2.3901, 2296102, 9.0660, 12450.0712
current_data: 1.1309, 6275495, 4.1192, 3381.2693
current_data: 0.4405, 22215095, 78.0353, 19472.6114
current_data: 2.5471, 29578, 0.0003, 0.6250
current_data: 2.1188, 248077, 34.3128, 45092.7580
current_data: 2.3911, 2263847, 9.0598, 12398.1959
current_data: 1.1026, 6151850, 4.1862, 3266.8937
current_data: 0.4207, 21276932, 78.0333, 18743.2322
current_data: 2.5463, 34339, 0.0005, 1.2500
current_data: 1.7085, 5405976, 31.5971, 56000.9454
current_data: 2.2671, 2195114, 10.3370, 12826.9484
current_data: 1.1182, 6257932, 4.1319, 3378.1443
current_data: 0.4339, 21954005, 78.0387, 19380.1109
current_data: 2.5472, 28701, 0.0002, 0.6250
current_data: 2.7657, 269982, 25.6222, 51107.1674
current_data: 2.3770, 2349839, 9.0441, 12356.3207
current_data: 1.1208, 6289743, 4.1741, 3400.0195
current_data: 0.4343, 21956725, 78.0255, 19233.8601
current_data: 2.5469, 29391, 0.0002, 0.0000
current_data: 2.6692, 266349, 25.1250, 49273.4069
current_data: 2.2841, 2291628, 10.2758, 13513.2023
current_data: 1.0956, 6135573, 4.1669, 3334.3941
current_data: 0.4168, 21009014, 78.0773, 18396.3553
current_data: 2.5465, 35845, 0.0004, 1.8750
current_data: 2.2031, 216839, 26.4922, 60140.3441
current_data: 2.3353, 2195449, 9.0716, 12158.1946
current_data: 1.0915, 6137015, 4.2611, 3319.3940
current_data: 0.4162, 21015893, 78.0790, 18508.8559
current_data: 2.5470, 28524, 0.0002, 0.0000
current_data: 2.1994, 211900, 26.4867, 60126.5940
current_data: 2.2780, 2067625, 9.8050, 13438.2019
current_data: 1.0956, 6146632, 4.3343, 3397.5194
current_data: 0.4212, 21324587, 78.0006, 18621.3566
current_data: 2.5481, 29977, 0.0003, 1.2500
current_data: 2.2559, 232628, 28.0877, 58324.0837
current_data: 2.3484, 2268121, 9.0979, 12277.5703
current_data: 1.1098, 6137235, 4.3281, 3498.1450
current_data: 0.4337, 19800825, 75.9239, 18884.4831
current_data: 2.5465, 33382, 0.0004, 3.1250
current_data: 2.4565, 220063, 31.9669, 54032.8092
current_data: 2.3800, 2248559, 9.1117, 12390.6959
current_data: 1.1175, 6197216, 4.1977, 3348.7692
current_data: 0.4333, 21939039, 78.0531, 19341.9857
current_data: 2.5469, 31569, 0.0003, 2.5000
current_data: 2.4513, 210050, 31.9670, 54135.9348
current_data: 2.2955, 2225255, 10.3532, 13291.3261
current_data: 1.1204, 6271624, 4.2181, 3288.1438
current_data: 0.4336, 21889458, 78.0430, 19211.3599
current_data: 2.5469, 30753, 0.0003, 0.0000
current_data: 2.4579, 203485, 31.9660, 54097.8096
current_data: 2.3875, 2240280, 9.1070, 12466.9463
current_data: 1.1181, 6271335, 4.2466, 3246.2686
current_data: 0.4330, 21838372, 78.0612, 19173.8597
current_data: 2.5465, 29255, 0.0003, 0.6250
current_data: 2.4544, 200175, 31.9663, 54014.6841
current_data: 2.2893, 2226905, 10.3443, 13603.8278
current_data: 1.1176, 6279227, 4.1695, 3375.0193
current_data: 0.4335, 21899266, 78.0384, 19280.7353
current_data: 2.5472, 30393, 0.0003, 1.2500
current_data: 2.4568, 213192, 31.9659, 54095.9345
current_data: 2.3907, 2290941, 9.0789, 12458.8213
current_data: 1.1119, 6210877, 4.3220, 3404.3945
current_data: 0.4328, 21857572, 78.0207, 19273.2353
current_data: 2.5466, 31943, 0.0003, 0.6250
current_data: 2.4582, 209508, 31.9670, 54078.4344
current_data: 2.3827, 2318526, 9.0715, 12430.6961
current_data: 1.1197, 6265175, 4.1685, 3368.1443
current_data: 0.4334, 21914846, 78.0320, 19190.7348
current_data: 2.5468, 29056, 0.0002, 0.0000
current_data: 2.4523, 200756, 31.9669, 54064.6844
current_data: 2.3353, 2409667, 9.7741, 12375.6958
current_data: 1.1193, 6221584, 4.1126, 3300.0189
current_data: 0.4335, 21896194, 78.0486, 19206.9849
current_data: 2.5469, 29756, 0.0003, 0.0000
current_data: 2.4595, 197654, 31.9705, 54176.5600
current_data: 2.3797, 2336421, 9.0457, 12385.6959
current_data: 1.1217, 6234719, 4.2358, 3368.7693
current_data: 0.4355, 21984077, 78.0708, 19397.6110
current_data: 2.5481, 29369, 0.0003, 0.6250
current_data: 2.4508, 221423, 25.5959, 45522.7605
current_data: 2.2961, 2273705, 10.2875, 13581.3277
current_data: 1.1241, 6325215, 4.2510, 3449.3947
current_data: 0.4367, 22068855, 78.0319, 19316.3605
current_data: 2.5479, 29382, 0.0003, 0.0000
current_data: 2.5209, 212846, 24.9783, 45221.5088
current_data: 2.3949, 2283591, 9.0425, 12443.1962
current_data: 1.1223, 6245852, 4.1809, 3292.5188
current_data: 0.4360, 22029458, 78.0428, 19248.8601
current_data: 2.5465, 28867, 0.0002, 0.0000
current_data: 2.5483, 207263, 24.9765, 45662.7613
current_data: 2.3704, 2227581, 9.0602, 13030.6996
current_data: 1.1241, 6112700, 4.1711, 3308.1439
current_data: 0.4365, 21990306, 78.0522, 19208.2349
current_data: 2.5480, 29183, 0.0003, 0.6250
current_data: 2.5452, 210481, 24.9738, 45495.8853
current_data: 2.3711, 2458756, 9.2387, 12460.6963
current_data: 1.1247, 6324814, 4.2230, 3414.3945
current_data: 0.4365, 22049161, 78.0283, 19400.7360
current_data: 2.5470, 30441, 0.0003, 1.2500
current_data: 2.5299, 216182, 24.9739, 45366.5096
current_data: 2.3962, 2245986, 9.0589, 12476.9464
current_data: 1.1194, 6136352, 4.1746, 3347.5192
current_data: 0.4394, 20306085, 76.0648, 19181.9848
current_data: 2.5467, 34545, 0.0004, 1.8750
current_data: 2.5437, 221654, 24.9768, 45469.0102
current_data: 2.2943, 2189721, 10.3363, 13596.9528
current_data: 1.1226, 6171221, 4.1617, 3231.8935
current_data: 0.4367, 21831575, 78.0589, 19206.3599
current_data: 2.5466, 36112, 0.0004, 0.6250
current_data: 2.5447, 224432, 24.9733, 45160.2584
current_data: 2.3932, 2248680, 9.0003, 12341.3206
[32m[info] [src/pairwise_allocator.cpp:allocating:1174] Will begin allocating cache, allocation_ready_queue size 1, allocation_complete_queue size 4
[mcurrent_data: 1.0835, 1082688, 5.0319, 960.0055
current_data: 0.4359, 5637076, 66.5661, 3481.8949
current_data: 2.5456, 7794, 0.0007, 1.2500
current_data: 0.9281, 23977, 32.0133, 4085.6484
current_data: 2.1187, 375020, 6.7435, 1666.8845
[32m[info] [src/pairwise_allocator.cpp:binary_serch_cache_roofline:462] descriptor COLS 3, find_cache_roofline_times: 1, roofline ipc: 2.5456, current ipc 2.5456, gap: 0.0000, lway: 1, rway: 14
[mcurrent_data: 1.0524, 868166, 5.8052, 1006.2558
current_data: 0.4479, 5447649, 65.3342, 3303.7689
current_data: 2.5464, 6109, 0.0002, 0.0000
current_data: 0.9277, 22314, 32.0165, 4062.5232
current_data: 1.2616, 201921, 17.5470, 2543.7646
[32m[info] [src/pairwise_allocator.cpp:binary_serch_cache_roofline:462] descriptor COLS 3, find_cache_roofline_times: 2, roofline ipc: 2.5464, current ipc 2.5464, gap: 0.0000, lway: 1, rway: 7
[mcurrent_data: 1.0466, 850468, 5.9270, 933.7553
current_data: 0.4482, 5473901, 65.3226, 3357.5192
current_data: 2.5473, 5936, 0.0002, 0.0000
current_data: 0.9260, 20566, 32.0118, 4036.2731
current_data: 2.0842, 349879, 7.0971, 1662.5095
[32m[info] [src/pairwise_allocator.cpp:binary_serch_cache_roofline:462] descriptor COLS 3, find_cache_roofline_times: 3, roofline ipc: 2.5473, current ipc 2.5473, gap: 0.0000, lway: 1, rway: 4
[mcurrent_data: 1.0479, 830531, 6.0999, 1033.7559
current_data: 0.4547, 5602239, 64.5535, 3388.7694
current_data: 2.5448, 7193, 0.0008, 0.0000
current_data: 0.9260, 22086, 32.0115, 4036.8981
current_data: 1.1561, 236865, 18.3437, 2500.0143
[32m[info] [src/pairwise_allocator.cpp:binary_serch_cache_roofline:462] descriptor COLS 3, find_cache_roofline_times: 4, roofline ipc: 2.5473, current ipc 2.5448, gap: 0.0010, lway: 1, rway: 2
[mcurrent_data: 1.0471, 823241, 5.9096, 998.7557
current_data: 0.4504, 5468673, 65.0699, 3245.0186
current_data: 2.5465, 5487, 0.0002, 0.0000
current_data: 0.9288, 20462, 32.0081, 4040.0231
current_data: 2.1076, 343642, 6.8983, 1650.0094
[32m[info] [src/pairwise_allocator.cpp:binary_serch_cache_roofline:462] descriptor COLS 3, find_cache_roofline_times: 5, roofline ipc: 2.5473, current ipc 2.5465, gap: 0.0003, lway: 1, rway: 1
[mcurrent_data: 1.0392, 833489, 5.8732, 935.0054
current_data: 0.4491, 5433313, 65.0844, 3205.0183
current_data: 2.5482, 5765, 0.0002, 0.0000
current_data: 0.9262, 20464, 32.0178, 4005.6479
current_data: 1.1377, 213905, 18.7116, 2443.7640
[32m[info] [src/pairwise_allocator.cpp:found_cache_roofline:405] Found_cache_roofline, obj_id 771466, roofline cache way: 1, roofline remain cache: 14, roofline cache bitmask: 0x7ffe
[m[32m[info] [src/pairwise_allocator.cpp:binary_serch_cache_roofline:462] descriptor COLS 3, find_cache_roofline_times: 6, roofline ipc: 2.5482, current ipc 2.5482, gap: 0.0000, lway: 1, rway: 1
[m[32m[info] [src/pairwise_allocator.cpp:allocating_cache:846] binary_serch_cache_roofline first pair success
[m[32m[info] [src/pairwise_allocator.cpp:pair_allocating_cache:770] pair_allocating_cache begin, allocating time: 0, descriptor roofline cache way: 1, system remain cache way: 4, complete queue size: 4
[m[32m[info] [src/pairwise_allocator.cpp:allocating_cache:852] Complete pair_allocating_cache, allocate cache ways: 1
[m[34m[critical] [src/pairwise_allocator.cpp:print_allocating_cache_results:815] print_allocating_cache_results: system remain cache: 3
[m[34m[critical] [src/pairwise_allocator.cpp:print_allocating_cache_results:818] obj: 774192, cache_way: 2, roofline cache way: 2
[m[34m[critical] [src/pairwise_allocator.cpp:print_allocating_cache_results:818] obj: 774182, cache_way: 1, roofline cache way: 1
[m[34m[critical] [src/pairwise_allocator.cpp:print_allocating_cache_results:818] obj: 771452, cache_way: 7, roofline cache way: 7
[m[34m[critical] [src/pairwise_allocator.cpp:print_allocating_cache_results:818] obj: 771457, cache_way: 1, roofline cache way: 1
[m[34m[critical] [src/pairwise_allocator.cpp:print_allocating_cache_results:823] obj: 771466, cache_way: 1, roofline cache way: 1
[mSKT0: MBA COS6 => 100% requested, 100% applied
current_data: 1.0782, 1082576, 5.2284, 967.5055
current_data: 0.4328, 5523157, 66.8980, 3483.1449
current_data: 2.5473, 6282, 0.0004, 0.0000
current_data: 0.9277, 24298, 32.0046, 4066.8983
current_data: 1.5226, 285168, 11.5650, 2198.7626
SKT0: MBA COS6 => 60% requested, 60% applied
[32m[info] [src/pairwise_allocator.cpp:binary_serch_mb_roofline:937] descriptor1 COLS 3, find_mb_roofline_time: 1, roofline mb: 0.0000, current mb 0.0000, gap: -nan, lmb_throttle: 20, rmb_throttle: 100
[mcurrent_data: 1.0540, 862413, 5.5866, 963.1305
current_data: 0.4458, 5443240, 65.6560, 3346.2691
current_data: 2.5473, 5599, 0.0002, 0.6250
current_data: 0.9274, 19785, 32.0185, 4050.6482
current_data: 2.1248, 365443, 6.8275, 1686.8847
SKT0: MBA COS6 => 40% requested, 40% applied
[32m[info] [src/pairwise_allocator.cpp:binary_serch_mb_roofline:937] descriptor1 COLS 3, find_mb_roofline_time: 2, roofline mb: 0.6250, current mb 0.6250, gap: 0.0000, lmb_throttle: 20, rmb_throttle: 60
[mcurrent_data: 1.0462, 843536, 5.8335, 946.8804
current_data: 0.4156, 4828064, 63.9301, 3076.2676
current_data: 2.5466, 5808, 0.0001, 0.0000
current_data: 0.9278, 20531, 32.0126, 4012.5230
current_data: 2.0308, 334663, 6.7443, 1564.3840
SKT0: MBA COS6 => 30% requested, 30% applied
[32m[info] [src/pairwise_allocator.cpp:binary_serch_mb_roofline:937] descriptor1 COLS 3, find_mb_roofline_time: 3, roofline mb: 0.6250, current mb 0.0000, gap: 1.0000, lmb_throttle: 20, rmb_throttle: 40
[mcurrent_data: 1.0462, 814104, 5.8293, 1000.0057
current_data: 0.3680, 3465834, 80.1724, 3270.0187
current_data: 2.5484, 6042, 0.0004, 0.0000
current_data: 0.9284, 22040, 32.0108, 4027.5230
current_data: 1.8695, 322332, 9.0541, 1736.8849
SKT0: MBA COS6 => 20% requested, 20% applied
[32m[info] [src/pairwise_allocator.cpp:binary_serch_mb_roofline:937] descriptor1 COLS 3, find_mb_roofline_time: 4, roofline mb: 0.0000, current mb 0.0000, gap: -nan, lmb_throttle: 20, rmb_throttle: 30
[mcurrent_data: 1.0422, 831004, 6.0835, 1051.2560
current_data: 0.3638, 3435516, 80.8086, 3373.1443
current_data: 2.5459, 6892, 0.0006, 1.2500
current_data: 0.9286, 23793, 32.0084, 4052.5232
current_data: 2.0991, 344304, 6.9423, 1682.5096
SKT0: MBA COS6 => 20% requested, 20% applied
[32m[info] [src/pairwise_allocator.cpp:binary_serch_mb_roofline:937] descriptor1 COLS 3, find_mb_roofline_time: 5, roofline mb: 0.0000, current mb 1.2500, gap: inf, lmb_throttle: 20, rmb_throttle: 20
[mcurrent_data: 1.0423, 825440, 5.9311, 934.3803
current_data: 0.3652, 3487059, 80.6105, 3485.6449
current_data: 2.5447, 6766, 0.0004, 0.0000
current_data: 0.9268, 22519, 32.0230, 4084.3984
current_data: 1.4168, 261542, 15.1287, 2345.0134
[32m[info] [src/pairwise_allocator.cpp:found_mb_roofline:887] Fast found mb roofline, obj_id 771466, roofline mb: 0.00 MB/s, roofline mb throttle: 20
[m[32m[info] [src/pairwise_allocator.cpp:binary_serch_mb_roofline:937] descriptor1 COLS 3, find_mb_roofline_time: 6, roofline mb: 0.0000, current mb 0.0000, gap: -nan, lmb_throttle: 20, rmb_throttle: 20
[m[32m[info] [src/pairwise_allocator.cpp:allocating_mb:1147] binary_serch_mb_roofline first pair success
[m[32m[info] [src/pairwise_allocator.cpp:pair_allocating_mb:1088] pair_allocating_mb begin, allocating times: 0, descriptor roofline mb throttle: 20, system remain mb: 93177.42 MB/s
[mSKT0: MBA COS3 => 20% requested, 20% applied
current_data: 1.0607, 1134218, 5.1160, 873.7550
current_data: 0.4340, 4592158, 77.3822, 4010.0229
current_data: 2.5443, 6046, 0.0005, 0.0000
current_data: 2.4408, 38621, 31.9728, 9827.5562
current_data: 2.0401, 388186, 14.1640, 2936.2668
[32m[info] [src/pairwise_allocator.cpp:pair_allocating_mb:1088] pair_allocating_mb begin, allocating times: 1, descriptor roofline mb throttle: 20, system remain mb: 93177.42 MB/s
[m[32m[info] [src/pairwise_allocator.cpp:allocating_fit_mb:958] Will allocating_fit_mb mb throttle: 20
[mSKT0: MBA COS3 => 20% requested, 20% applied
current_data: 1.1013, 1024017, 4.5428, 620.0035
current_data: 0.4368, 3786449, 77.4621, 3278.1438
current_data: 2.5494, 6136, 0.0009, 0.6250
current_data: 2.4606, 35390, 31.9711, 9215.6777
current_data: 2.5877, 413082, 6.7916, 1651.8845
[32m[info] [src/pairwise_allocator.cpp:allocating_mb:1121] Allocate mb: 0.63 MB/s, mb_throttle: 20
[mcurrent_data: 1.1105, 1067936, 4.3174, 660.0038
current_data: 0.4347, 3840416, 77.6606, 3348.7692
current_data: 2.5480, 5482, 0.0002, 0.0000
current_data: 2.4634, 35707, 31.9722, 9451.9291
current_data: 2.5668, 385758, 6.8740, 1731.8849
current_data: 1.1246, 6042389, 4.1294, 3180.6432
current_data: 0.4381, 21465140, 77.8710, 18686.9819
current_data: 2.5471, 36522, 0.0006, 1.8750
current_data: 2.1211, 235403, 34.3049, 46644.0169
current_data: 2.3921, 2203320, 9.1524, 12015.6938
current_data: 1.1332, 6140035, 4.1878, 3295.6439
current_data: 0.4410, 21564512, 77.9338, 18906.3582
current_data: 2.5471, 27611, 0.0002, 0.0000
current_data: 2.1746, 208247, 34.2698, 44552.7549
current_data: 2.4027, 2196349, 9.0817, 12153.1945
current_data: 1.1268, 6085715, 4.2344, 3263.7687
current_data: 0.4408, 21654718, 77.9962, 18870.7330
current_data: 2.5472, 28292, 0.0003, 0.6250
current_data: 2.1737, 204738, 34.2719, 44790.8813
current_data: 2.4023, 2242145, 9.1081, 12177.5697
current_data: 1.1293, 6087802, 4.0778, 3206.8933
current_data: 0.4409, 21600086, 78.0278, 18924.4833
current_data: 2.5469, 28478, 0.0003, 0.6250
current_data: 2.1200, 657038, 33.1977, 42920.2456
current_data: 2.3673, 2126823, 9.3253, 12818.8233
current_data: 1.0982, 5959581, 4.2231, 3302.5189
current_data: 0.4196, 20534767, 77.9831, 17861.9772
current_data: 2.5466, 29264, 0.0004, 0.6250
current_data: 1.7644, 5261113, 31.1244, 55312.1915
current_data: 2.3472, 2145702, 9.1728, 11865.6929
current_data: 1.1161, 6038660, 4.2685, 3268.7687
current_data: 0.4334, 21209716, 78.0133, 18532.6060
current_data: 2.5458, 31350, 0.0004, 1.2500
current_data: 2.7611, 263705, 25.6348, 49404.6577
current_data: 2.2849, 2130004, 10.4391, 13150.7002
current_data: 1.1149, 5966981, 4.2970, 3250.0186
current_data: 0.4348, 21394287, 78.0345, 18715.7321
current_data: 2.5467, 31940, 0.0004, 1.8750
current_data: 2.7249, 257727, 24.9484, 47616.5225
current_data: 2.3867, 2198248, 9.0646, 12147.5695
current_data: 1.0954, 5954236, 4.1796, 3223.1434
current_data: 0.4171, 20512055, 78.0273, 17912.6025
current_data: 2.5463, 27562, 0.0002, 0.0000
current_data: 2.2039, 194584, 26.4927, 58758.4612
current_data: 2.2545, 2233014, 10.2231, 12438.1962
current_data: 1.0948, 6007228, 4.2246, 3168.1431
current_data: 0.4194, 18811915, 75.6478, 17743.2265
current_data: 2.5459, 29253, 0.0003, 1.2500
current_data: 2.2035, 203647, 26.4859, 58865.3368
current_data: 2.3131, 2170392, 9.1355, 11878.8180
current_data: 1.0902, 5894797, 4.2625, 3308.7689
current_data: 0.4177, 20587625, 78.0168, 17980.7279
current_data: 2.5467, 31864, 0.0004, 0.6250
current_data: 2.2030, 238946, 26.8290, 58113.4575
current_data: 2.3219, 2136706, 9.1397, 11902.5681
current_data: 1.1143, 6050103, 4.2997, 3477.5199
current_data: 0.4334, 21497052, 78.0219, 18834.4828
current_data: 2.5470, 30861, 0.0003, 0.6250
current_data: 2.4540, 211577, 31.9683, 53080.9287
current_data: 2.3226, 2156391, 9.4049, 12918.1989
current_data: 1.1208, 6130951, 4.1462, 3325.6440
current_data: 0.4341, 21531667, 78.0489, 18738.2322
current_data: 2.5465, 28748, 0.0003, 0.6250
current_data: 2.4530, 195715, 31.9694, 53092.1788
current_data: 2.3666, 2195745, 9.0289, 12088.1942
current_data: 1.1201, 6148256, 4.1954, 3377.5193
current_data: 0.4334, 21543844, 78.0771, 18942.6084
current_data: 2.5473, 29481, 0.0002, 0.0000
current_data: 2.4568, 199564, 31.9675, 53329.6802
current_data: 2.2700, 2168284, 10.3368, 13260.0759
current_data: 1.1241, 6185773, 4.0766, 3152.5180
current_data: 0.4340, 21622196, 78.0556, 18970.1085
current_data: 2.5475, 28319, 0.0004, 0.0000
current_data: 2.4591, 192033, 31.9700, 53429.6807
current_data: 2.3650, 2273026, 9.0348, 12161.3196
current_data: 1.1207, 6175203, 4.1511, 3275.0187
current_data: 0.4338, 21601124, 78.0162, 18970.1085
current_data: 2.5479, 28238, 0.0002, 0.0000
current_data: 2.4559, 194814, 31.9688, 53392.8055
current_data: 2.2728, 2143038, 10.3340, 13378.2016
current_data: 1.1183, 6136995, 4.1341, 3312.5190
current_data: 0.4340, 21726439, 78.0353, 19038.8589
current_data: 2.5468, 30920, 0.0003, 0.6250
current_data: 2.4614, 206189, 31.9705, 53749.6826
current_data: 2.3661, 2267070, 9.1001, 12250.6951
current_data: 1.1172, 6139008, 4.2439, 3373.1443
current_data: 0.4334, 21686883, 78.0509, 19026.9839
current_data: 2.5467, 30808, 0.0003, 0.6250
current_data: 2.4563, 197459, 31.9696, 53648.4320
current_data: 2.2688, 2247600, 10.3753, 13428.2018
current_data: 1.1197, 6189442, 4.1299, 3424.3946
current_data: 0.4339, 21715832, 78.0184, 18858.2329
current_data: 2.5458, 35936, 0.0004, 2.5000
current_data: 2.4552, 208676, 31.9669, 53636.5569
current_data: 2.3651, 2261212, 9.0545, 12231.9450
current_data: 1.1188, 6163316, 4.2092, 3348.1442
current_data: 0.4353, 21850740, 78.0362, 19034.4839
current_data: 2.5474, 29289, 0.0003, 0.0000
current_data: 2.2966, 216359, 28.7741, 47040.2692
current_data: 2.3085, 2096864, 9.8828, 13490.0772
current_data: 1.1228, 6236243, 4.2211, 3466.8948
current_data: 0.4369, 21898058, 78.0478, 19128.2345
current_data: 2.5469, 30030, 0.0003, 0.0000
current_data: 2.5492, 210064, 24.9762, 45343.3845
current_data: 2.3788, 2192998, 9.0766, 12281.9453
current_data: 1.1253, 6249136, 4.1634, 3411.8945
current_data: 0.4367, 21903796, 78.0154, 19177.6097
current_data: 2.5467, 28879, 0.0003, 0.0000
current_data: 2.5255, 212408, 24.9748, 44853.3817
current_data: 2.3684, 2308070, 9.0068, 12463.8213
current_data: 1.1235, 6193948, 4.1604, 3306.8939
current_data: 0.4380, 19899054, 75.9517, 18788.2325
current_data: 2.5462, 30056, 0.0003, 0.6250
current_data: 2.5548, 212529, 24.9725, 45488.3853
current_data: 2.3803, 2197248, 9.1030, 12293.1953
current_data: 1.1220, 6193146, 4.1869, 3313.1440
current_data: 0.4363, 21908673, 78.0480, 19155.1096
current_data: 2.5460, 32119, 0.0003, 0.6250
current_data: 2.5168, 223833, 24.9721, 44839.0066
current_data: 2.3753, 2303418, 9.0405, 12254.4451
current_data: 1.1217, 6159774, 4.2588, 3413.1445
current_data: 0.4366, 21922430, 77.9937, 19158.8596
current_data: 2.5473, 31508, 0.0004, 1.8750
current_data: 2.5482, 224591, 24.9743, 45349.0095
current_data: 2.3652, 2423240, 9.1300, 12336.9456
current_data: 1.1241, 6269594, 4.1197, 3342.5191
current_data: 0.4365, 21925383, 78.0615, 19240.1101
current_data: 2.5469, 29887, 0.0003, 2.5000
current_data: 2.5462, 218825, 24.9768, 45396.5098
current_data: 2.3789, 2264464, 9.0239, 12225.6950
current_data: 1.1242, 6235136, 4.0839, 3300.0189
current_data: 0.4367, 21912063, 78.0610, 19237.6101
current_data: 2.5471, 29183, 0.0002, 0.0000
current_data: 2.5265, 205937, 24.9745, 44980.8824
current_data: 2.2963, 2221387, 10.3581, 13218.8256
current_data: 1.1268, 6245204, 4.0533, 3234.3935
current_data: 0.4368, 21947391, 78.0267, 19235.7351
current_data: 2.5472, 29955, 0.0002, 1.2500
current_data: 2.3264, 249487, 26.6758, 44560.2550
current_data: 2.3816, 2244434, 9.0013, 12253.1951
current_data: 1.1081, 6016070, 4.3951, 3468.7698
current_data: 0.4337, 21825891, 78.0070, 19103.2343
current_data: 2.5478, 30580, 0.0003, 0.0000
current_data: 2.4511, 227943, 31.9650, 53776.5577
current_data: 2.2726, 2204333, 10.3968, 13490.7022
current_data: 1.1244, 6245698, 4.1599, 3302.5189
current_data: 0.4339, 21757230, 77.9992, 18987.6086
current_data: 2.5476, 28787, 0.0003, 0.0000
current_data: 2.4500, 208825, 31.9669, 53544.6814
current_data: 2.3705, 2273815, 9.0960, 12305.6954
current_data: 1.1202, 6241764, 4.2177, 3380.6443
current_data: 0.4332, 21740321, 78.0862, 19070.7341
current_data: 2.5468, 29908, 0.0004, 1.2500
current_data: 2.4537, 218268, 31.9638, 53706.5573
current_data: 2.2782, 2125882, 10.3667, 13416.3268
current_data: 1.1193, 6242477, 4.1915, 3269.3937
current_data: 0.4338, 21797217, 78.0365, 19026.9839
current_data: 2.5478, 29059, 0.0003, 0.6250
current_data: 2.4559, 211044, 31.9643, 53795.9328
current_data: 2.3709, 2235662, 9.0626, 12256.3201
current_data: 1.1177, 6244494, 4.2631, 3406.8945
current_data: 0.4333, 21712942, 78.0591, 19015.1088
current_data: 2.5475, 29222, 0.0003, 0.0000
current_data: 2.4550, 208353, 31.9675, 53711.5573
current_data: 2.2773, 2116615, 10.2916, 13379.4516
current_data: 1.1192, 6269356, 4.2500, 3418.1446
current_data: 0.4337, 21895284, 78.0409, 19116.3594
current_data: 2.5468, 33157, 0.0004, 1.2500
current_data: 2.4591, 216868, 31.9658, 54092.1845
current_data: 2.3667, 2271037, 9.1034, 12373.8208
current_data: 1.1160, 6181489, 4.1602, 3336.8941
current_data: 0.4329, 21815920, 78.0278, 19068.8591
current_data: 2.5453, 39563, 0.0005, 2.5000
current_data: 2.4493, 232945, 31.9645, 53695.9323
current_data: 2.2966, 2130550, 10.0075, 13398.2017
current_data: 1.1219, 6262739, 4.1728, 3391.2694
current_data: 0.4370, 19971521, 76.0776, 18776.3574
current_data: 2.5472, 28783, 0.0003, 1.2500
current_data: 2.4571, 209162, 31.9638, 53879.0583
current_data: 2.3728, 2208051, 9.0949, 12291.3203
current_data: 1.1212, 6161909, 4.2430, 3470.6449
current_data: 0.4382, 22053290, 78.0154, 19349.4857
current_data: 2.5464, 33469, 0.0004, 1.8750
current_data: 2.0654, 259779, 34.7367, 46334.6401
current_data: 2.3704, 2335767, 9.0151, 12468.1963
current_data: 1.1243, 6207347, 4.3157, 3590.0205
current_data: 0.4405, 22185811, 78.0054, 19346.9857
current_data: 2.5465, 32212, 0.0003, 2.5000
current_data: 2.1747, 238059, 34.2638, 45898.3876
current_data: 2.3856, 2255763, 8.9906, 12263.1952
current_data: 1.1259, 6219886, 4.2238, 3336.2691
current_data: 0.4401, 22153882, 78.0939, 19456.3613
current_data: 2.5470, 31282, 0.0004, 1.8750
current_data: 2.1745, 226691, 34.2655, 45957.7630
current_data: 2.3852, 2325771, 9.0106, 12275.6952
current_data: 1.1219, 6195412, 4.2242, 3328.7690
current_data: 0.4368, 22025054, 78.0421, 19333.8606
current_data: 2.5472, 30877, 0.0004, 0.6250
current_data: 2.2461, 5682990, 27.4527, 44835.2565
current_data: 2.3057, 2318637, 10.1354, 12733.1979
current_data: 1.1033, 6182531, 4.1493, 3277.5188
current_data: 0.4225, 21318700, 78.0182, 18647.6067
current_data: 2.5478, 28551, 0.0002, 0.0000
current_data: 2.0611, 391812, 30.6409, 56881.5755
current_data: 2.3475, 2223024, 9.0559, 12178.1947
current_data: 1.1204, 6281248, 4.1500, 3369.3943
current_data: 0.4341, 21848556, 78.0568, 19126.3594
current_data: 2.5466, 28270, 0.0002, 0.0000
current_data: 2.7379, 278314, 25.3339, 49783.4099
current_data: 2.2826, 2159396, 10.2841, 13471.3271
current_data: 1.1095, 6215711, 4.1226, 3275.0187
current_data: 0.4260, 21483706, 78.0659, 18718.8571
current_data: 2.5468, 29444, 0.0003, 0.0000
current_data: 2.4092, 234714, 25.8591, 54344.0610
current_data: 2.3530, 2181479, 9.0857, 12192.5698
current_data: 1.0967, 6165464, 4.1330, 3265.6437
current_data: 0.4166, 21030946, 78.0635, 18350.1050
current_data: 2.5467, 27568, 0.0002, 0.0000
current_data: 2.2003, 203048, 26.4876, 60132.8441
current_data: 2.2363, 2099710, 10.3596, 13311.3262
current_data: 1.0904, 6107077, 4.2958, 3393.1444
current_data: 0.4167, 20987195, 78.0183, 18263.8545
current_data: 2.5475, 28587, 0.0002, 0.0000
current_data: 2.2046, 211026, 26.4871, 60095.9689
current_data: 2.3265, 2285412, 9.0998, 12193.1948
current_data: 1.1111, 6256614, 4.2396, 3401.2695
current_data: 0.4284, 21643949, 78.0548, 18993.8587
current_data: 2.5471, 28857, 0.0003, 1.2500
current_data: 2.3721, 220128, 30.6371, 55354.6917
current_data: 2.2705, 2176634, 10.2525, 13378.2016
current_data: 1.1192, 6219114, 4.1989, 3409.3945
current_data: 0.4337, 21846139, 78.0401, 19092.6092
current_data: 2.5475, 29219, 0.0003, 0.0000
current_data: 2.4586, 198800, 31.9690, 54021.5591
current_data: 2.3764, 2228593, 9.0992, 12343.1956
current_data: 1.1195, 6231186, 4.1772, 3287.5188
current_data: 0.4311, 20478639, 76.8647, 18405.1053
current_data: 2.5469, 31038, 0.0003, 1.8750
current_data: 2.4525, 203600, 31.9663, 53815.9329
current_data: 2.2808, 2271025, 10.2681, 13432.5769
current_data: 1.1216, 6262285, 4.1861, 3319.3940
current_data: 0.4337, 21811688, 78.0581, 19133.8595
current_data: 2.5477, 27821, 0.0002, 0.0000
current_data: 2.4604, 195180, 31.9682, 53922.1835
current_data: 2.3795, 2194412, 9.0338, 12260.6952
current_data: 1.1161, 6199276, 4.1905, 3467.5198
current_data: 0.4331, 21799299, 78.0227, 19084.4842
current_data: 2.5468, 32537, 0.0004, 0.6250
current_data: 2.4532, 209424, 31.9672, 53818.4330
current_data: 2.3446, 2200090, 9.2189, 13071.9498
current_data: 1.1144, 6166953, 4.2114, 3372.5193
current_data: 0.4335, 21822883, 78.0469, 19074.4841
current_data: 2.5459, 33195, 0.0003, 0.0000
current_data: 2.4597, 214344, 31.9677, 53964.0588
current_data: 2.3795, 2221731, 9.0213, 12226.3200
current_data: 1.1177, 6087265, 4.1265, 3192.5183
current_data: 0.4331, 21390175, 78.0760, 18811.3576
current_data: 2.5464, 32650, 0.0005, 0.6250
current_data: 2.4620, 202320, 31.9639, 53190.9294
current_data: 2.3770, 2284201, 9.0035, 12084.4441
current_data: 1.1169, 6166155, 4.2464, 3340.0191
current_data: 0.4335, 21698666, 78.0546, 19083.8592
current_data: 2.5472, 29334, 0.0002, 0.0000
current_data: 2.4499, 199425, 31.9675, 53475.3060
current_data: 2.3770, 2245032, 9.0469, 12235.0700
current_data: 1.1200, 6176919, 4.1755, 3275.6437
current_data: 0.4344, 21779674, 78.0505, 19089.4842
current_data: 2.5468, 29660, 0.0002, 0.0000
current_data: 2.2792, 198205, 30.9430, 49552.1585
current_data: 2.3811, 2254976, 9.0567, 12286.9453
current_data: 1.1224, 6209559, 4.2008, 3386.8944
current_data: 0.4366, 21860588, 78.0524, 19087.6092
current_data: 2.5471, 29799, 0.0002, 0.6250
current_data: 2.5556, 205087, 24.9765, 45363.3846
current_data: 2.3860, 2272394, 9.0785, 12333.1956
current_data: 1.1261, 6264878, 4.1268, 3356.8942
current_data: 0.4368, 21871719, 78.0603, 19170.7347
current_data: 2.5474, 29844, 0.0003, 0.0000
current_data: 2.5217, 200587, 24.9776, 44791.5063
current_data: 2.3893, 2248556, 9.0084, 12234.4450
current_data: 1.1249, 6181840, 4.1180, 3317.5190
current_data: 0.4368, 21863662, 78.0513, 19023.8589
current_data: 2.5465, 28328, 0.0002, 0.6250
current_data: 2.5522, 204548, 24.9752, 45245.2589
current_data: 2.3549, 2370339, 9.4747, 12225.0700
current_data: 1.1232, 6170598, 4.1921, 3400.0195
current_data: 0.4366, 21871436, 78.0400, 19115.1094
current_data: 2.5466, 31022, 0.0003, 1.2500
current_data: 2.5436, 208901, 24.9720, 45232.7588
current_data: 2.3848, 2287643, 9.0769, 12330.0706
current_data: 1.1246, 6249268, 4.1986, 3470.6449
current_data: 0.4368, 21927627, 78.0720, 19160.7346
current_data: 2.5482, 30308, 0.0003, 0.0000
current_data: 2.5257, 203864, 24.9761, 45000.2575
current_data: 2.3001, 2152038, 10.3240, 13338.8263
current_data: 1.1270, 6216640, 4.1018, 3324.3940
current_data: 0.4368, 21888919, 78.0378, 19123.2344
current_data: 2.5475, 29336, 0.0002, 1.2500
current_data: 2.5460, 207005, 24.9759, 45295.2592
current_data: 2.3879, 2311884, 9.0055, 12291.9453
current_data: 1.1241, 6227374, 4.1626, 3350.0192
current_data: 0.4399, 20092408, 76.1919, 18909.4832
current_data: 2.5479, 29838, 0.0003, 0.0000
current_data: 2.5480, 201614, 24.9753, 45596.5109
current_data: 2.2958, 2227466, 10.2531, 13549.4525
current_data: 1.1270, 6268138, 4.0743, 3281.2688
current_data: 0.4366, 21958755, 78.0543, 19193.8598
current_data: 2.5475, 29132, 0.0002, 0.6250
current_data: 2.5283, 202357, 24.9729, 45077.1329
current_data: 2.3900, 2310534, 8.9693, 12286.3203
current_data: 1.1180, 6216783, 4.2245, 3421.2696
current_data: 0.4336, 21843526, 78.0167, 19082.6092
current_data: 2.5471, 34221, 0.0005, 1.8750
current_data: 2.3055, 268051, 32.9014, 52376.5497
current_data: 2.2835, 2127425, 10.2784, 13436.9519
current_data: 1.1150, 6212579, 4.2818, 3419.3946
current_data: 0.4334, 21879816, 78.0415, 19235.1101
current_data: 2.5474, 33292, 0.0004, 3.7500
current_data: 2.4515, 224539, 31.9663, 53969.6838
current_data: 2.3802, 2230770, 9.0763, 12358.1957
current_data: 1.1210, 6275885, 4.1348, 3225.6435
current_data: 0.4331, 21865812, 78.0725, 19253.8602
current_data: 2.5479, 28463, 0.0002, 0.6250
current_data: 2.4523, 208916, 31.9654, 53980.3089
current_data: 2.3574, 2118802, 9.1889, 13100.7000
current_data: 1.1205, 6264805, 4.2105, 3458.7698
current_data: 0.4336, 21840377, 78.0648, 19190.7348
current_data: 2.5465, 29160, 0.0002, 0.0000
current_data: 2.4570, 211293, 31.9655, 53949.6837
current_data: 2.3822, 2315768, 8.9958, 12243.8201
current_data: 1.1213, 6238625, 4.1058, 3363.7692
current_data: 0.4334, 21836958, 78.0127, 19046.9840
current_data: 2.5468, 31757, 0.0003, 1.8750
current_data: 2.4556, 212488, 31.9681, 53910.9335
current_data: 2.3826, 2270893, 8.9976, 12272.5702
current_data: 1.1192, 6230676, 4.1809, 3364.3943
current_data: 0.4334, 21799894, 78.0699, 18981.3586
current_data: 2.5455, 37683, 0.0004, 2.5000
current_data: 2.4599, 223398, 31.9675, 53921.5585
current_data: 2.3711, 2315908, 9.0585, 12277.5703
current_data: 1.1204, 6214387, 4.2133, 3444.3947
current_data: 0.4336, 21832543, 78.0425, 19115.7344
current_data: 2.5471, 31001, 0.0003, 1.2500
current_data: 2.4594, 206471, 31.9660, 53998.4340
current_data: 2.3820, 2251155, 9.0120, 12263.1952
current_data: 1.1198, 6251700, 4.1825, 3411.2695
current_data: 0.4334, 21899361, 78.0497, 19095.7343
current_data: 2.5483, 29648, 0.0002, 0.6250
current_data: 2.4512, 201896, 31.9659, 53974.0588
current_data: 2.2935, 2139636, 10.3205, 13333.2013
current_data: 1.1239, 6291784, 4.2373, 3420.6446
current_data: 0.4370, 21989921, 78.0812, 19352.6107
current_data: 2.5478, 29424, 0.0003, 0.0000
current_data: 2.1283, 229894, 34.1175, 48097.7752
current_data: 2.3941, 2295659, 9.0541, 12406.9460
current_data: 1.1281, 6294319, 4.1569, 3298.7689
current_data: 0.4402, 22166831, 78.0485, 19431.9862
current_data: 2.5485, 29784, 0.0003, 0.0000
current_data: 2.1736, 216634, 34.2692, 45934.6378
current_data: 2.3039, 2211204, 10.2610, 13544.4525
current_data: 1.1316, 6317301, 4.1599, 3367.5193
current_data: 0.4404, 22162385, 78.0801, 19455.7363
current_data: 2.5481, 29831, 0.0002, 0.0000
current_data: 2.1749, 212202, 34.2706, 45981.5131
current_data: 2.3946, 2292363, 9.0549, 12424.4461
current_data: 1.1273, 6303466, 4.1010, 3341.2691
current_data: 0.4445, 20697996, 76.7306, 19688.2377
current_data: 2.5473, 29276, 0.0003, 0.0000
current_data: 2.0962, 1355390, 32.0698, 45137.7583
current_data: 2.3013, 2207199, 10.2349, 13566.3276
current_data: 1.0959, 6091820, 4.2439, 3314.3940
current_data: 0.4186, 20983680, 78.2962, 18855.7329
current_data: 2.5469, 29793, 0.0003, 0.6250
current_data: 1.7075, 2236701, 34.3536, 57390.3284
current_data: 2.3476, 2173530, 9.0470, 12157.5696
current_data: 1.1200, 6217906, 4.1673, 3334.3941
current_data: 0.4319, 21570730, 78.3064, 19406.3610
current_data: 2.5459, 31597, 0.0003, 0.6250
current_data: 2.7477, 278042, 25.4749, 50212.7873
current_data: 2.3620, 2174737, 9.1039, 12978.8243
current_data: 1.1095, 6121908, 4.2429, 3301.2689
current_data: 0.4286, 21445805, 78.2798, 19236.9851
current_data: 2.5460, 33846, 0.0003, 0.6250
current_data: 2.5417, 267110, 25.4886, 51925.2971
current_data: 2.3712, 2260972, 9.0335, 12241.9450
[32m[info] [src/pairwise_allocator.cpp:allocating:1174] Will begin allocating cache, allocation_ready_queue size 1, allocation_complete_queue size 4
[mcurrent_data: 1.0774, 1075534, 5.2529, 1001.2557
current_data: 0.4212, 5299550, 68.5660, 3560.0204
current_data: 2.5453, 7985, 0.0007, 0.0000
current_data: 0.7065, 28868, 28.4118, 3238.1435
current_data: 2.0881, 398525, 7.0192, 1749.3850
[32m[info] [src/pairwise_allocator.cpp:binary_serch_cache_roofline:462] descriptor COLS 3, find_cache_roofline_times: 1, roofline ipc: 2.5453, current ipc 2.5453, gap: 0.0000, lway: 1, rway: 14
[mcurrent_data: 1.0474, 902804, 5.7218, 940.6304
current_data: 0.4369, 5503885, 66.8472, 3494.3950
current_data: 2.5456, 7053, 0.0005, 0.0000
current_data: 0.9266, 24445, 32.0143, 4266.8994
current_data: 1.1944, 255545, 17.4345, 2592.5148
[32m[info] [src/pairwise_allocator.cpp:binary_serch_cache_roofline:462] descriptor COLS 3, find_cache_roofline_times: 2, roofline ipc: 2.5456, current ipc 2.5456, gap: 0.0000, lway: 1, rway: 7
[mcurrent_data: 1.0450, 881195, 6.0832, 976.2556
current_data: 0.4372, 5445026, 66.8739, 3509.3951
current_data: 2.5469, 6810, 0.0003, 0.0000
current_data: 0.9263, 22704, 32.0132, 4240.0243
current_data: 2.0912, 357254, 7.1055, 1683.1346
[32m[info] [src/pairwise_allocator.cpp:binary_serch_cache_roofline:462] descriptor COLS 3, find_cache_roofline_times: 3, roofline ipc: 2.5469, current ipc 2.5469, gap: 0.0000, lway: 1, rway: 4
[mcurrent_data: 1.0449, 866030, 5.8353, 982.5056
current_data: 0.4406, 5589870, 66.3151, 3538.7702
current_data: 2.5456, 6534, 0.0003, 0.0000
current_data: 0.9253, 21485, 32.0394, 4267.5244
current_data: 1.4695, 277908, 12.3433, 2402.5137
[32m[info] [src/pairwise_allocator.cpp:binary_serch_cache_roofline:462] descriptor COLS 3, find_cache_roofline_times: 4, roofline ipc: 2.5469, current ipc 2.5456, gap: 0.0005, lway: 1, rway: 2
[mcurrent_data: 1.0442, 863748, 5.8944, 1050.0060
current_data: 0.4366, 5456096, 67.0124, 3588.7705
current_data: 2.5489, 6133, 0.0003, 0.0000
current_data: 0.9285, 22847, 32.0214, 4281.8995
current_data: 2.1074, 350072, 6.9380, 1643.7594
[32m[info] [src/pairwise_allocator.cpp:binary_serch_cache_roofline:462] descriptor COLS 3, find_cache_roofline_times: 5, roofline ipc: 2.5489, current ipc 2.5489, gap: 0.0000, lway: 1, rway: 1
[mcurrent_data: 1.0430, 856645, 6.0059, 1016.8808
current_data: 0.4376, 5477663, 66.7536, 3558.7704
current_data: 2.5502, 6364, 0.0006, 0.0000
current_data: 0.9281, 20035, 32.0334, 4208.7741
current_data: 2.1139, 374999, 6.6115, 1676.8846
[32m[info] [src/pairwise_allocator.cpp:found_cache_roofline:405] Found_cache_roofline, obj_id 771466, roofline cache way: 1, roofline remain cache: 14, roofline cache bitmask: 0x7ffe
[m[32m[info] [src/pairwise_allocator.cpp:binary_serch_cache_roofline:462] descriptor COLS 3, find_cache_roofline_times: 6, roofline ipc: 2.5502, current ipc 2.5502, gap: 0.0000, lway: 1, rway: 1
[m[32m[info] [src/pairwise_allocator.cpp:allocating_cache:846] binary_serch_cache_roofline first pair success
[m[32m[info] [src/pairwise_allocator.cpp:pair_allocating_cache:770] pair_allocating_cache begin, allocating time: 0, descriptor roofline cache way: 1, system remain cache way: 4, complete queue size: 4
[m[32m[info] [src/pairwise_allocator.cpp:allocating_cache:852] Complete pair_allocating_cache, allocate cache ways: 1
[m[34m[critical] [src/pairwise_allocator.cpp:print_allocating_cache_results:815] print_allocating_cache_results: system remain cache: 3
[m[34m[critical] [src/pairwise_allocator.cpp:print_allocating_cache_results:818] obj: 774192, cache_way: 2, roofline cache way: 2
[m[34m[critical] [src/pairwise_allocator.cpp:print_allocating_cache_results:818] obj: 774182, cache_way: 1, roofline cache way: 1
[m[34m[critical] [src/pairwise_allocator.cpp:print_allocating_cache_results:818] obj: 771452, cache_way: 7, roofline cache way: 7
[m[34m[critical] [src/pairwise_allocator.cpp:print_allocating_cache_results:818] obj: 771457, cache_way: 1, roofline cache way: 1
[m[34m[critical] [src/pairwise_allocator.cpp:print_allocating_cache_results:823] obj: 771466, cache_way: 1, roofline cache way: 1
[mSKT0: MBA COS6 => 100% requested, 100% applied
current_data: 1.0839, 1090115, 5.2473, 1018.7558
current_data: 0.4331, 5561019, 67.0524, 3509.3951
current_data: 2.5474, 7199, 0.0008, 0.0000
current_data: 0.9279, 23397, 32.0100, 4103.1485
current_data: 2.0958, 384979, 6.8456, 1590.0091
SKT0: MBA COS6 => 60% requested, 60% applied
[32m[info] [src/pairwise_allocator.cpp:binary_serch_mb_roofline:937] descriptor1 COLS 3, find_mb_roofline_time: 1, roofline mb: 0.0000, current mb 0.0000, gap: -nan, lmb_throttle: 20, rmb_throttle: 100
[mcurrent_data: 1.0523, 869271, 5.8879, 963.7555
current_data: 0.4427, 5323276, 66.1616, 3273.7687
current_data: 2.5469, 5999, 0.0002, 0.0000
current_data: 0.9268, 21017, 32.0122, 3972.5227
current_data: 1.6917, 293110, 11.0355, 1921.2610
SKT0: MBA COS6 => 40% requested, 40% applied
[32m[info] [src/pairwise_allocator.cpp:binary_serch_mb_roofline:937] descriptor1 COLS 3, find_mb_roofline_time: 2, roofline mb: 0.0000, current mb 0.0000, gap: -nan, lmb_throttle: 20, rmb_throttle: 60
[mcurrent_data: 1.0462, 853241, 5.7004, 950.0054
current_data: 0.4420, 5391848, 66.1876, 3273.7687
current_data: 2.5467, 7123, 0.0009, 0.0000
current_data: 0.9273, 21622, 32.0091, 4075.6483
current_data: 2.1175, 344839, 6.7678, 1712.5098
SKT0: MBA COS6 => 30% requested, 30% applied
[32m[info] [src/pairwise_allocator.cpp:binary_serch_mb_roofline:937] descriptor1 COLS 3, find_mb_roofline_time: 3, roofline mb: 0.0000, current mb 0.0000, gap: -nan, lmb_throttle: 20, rmb_throttle: 40
[mcurrent_data: 1.0442, 831479, 5.9352, 947.5054
current_data: 0.4441, 5355133, 65.9453, 3236.8935
current_data: 2.5498, 5991, 0.0003, 0.0000
current_data: 0.9273, 23105, 32.0054, 4022.5230
current_data: 1.2607, 216315, 17.4843, 2506.8893
SKT0: MBA COS6 => 20% requested, 20% applied
[32m[info] [src/pairwise_allocator.cpp:binary_serch_mb_roofline:937] descriptor1 COLS 3, find_mb_roofline_time: 4, roofline mb: 0.0000, current mb 0.0000, gap: -nan, lmb_throttle: 20, rmb_throttle: 30
[mcurrent_data: 1.0404, 826140, 6.0731, 971.2556
current_data: 0.4423, 5290074, 66.2169, 3191.8933
current_data: 2.5454, 6915, 0.0004, 0.0000
current_data: 0.9266, 22993, 32.0093, 3969.3977
current_data: 2.1076, 344634, 6.9030, 1691.2597
SKT0: MBA COS6 => 20% requested, 20% applied
[32m[info] [src/pairwise_allocator.cpp:binary_serch_mb_roofline:937] descriptor1 COLS 3, find_mb_roofline_time: 5, roofline mb: 0.0000, current mb 0.0000, gap: -nan, lmb_throttle: 20, rmb_throttle: 20
[mcurrent_data: 1.0399, 828535, 6.0409, 970.0056
current_data: 0.4462, 5436274, 65.6827, 3275.6437
current_data: 2.5479, 6718, 0.0005, 0.0000
current_data: 0.9261, 22997, 32.0031, 4052.5232
current_data: 1.1497, 233508, 18.5213, 2478.1392
[32m[info] [src/pairwise_allocator.cpp:found_mb_roofline:887] Fast found mb roofline, obj_id 771466, roofline mb: 0.00 MB/s, roofline mb throttle: 20
[m[32m[info] [src/pairwise_allocator.cpp:binary_serch_mb_roofline:937] descriptor1 COLS 3, find_mb_roofline_time: 6, roofline mb: 0.0000, current mb 0.0000, gap: -nan, lmb_throttle: 20, rmb_throttle: 20
[m[32m[info] [src/pairwise_allocator.cpp:allocating_mb:1147] binary_serch_mb_roofline first pair success
[m[32m[info] [src/pairwise_allocator.cpp:pair_allocating_mb:1088] pair_allocating_mb begin, allocating times: 0, descriptor roofline mb throttle: 20, system remain mb: 93177.42 MB/s
[mSKT0: MBA COS3 => 20% requested, 20% applied
current_data: 1.0604, 1126984, 5.0617, 900.0051
current_data: 0.4337, 4680463, 77.5062, 4050.6482
current_data: 2.5463, 7221, 0.0011, 0.0000
current_data: 2.4503, 38386, 31.9750, 9997.5572
current_data: 2.0311, 352951, 14.3333, 2908.1416
[32m[info] [src/pairwise_allocator.cpp:pair_allocating_mb:1088] pair_allocating_mb begin, allocating times: 1, descriptor roofline mb throttle: 20, system remain mb: 93177.42 MB/s
[m[32m[info] [src/pairwise_allocator.cpp:allocating_fit_mb:958] Will allocating_fit_mb mb throttle: 20
[mSKT0: MBA COS3 => 20% requested, 20% applied
current_data: 1.1039, 922843, 4.3251, 579.3783
current_data: 0.4352, 3522574, 77.6977, 3102.5178
current_data: 2.5479, 4762, 0.0002, 0.0000
current_data: 2.4657, 33056, 31.9715, 8665.6746
current_data: 2.5877, 382131, 6.7868, 1530.0088
[32m[info] [src/pairwise_allocator.cpp:allocating_mb:1121] Allocate mb: 0.00 MB/s, mb_throttle: 20
[mcurrent_data: 1.1047, 960645, 4.3730, 521.8780
current_data: 0.4319, 3444943, 77.7246, 3001.2672
current_data: 2.5472, 4653, 0.0002, 0.6250
current_data: 2.4363, 34680, 31.9596, 8440.6733
current_data: 2.3976, 289666, 7.2358, 2076.2619
current_data: 1.1171, 6026649, 4.3035, 3255.0186
current_data: 0.4337, 21210747, 77.9101, 18484.4808
current_data: 2.5478, 27697, 0.0003, 0.0000
current_data: 2.4519, 187706, 31.9699, 52183.4236
current_data: 2.3819, 2205541, 9.1193, 11996.3186
current_data: 1.1192, 6037127, 4.1843, 3206.2683
current_data: 0.4349, 21216610, 77.9653, 18458.8556
current_data: 2.5474, 28306, 0.0004, 0.0000
current_data: 2.2823, 189457, 29.8928, 46880.8933
current_data: 2.2919, 2198180, 10.3622, 13219.4506
current_data: 1.1248, 6135327, 4.1403, 3103.7678
current_data: 0.4364, 21376958, 78.0026, 18565.7312
current_data: 2.5474, 30520, 0.0004, 0.0000
current_data: 2.5472, 200877, 24.9815, 44255.8782
current_data: 2.3915, 2244816, 9.0316, 12099.4442
current_data: 1.1220, 6054027, 4.2235, 3270.6437
current_data: 0.4365, 21204424, 78.0124, 18493.2308
current_data: 2.5467, 30245, 0.0005, 0.0000
current_data: 2.5204, 202558, 24.9803, 43453.9986
current_data: 2.3781, 2290374, 9.2499, 12024.4438
current_data: 1.1224, 6041789, 4.1906, 3133.7679
current_data: 0.4365, 21286865, 78.0061, 18622.6066
current_data: 2.5469, 28344, 0.0003, 0.0000
current_data: 2.5583, 203886, 24.9751, 44157.1277
current_data: 2.3945, 2208918, 9.1157, 12073.1941
current_data: 1.1255, 6137434, 4.1095, 3256.2686
current_data: 0.4363, 21370951, 78.0315, 18655.1067
current_data: 2.5475, 28128, 0.0002, 0.0000
current_data: 2.5439, 205997, 24.9730, 44256.5032
current_data: 2.3975, 2212919, 9.0272, 12072.5691
current_data: 1.1163, 5919567, 4.2013, 3309.3939
current_data: 0.4429, 20317738, 76.0655, 18774.4824
current_data: 2.5459, 31111, 0.0004, 0.0000
current_data: 2.5186, 207524, 24.9750, 43834.0008
current_data: 2.2869, 2172341, 10.3702, 13223.8257
current_data: 1.1256, 6136478, 4.1524, 3245.6436
current_data: 0.4364, 21436784, 78.0471, 18771.3574
current_data: 2.5461, 30195, 0.0003, 0.6250
current_data: 2.5454, 205152, 24.9778, 44340.8787
current_data: 2.3880, 2214421, 9.0617, 12118.1943
current_data: 1.1241, 6115198, 4.1525, 3285.0188
current_data: 0.4368, 21511712, 78.0489, 18802.6076
current_data: 2.5459, 36598, 0.0005, 0.0000
current_data: 2.5448, 221780, 24.9724, 44428.3792
current_data: 2.2933, 2103013, 10.3533, 13321.9512
current_data: 1.1179, 6028075, 4.3082, 3376.2693
current_data: 0.4368, 21500765, 78.0777, 18733.2322
current_data: 2.5470, 33775, 0.0004, 0.0000
current_data: 2.5242, 219273, 24.9712, 44099.6273
current_data: 2.3859, 2262232, 9.0847, 12118.8193
current_data: 1.1154, 6032049, 4.2358, 3386.8944
current_data: 0.4351, 21494825, 78.0570, 18902.6082
current_data: 2.5463, 33091, 0.0003, 0.0000
current_data: 2.2726, 244653, 30.7515, 48412.7770
current_data: 2.3716, 2321015, 9.2890, 12128.8194
current_data: 1.1167, 6125273, 4.1992, 3329.3941
current_data: 0.4342, 21518121, 78.0104, 18765.7324
current_data: 2.5470, 29258, 0.0002, 0.0000
current_data: 2.4556, 207159, 31.9684, 53091.5538
current_data: 2.3884, 2284644, 9.0905, 12275.6952
current_data: 1.1195, 6181120, 4.1909, 3263.7687
current_data: 0.4343, 21575923, 78.0207, 18818.8577
current_data: 2.5480, 30792, 0.0004, 0.0000
current_data: 2.4499, 210136, 31.9642, 53015.9284
current_data: 2.3905, 2287174, 9.0153, 12228.1950
current_data: 1.1201, 6154576, 4.1514, 3316.8940
current_data: 0.4341, 21564435, 78.0407, 18846.9828
current_data: 2.5479, 28710, 0.0002, 0.0000
current_data: 2.4576, 211948, 31.9634, 53278.4299
current_data: 2.3872, 2268128, 9.0585, 12290.0703
current_data: 1.1206, 6205304, 4.2375, 3334.3941
current_data: 0.4342, 21642745, 78.0650, 18941.9834
current_data: 2.5474, 28719, 0.0002, 0.6250
current_data: 2.4552, 208296, 31.9643, 53405.9306
current_data: 2.3907, 2250049, 9.0341, 12223.8199
current_data: 1.1187, 6145889, 4.1652, 3283.1438
current_data: 0.4340, 21639519, 78.0303, 18818.8577
current_data: 2.5473, 30964, 0.0003, 0.0000
current_data: 2.4581, 212125, 31.9672, 53437.1808
current_data: 2.3913, 2321274, 9.0354, 12311.9454
current_data: 1.1207, 6213755, 4.1957, 3336.8941
current_data: 0.4342, 21676041, 78.0622, 19021.3588
current_data: 2.5471, 28696, 0.0002, 0.6250
current_data: 2.4606, 206257, 31.9671, 53629.0569
current_data: 2.3952, 2246605, 9.0017, 12251.9451
current_data: 1.1176, 6151764, 4.1667, 3255.0186
current_data: 0.4336, 21635189, 78.0244, 18943.8584
current_data: 2.5481, 31152, 0.0002, 0.0000
current_data: 2.4485, 210531, 31.9640, 53312.1801
current_data: 2.3900, 2253218, 9.0403, 12310.6954
current_data: 1.1187, 6222076, 4.1933, 3348.1442
current_data: 0.4230, 20359147, 77.2972, 18198.2291
current_data: 2.5474, 30097, 0.0002, 0.0000
current_data: 2.2530, 215908, 32.9168, 51569.6701
current_data: 2.4001, 2232053, 8.9620, 12256.3201
current_data: 1.1291, 6260391, 4.2131, 3381.2693
current_data: 0.4410, 22069951, 78.0312, 19327.6106
current_data: 2.5468, 30628, 0.0002, 0.0000
current_data: 2.1737, 220546, 34.2710, 45635.2611
current_data: 2.4066, 2323379, 8.9970, 12343.8206
current_data: 1.1271, 6268398, 4.2215, 3387.5194
current_data: 0.4410, 22134027, 78.0166, 19462.6114
current_data: 2.5470, 29216, 0.0002, 0.0000
current_data: 2.1747, 221063, 34.2688, 45884.6376
current_data: 2.3486, 2413608, 9.9460, 12660.0724
current_data: 1.1293, 6314180, 4.1451, 3320.6440
current_data: 0.4413, 22250954, 78.0407, 19420.7361
current_data: 2.5489, 28856, 0.0002, 0.0000
current_data: 2.1158, 233063, 34.4224, 45206.5087
current_data: 2.3787, 2282204, 9.0366, 12355.6957
current_data: 1.1085, 6165467, 4.1587, 3339.3941
current_data: 0.4273, 21493654, 78.0469, 18913.8582
current_data: 2.5462, 32734, 0.0004, 0.0000
current_data: 1.6871, 5692320, 33.2679, 51305.9186
current_data: 2.2757, 2374381, 10.1260, 12585.6970
current_data: 1.1086, 6149378, 4.2738, 3361.8942
current_data: 0.4297, 21702306, 78.0404, 18968.2335
current_data: 2.5459, 33147, 0.0003, 0.0000
current_data: 2.6966, 356708, 25.5619, 53244.6797
current_data: 2.3519, 2236272, 9.0869, 12257.5701
current_data: 1.1209, 6239998, 4.1646, 3346.8942
current_data: 0.4351, 21933843, 78.0151, 19247.6101
current_data: 2.5475, 32542, 0.0004, 0.0000
current_data: 2.7223, 283991, 25.1076, 49056.5307
current_data: 2.2862, 2279356, 10.2641, 12773.8231
current_data: 1.0966, 6158734, 4.2671, 3337.5191
current_data: 0.4197, 21193767, 78.0697, 18515.1059
current_data: 2.5471, 29478, 0.0003, 0.0000
current_data: 2.2005, 238484, 26.5715, 58678.4608
current_data: 2.3203, 2235515, 9.0095, 12030.6938
current_data: 1.0937, 6095015, 4.1907, 3388.7694
current_data: 0.4173, 21028134, 78.0535, 18496.9808
current_data: 2.5469, 29904, 0.0003, 0.0000
current_data: 2.2041, 207515, 26.4854, 60126.5940
current_data: 2.2987, 2312973, 9.3372, 12078.1941
current_data: 1.0948, 6152870, 4.1740, 3220.6434
current_data: 0.4174, 21099641, 78.0072, 18394.4803
current_data: 2.5458, 29116, 0.0002, 0.0000
current_data: 2.1936, 229845, 26.5657, 59867.8426
current_data: 2.3189, 2259681, 9.1301, 12164.4446
current_data: 1.1157, 6141666, 4.2707, 3332.5191
current_data: 0.4341, 21846502, 78.0420, 19093.8593
current_data: 2.5480, 32610, 0.0004, 0.0000
current_data: 2.4571, 207671, 31.9683, 54027.8091
current_data: 2.3656, 2286218, 8.9604, 12140.6945
current_data: 1.1274, 6300836, 4.1594, 3405.0195
current_data: 0.4342, 21886813, 78.0725, 19179.4847
current_data: 2.5468, 27490, 0.0002, 0.0000
current_data: 2.4519, 196122, 31.9688, 53923.4336
current_data: 2.3681, 2312514, 8.9696, 12173.8197
current_data: 1.1204, 6286063, 4.1913, 3290.6438
current_data: 0.4345, 21905086, 78.0251, 19176.9847
current_data: 2.5472, 29125, 0.0002, 0.0000
current_data: 2.4588, 198002, 31.9686, 54055.3093
current_data: 2.3391, 2354036, 9.3833, 12241.3200
[32m[info] [src/pairwise_allocator.cpp:allocating:1174] Will begin allocating cache, allocation_ready_queue size 1, allocation_complete_queue size 4
[mcurrent_data: 1.0551, 987804, 5.6611, 1010.0058
current_data: 0.4326, 5671331, 67.5895, 3820.6469
current_data: 2.5328, 8310, 0.0041, 0.0000
current_data: 0.9428, 151553, 31.3015, 4178.1489
current_data: 2.0983, 370854, 6.6810, 1691.8847
[32m[info] [src/pairwise_allocator.cpp:binary_serch_cache_roofline:462] descriptor COLS 4, find_cache_roofline_times: 1, roofline ipc: 0.9428, current ipc 0.9428, gap: 0.0000, lway: 1, rway: 14
[mcurrent_data: 1.0153, 819787, 6.1683, 951.2554
current_data: 0.4409, 5398099, 66.6838, 3566.2704
current_data: 2.5356, 6977, 0.0037, 0.0000
current_data: 0.9677, 347412, 30.2361, 4065.6483
current_data: 1.1491, 217639, 18.3771, 2518.7644
[32m[info] [src/pairwise_allocator.cpp:binary_serch_cache_roofline:462] descriptor COLS 4, find_cache_roofline_times: 2, roofline ipc: 0.9677, current ipc 0.9677, gap: 0.0000, lway: 1, rway: 7
[mcurrent_data: 0.9924, 828213, 6.2409, 983.7556
current_data: 0.4283, 5193771, 68.5521, 3626.2707
current_data: 2.5291, 11050, 0.0061, 0.0000
current_data: 0.9470, 196094, 31.0497, 4180.0239
current_data: 2.0968, 317597, 6.6396, 1623.1343
[32m[info] [src/pairwise_allocator.cpp:binary_serch_cache_roofline:462] descriptor COLS 4, find_cache_roofline_times: 3, roofline ipc: 0.9677, current ipc 0.9470, gap: 0.0214, lway: 1, rway: 4
[mcurrent_data: 0.9887, 748742, 6.4813, 893.7551
current_data: 0.4221, 4602406, 69.6317, 3241.8936
current_data: 2.5285, 8226, 0.0050, 0.0000
current_data: 0.9330, 86027, 31.6040, 3805.6468
current_data: 1.0764, 195767, 19.8387, 2436.8889
[32m[info] [src/pairwise_allocator.cpp:binary_serch_cache_roofline:462] descriptor COLS 4, find_cache_roofline_times: 4, roofline ipc: 0.9677, current ipc 0.9330, gap: 0.0358, lway: 1, rway: 2
[mcurrent_data: 0.9944, 747716, 6.4412, 910.0052
current_data: 0.4188, 4525373, 70.3898, 3310.6439
current_data: 2.5123, 12146, 0.0097, 2.5000
current_data: 0.9322, 60492, 31.7684, 3831.8969
current_data: 2.0644, 335015, 6.7697, 1606.2592
[32m[info] [src/pairwise_allocator.cpp:binary_serch_cache_roofline:462] descriptor COLS 4, find_cache_roofline_times: 5, roofline ipc: 0.9677, current ipc 0.9322, gap: 0.0366, lway: 1, rway: 1
[mcurrent_data: 0.9931, 738638, 6.2347, 863.1299
current_data: 0.4183, 4475799, 70.2509, 3265.0187
current_data: 2.5217, 10999, 0.0081, 3.7500
current_data: 0.9267, 31797, 31.9392, 3800.6467
current_data: 1.0682, 192741, 19.9697, 2423.7639
[32m[info] [src/pairwise_allocator.cpp:found_cache_roofline:405] Found_cache_roofline, obj_id 774182, roofline cache way: 1, roofline remain cache: 14, roofline cache bitmask: 0x7ffe
[m[32m[info] [src/pairwise_allocator.cpp:binary_serch_cache_roofline:462] descriptor COLS 4, find_cache_roofline_times: 6, roofline ipc: 0.9677, current ipc 0.9267, gap: 0.0423, lway: 1, rway: 1
[m[32m[info] [src/pairwise_allocator.cpp:allocating_cache:846] binary_serch_cache_roofline first pair success
[m[32m[info] [src/pairwise_allocator.cpp:pair_allocating_cache:770] pair_allocating_cache begin, allocating time: 0, descriptor roofline cache way: 1, system remain cache way: 4, complete queue size: 4
[m[32m[info] [src/pairwise_allocator.cpp:allocating_cache:852] Complete pair_allocating_cache, allocate cache ways: 1
[m[34m[critical] [src/pairwise_allocator.cpp:print_allocating_cache_results:815] print_allocating_cache_results: system remain cache: 3
[m[34m[critical] [src/pairwise_allocator.cpp:print_allocating_cache_results:818] obj: 771466, cache_way: 1, roofline cache way: 1
[m[34m[critical] [src/pairwise_allocator.cpp:print_allocating_cache_results:818] obj: 774192, cache_way: 2, roofline cache way: 2
[m[34m[critical] [src/pairwise_allocator.cpp:print_allocating_cache_results:818] obj: 771452, cache_way: 7, roofline cache way: 7
[m[34m[critical] [src/pairwise_allocator.cpp:print_allocating_cache_results:818] obj: 771457, cache_way: 1, roofline cache way: 1
[m[34m[critical] [src/pairwise_allocator.cpp:print_allocating_cache_results:823] obj: 774182, cache_way: 1, roofline cache way: 1
[mSKT0: MBA COS6 => 100% requested, 100% applied
current_data: 1.0608, 1087871, 5.1304, 925.6303
current_data: 0.4336, 5615007, 66.7762, 3711.8962
current_data: 2.5472, 6287, 0.0027, 0.0000
current_data: 2.3646, 56700, 26.8419, 9419.4289
current_data: 1.3092, 220228, 14.7466, 2496.8893
SKT0: MBA COS6 => 60% requested, 60% applied
[32m[info] [src/pairwise_allocator.cpp:binary_serch_mb_roofline:937] descriptor1 COLS 4, find_mb_roofline_time: 1, roofline mb: 9419.4289, current mb 9419.4289, gap: 0.0000, lmb_throttle: 20, rmb_throttle: 100
[mcurrent_data: 1.0375, 857556, 5.7406, 948.7554
current_data: 0.4447, 5431759, 65.8946, 3436.8947
current_data: 2.5454, 6268, 0.0030, 0.0000
current_data: 2.6049, 41630, 24.9827, 9365.0536
current_data: 2.1157, 342787, 6.5670, 1666.2595
SKT0: MBA COS6 => 40% requested, 40% applied
[32m[info] [src/pairwise_allocator.cpp:binary_serch_mb_roofline:937] descriptor1 COLS 4, find_mb_roofline_time: 2, roofline mb: 9365.0536, current mb 9365.0536, gap: 0.0000, lmb_throttle: 20, rmb_throttle: 60
[mcurrent_data: 1.0281, 836793, 5.8977, 877.5050
current_data: 0.4454, 5440847, 65.6887, 3473.1449
current_data: 2.5467, 5380, 0.0025, 0.0000
current_data: 2.2237, 39247, 24.9684, 7861.2950
current_data: 1.5842, 275271, 10.3701, 2063.7618
SKT0: MBA COS6 => 55% requested, 60% applied
[32m[info] [src/pairwise_allocator.cpp:binary_serch_mb_roofline:937] descriptor1 COLS 4, find_mb_roofline_time: 3, roofline mb: 9365.0536, current mb 7861.2950, gap: 0.1606, lmb_throttle: 50, rmb_throttle: 60
[mcurrent_data: 1.0225, 819383, 5.8042, 922.5053
current_data: 0.4426, 5435171, 66.0813, 3512.5201
current_data: 2.5431, 10032, 0.0050, 0.6250
current_data: 2.5988, 48569, 24.9753, 9383.8037
current_data: 2.0709, 343410, 6.9254, 1644.3844
SKT0: MBA COS6 => 50% requested, 50% applied
[32m[info] [src/pairwise_allocator.cpp:binary_serch_mb_roofline:937] descriptor1 COLS 4, find_mb_roofline_time: 4, roofline mb: 9365.0536, current mb 9383.8037, gap: 0.0020, lmb_throttle: 50, rmb_throttle: 60
[mcurrent_data: 1.0252, 813851, 5.9002, 913.7552
current_data: 0.4467, 5471572, 65.3998, 3428.7696
current_data: 2.5410, 6811, 0.0029, 0.6250
current_data: 2.5569, 44053, 24.9784, 9097.5521
current_data: 1.9049, 302188, 6.9196, 1705.0098
SKT0: MBA COS6 => 50% requested, 50% applied
[32m[info] [src/pairwise_allocator.cpp:binary_serch_mb_roofline:937] descriptor1 COLS 4, find_mb_roofline_time: 5, roofline mb: 9365.0536, current mb 9097.5521, gap: 0.0286, lmb_throttle: 50, rmb_throttle: 50
[mcurrent_data: 1.0259, 812737, 5.9935, 877.5050
current_data: 0.4440, 5317861, 65.9695, 3438.7697
current_data: 2.5368, 7307, 0.0040, 0.0000
current_data: 2.5582, 39332, 24.9742, 8738.1750
current_data: 2.0621, 317908, 7.0551, 1528.7587
[32m[info] [src/pairwise_allocator.cpp:found_mb_roofline:887] Fast found mb roofline, obj_id 774182, roofline mb: 9365.05 MB/s, roofline mb throttle: 50
[m[32m[info] [src/pairwise_allocator.cpp:binary_serch_mb_roofline:937] descriptor1 COLS 4, find_mb_roofline_time: 6, roofline mb: 9365.0536, current mb 8738.1750, gap: 0.0669, lmb_throttle: 50, rmb_throttle: 50
[m[32m[info] [src/pairwise_allocator.cpp:allocating_mb:1147] binary_serch_mb_roofline first pair success
[m[32m[info] [src/pairwise_allocator.cpp:pair_allocating_mb:1088] pair_allocating_mb begin, allocating times: 0, descriptor roofline mb throttle: 50, system remain mb: 101789.34 MB/s
[mSKT0: MBA COS4 => 20% requested, 20% applied
current_data: 1.0899, 1161632, 4.9343, 891.2551
current_data: 0.4486, 4795574, 77.4764, 4114.3985
current_data: 2.5471, 6510, 0.0004, 0.0000
current_data: 1.1163, 35582, 24.9569, 3936.2725
current_data: 2.0897, 438134, 13.6411, 3084.3926
[32m[info] [src/pairwise_allocator.cpp:pair_allocating_mb:1088] pair_allocating_mb begin, allocating times: 1, descriptor roofline mb throttle: 50, system remain mb: 101789.34 MB/s
[mSKT0: MBA COS4 => 30% requested, 30% applied
current_data: 1.1178, 1009194, 4.3362, 613.7535
current_data: 0.4459, 3819432, 77.6421, 3276.2687
current_data: 2.5486, 5471, 0.0006, 0.0000
current_data: 1.6864, 32284, 24.9638, 5088.1541
current_data: 2.5882, 410487, 6.9820, 1638.7594
[32m[info] [src/pairwise_allocator.cpp:pair_allocating_mb:1088] pair_allocating_mb begin, allocating times: 2, descriptor roofline mb throttle: 50, system remain mb: 101789.34 MB/s
[mSKT0: MBA COS4 => 40% requested, 40% applied
current_data: 1.1152, 1027888, 4.0711, 563.1282
current_data: 0.4384, 3778530, 77.8401, 3263.7687
current_data: 2.5477, 5235, 0.0002, 0.0000
current_data: 2.2308, 33498, 24.9689, 6881.2894
current_data: 2.5538, 485292, 6.9403, 1738.7599
[32m[info] [src/pairwise_allocator.cpp:pair_allocating_mb:1088] pair_allocating_mb begin, allocating times: 3, descriptor roofline mb throttle: 50, system remain mb: 101789.34 MB/s
[mSKT0: MBA COS4 => 50% requested, 50% applied
current_data: 1.1203, 1079460, 4.3306, 640.0037
current_data: 0.4380, 3792555, 77.8863, 3350.6442
current_data: 2.5466, 5923, 0.0007, 0.0000
current_data: 2.5439, 37849, 24.9739, 7827.5448
current_data: 2.0485, 313490, 14.3972, 2952.5169
[32m[info] [src/pairwise_allocator.cpp:pair_allocating_mb:1088] pair_allocating_mb begin, allocating times: 4, descriptor roofline mb throttle: 50, system remain mb: 101789.34 MB/s
[m[32m[info] [src/pairwise_allocator.cpp:allocating_fit_mb:958] Will allocating_fit_mb mb throttle: 50
[mSKT0: MBA COS4 => 50% requested, 50% applied
current_data: 1.1171, 1055779, 4.3981, 602.5034
current_data: 0.4383, 3777436, 77.8577, 3250.6436
current_data: 2.5472, 5007, 0.0001, 0.0000
current_data: 2.5524, 36435, 24.9748, 7804.4197
current_data: 2.5644, 445166, 6.7075, 1768.7601
[32m[info] [src/pairwise_allocator.cpp:allocating_mb:1121] Allocate mb: 7804.42 MB/s, mb_throttle: 50
[mcurrent_data: 1.1214, 1033582, 4.0457, 592.5034
current_data: 0.4356, 3765071, 77.8497, 3277.5188
current_data: 2.5469, 4980, 0.0001, 0.0000
current_data: 2.5420, 35484, 24.9764, 7803.1697
current_data: 2.0240, 363706, 14.5148, 2843.7663
current_data: 1.1187, 6079926, 4.2636, 3421.2696
current_data: 0.4372, 21641059, 77.9503, 18864.4829
current_data: 2.5474, 29748, 0.0003, 0.6250
current_data: 2.5448, 216730, 24.9717, 44925.8821
current_data: 2.3742, 2282752, 9.0413, 12225.0700
current_data: 1.1235, 6003203, 4.1405, 3263.1437
current_data: 0.4369, 21329030, 78.0073, 18726.9822
current_data: 2.5464, 31538, 0.0004, 0.6250
current_data: 2.5237, 207494, 24.9712, 43646.4997
current_data: 2.3369, 2244149, 9.7096, 12196.9448
current_data: 1.1238, 5990342, 4.1068, 3249.3936
current_data: 0.4374, 21357051, 77.9923, 18639.4817
current_data: 2.5469, 32437, 0.0004, 0.6250
current_data: 2.3133, 215225, 26.1262, 42258.9918
current_data: 2.3767, 2297194, 9.0629, 12071.3191
current_data: 1.1166, 5949932, 4.1757, 3325.6440
current_data: 0.4340, 21175986, 77.9840, 18600.1064
current_data: 2.5472, 31377, 0.0003, 0.0000
current_data: 2.4561, 222242, 31.9662, 52201.5487
current_data: 2.3586, 2168437, 9.0984, 11947.5684
current_data: 1.1175, 5991833, 4.2247, 3135.0179
current_data: 0.4341, 21202091, 78.0113, 18551.9812
current_data: 2.5481, 29061, 0.0002, 0.6250
current_data: 2.4481, 208749, 31.9669, 52169.0485
current_data: 2.2664, 2138378, 10.3981, 13256.3259
current_data: 1.1196, 6072040, 4.2774, 3385.0194
current_data: 0.4341, 21277884, 78.0302, 18620.7315
current_data: 2.5470, 27927, 0.0002, 0.0000
current_data: 2.4547, 207970, 31.9651, 52510.9255
current_data: 2.3702, 2225734, 9.0751, 12125.0694
current_data: 1.1185, 6073766, 4.2231, 3215.6434
current_data: 0.4343, 21308310, 78.0005, 18528.2310
current_data: 2.5484, 28349, 0.0004, 0.0000
current_data: 2.4567, 206603, 31.9638, 52537.1756
current_data: 2.3693, 2157419, 9.0647, 12028.8188
current_data: 1.1197, 6102293, 4.2184, 3260.0187
current_data: 0.4336, 21301230, 78.0372, 18624.4816
current_data: 2.5472, 28374, 0.0002, 0.0000
current_data: 2.4516, 204850, 31.9653, 52598.4260
current_data: 2.3221, 2128689, 9.5579, 12967.5742
current_data: 1.1209, 6135512, 4.1571, 3212.5184
current_data: 0.4340, 21308496, 78.0759, 18696.9820
current_data: 2.5471, 28047, 0.0002, 0.0000
current_data: 2.4591, 207557, 31.9674, 52688.4265
current_data: 2.3706, 2256229, 9.0881, 12081.9441
current_data: 1.1190, 6089585, 4.1849, 3251.2686
current_data: 0.4342, 21391196, 78.0245, 18685.1069
current_data: 2.5477, 29498, 0.0003, 0.0000
current_data: 2.4590, 211342, 31.9666, 52867.1775
current_data: 2.2875, 2210333, 10.3954, 13026.3245
current_data: 1.1184, 6117995, 4.1956, 3376.8943
current_data: 0.4331, 19273927, 75.6318, 18269.4795
current_data: 2.5472, 29120, 0.0003, 0.6250
current_data: 2.4476, 209783, 31.9653, 52853.4274
current_data: 2.3756, 2226603, 9.0122, 12115.6943
current_data: 1.1233, 6180469, 4.1486, 3298.7689
current_data: 0.4352, 21539360, 78.0712, 18814.4827
current_data: 2.5466, 33727, 0.0004, 0.6250
current_data: 2.1992, 247420, 33.4713, 49482.7831
current_data: 2.3737, 2286820, 9.0542, 12245.0701
current_data: 1.1261, 6153609, 4.1975, 3298.7689
current_data: 0.4405, 21869315, 78.0258, 19209.4849
current_data: 2.5471, 30028, 0.0003, 0.0000
current_data: 2.1750, 218594, 34.2685, 45270.2590
current_data: 2.3860, 2216364, 9.0298, 12123.8194
current_data: 1.1302, 6210803, 4.1618, 3301.2689
current_data: 0.4408, 21922869, 78.0369, 19188.8598
current_data: 2.5479, 29718, 0.0003, 0.0000
current_data: 2.1741, 222243, 34.2674, 45399.6348
current_data: 2.3849, 2259441, 9.0235, 12189.4447
current_data: 1.1313, 6250785, 4.1721, 3326.2690
current_data: 0.4402, 21895048, 78.0806, 19249.4851
current_data: 2.5475, 28175, 0.0002, 0.0000
current_data: 2.1154, 235840, 34.3527, 44544.0049
current_data: 2.3364, 2118203, 9.5397, 13280.7010
current_data: 1.1044, 6141994, 4.2416, 3434.3947
current_data: 0.4232, 21193094, 78.0250, 18574.4813
current_data: 2.5466, 31900, 0.0004, 0.6250
current_data: 1.6921, 5757313, 31.8100, 53169.0542
current_data: 2.3378, 2196122, 9.1021, 12134.4444
current_data: 1.1096, 6121131, 4.2769, 3406.2695
current_data: 0.4312, 21572795, 78.0121, 18864.4829
current_data: 2.5463, 33411, 0.0004, 1.2500
current_data: 2.7666, 306098, 25.4789, 51390.9191
current_data: 2.2729, 2280063, 10.3014, 13478.8271
current_data: 1.1166, 6130653, 4.2743, 3452.5198
current_data: 0.4348, 21751441, 78.0317, 19008.2338
current_data: 2.5468, 31680, 0.0003, 0.0000
current_data: 2.7273, 276319, 25.0391, 48685.2786
current_data: 2.3817, 2359637, 8.9450, 12312.5705
current_data: 1.0935, 6083457, 4.1667, 3325.6440
current_data: 0.4168, 21035433, 78.0785, 18490.1058
current_data: 2.5469, 34313, 0.0004, 0.0000
current_data: 2.1995, 208037, 26.4920, 60014.0934
current_data: 2.2323, 2167690, 10.2947, 13229.4507
current_data: 1.0976, 6071708, 4.1683, 3330.6441
current_data: 0.4170, 20974102, 78.0124, 18275.7296
current_data: 2.5482, 29771, 0.0003, 0.6250
current_data: 2.2054, 208569, 26.4861, 60018.4684
current_data: 2.3285, 2261432, 9.0348, 12148.1945
current_data: 1.0958, 6083906, 4.1945, 3340.6441
current_data: 0.4184, 20980490, 78.0573, 18300.7297
current_data: 2.5469, 29144, 0.0003, 0.0000
current_data: 2.2128, 224258, 27.0793, 58857.8368
current_data: 2.2595, 2219300, 10.3218, 12720.0728
current_data: 1.1198, 6207355, 4.2327, 3340.0191
current_data: 0.4339, 21778076, 78.0471, 19185.1098
current_data: 2.5471, 29390, 0.0002, 0.0000
current_data: 2.4576, 197967, 31.9698, 53802.1829
current_data: 2.3747, 2278206, 9.0431, 12289.4453
current_data: 1.1206, 6232088, 4.1533, 3228.1435
current_data: 0.4338, 21790921, 78.0377, 19025.1089
current_data: 2.5474, 30559, 0.0004, 0.0000
current_data: 2.4524, 195915, 31.9702, 53718.4324
current_data: 2.3252, 2400013, 9.8385, 12516.9466
current_data: 1.1133, 6130207, 4.2780, 3376.8943
current_data: 0.4348, 19739093, 75.9262, 18552.6062
current_data: 2.5462, 33286, 0.0005, 0.0000
current_data: 2.4575, 209308, 31.9666, 53831.5580
current_data: 2.3710, 2299447, 9.0465, 12273.1952
current_data: 1.1209, 6240868, 4.1583, 3415.0195
current_data: 0.4335, 21782948, 78.0430, 19036.9839
current_data: 2.5474, 29134, 0.0002, 0.0000
current_data: 2.4588, 194502, 31.9669, 53937.1836
current_data: 2.3521, 2377648, 9.3723, 12273.1952
current_data: 1.1236, 6254376, 4.0513, 3273.7687
current_data: 0.4336, 21896963, 78.0412, 19175.7347
current_data: 2.5475, 28574, 0.0003, 0.0000
current_data: 2.4591, 196671, 31.9689, 54137.1848
current_data: 2.3826, 2224921, 8.9921, 12324.4455
current_data: 1.1218, 6267941, 4.1718, 3266.2687
current_data: 0.4335, 21860929, 78.0724, 19081.9842
current_data: 2.5471, 29727, 0.0003, 0.0000
current_data: 2.4624, 199502, 31.9682, 54149.6848
current_data: 2.3123, 2355733, 10.1033, 12766.9481
current_data: 1.1213, 6281141, 4.1832, 3340.6441
current_data: 0.4334, 21826704, 78.0676, 19232.6100
current_data: 2.5479, 29120, 0.0003, 0.0000
current_data: 2.4560, 198007, 31.9686, 53952.8087
current_data: 2.3778, 2246640, 9.0551, 12395.0709
current_data: 1.1173, 6212896, 4.1598, 3383.7694
current_data: 0.4331, 21853817, 78.0599, 19123.8594
current_data: 2.5462, 39026, 0.0005, 0.6250
current_data: 2.4574, 222698, 31.9653, 54030.3092
current_data: 2.2919, 2261639, 10.2872, 13140.0752
current_data: 1.1145, 6124266, 4.2993, 3381.2693
current_data: 0.4358, 21970604, 78.0346, 19275.1103
current_data: 2.5464, 33898, 0.0004, 1.2500
current_data: 2.3060, 230503, 27.1730, 45184.0085
current_data: 2.3842, 2372594, 9.0024, 12390.6959
current_data: 1.1242, 6254601, 4.1904, 3366.2693
current_data: 0.4366, 22059316, 78.0233, 19190.7348
current_data: 2.5468, 30644, 0.0003, 0.6250
current_data: 2.5214, 221576, 24.9755, 45182.7585
current_data: 2.2940, 2246513, 10.2116, 13592.5778
[32m[info] [src/pairwise_allocator.cpp:allocating:1174] Will begin allocating cache, allocation_ready_queue size 1, allocation_complete_queue size 4
[mcurrent_data: 1.0800, 1095090, 5.2805, 1031.8809
current_data: 0.4298, 5458642, 67.4965, 3623.7707
current_data: 2.5458, 6409, 0.0003, 0.6250
current_data: 1.1196, 21982, 25.0228, 3981.2728
current_data: 2.0881, 391554, 6.9864, 1615.0092
[32m[info] [src/pairwise_allocator.cpp:binary_serch_cache_roofline:462] descriptor COLS 3, find_cache_roofline_times: 1, roofline ipc: 2.5458, current ipc 2.5458, gap: 0.0000, lway: 1, rway: 14
[mcurrent_data: 1.0487, 871369, 5.7753, 986.2556
current_data: 0.4437, 5393780, 65.7551, 3393.1444
current_data: 2.5459, 6001, 0.0002, 0.0000
current_data: 1.0749, 21015, 25.0330, 3763.1465
current_data: 1.1457, 202880, 18.5427, 2458.7641
[32m[info] [src/pairwise_allocator.cpp:binary_serch_cache_roofline:462] descriptor COLS 3, find_cache_roofline_times: 2, roofline ipc: 2.5459, current ipc 2.5459, gap: 0.0000, lway: 1, rway: 7
[mcurrent_data: 1.0454, 832926, 5.7762, 958.7555
current_data: 0.4441, 5391662, 65.8660, 3450.6447
current_data: 2.5454, 6853, 0.0005, 0.0000
current_data: 1.1197, 20282, 25.0127, 3966.8977
current_data: 2.1079, 356409, 6.8174, 1680.0096
[32m[info] [src/pairwise_allocator.cpp:binary_serch_cache_roofline:462] descriptor COLS 3, find_cache_roofline_times: 3, roofline ipc: 2.5459, current ipc 2.5454, gap: 0.0002, lway: 1, rway: 4
[mcurrent_data: 1.0421, 835530, 6.1552, 1004.3807
current_data: 0.4467, 5392370, 65.4667, 3441.2697
current_data: 2.5466, 5993, 0.0002, 0.0000
current_data: 1.1194, 22184, 25.0106, 3921.2724
current_data: 1.2114, 213060, 17.1980, 2478.1392
[32m[info] [src/pairwise_allocator.cpp:binary_serch_cache_roofline:462] descriptor COLS 3, find_cache_roofline_times: 4, roofline ipc: 2.5466, current ipc 2.5466, gap: 0.0000, lway: 1, rway: 2
[mcurrent_data: 1.0417, 803568, 6.0738, 951.8804
current_data: 0.4443, 5261715, 65.8950, 3403.7695
current_data: 2.5478, 6066, 0.0002, 0.0000
current_data: 1.1202, 19451, 25.0212, 3830.0219
current_data: 2.1087, 357707, 6.8547, 1667.5095
[32m[info] [src/pairwise_allocator.cpp:binary_serch_cache_roofline:462] descriptor COLS 3, find_cache_roofline_times: 5, roofline ipc: 2.5478, current ipc 2.5478, gap: 0.0000, lway: 1, rway: 1
[mcurrent_data: 1.0398, 827085, 6.2311, 957.5055
current_data: 0.4473, 5453652, 65.4044, 3461.8948
current_data: 2.5478, 6599, 0.0004, 0.0000
current_data: 1.1186, 20016, 25.0354, 3954.3976
current_data: 1.4763, 236632, 12.2805, 2226.2627
[32m[info] [src/pairwise_allocator.cpp:found_cache_roofline:405] Found_cache_roofline, obj_id 771466, roofline cache way: 1, roofline remain cache: 14, roofline cache bitmask: 0x7ffe
[m[32m[info] [src/pairwise_allocator.cpp:binary_serch_cache_roofline:462] descriptor COLS 3, find_cache_roofline_times: 6, roofline ipc: 2.5478, current ipc 2.5478, gap: 0.0000, lway: 1, rway: 1
[m[32m[info] [src/pairwise_allocator.cpp:allocating_cache:846] binary_serch_cache_roofline first pair success
[m[32m[info] [src/pairwise_allocator.cpp:pair_allocating_cache:770] pair_allocating_cache begin, allocating time: 0, descriptor roofline cache way: 1, system remain cache way: 4, complete queue size: 4
[m[32m[info] [src/pairwise_allocator.cpp:allocating_cache:852] Complete pair_allocating_cache, allocate cache ways: 1
[m[34m[critical] [src/pairwise_allocator.cpp:print_allocating_cache_results:815] print_allocating_cache_results: system remain cache: 3
[m[34m[critical] [src/pairwise_allocator.cpp:print_allocating_cache_results:818] obj: 774192, cache_way: 2, roofline cache way: 2
[m[34m[critical] [src/pairwise_allocator.cpp:print_allocating_cache_results:818] obj: 774182, cache_way: 1, roofline cache way: 1
[m[34m[critical] [src/pairwise_allocator.cpp:print_allocating_cache_results:818] obj: 771452, cache_way: 7, roofline cache way: 7
[m[34m[critical] [src/pairwise_allocator.cpp:print_allocating_cache_results:818] obj: 771457, cache_way: 1, roofline cache way: 1
[m[34m[critical] [src/pairwise_allocator.cpp:print_allocating_cache_results:823] obj: 771466, cache_way: 1, roofline cache way: 1
[mSKT0: MBA COS6 => 100% requested, 100% applied
current_data: 1.0817, 1084691, 5.0869, 985.0056
current_data: 0.4274, 5393304, 67.8963, 3544.3953
current_data: 2.5465, 7502, 0.0007, 0.0000
current_data: 0.9283, 23674, 32.0103, 4079.3983
current_data: 1.1327, 243359, 18.8004, 2453.1390
SKT0: MBA COS6 => 60% requested, 60% applied
[32m[info] [src/pairwise_allocator.cpp:binary_serch_mb_roofline:937] descriptor1 COLS 3, find_mb_roofline_time: 1, roofline mb: 0.0000, current mb 0.0000, gap: -nan, lmb_throttle: 20, rmb_throttle: 100
[mcurrent_data: 1.0529, 871083, 5.7683, 968.1305
current_data: 0.4391, 5304801, 66.6307, 3377.5193
current_data: 2.5455, 6020, 0.0002, 0.0000
current_data: 0.9280, 20912, 32.0112, 4043.7731
current_data: 2.1064, 355674, 6.8024, 1674.3846
SKT0: MBA COS6 => 40% requested, 40% applied
[32m[info] [src/pairwise_allocator.cpp:binary_serch_mb_roofline:937] descriptor1 COLS 3, find_mb_roofline_time: 2, roofline mb: 0.0000, current mb 0.0000, gap: -nan, lmb_throttle: 20, rmb_throttle: 60
[mcurrent_data: 1.0429, 842977, 5.9095, 975.0056
current_data: 0.4435, 5377458, 65.9635, 3359.3942
current_data: 2.5468, 5650, 0.0002, 0.0000
current_data: 0.9263, 20777, 32.0139, 4018.7730
current_data: 1.1351, 209316, 18.8526, 2466.2641
SKT0: MBA COS6 => 30% requested, 30% applied
[32m[info] [src/pairwise_allocator.cpp:binary_serch_mb_roofline:937] descriptor1 COLS 3, find_mb_roofline_time: 3, roofline mb: 0.0000, current mb 0.0000, gap: -nan, lmb_throttle: 20, rmb_throttle: 40
[mcurrent_data: 1.0486, 831530, 5.9652, 963.1305
current_data: 0.4414, 5340583, 66.3966, 3376.2693
current_data: 2.5462, 5914, 0.0002, 0.0000
current_data: 0.9290, 20918, 32.0201, 4064.3983
current_data: 2.1036, 351904, 6.8879, 1660.0095
SKT0: MBA COS6 => 20% requested, 20% applied
[32m[info] [src/pairwise_allocator.cpp:binary_serch_mb_roofline:937] descriptor1 COLS 3, find_mb_roofline_time: 4, roofline mb: 0.0000, current mb 0.0000, gap: -nan, lmb_throttle: 20, rmb_throttle: 30
[mcurrent_data: 1.0416, 831270, 5.9599, 930.0053
current_data: 0.4434, 5417287, 65.9487, 3377.5193
current_data: 2.5455, 6930, 0.0007, 0.0000
current_data: 0.9278, 23204, 32.0030, 4018.1480
current_data: 1.3282, 203251, 14.5329, 2285.6381
SKT0: MBA COS6 => 20% requested, 20% applied
[32m[info] [src/pairwise_allocator.cpp:binary_serch_mb_roofline:937] descriptor1 COLS 3, find_mb_roofline_time: 5, roofline mb: 0.0000, current mb 0.0000, gap: -nan, lmb_throttle: 20, rmb_throttle: 20
[mcurrent_data: 1.0434, 830801, 5.7828, 983.7556
current_data: 0.4402, 5326058, 66.4247, 3426.2696
current_data: 2.5462, 6441, 0.0004, 0.0000
current_data: 0.9263, 23371, 31.9969, 4051.2732
current_data: 2.1086, 367553, 6.7657, 1650.0094
[32m[info] [src/pairwise_allocator.cpp:found_mb_roofline:887] Fast found mb roofline, obj_id 771466, roofline mb: 0.00 MB/s, roofline mb throttle: 20
[m[32m[info] [src/pairwise_allocator.cpp:binary_serch_mb_roofline:937] descriptor1 COLS 3, find_mb_roofline_time: 6, roofline mb: 0.0000, current mb 0.0000, gap: -nan, lmb_throttle: 20, rmb_throttle: 20
[m[32m[info] [src/pairwise_allocator.cpp:allocating_mb:1147] binary_serch_mb_roofline first pair success
[m[32m[info] [src/pairwise_allocator.cpp:pair_allocating_mb:1088] pair_allocating_mb begin, allocating times: 0, descriptor roofline mb throttle: 20, system remain mb: 93984.92 MB/s
[mSKT0: MBA COS3 => 20% requested, 20% applied
current_data: 1.0678, 1124007, 4.9353, 870.6300
current_data: 0.4367, 4689781, 77.3389, 3940.6475
current_data: 2.5463, 7413, 0.0012, 0.0000
current_data: 2.4621, 39391, 31.9690, 9951.9319
current_data: 2.5659, 473782, 6.8341, 1731.2599
[32m[info] [src/pairwise_allocator.cpp:pair_allocating_mb:1088] pair_allocating_mb begin, allocating times: 1, descriptor roofline mb throttle: 20, system remain mb: 93984.92 MB/s
[m[32m[info] [src/pairwise_allocator.cpp:allocating_fit_mb:958] Will allocating_fit_mb mb throttle: 20
[mSKT0: MBA COS3 => 20% requested, 20% applied
current_data: 1.0933, 925986, 4.5000, 604.3785
current_data: 0.4331, 3497492, 77.4971, 2986.8921
current_data: 2.5459, 5462, 0.0003, 0.0000
current_data: 2.4403, 36141, 31.9604, 8510.6737
current_data: 2.2679, 336992, 9.2281, 2389.3887
[32m[info] [src/pairwise_allocator.cpp:allocating_mb:1121] Allocate mb: 0.00 MB/s, mb_throttle: 20
[mcurrent_data: 1.1126, 965699, 4.5487, 590.0034
current_data: 0.4359, 3504267, 77.7252, 3049.3924
current_data: 2.5469, 4679, 0.0001, 0.0000
current_data: 2.4647, 33446, 31.9690, 8599.4242
current_data: 2.6001, 318790, 6.4623, 1576.2590
current_data: 1.1192, 6032993, 4.1797, 3110.6428
current_data: 0.4340, 21195662, 77.8689, 18496.3558
current_data: 2.5472, 28104, 0.0003, 0.0000
current_data: 2.4547, 192887, 31.9662, 52126.5483
current_data: 2.3491, 2130518, 9.1183, 12367.5708
current_data: 1.1191, 6031143, 4.1737, 3276.8938
current_data: 0.4341, 21212234, 77.9525, 18524.4810
current_data: 2.5474, 29699, 0.0005, 0.6250
current_data: 2.4563, 186130, 31.9713, 52266.5491
current_data: 2.3716, 2259304, 9.0852, 12044.4439
current_data: 1.1192, 6043325, 4.2025, 3315.0190
current_data: 0.4382, 19780836, 75.8992, 18511.3559
current_data: 2.5477, 29362, 0.0004, 1.2500
current_data: 2.4587, 191127, 31.9710, 52334.6745
current_data: 2.3802, 2150319, 9.0300, 12048.8189
current_data: 1.1212, 6067288, 4.2851, 3328.7690
current_data: 0.4334, 21119494, 78.0597, 18531.3560
current_data: 2.5468, 27649, 0.0003, 0.0000
current_data: 2.4615, 192370, 31.9680, 52279.0491
current_data: 2.3804, 2187863, 9.0482, 12018.8188
current_data: 1.1204, 6043130, 4.1932, 3355.0192
current_data: 0.4334, 21163459, 78.0353, 18523.8560
current_data: 2.5473, 29490, 0.0003, 1.2500
current_data: 2.4508, 200400, 31.9653, 52179.0486
current_data: 2.3749, 2228004, 9.0954, 12084.4441
current_data: 1.1251, 6096890, 4.1899, 3284.3938
current_data: 0.4357, 21235479, 78.0639, 18532.6060
current_data: 2.5474, 28025, 0.0003, 1.2500
current_data: 2.1857, 211559, 33.6345, 48369.6518
current_data: 2.3036, 2168635, 10.3218, 13080.6998
current_data: 1.1315, 6142349, 4.1685, 3171.2681
current_data: 0.4404, 21560789, 78.0654, 18922.6083
current_data: 2.5467, 27588, 0.0003, 0.0000
current_data: 2.1763, 207334, 34.2696, 44744.0060
current_data: 2.3984, 2257636, 9.0117, 12194.4448
current_data: 1.1316, 6140602, 4.1624, 3340.0191
current_data: 0.4402, 21624603, 78.0680, 18991.3587
current_data: 2.5479, 28530, 0.0002, 0.0000
current_data: 2.1747, 207599, 34.2696, 44894.6319
current_data: 2.4024, 2201474, 8.9724, 12167.5696
current_data: 1.1302, 6139902, 4.2061, 3280.0188
current_data: 0.4402, 21655432, 78.0200, 18976.3586
current_data: 2.5482, 28249, 0.0003, 0.0000
current_data: 2.1104, 224799, 34.3593, 43979.0016
current_data: 2.3577, 2195433, 9.4078, 13028.8246
current_data: 1.1028, 5977300, 4.2875, 3431.2696
current_data: 0.4234, 20894153, 78.0393, 18291.9797
current_data: 2.5465, 34405, 0.0005, 1.8750
current_data: 1.6736, 5708115, 32.3311, 51567.1701
current_data: 2.3436, 2287380, 9.1281, 12015.6938
current_data: 1.1083, 6057514, 4.2489, 3411.8945
current_data: 0.4302, 21357946, 78.0303, 18651.3567
current_data: 2.5466, 32890, 0.0006, 0.0000
current_data: 2.7301, 301628, 25.5325, 51812.7965
current_data: 2.2853, 2168470, 10.3471, 13142.5752
current_data: 1.1172, 6116066, 4.2366, 3309.3939
current_data: 0.4346, 21549116, 78.0238, 18752.6073
current_data: 2.5472, 29021, 0.0003, 1.2500
current_data: 2.7192, 276740, 25.0906, 48241.5260
current_data: 2.3863, 2244774, 9.0534, 12291.3203
current_data: 1.0980, 6076030, 4.1435, 3195.6433
current_data: 0.4190, 20832704, 78.0598, 18213.8542
current_data: 2.5470, 27840, 0.0002, 0.0000
current_data: 2.2026, 211763, 26.5824, 57780.3306
current_data: 2.3469, 2234373, 9.0395, 12072.5691
current_data: 1.0955, 6083318, 4.1794, 3178.1432
current_data: 0.4161, 20765536, 78.0847, 18259.4795
current_data: 2.5480, 29608, 0.0003, 1.2500
current_data: 2.2046, 197350, 26.4872, 59550.3407
current_data: 2.3405, 2223824, 9.0256, 12006.3187
current_data: 1.0944, 6039448, 4.1683, 3169.3931
current_data: 0.4166, 20724080, 78.0319, 18130.7287
current_data: 2.5477, 27843, 0.0002, 2.5000
current_data: 2.2061, 205115, 26.4811, 59467.8403
current_data: 2.3441, 2246673, 9.0378, 12067.5691
current_data: 1.1162, 6131416, 4.2657, 3271.8937
current_data: 0.4371, 19786744, 76.1054, 18470.1057
current_data: 2.5463, 35150, 0.0005, 0.0000
current_data: 2.4545, 204995, 31.9670, 53320.9301
current_data: 2.2875, 2221310, 10.2738, 13400.7017
current_data: 1.1189, 6131057, 4.1798, 3268.7687
current_data: 0.4333, 21622199, 78.0490, 18882.6080
current_data: 2.5462, 29257, 0.0003, 1.2500
current_data: 2.4544, 199130, 31.9670, 53488.4311
current_data: 2.3909, 2324081, 9.0297, 12397.5709
current_data: 1.1187, 6235292, 4.2177, 3408.1445
current_data: 0.4332, 21742340, 78.0197, 19061.9841
current_data: 2.5461, 29694, 0.0003, 0.0000
current_data: 2.4555, 203222, 31.9651, 53682.8072
current_data: 2.2919, 2177029, 10.3292, 13528.8274
current_data: 1.1132, 6059453, 4.3019, 3505.0201
current_data: 0.4334, 21720365, 78.0399, 18938.2334
current_data: 2.5470, 33126, 0.0005, 1.2500
current_data: 2.4569, 207882, 31.9659, 53713.4324
current_data: 2.3880, 2262672, 9.0377, 12289.4453
current_data: 1.1203, 6261320, 4.2369, 3366.8943
current_data: 0.4334, 21799495, 78.0373, 19171.3597
current_data: 2.5484, 29169, 0.0003, 0.0000
current_data: 2.4556, 196901, 31.9689, 53820.3080
current_data: 2.2912, 2156211, 10.2962, 13466.9521
current_data: 1.1197, 6242070, 4.1926, 3407.5195
current_data: 0.4334, 21729008, 78.0467, 19014.4838
current_data: 2.5480, 28843, 0.0002, 1.8750
current_data: 2.4621, 200233, 31.9705, 53812.1829
current_data: 2.3889, 2222588, 9.0357, 12263.1952
current_data: 1.1217, 6216678, 4.1306, 3268.1437
current_data: 0.4335, 21736271, 78.0546, 19076.9842
current_data: 2.5472, 29020, 0.0002, 1.2500
current_data: 2.4574, 199052, 31.9699, 53858.4332
current_data: 2.2949, 2159747, 10.2031, 13521.9524
current_data: 1.1179, 6213318, 4.2125, 3417.5196
current_data: 0.4333, 21836393, 78.0207, 19069.4841
current_data: 2.5464, 32972, 0.0004, 2.5000
current_data: 2.4544, 212013, 31.9671, 53874.0583
current_data: 2.3831, 2364041, 9.0304, 12411.3210
current_data: 1.1178, 6130786, 4.1846, 3352.5192
current_data: 0.4351, 21907805, 78.0728, 19131.3595
current_data: 2.5469, 33018, 0.0003, 0.0000
current_data: 2.2928, 230396, 28.8281, 47127.1447
current_data: 2.2973, 2239020, 10.1946, 13498.2022
current_data: 1.1232, 6252847, 4.1970, 3450.0197
current_data: 0.4362, 21983352, 78.0411, 19187.6098
current_data: 2.5474, 29568, 0.0003, 0.0000
current_data: 2.5468, 215213, 24.9759, 45529.0105
current_data: 2.3967, 2233652, 8.9854, 12378.1958
current_data: 1.1231, 6280335, 4.2082, 3380.0193
current_data: 0.4365, 22012359, 78.0471, 19325.7356
current_data: 2.5479, 28234, 0.0002, 0.0000
current_data: 2.5256, 211479, 24.9761, 45135.2583
current_data: 2.3035, 2245192, 10.2119, 13571.3277
current_data: 1.1221, 6254826, 4.2266, 3375.6443
current_data: 0.4364, 21991922, 78.0622, 19269.4853
current_data: 2.5475, 29418, 0.0004, 1.2500
current_data: 2.5542, 214756, 24.9725, 45655.2612
current_data: 2.4038, 2245989, 8.9610, 12389.4459
current_data: 1.1239, 6225573, 4.1373, 3258.7686
current_data: 0.4362, 22009990, 78.0520, 19310.7355
current_data: 2.5474, 29701, 0.0002, 0.0000
current_data: 2.5245, 215989, 24.9698, 45104.0081
current_data: 2.3038, 2239419, 10.2021, 13565.7026
current_data: 1.1254, 6303453, 4.1570, 3403.7695
current_data: 0.4397, 20260618, 76.0742, 18989.4837
current_data: 2.5475, 29103, 0.0002, 0.0000
current_data: 2.5541, 213089, 24.9750, 45673.3863
current_data: 2.4039, 2230379, 8.9468, 12339.4456
current_data: 1.1222, 6221647, 4.1839, 3390.0194
current_data: 0.4358, 21917406, 78.0676, 19253.2352
current_data: 2.5478, 30006, 0.0002, 0.0000
current_data: 2.5422, 214901, 24.9759, 45334.6344
current_data: 2.3055, 2246974, 10.2113, 13623.8280
current_data: 1.1260, 6275780, 4.2273, 3348.7692
current_data: 0.4366, 21972929, 78.0609, 19208.8599
current_data: 2.5471, 29478, 0.0003, 0.0000
current_data: 2.5225, 211812, 24.9746, 45029.0077
current_data: 2.4057, 2296424, 8.9974, 12465.6963
current_data: 1.1249, 6273879, 4.2066, 3295.0189
current_data: 0.4359, 21954584, 78.0588, 19263.2352
current_data: 2.5483, 30600, 0.0002, 0.0000
current_data: 2.3095, 246351, 27.1345, 44892.1319
current_data: 2.3044, 2227558, 10.2227, 13629.4530
current_data: 1.1176, 6122747, 4.2502, 3299.3939
current_data: 0.4336, 21596086, 78.0505, 18973.2336
current_data: 2.5477, 33658, 0.0005, 0.0000
current_data: 2.4549, 229157, 31.9621, 53270.9298
current_data: 2.3879, 2319229, 8.9892, 12216.9449
current_data: 1.1179, 6237175, 4.1736, 3207.5184
current_data: 0.4333, 21763424, 78.0461, 19070.1091
current_data: 2.5467, 29838, 0.0002, 0.0000
current_data: 2.4470, 213859, 31.9675, 53537.8063
current_data: 2.2934, 2277018, 10.2756, 13586.3277
current_data: 1.1194, 6206225, 4.1883, 3242.5186
current_data: 0.4339, 21823169, 78.0289, 19061.9841
current_data: 2.5477, 30640, 0.0003, 0.6250
current_data: 2.4555, 214558, 31.9681, 53797.8078
current_data: 2.3909, 2273769, 9.0378, 12390.0709
current_data: 1.1183, 6208428, 4.2294, 3381.8944
current_data: 0.4334, 21721993, 78.0328, 18914.4832
current_data: 2.5469, 32488, 0.0003, 1.2500
current_data: 2.4516, 218859, 31.9651, 53552.1814
current_data: 2.2892, 2244205, 10.3077, 13546.3275
current_data: 1.1166, 6139376, 4.2041, 3380.6443
current_data: 0.4338, 21776243, 78.0448, 19061.3591
current_data: 2.5475, 32267, 0.0003, 1.2500
current_data: 2.4560, 222518, 31.9663, 53827.8080
current_data: 2.3886, 2328486, 9.0406, 12416.9461
current_data: 1.1144, 6143053, 4.2999, 3433.1446
current_data: 0.4334, 21942037, 78.0390, 19131.9845
current_data: 2.5477, 32165, 0.0004, 0.0000
current_data: 2.4561, 219910, 31.9668, 54160.9349
current_data: 2.2815, 2272941, 10.1842, 13451.9520
current_data: 1.1179, 6250493, 4.2216, 3358.7692
current_data: 0.4338, 21867876, 78.0449, 19270.1103
current_data: 2.5467, 29365, 0.0002, 0.0000
current_data: 2.4529, 206134, 31.9665, 53927.8086
current_data: 2.3661, 2244097, 9.0522, 12278.8203
current_data: 1.1209, 6302570, 4.2113, 3261.8937
current_data: 0.4340, 21931558, 78.0209, 19125.1094
current_data: 2.5467, 28750, 0.0002, 0.0000
current_data: 2.4551, 205812, 31.9682, 54087.1845
current_data: 2.2764, 2212375, 10.1943, 13470.0771
current_data: 1.1262, 6259193, 4.1847, 3337.5191
current_data: 0.4387, 22117745, 77.9985, 19455.7363
current_data: 2.5473, 30282, 0.0003, 0.0000
current_data: 2.0430, 245480, 34.9275, 45854.6374
current_data: 2.3814, 2286673, 9.0011, 12325.6955
current_data: 1.1300, 6283516, 4.2792, 3525.6452
current_data: 0.4489, 21275329, 76.3428, 19630.1123
current_data: 2.5480, 29757, 0.0002, 0.0000
current_data: 2.1728, 224251, 34.2665, 46187.1393
current_data: 2.2898, 2183626, 10.2668, 13627.5780
current_data: 1.1303, 6292406, 4.1240, 3352.5192
current_data: 0.4404, 22187263, 78.0287, 19463.2364
current_data: 2.5477, 30615, 0.0003, 0.6250
current_data: 2.1740, 219740, 34.2680, 45950.8879
current_data: 2.3784, 2319441, 8.9993, 12344.4456
current_data: 1.1229, 6322558, 4.2366, 3426.8946
current_data: 0.4348, 21986176, 78.0391, 19195.7348
current_data: 2.5477, 29725, 0.0003, 0.0000
current_data: 2.0794, 5692008, 28.8922, 46150.2641
current_data: 2.2792, 2249037, 10.2436, 13105.0750
current_data: 1.1058, 6188407, 4.1169, 3283.7688
current_data: 0.4238, 21401704, 78.0869, 18843.8578
current_data: 2.5473, 29250, 0.0003, 1.2500
current_data: 2.2864, 394984, 28.2708, 56122.8211
current_data: 2.3431, 2252666, 9.0197, 12175.6947
current_data: 1.1199, 6265788, 4.2210, 3334.3941
current_data: 0.4338, 21906872, 78.0595, 19205.7349
current_data: 2.5463, 31529, 0.0003, 1.2500
current_data: 2.7364, 281221, 25.2864, 49783.4099
current_data: 2.3477, 2423313, 9.2276, 12331.3206
current_data: 1.1050, 6224332, 4.2742, 3430.0196
current_data: 0.4244, 21486439, 78.0036, 18897.6081
current_data: 2.5479, 29379, 0.0003, 1.8750
current_data: 2.3627, 246157, 26.0108, 55576.5680
current_data: 2.3350, 2308672, 9.0299, 12253.1951
current_data: 1.0966, 6154630, 4.2321, 3426.8946
current_data: 0.4167, 21067782, 78.0355, 18431.9805
current_data: 2.5476, 29749, 0.0003, 0.0000
current_data: 2.2052, 206245, 26.4866, 60277.8449
current_data: 2.3226, 2202081, 8.9861, 12050.6940
current_data: 1.0870, 6025148, 4.2788, 3351.2692
current_data: 0.4154, 20965012, 78.0718, 18345.7300
current_data: 2.5457, 39673, 0.0005, 0.0000
current_data: 2.2028, 245673, 26.4815, 60135.9691
current_data: 2.3193, 2238973, 8.9671, 12007.5687
current_data: 1.1082, 6121673, 4.2965, 3397.5194
current_data: 0.4304, 21802341, 78.0153, 18884.4831
current_data: 2.5474, 33281, 0.0004, 0.0000
current_data: 2.4000, 242680, 31.1628, 54849.6889
current_data: 2.3614, 2233464, 9.0138, 12250.6951
current_data: 1.1209, 6244086, 4.1560, 3426.2696
current_data: 0.4331, 21892412, 78.0326, 19080.1092
current_data: 2.5470, 29656, 0.0003, 0.6250
current_data: 2.4551, 199164, 31.9689, 54109.0596
current_data: 2.3460, 2120766, 9.0220, 12903.8238
current_data: 1.1218, 6277857, 4.1606, 3383.1444
current_data: 0.4334, 21868622, 78.0499, 19134.4845
current_data: 2.5471, 29797, 0.0004, 2.5000
current_data: 2.4573, 198004, 31.9678, 54058.4343
current_data: 2.3664, 2275150, 9.0256, 12291.9453
current_data: 1.1254, 6277707, 4.1368, 3482.5199
current_data: 0.4329, 21854322, 78.0575, 19103.2343
current_data: 2.5474, 27844, 0.0002, 0.0000
current_data: 2.4575, 195397, 31.9672, 54114.6846
current_data: 2.2957, 2079765, 10.0129, 13505.7023
current_data: 1.1167, 5960710, 4.1816, 3200.0183
current_data: 0.4370, 20169931, 76.0362, 18925.1083
current_data: 2.5479, 28825, 0.0003, 0.0000
current_data: 2.4572, 197044, 31.9685, 54019.0591
current_data: 2.3730, 2350592, 8.9751, 12315.6955
current_data: 1.1198, 6249496, 4.1270, 3365.0193
current_data: 0.4330, 21857243, 78.0742, 19150.1096
current_data: 2.5474, 29211, 0.0003, 1.8750
current_data: 2.4595, 199045, 31.9683, 54145.9348
current_data: 2.2797, 2183888, 10.2316, 13456.3270
current_data: 1.1205, 6259523, 4.1425, 3360.0192
current_data: 0.4336, 21866209, 78.0504, 19123.8594
current_data: 2.5475, 28634, 0.0003, 1.2500
current_data: 2.4623, 195869, 31.9687, 54135.3098
current_data: 2.3727, 2326806, 8.9297, 12279.4453
current_data: 1.1185, 6202510, 4.2465, 3415.0195
current_data: 0.4331, 21815026, 78.0660, 19184.4848
current_data: 2.5476, 28684, 0.0002, 0.0000
current_data: 2.4492, 192928, 31.9681, 53792.8078
current_data: 2.2788, 2188791, 10.2361, 13410.0767
current_data: 1.1266, 6243952, 4.1618, 3421.8946
current_data: 0.4351, 21914024, 78.0459, 19243.8601
current_data: 2.5477, 30125, 0.0003, 0.0000
current_data: 2.2862, 207681, 29.6430, 48149.6505
current_data: 2.3772, 2257712, 9.0201, 12311.9454
current_data: 1.1226, 6279669, 4.2410, 3378.7693
current_data: 0.4363, 22050422, 78.0481, 19267.6103
current_data: 2.5473, 29799, 0.0002, 0.0000
current_data: 2.5492, 216150, 24.9756, 45742.7617
current_data: 2.2869, 2291445, 10.2513, 13624.4530
current_data: 1.1186, 6186672, 4.3052, 3529.3952
current_data: 0.4365, 21990209, 78.0413, 19272.6103
current_data: 2.5470, 32170, 0.0004, 0.0000
current_data: 2.5182, 218474, 24.9761, 45018.3826
current_data: 2.3764, 2259071, 8.9596, 12218.1949
current_data: 1.1284, 6295543, 4.0654, 3290.6438
current_data: 0.4366, 22040642, 78.0138, 19186.3598
current_data: 2.5470, 28342, 0.0002, 0.0000
current_data: 2.5560, 213707, 24.9713, 45742.7617
current_data: 2.2907, 2168318, 10.2484, 13575.0777
current_data: 1.1191, 6236736, 4.2400, 3406.2695
current_data: 0.4365, 21961547, 78.0366, 19225.1100
current_data: 2.5466, 32767, 0.0003, 0.0000
current_data: 2.5214, 223497, 24.9703, 44987.7574
current_data: 2.3787, 2365797, 8.9507, 12261.9452
current_data: 1.1170, 6221086, 4.2772, 3491.8950
current_data: 0.4363, 22042877, 78.0370, 19186.3598
current_data: 2.5474, 33335, 0.0003, 0.0000
current_data: 2.5469, 230611, 24.9725, 45633.3861
current_data: 2.2951, 2172580, 10.2381, 12943.1991
current_data: 1.1236, 6271481, 4.1700, 3460.0198
current_data: 0.4365, 22006297, 78.0438, 19257.6102
current_data: 2.5473, 29599, 0.0002, 0.0000
current_data: 2.5449, 211590, 24.9756, 45489.0103
current_data: 2.3766, 2326798, 8.9430, 12262.5702
current_data: 1.1228, 6218193, 4.1906, 3404.3945
current_data: 0.4363, 21959551, 78.0628, 19205.7349
current_data: 2.5459, 36392, 0.0005, 2.5000
current_data: 2.5308, 226668, 24.9731, 45239.6339
current_data: 2.3489, 2380251, 9.3985, 12323.1955
current_data: 1.1272, 6273307, 4.0897, 3423.1446
current_data: 0.4370, 22030573, 78.0220, 19298.8604
current_data: 2.5471, 29178, 0.0003, 0.0000
current_data: 2.3243, 250771, 26.4160, 44389.6290
current_data: 2.3829, 2252073, 8.9911, 12346.9456
current_data: 1.1196, 6215333, 4.2020, 3417.5196
current_data: 0.4369, 20099653, 76.1050, 18838.8578
current_data: 2.5481, 30156, 0.0003, 0.0000
current_data: 2.4548, 222479, 31.9654, 54081.5595
current_data: 2.3737, 2260806, 8.9994, 12320.6955
current_data: 1.1198, 6258418, 4.1937, 3284.3938
current_data: 0.4335, 21913323, 78.0257, 19246.9851
current_data: 2.5466, 32044, 0.0004, 0.6250
current_data: 2.4491, 231167, 31.9626, 53960.3088
current_data: 2.3741, 2216244, 8.9849, 12283.8203
current_data: 1.1105, 6135927, 4.2875, 3438.7697
current_data: 0.4330, 21843415, 78.0491, 19100.1093
current_data: 2.5468, 33862, 0.0004, 0.0000
current_data: 2.4547, 233945, 31.9632, 53978.4339
current_data: 2.3690, 2280549, 9.0281, 12336.9456
current_data: 1.1180, 6228647, 4.2329, 3438.1447
current_data: 0.4330, 21850179, 78.0781, 19176.9847
current_data: 2.5486, 28349, 0.0003, 0.0000
current_data: 2.4557, 215877, 31.9640, 54069.6844
current_data: 2.3661, 2276111, 9.0316, 12326.3205
current_data: 1.1237, 6330801, 4.2124, 3442.5197
current_data: 0.4334, 21929704, 78.0678, 19273.2353
current_data: 2.5480, 28608, 0.0003, 0.0000
current_data: 2.4552, 215979, 31.9657, 54039.6842
current_data: 2.3726, 2351218, 8.9589, 12294.4453
current_data: 1.1231, 6319480, 4.2431, 3435.0197
current_data: 0.4331, 21839757, 78.0230, 19156.9846
current_data: 2.5474, 26875, 0.0002, 0.0000
current_data: 2.4580, 208974, 31.9682, 54012.8091
current_data: 2.3651, 2335159, 8.9771, 12215.6949
current_data: 1.1165, 6247802, 4.2200, 3423.7696
current_data: 0.4334, 21881159, 78.0456, 19063.2341
current_data: 2.5464, 28219, 0.0002, 0.0000
current_data: 2.4521, 210346, 31.9660, 54001.5590
current_data: 2.3752, 2193300, 8.9432, 12239.4450
current_data: 1.1186, 6247994, 4.2966, 3475.0199
current_data: 0.4327, 21820029, 78.0784, 19076.9842
current_data: 2.5474, 28865, 0.0003, 0.0000
current_data: 2.4527, 211882, 31.9670, 53941.5587
current_data: 2.3512, 2182926, 8.9957, 12885.0737
current_data: 1.1237, 6258461, 4.1973, 3325.6440
current_data: 0.4386, 22178886, 78.0097, 19328.8606
current_data: 2.5471, 35004, 0.0004, 1.8750
current_data: 2.0516, 263037, 34.8370, 46214.6394
current_data: 2.3875, 2306267, 8.9466, 12376.3208
current_data: 1.1237, 6214429, 4.2804, 3527.5202
current_data: 0.4396, 22137673, 78.0667, 19399.4860
current_data: 2.5464, 34280, 0.0004, 0.0000
current_data: 2.1724, 243457, 34.2657, 45914.0127
current_data: 2.3227, 2108310, 9.7751, 13482.5771
current_data: 1.1307, 6290350, 4.1446, 3252.5186
current_data: 0.4403, 22174109, 78.0748, 19383.2359
current_data: 2.5467, 29810, 0.0002, 0.0000
current_data: 2.1743, 220105, 34.2671, 45970.8880
current_data: 2.3926, 2292836, 8.9586, 12325.0705
current_data: 1.1176, 6239833, 4.2770, 3439.3947
current_data: 0.4346, 21979072, 78.0298, 19215.1099
current_data: 2.5474, 30962, 0.0003, 0.0000
current_data: 2.1433, 5670895, 28.3084, 45650.2612
current_data: 2.2790, 2203611, 10.2311, 13462.5770
current_data: 1.0984, 6167830, 4.2484, 3478.7699
current_data: 0.4263, 19738896, 76.0079, 18555.7312
current_data: 2.5473, 30594, 0.0003, 0.0000
current_data: 2.2079, 407717, 29.0550, 56630.9490
current_data: 2.3559, 2235780, 9.0255, 12296.3204
current_data: 1.1226, 6248789, 4.1575, 3360.0192
current_data: 0.4336, 21897075, 78.0724, 19177.6097
current_data: 2.5468, 29241, 0.0002, 1.8750
current_data: 2.7346, 280188, 25.2994, 49794.0349
current_data: 2.2818, 2214064, 10.2156, 13465.0770
current_data: 1.1036, 6149249, 4.2250, 3371.8943
current_data: 0.4249, 21463713, 78.0041, 18753.2323
current_data: 2.5477, 29697, 0.0003, 0.0000
current_data: 2.3769, 228638, 25.9634, 55078.4402
current_data: 2.3541, 2222757, 8.9671, 12180.6947
current_data: 1.0909, 5894297, 4.2802, 3197.5183
current_data: 0.4164, 21068131, 78.0864, 18435.1055
current_data: 2.5456, 39483, 0.0005, 1.8750
current_data: 2.2037, 227873, 26.4844, 60356.5954
current_data: 2.2378, 2167423, 10.3188, 12903.1988
current_data: 1.0963, 6142725, 4.1696, 3385.6444
current_data: 0.4165, 21043584, 78.0515, 18568.8563
current_data: 2.5479, 30537, 0.0003, 0.0000
current_data: 2.2047, 219184, 26.4834, 60290.3450
current_data: 2.3280, 2298628, 8.9967, 12116.9443
current_data: 1.1119, 6165381, 4.1832, 3249.3936
current_data: 0.4297, 21665111, 78.0525, 18967.6085
current_data: 2.5473, 31392, 0.0004, 1.8750
current_data: 2.3914, 219900, 30.9822, 54899.6891
current_data: 2.3698, 2188244, 9.0131, 12265.6952
current_data: 1.1195, 6279723, 4.1951, 3396.8944
current_data: 0.4338, 21910996, 78.0284, 19160.7346
current_data: 2.5475, 29469, 0.0002, 0.0000
current_data: 2.4573, 202445, 31.9700, 54144.6848
current_data: 2.3794, 2290549, 8.9884, 12343.8206
current_data: 1.1207, 6267781, 4.1965, 3402.5195
current_data: 0.4335, 21859397, 78.0458, 19053.2340
current_data: 2.5466, 29047, 0.0002, 0.0000
current_data: 2.4546, 196383, 31.9685, 53929.0586
current_data: 2.3755, 2348169, 8.9734, 12298.8204
current_data: 1.1178, 6243315, 4.2019, 3362.5192
current_data: 0.4331, 21891196, 78.0457, 19208.8599
current_data: 2.5478, 32847, 0.0003, 0.0000
current_data: 2.4591, 208473, 31.9661, 54162.8099
current_data: 2.3791, 2307576, 8.9911, 12345.0706
current_data: 1.1148, 6176067, 4.2709, 3431.2696
current_data: 0.4334, 21855319, 78.0224, 19091.9842
current_data: 2.5468, 34653, 0.0005, 1.2500
current_data: 2.4554, 211814, 31.9662, 53990.9339
current_data: 2.3783, 2275036, 8.9043, 12195.6948
current_data: 1.1158, 6161605, 4.1566, 3331.8941
current_data: 0.4329, 21870794, 78.0394, 19184.4848
current_data: 2.5477, 32162, 0.0003, 0.0000
current_data: 2.4586, 214943, 31.9669, 54113.4346
current_data: 2.3748, 2327259, 8.9154, 12125.0694
current_data: 1.1182, 6209519, 4.2324, 3268.1437
current_data: 0.4335, 21848270, 78.0419, 19162.6096
current_data: 2.5469, 29611, 0.0003, 0.0000
current_data: 2.4620, 197619, 31.9690, 54099.0596
current_data: 2.3786, 2267280, 8.9889, 12347.5707
current_data: 1.1201, 6265927, 4.2011, 3366.2693
current_data: 0.4328, 21847109, 78.0358, 19095.7343
current_data: 2.5471, 29098, 0.0002, 0.0000
current_data: 2.4498, 194544, 31.9684, 53928.4336
current_data: 2.3535, 2120958, 9.1133, 13088.8249
current_data: 1.1233, 6226534, 4.0988, 3316.8940
current_data: 0.4391, 20257691, 76.0825, 18909.4832
current_data: 2.5485, 30233, 0.0003, 0.0000
current_data: 2.2821, 207647, 29.9224, 48465.2773
current_data: 2.3867, 2273379, 8.9659, 12357.5707
current_data: 1.1244, 6311537, 4.1792, 3325.0190
current_data: 0.4360, 21999417, 78.0502, 19356.3608
current_data: 2.5478, 29333, 0.0003, 0.0000
current_data: 2.5457, 213367, 24.9767, 45603.3859
current_data: 2.3166, 2089822, 9.9136, 13471.9521
current_data: 1.1243, 6261495, 4.2129, 3317.5190
current_data: 0.4365, 22033598, 78.0517, 19204.4849
current_data: 2.5470, 30303, 0.0003, 1.2500
current_data: 2.5207, 214829, 24.9770, 45219.0087
current_data: 2.3921, 2292357, 8.9028, 12359.4457
current_data: 1.1234, 6280146, 4.1458, 3353.1442
current_data: 0.4358, 22060556, 78.0636, 19395.1110
current_data: 2.5467, 33881, 0.0003, 0.0000
current_data: 2.5484, 225289, 24.9727, 45645.2612
current_data: 2.3087, 2122079, 10.1179, 13493.8272
current_data: 1.1217, 6254110, 4.2191, 3370.6443
current_data: 0.4365, 21935433, 78.0277, 19232.6100
current_data: 2.5476, 30437, 0.0003, 0.0000
current_data: 2.5242, 211336, 24.9752, 45010.8826
current_data: 2.3913, 2238983, 8.9835, 12241.3200
current_data: 1.1232, 6238009, 4.1724, 3276.2687
current_data: 0.4361, 21930049, 78.0416, 19228.2350
current_data: 2.5478, 29597, 0.0003, 0.0000
current_data: 2.5457, 211586, 24.9745, 45437.7600
current_data: 2.2894, 2182748, 10.2178, 13501.9523
current_data: 1.1195, 6234531, 4.3300, 3534.3952
current_data: 0.4360, 21942514, 78.0707, 19136.9845
current_data: 2.5461, 36541, 0.0005, 2.5000
current_data: 2.5421, 227491, 24.9747, 45395.2598
current_data: 2.3874, 2298941, 8.9150, 12241.3200
current_data: 1.1247, 6289924, 4.1519, 3391.8944
current_data: 0.4365, 22032176, 78.0480, 19235.7351
current_data: 2.5461, 32018, 0.0003, 0.0000
current_data: 2.5461, 214447, 24.9734, 45615.8860
current_data: 2.2958, 2195420, 10.2378, 13572.5777
current_data: 1.1196, 6177583, 4.3126, 3503.7700
current_data: 0.4366, 22015943, 78.0270, 19173.8597
current_data: 2.5467, 33505, 0.0004, 1.8750
current_data: 2.3318, 233248, 26.1212, 44057.7521
current_data: 2.3875, 2277176, 8.9365, 12298.1954
current_data: 1.1147, 6182495, 4.3059, 3543.7703
current_data: 0.4334, 21918953, 78.0441, 19131.3595
current_data: 2.5457, 35681, 0.0004, 1.2500
current_data: 2.4524, 235958, 31.9659, 54116.5597
current_data: 2.2914, 2196073, 10.2235, 13626.3280
current_data: 1.1161, 6203284, 4.2642, 3335.6441
current_data: 0.4333, 21910887, 78.0493, 19198.2349
current_data: 2.5462, 32459, 0.0003, 0.0000
current_data: 2.4483, 229295, 31.9660, 53967.8088
current_data: 2.3838, 2378558, 8.9408, 12320.6955
current_data: 1.1208, 6258580, 4.2315, 3394.3944
current_data: 0.4337, 21872079, 78.0296, 19216.3600
current_data: 2.5471, 29027, 0.0003, 1.2500
current_data: 2.4576, 215316, 31.9649, 54027.1841
current_data: 2.3145, 2316408, 10.1044, 12778.8231
current_data: 1.1228, 6261066, 4.1807, 3409.3945
current_data: 0.4373, 20129210, 76.0716, 18925.7333
current_data: 2.5477, 29922, 0.0003, 0.0000
current_data: 2.4533, 211345, 31.9646, 53909.6835
current_data: 2.3803, 2253866, 9.0117, 12344.4456
current_data: 1.1198, 6242530, 4.2023, 3275.0187
current_data: 0.4333, 21871236, 78.0578, 19163.2347
current_data: 2.5475, 29917, 0.0002, 1.2500
current_data: 2.4565, 205252, 31.9686, 54049.0593
current_data: 2.3706, 2422862, 9.0152, 12336.9456
current_data: 1.1195, 6199938, 4.1258, 3291.8938
current_data: 0.4334, 21854878, 78.0157, 19149.4846
current_data: 2.5477, 30216, 0.0003, 0.0000
current_data: 2.4598, 208911, 31.9678, 54075.3094
current_data: 2.3838, 2338400, 8.9310, 12298.8204
current_data: 1.1211, 6261135, 4.1789, 3357.5192
current_data: 0.4334, 21916715, 78.0436, 19126.3594
current_data: 2.5481, 29616, 0.0003, 0.6250
current_data: 2.4550, 211885, 31.9667, 54120.3097
current_data: 2.3840, 2231199, 8.9176, 12231.3200
current_data: 1.1188, 6238025, 4.1901, 3345.0191
current_data: 0.4331, 21842385, 78.0475, 19211.9849
current_data: 2.5472, 31341, 0.0004, 1.2500
current_data: 2.4563, 202379, 31.9682, 54007.8090
current_data: 2.3874, 2233670, 8.9111, 12245.0701
current_data: 1.1260, 6278165, 4.1952, 3389.3944
current_data: 0.4385, 22132211, 78.0572, 19376.9859
current_data: 2.5477, 32142, 0.0003, 1.2500
current_data: 2.0605, 249094, 34.7072, 46389.6404
current_data: 2.3957, 2283705, 8.9338, 12307.5704
current_data: 1.1310, 6347631, 4.2422, 3378.7693
current_data: 0.4400, 22171483, 78.0260, 19445.1113
current_data: 2.5479, 29291, 0.0003, 0.0000
current_data: 2.1754, 224562, 34.2668, 45980.8881
current_data: 2.4009, 2310013, 8.9220, 12305.0704
current_data: 1.1329, 6334533, 4.0756, 3238.1435
current_data: 0.4405, 22277888, 78.0175, 19406.9860
current_data: 2.5479, 28758, 0.0002, 0.0000
current_data: 2.1746, 217311, 34.2672, 46128.3889
current_data: 2.4035, 2241740, 8.9422, 12366.9458
current_data: 1.1239, 6321129, 4.2505, 3425.0196
current_data: 0.4360, 21983286, 78.0789, 19334.4856
current_data: 2.5474, 29404, 0.0003, 0.0000
current_data: 2.2427, 5684338, 27.4966, 44902.7569
current_data: 2.3934, 2293900, 8.9528, 12333.1956
current_data: 1.1012, 6167681, 4.1797, 3139.3930
current_data: 0.4222, 21317285, 78.0073, 18556.9812
current_data: 2.5483, 29391, 0.0002, 0.0000
current_data: 2.0729, 384524, 30.5156, 56962.8259
current_data: 2.3662, 2252500, 8.9093, 12198.1948
current_data: 1.1163, 6172903, 4.1767, 3324.3940
current_data: 0.4331, 21869123, 78.0276, 19095.7343
current_data: 2.5458, 41804, 0.0007, 1.2500
current_data: 2.7353, 302421, 25.3295, 49860.2853
current_data: 2.3653, 2277423, 8.9167, 12825.6984
current_data: 1.1063, 6123959, 4.2003, 3301.8939
current_data: 0.4256, 21475242, 78.0884, 18870.1080
current_data: 2.5474, 32559, 0.0004, 0.0000
current_data: 2.4068, 252655, 25.8845, 54747.1883
current_data: 2.3635, 2334650, 9.0005, 12334.4456
current_data: 1.0902, 6018111, 4.2536, 3340.6441
current_data: 0.4161, 21017944, 78.0186, 18351.9800
current_data: 2.5470, 30310, 0.0003, 0.0000
current_data: 2.1991, 210265, 26.4850, 60089.7188
current_data: 2.2562, 2111597, 10.1634, 13301.9511
current_data: 1.0959, 6139407, 4.1379, 3243.7686
current_data: 0.4207, 19285189, 75.8664, 18095.1035
current_data: 2.5477, 29179, 0.0003, 1.2500
current_data: 2.2050, 211011, 26.4845, 60200.9695
current_data: 2.3434, 2169930, 8.9618, 12050.0690
current_data: 1.1157, 6256740, 4.1389, 3313.7690
current_data: 0.4293, 21674356, 78.0778, 18993.2337
current_data: 2.5472, 29328, 0.0003, 0.0000
current_data: 2.3773, 213940, 30.7579, 55255.3162
current_data: 2.2787, 2222681, 10.2325, 13582.5777
current_data: 1.1135, 6114979, 4.1662, 3386.8944
current_data: 0.4337, 21869464, 78.0257, 19030.1089
current_data: 2.5467, 32069, 0.0003, 3.1250
current_data: 2.4568, 201764, 31.9698, 54014.0591
current_data: 2.3805, 2335377, 8.9225, 12256.3201
current_data: 1.1213, 6272064, 4.2194, 3395.0194
current_data: 0.4338, 21935487, 78.0524, 19190.1098
current_data: 2.5482, 29007, 0.0002, 0.0000
current_data: 2.4563, 194887, 31.9667, 54159.6849
current_data: 2.3114, 2220282, 10.1734, 12846.3235
current_data: 1.1228, 6253448, 4.1499, 3233.7685
current_data: 0.4338, 21911176, 78.0288, 19245.7351
current_data: 2.5473, 29977, 0.0002, 0.0000
current_data: 2.4604, 191701, 31.9661, 54195.3101
current_data: 2.3831, 2204293, 8.9459, 12230.0700
current_data: 1.1184, 6192307, 4.1626, 3270.6437
current_data: 0.4337, 21855652, 78.0436, 19166.9847
current_data: 2.5469, 30551, 0.0003, 1.2500
current_data: 2.4562, 195483, 31.9684, 53982.8089
current_data: 2.3706, 2430499, 9.0923, 12356.9457
current_data: 1.1193, 6220212, 4.1652, 3343.1441
current_data: 0.4339, 21913649, 78.0268, 19234.4851
current_data: 2.5481, 28821, 0.0002, 0.0000
current_data: 2.4622, 197285, 31.9687, 54246.5604
current_data: 2.3897, 2284144, 8.9795, 12356.9457
current_data: 1.1210, 6226088, 4.1393, 3273.1437
current_data: 0.4338, 21879306, 78.0192, 19085.1092
current_data: 2.5471, 30123, 0.0002, 0.0000
current_data: 2.4624, 192391, 31.9695, 54112.8096
current_data: 2.3921, 2376363, 8.9124, 12315.6955
current_data: 1.1231, 6299875, 4.1797, 3401.8945
current_data: 0.4335, 21871805, 78.0337, 19063.8591
current_data: 2.5476, 29424, 0.0003, 0.0000
current_data: 2.4525, 188591, 31.9687, 53948.4337
current_data: 2.3905, 2374636, 8.9281, 12375.6958
current_data: 1.1254, 6278375, 4.1030, 3230.0185
current_data: 0.4354, 21973789, 78.0253, 19192.6098
current_data: 2.5472, 31547, 0.0003, 0.0000
current_data: 2.2726, 212416, 30.2053, 48665.2785
current_data: 2.3964, 2247144, 8.8967, 12225.6950
current_data: 1.1188, 6174959, 4.2382, 3478.7699
current_data: 0.4359, 22013449, 78.0506, 19238.2351
current_data: 2.5465, 34606, 0.0004, 0.0000
current_data: 2.5452, 239270, 24.9710, 45614.0110
current_data: 2.3985, 2337483, 8.9342, 12375.6958
current_data: 1.1223, 6216621, 4.2508, 3445.0197
current_data: 0.4369, 22043489, 78.0278, 19300.1104
current_data: 2.5465, 32537, 0.0003, 0.0000
current_data: 2.5201, 228626, 24.9754, 45062.1328
current_data: 2.3972, 2287538, 8.8848, 12269.4452
current_data: 1.1257, 6310210, 4.1143, 3322.5190
current_data: 0.4375, 20068916, 75.9665, 18970.1085
current_data: 2.5489, 29986, 0.0003, 0.0000
current_data: 2.5510, 225588, 24.9724, 45770.2619
current_data: 2.3966, 2296941, 8.9256, 12292.5703
current_data: 1.1227, 6263210, 4.2376, 3377.5193
current_data: 0.4363, 22059183, 78.0765, 19309.4855
current_data: 2.5473, 30462, 0.0002, 0.0000
current_data: 2.5377, 224223, 24.9711, 45550.2606
current_data: 2.3990, 2295130, 8.9350, 12360.0707
current_data: 1.1215, 6210330, 4.1262, 3225.6435
current_data: 0.4358, 21794200, 78.0363, 19058.2341
current_data: 2.5477, 33989, 0.0004, 1.2500
current_data: 2.5498, 228882, 24.9704, 45212.7587
current_data: 2.3779, 2278009, 8.8873, 12643.8223
current_data: 1.1261, 6248355, 4.1338, 3390.6444
current_data: 0.4366, 22042257, 78.0435, 19276.9853
current_data: 2.5480, 28873, 0.0003, 1.2500
current_data: 2.5431, 219381, 24.9757, 45531.5105
current_data: 2.3974, 2244655, 8.9378, 12308.8204
current_data: 1.1228, 6276170, 4.1207, 3415.0195
current_data: 0.4362, 21984314, 78.0274, 19293.8604
current_data: 2.5478, 29166, 0.0003, 1.2500
current_data: 2.5466, 214793, 24.9744, 45542.7606
current_data: 2.3303, 2096755, 9.7704, 13523.2024
current_data: 1.1252, 6289846, 4.1527, 3328.7690
current_data: 0.4370, 22044879, 78.0440, 19288.2354
current_data: 2.5471, 28633, 0.0002, 0.0000
current_data: 2.3509, 230850, 25.8163, 44039.6270
current_data: 2.3978, 2294521, 8.9581, 12355.0707
current_data: 1.1196, 6258572, 4.1802, 3358.1442
current_data: 0.4332, 21854955, 78.0516, 19226.9850
current_data: 2.5467, 28828, 0.0002, 0.0000
current_data: 2.4528, 217049, 31.9682, 53962.1838
current_data: 2.2968, 2203122, 10.1902, 13523.8274
current_data: 1.1266, 6327185, 4.1312, 3339.3941
current_data: 0.4337, 21871569, 78.0143, 19028.2339
current_data: 2.5482, 28584, 0.0003, 0.0000
current_data: 2.4492, 211769, 31.9686, 53846.5581
current_data: 2.3981, 2352130, 8.8913, 12335.6956
current_data: 1.1207, 6315802, 4.1459, 3408.1445
current_data: 0.4335, 21916646, 78.0616, 19207.6099
current_data: 2.5484, 29622, 0.0002, 0.0000
current_data: 2.4537, 212599, 31.9655, 54045.9343
current_data: 2.2985, 2246364, 10.1663, 13523.2024
current_data: 1.1200, 6228009, 4.1895, 3395.0194
current_data: 0.4337, 21851351, 78.0121, 19009.4838
current_data: 2.5473, 29229, 0.0002, 1.2500
current_data: 2.4544, 210236, 31.9653, 53882.8083
current_data: 2.3956, 2218846, 8.9552, 12290.6953
current_data: 1.1195, 6249911, 4.2086, 3287.5188
current_data: 0.4338, 21848204, 78.0254, 19035.7339
current_data: 2.5473, 30645, 0.0003, 1.2500
current_data: 2.4536, 209132, 31.9688, 53907.1835
current_data: 2.3024, 2225671, 10.1771, 13606.3279
current_data: 1.1144, 6162003, 4.1961, 3446.2697
current_data: 0.4332, 21867507, 78.0437, 19124.4844
current_data: 2.5467, 36370, 0.0005, 0.6250
current_data: 2.4576, 235349, 31.9646, 54096.5595
current_data: 2.3873, 2380898, 8.9680, 12358.8207
[32m[info] [src/pairwise_allocator.cpp:allocating:1174] Will begin allocating cache, allocation_ready_queue size 1, allocation_complete_queue size 4
[mcurrent_data: 1.0819, 1091228, 5.0857, 1010.6308
current_data: 0.4365, 5647847, 66.5744, 3543.7703
current_data: 2.5470, 7117, 0.0004, 0.0000
current_data: 0.9427, 29707, 34.2941, 4009.3979
current_data: 1.1254, 262081, 18.4768, 2460.6391
[32m[info] [src/pairwise_allocator.cpp:binary_serch_cache_roofline:462] descriptor COLS 3, find_cache_roofline_times: 1, roofline ipc: 2.5470, current ipc 2.5470, gap: 0.0000, lway: 1, rway: 14
[mcurrent_data: 1.0534, 869344, 5.8622, 1010.6308
current_data: 0.4455, 5438538, 65.8273, 3335.6441
current_data: 2.5499, 5649, 0.0001, 0.0000
current_data: 0.9436, 24970, 34.3062, 4010.0229
current_data: 2.0803, 371660, 6.7818, 1681.2596
[32m[info] [src/pairwise_allocator.cpp:binary_serch_cache_roofline:462] descriptor COLS 3, find_cache_roofline_times: 2, roofline ipc: 2.5499, current ipc 2.5499, gap: 0.0000, lway: 1, rway: 7
[mcurrent_data: 1.0476, 828492, 6.1787, 998.7557
current_data: 0.4505, 5499542, 65.1563, 3287.5188
current_data: 2.5452, 7013, 0.0006, 0.0000
current_data: 0.9431, 25696, 34.2959, 3934.3975
current_data: 1.1635, 212282, 17.7689, 2461.2641
[32m[info] [src/pairwise_allocator.cpp:binary_serch_cache_roofline:462] descriptor COLS 3, find_cache_roofline_times: 3, roofline ipc: 2.5499, current ipc 2.5452, gap: 0.0018, lway: 1, rway: 4
[mcurrent_data: 1.0492, 834505, 5.8109, 927.5053
current_data: 0.4479, 5475038, 65.5707, 3328.7690
current_data: 2.5467, 5896, 0.0002, 0.0000
current_data: 0.9435, 27180, 34.2971, 3960.0227
current_data: 2.1202, 317630, 6.5184, 1617.5093
[32m[info] [src/pairwise_allocator.cpp:binary_serch_cache_roofline:462] descriptor COLS 3, find_cache_roofline_times: 4, roofline ipc: 2.5499, current ipc 2.5467, gap: 0.0012, lway: 1, rway: 2
[mcurrent_data: 1.0409, 832499, 6.0555, 990.0057
current_data: 0.4506, 5503660, 65.0746, 3348.1442
current_data: 2.5473, 6063, 0.0002, 0.0000
current_data: 0.9425, 29054, 34.2961, 3942.5226
current_data: 1.1280, 194472, 18.7939, 2403.1388
[32m[info] [src/pairwise_allocator.cpp:binary_serch_cache_roofline:462] descriptor COLS 3, find_cache_roofline_times: 5, roofline ipc: 2.5499, current ipc 2.5473, gap: 0.0010, lway: 1, rway: 1
[mcurrent_data: 1.0457, 819763, 5.9120, 962.5055
current_data: 0.4480, 5425455, 65.5285, 3306.8939
current_data: 2.5456, 6446, 0.0006, 0.0000
current_data: 0.9438, 23815, 34.2962, 3913.1474
current_data: 2.0606, 364903, 7.2052, 1595.6341
[32m[info] [src/pairwise_allocator.cpp:found_cache_roofline:405] Found_cache_roofline, obj_id 771466, roofline cache way: 1, roofline remain cache: 14, roofline cache bitmask: 0x7ffe
[m[32m[info] [src/pairwise_allocator.cpp:binary_serch_cache_roofline:462] descriptor COLS 3, find_cache_roofline_times: 6, roofline ipc: 2.5499, current ipc 2.5456, gap: 0.0017, lway: 1, rway: 1
[m[32m[info] [src/pairwise_allocator.cpp:allocating_cache:846] binary_serch_cache_roofline first pair success
[m[32m[info] [src/pairwise_allocator.cpp:pair_allocating_cache:770] pair_allocating_cache begin, allocating time: 0, descriptor roofline cache way: 1, system remain cache way: 4, complete queue size: 4
[m[32m[info] [src/pairwise_allocator.cpp:allocating_cache:852] Complete pair_allocating_cache, allocate cache ways: 1
[m[34m[critical] [src/pairwise_allocator.cpp:print_allocating_cache_results:815] print_allocating_cache_results: system remain cache: 3
[m[34m[critical] [src/pairwise_allocator.cpp:print_allocating_cache_results:818] obj: 774192, cache_way: 2, roofline cache way: 2
[m[34m[critical] [src/pairwise_allocator.cpp:print_allocating_cache_results:818] obj: 774182, cache_way: 1, roofline cache way: 1
[m[34m[critical] [src/pairwise_allocator.cpp:print_allocating_cache_results:818] obj: 771452, cache_way: 7, roofline cache way: 7
[m[34m[critical] [src/pairwise_allocator.cpp:print_allocating_cache_results:818] obj: 771457, cache_way: 1, roofline cache way: 1
[m[34m[critical] [src/pairwise_allocator.cpp:print_allocating_cache_results:823] obj: 771466, cache_way: 1, roofline cache way: 1
[mSKT0: MBA COS6 => 100% requested, 100% applied
current_data: 1.0843, 1089475, 5.0960, 998.1307
current_data: 0.4377, 5656840, 66.2558, 3553.1453
current_data: 2.5476, 6728, 0.0007, 0.0000
current_data: 1.0989, 25624, 25.5202, 3991.2728
current_data: 1.4170, 270278, 12.9751, 2266.8880
SKT0: MBA COS6 => 60% requested, 60% applied
[32m[info] [src/pairwise_allocator.cpp:binary_serch_mb_roofline:937] descriptor1 COLS 3, find_mb_roofline_time: 1, roofline mb: 0.0000, current mb 0.0000, gap: -nan, lmb_throttle: 20, rmb_throttle: 100
[mcurrent_data: 1.0501, 863916, 5.7515, 944.3804
current_data: 0.4444, 5358081, 65.7468, 3307.5189
current_data: 2.5481, 5687, 0.0003, 0.0000
current_data: 1.1006, 25074, 25.5184, 3946.8976
current_data: 2.1329, 362433, 6.3905, 1663.7595
SKT0: MBA COS6 => 40% requested, 40% applied
[32m[info] [src/pairwise_allocator.cpp:binary_serch_mb_roofline:937] descriptor1 COLS 3, find_mb_roofline_time: 2, roofline mb: 0.0000, current mb 0.0000, gap: -nan, lmb_throttle: 20, rmb_throttle: 60
[mcurrent_data: 1.0445, 847193, 5.8019, 928.7553
current_data: 0.4500, 5559100, 64.9927, 3290.6438
current_data: 2.5474, 6683, 0.0007, 0.0000
current_data: 1.0999, 25237, 25.5086, 4020.0230
current_data: 1.6039, 274088, 10.1165, 2085.6369
SKT0: MBA COS6 => 30% requested, 30% applied
[32m[info] [src/pairwise_allocator.cpp:binary_serch_mb_roofline:937] descriptor1 COLS 3, find_mb_roofline_time: 3, roofline mb: 0.0000, current mb 0.0000, gap: -nan, lmb_throttle: 20, rmb_throttle: 40
[mcurrent_data: 1.0436, 813163, 5.9479, 970.0056
current_data: 0.4472, 5394282, 65.4525, 3280.0188
current_data: 2.5468, 6423, 0.0004, 0.0000
current_data: 1.1002, 24418, 25.5031, 3911.8974
current_data: 2.1224, 320518, 6.6274, 1576.2590
SKT0: MBA COS6 => 20% requested, 20% applied
[32m[info] [src/pairwise_allocator.cpp:binary_serch_mb_roofline:937] descriptor1 COLS 3, find_mb_roofline_time: 4, roofline mb: 0.0000, current mb 0.0000, gap: -nan, lmb_throttle: 20, rmb_throttle: 30
[mcurrent_data: 1.0450, 824946, 5.7504, 930.6303
current_data: 0.4508, 5557353, 64.9282, 3312.5190
current_data: 2.5461, 5719, 0.0002, 0.0000
current_data: 1.0127, 20365, 25.1714, 3654.3959
current_data: 1.7294, 282010, 8.7405, 1802.5103
SKT0: MBA COS6 => 20% requested, 20% applied
[32m[info] [src/pairwise_allocator.cpp:binary_serch_mb_roofline:937] descriptor1 COLS 3, find_mb_roofline_time: 5, roofline mb: 0.0000, current mb 0.0000, gap: -nan, lmb_throttle: 20, rmb_throttle: 20
[mcurrent_data: 1.0432, 811950, 5.9259, 937.5054
current_data: 0.4448, 5328892, 65.6795, 3304.3939
current_data: 2.5477, 6465, 0.0007, 0.0000
current_data: 1.1234, 27586, 24.9110, 3923.1474
current_data: 2.1311, 313563, 6.5861, 1583.1341
[32m[info] [src/pairwise_allocator.cpp:found_mb_roofline:887] Fast found mb roofline, obj_id 771466, roofline mb: 0.00 MB/s, roofline mb throttle: 20
[m[32m[info] [src/pairwise_allocator.cpp:binary_serch_mb_roofline:937] descriptor1 COLS 3, find_mb_roofline_time: 6, roofline mb: 0.0000, current mb 0.0000, gap: -nan, lmb_throttle: 20, rmb_throttle: 20
[m[32m[info] [src/pairwise_allocator.cpp:allocating_mb:1147] binary_serch_mb_roofline first pair success
[m[32m[info] [src/pairwise_allocator.cpp:pair_allocating_mb:1088] pair_allocating_mb begin, allocating times: 0, descriptor roofline mb throttle: 20, system remain mb: 93984.92 MB/s
[mSKT0: MBA COS3 => 20% requested, 20% applied
current_data: 1.0381, 1113623, 5.1572, 931.2553
current_data: 0.4195, 4554862, 77.4380, 3928.1475
current_data: 2.5466, 6565, 0.0005, 0.0000
current_data: 2.2091, 38088, 26.5020, 11308.8147
current_data: 2.5123, 418669, 6.7587, 1675.0096
[32m[info] [src/pairwise_allocator.cpp:pair_allocating_mb:1088] pair_allocating_mb begin, allocating times: 1, descriptor roofline mb throttle: 20, system remain mb: 93984.92 MB/s
[m[32m[info] [src/pairwise_allocator.cpp:allocating_fit_mb:958] Will allocating_fit_mb mb throttle: 20
[mSKT0: MBA COS3 => 20% requested, 20% applied
current_data: 1.0709, 920465, 4.6541, 599.3784
current_data: 0.4154, 3386101, 77.5815, 2950.6419
current_data: 2.5475, 4992, 0.0003, 0.6250
current_data: 2.1872, 33261, 26.4944, 9601.9299
current_data: 1.9122, 323880, 15.4098, 2739.3907
[32m[info] [src/pairwise_allocator.cpp:allocating_mb:1121] Allocate mb: 0.63 MB/s, mb_throttle: 20
[mcurrent_data: 1.0872, 938886, 4.2436, 551.2532
current_data: 0.4192, 3392612, 77.7186, 2960.0169
current_data: 2.5475, 4621, 0.0002, 0.0000
current_data: 2.2110, 33650, 26.4878, 9628.1801
current_data: 2.5368, 355910, 6.4649, 1545.0088
current_data: 1.0956, 5872903, 4.1766, 3120.6429
current_data: 0.4172, 20392453, 77.9208, 17694.4762
current_data: 2.5475, 27952, 0.0003, 0.0000
current_data: 2.2039, 200028, 26.4893, 58170.9579
current_data: 2.2561, 2225588, 10.0215, 12264.4452
current_data: 1.1034, 5955724, 4.1262, 3192.5183
current_data: 0.4214, 20564920, 77.9641, 17889.4774
current_data: 2.5471, 28810, 0.0004, 1.2500
current_data: 2.2310, 200187, 27.8457, 56015.3205
current_data: 2.3292, 2172921, 9.0581, 11814.4426
current_data: 1.1214, 6080950, 4.1695, 3201.2683
current_data: 0.4339, 21195559, 78.0053, 18625.7316
current_data: 2.5473, 28383, 0.0003, 1.8750
current_data: 2.4559, 206821, 31.9687, 52265.2991
current_data: 2.3643, 2211209, 9.0409, 11950.6934
current_data: 1.1155, 5944775, 4.1951, 3193.1433
current_data: 0.4335, 21148928, 78.0245, 18464.4807
current_data: 2.5471, 31052, 0.0003, 0.6250
current_data: 2.4488, 209881, 31.9664, 52055.2979
current_data: 2.3640, 2213398, 9.0589, 11955.6934
current_data: 1.1189, 6058777, 4.1189, 3104.3928
current_data: 0.4334, 21227803, 78.0036, 18604.4815
current_data: 2.5483, 28871, 0.0003, 1.2500
current_data: 2.4539, 204308, 31.9687, 52368.4247
current_data: 2.3223, 2118413, 9.3689, 12721.3228
current_data: 1.1201, 6057091, 4.2137, 3320.6440
current_data: 0.4338, 21174222, 78.0257, 18470.1057
current_data: 2.5472, 28160, 0.0002, 0.0000
current_data: 2.4563, 198708, 31.9671, 52284.0492
current_data: 2.3608, 2215383, 9.0670, 11918.1932
current_data: 1.1159, 6022397, 4.2278, 3220.6434
current_data: 0.4337, 21439565, 78.0404, 18727.6072
current_data: 2.5469, 29380, 0.0003, 0.0000
current_data: 2.4559, 195398, 31.9713, 53009.6783
current_data: 2.3681, 2257975, 9.0191, 12022.5688
current_data: 1.1193, 6038000, 4.1611, 3378.7693
current_data: 0.4332, 21318665, 78.0252, 18548.8561
current_data: 2.5457, 31953, 0.0004, 0.0000
current_data: 2.4564, 211048, 31.9686, 52645.3012
current_data: 2.2684, 2180293, 10.3572, 13109.4500
current_data: 1.1206, 6156681, 4.1623, 3264.3937
current_data: 0.4342, 21463257, 78.0055, 18676.3569
current_data: 2.5467, 29673, 0.0003, 0.6250
current_data: 2.4589, 204677, 31.9668, 53020.3034
current_data: 2.3646, 2213043, 9.0509, 12033.8189
current_data: 1.1176, 6078790, 4.1733, 3198.1433
current_data: 0.4335, 21398084, 78.0796, 18788.2325
current_data: 2.5466, 30029, 0.0004, 0.0000
current_data: 2.4521, 195007, 31.9695, 52829.0523
current_data: 2.3720, 2258342, 8.9337, 12055.6940
current_data: 1.1184, 6099565, 4.1809, 3285.6438
current_data: 0.4353, 21598137, 78.0014, 18909.4832
current_data: 2.5460, 33201, 0.0004, 0.6250
current_data: 2.2778, 221177, 29.6672, 47354.6460
current_data: 2.3069, 2192171, 9.7824, 13380.0766
current_data: 1.1224, 6125314, 4.1764, 3370.6443
current_data: 0.4385, 19741197, 75.9739, 18585.1063
current_data: 2.5463, 31116, 0.0004, 1.2500
current_data: 2.5481, 220337, 24.9739, 44944.6322
current_data: 2.3746, 2290547, 9.0059, 12138.8195
current_data: 1.1259, 6200526, 4.1406, 3331.8941
current_data: 0.4367, 21743957, 78.0361, 19024.4839
current_data: 2.5474, 31425, 0.0003, 0.6250
current_data: 2.5206, 216063, 24.9758, 44534.6298
current_data: 2.3749, 2287905, 9.0119, 12102.5693
current_data: 1.1266, 6176232, 4.1058, 3247.5186
current_data: 0.4364, 21691169, 78.0464, 18958.2335
current_data: 2.5478, 27839, 0.0002, 0.0000
current_data: 2.5518, 209492, 24.9746, 44965.2573
current_data: 2.3788, 2242666, 8.9595, 12131.3194
current_data: 1.1256, 6199817, 4.1523, 3352.5192
current_data: 0.4366, 21738531, 78.0602, 18977.6086
current_data: 2.5470, 29145, 0.0002, 0.0000
current_data: 2.5468, 208758, 24.9726, 45029.6327
current_data: 2.3767, 2361530, 8.9866, 12189.4447
current_data: 1.1205, 6170262, 4.2778, 3502.5200
current_data: 0.4363, 21787108, 78.0729, 19163.8597
current_data: 2.5480, 29580, 0.0003, 0.0000
current_data: 2.5413, 210007, 24.9739, 45000.8825
current_data: 2.2807, 2226166, 10.2682, 13418.8268
current_data: 1.1249, 6213279, 4.1960, 3330.6441
current_data: 0.4365, 21798463, 78.0556, 19006.3588
current_data: 2.5479, 29578, 0.0003, 0.6250
current_data: 2.5510, 213039, 24.9751, 45242.7589
current_data: 2.3741, 2335561, 8.9464, 12215.0699
current_data: 1.1244, 6251932, 4.1002, 3352.5192
current_data: 0.4366, 21907331, 78.0308, 19232.6100
current_data: 2.5462, 30610, 0.0003, 1.8750
current_data: 2.5453, 217181, 24.9738, 45344.0095
current_data: 2.3838, 2298060, 8.9716, 12273.8202
current_data: 1.1246, 6232736, 4.1431, 3318.1440
current_data: 0.4366, 21853143, 78.0475, 19075.7342
current_data: 2.5468, 31062, 0.0004, 0.6250
current_data: 2.5120, 200857, 24.9682, 44735.2560
current_data: 2.3850, 2230689, 8.9171, 12203.1948
current_data: 1.1195, 6211245, 4.2056, 3368.1443
current_data: 0.4335, 21724342, 78.0863, 19133.2345
current_data: 2.5475, 29109, 0.0002, 0.0000
current_data: 2.3837, 241293, 32.4881, 53489.0561
current_data: 2.3748, 2278145, 8.9214, 12129.4444
current_data: 1.1204, 6236193, 4.1530, 3326.2690
current_data: 0.4334, 21752189, 78.0005, 18908.8582
current_data: 2.5470, 29299, 0.0002, 0.0000
current_data: 2.4504, 209415, 31.9686, 53573.4315
current_data: 2.2916, 2174041, 10.0622, 13404.4517
current_data: 1.1200, 6220067, 4.1926, 3213.1434
current_data: 0.4337, 21710101, 78.0790, 18943.2334
current_data: 2.5469, 30352, 0.0003, 0.0000
current_data: 2.4537, 211008, 31.9678, 53584.0566
current_data: 2.3721, 2337763, 8.9545, 12249.4451
current_data: 1.1220, 6284826, 4.2335, 3385.6444
current_data: 0.4337, 21733682, 78.0763, 18993.8587
current_data: 2.5474, 29532, 0.0002, 0.6250
current_data: 2.4574, 202447, 31.9679, 53722.8074
current_data: 2.3266, 2408778, 9.6499, 12198.1948
current_data: 1.1137, 6175787, 4.2648, 3465.0198
current_data: 0.4336, 21816470, 78.0246, 19033.8589
current_data: 2.5463, 32991, 0.0003, 0.6250
current_data: 2.4542, 219256, 31.9658, 53887.1833
current_data: 2.3662, 2246360, 8.9867, 12179.4447
current_data: 1.1147, 6126600, 4.2656, 3358.1442
current_data: 0.4353, 19991802, 75.8923, 18711.3571
current_data: 2.5460, 37446, 0.0005, 1.8750
current_data: 2.4562, 231122, 31.9672, 53944.0587
current_data: 2.3667, 2356370, 8.9120, 12170.6946
current_data: 1.1186, 6242969, 4.1548, 3449.3947
current_data: 0.4338, 21905609, 78.0428, 19263.8602
current_data: 2.5465, 30600, 0.0004, 1.2500
current_data: 2.4583, 208309, 31.9664, 54124.0597
current_data: 2.3680, 2376550, 8.9313, 12145.6945
[32m[info] [src/pairwise_allocator.cpp:allocating:1174] Will begin allocating cache, allocation_ready_queue size 1, allocation_complete_queue size 4
[mcurrent_data: 1.0864, 1094149, 5.1679, 1005.0058
current_data: 0.4251, 5302799, 68.3705, 3451.2697
current_data: 2.5476, 7029, 0.0004, 0.0000
current_data: 0.9432, 28021, 34.3001, 3948.1476
current_data: 2.1274, 393515, 6.4630, 1673.1346
[32m[info] [src/pairwise_allocator.cpp:binary_serch_cache_roofline:462] descriptor COLS 3, find_cache_roofline_times: 1, roofline ipc: 2.5476, current ipc 2.5476, gap: 0.0000, lway: 1, rway: 14
[mcurrent_data: 1.0543, 849759, 5.8609, 969.3805
current_data: 0.4431, 5268916, 66.2084, 3263.1437
current_data: 2.5483, 5583, 0.0001, 0.0000
current_data: 0.9429, 23414, 34.3048, 3885.6472
current_data: 1.1850, 196010, 17.4421, 2471.2641
[32m[info] [src/pairwise_allocator.cpp:binary_serch_cache_roofline:462] descriptor COLS 3, find_cache_roofline_times: 2, roofline ipc: 2.5483, current ipc 2.5483, gap: 0.0000, lway: 1, rway: 7
[mcurrent_data: 1.0474, 848008, 5.7510, 973.1306
current_data: 0.4399, 5310944, 66.7350, 3364.3943
current_data: 2.5479, 6449, 0.0003, 0.6250
current_data: 0.9442, 24340, 34.2961, 3975.0227
current_data: 2.1506, 347645, 6.4389, 1640.0094
[32m[info] [src/pairwise_allocator.cpp:binary_serch_cache_roofline:462] descriptor COLS 3, find_cache_roofline_times: 3, roofline ipc: 2.5483, current ipc 2.5479, gap: 0.0002, lway: 1, rway: 4
[mcurrent_data: 1.0438, 823414, 5.7688, 941.2554
current_data: 0.4430, 5352145, 66.1872, 3340.6441
current_data: 2.5472, 5741, 0.0001, 0.6250
current_data: 0.9431, 23116, 34.3056, 3942.5226
current_data: 1.3810, 228068, 13.6399, 2426.2639
[32m[info] [src/pairwise_allocator.cpp:binary_serch_cache_roofline:462] descriptor COLS 3, find_cache_roofline_times: 4, roofline ipc: 2.5483, current ipc 2.5472, gap: 0.0004, lway: 1, rway: 2
[mcurrent_data: 1.0476, 834395, 5.8547, 978.7556
current_data: 0.4402, 5253117, 66.7027, 3357.5192
current_data: 2.5463, 6404, 0.0003, 0.0000
current_data: 0.9440, 27721, 34.2970, 3953.1476
current_data: 2.1347, 331575, 6.5924, 1607.5092
[32m[info] [src/pairwise_allocator.cpp:binary_serch_cache_roofline:462] descriptor COLS 3, find_cache_roofline_times: 5, roofline ipc: 2.5483, current ipc 2.5463, gap: 0.0008, lway: 1, rway: 1
[mcurrent_data: 1.0432, 822849, 5.8752, 1015.0058
current_data: 0.4435, 5350537, 66.1284, 3365.0193
current_data: 2.5469, 6268, 0.0005, 0.6250
current_data: 0.9434, 22902, 34.3085, 3937.5225
current_data: 1.5611, 237221, 10.8727, 2127.5122
[32m[info] [src/pairwise_allocator.cpp:found_cache_roofline:405] Found_cache_roofline, obj_id 771466, roofline cache way: 1, roofline remain cache: 14, roofline cache bitmask: 0x7ffe
[m[32m[info] [src/pairwise_allocator.cpp:binary_serch_cache_roofline:462] descriptor COLS 3, find_cache_roofline_times: 6, roofline ipc: 2.5483, current ipc 2.5469, gap: 0.0005, lway: 1, rway: 1
[m[32m[info] [src/pairwise_allocator.cpp:allocating_cache:846] binary_serch_cache_roofline first pair success
[m[32m[info] [src/pairwise_allocator.cpp:pair_allocating_cache:770] pair_allocating_cache begin, allocating time: 0, descriptor roofline cache way: 1, system remain cache way: 4, complete queue size: 4
[m[32m[info] [src/pairwise_allocator.cpp:allocating_cache:852] Complete pair_allocating_cache, allocate cache ways: 1
[m[34m[critical] [src/pairwise_allocator.cpp:print_allocating_cache_results:815] print_allocating_cache_results: system remain cache: 3
[m[34m[critical] [src/pairwise_allocator.cpp:print_allocating_cache_results:818] obj: 774192, cache_way: 2, roofline cache way: 2
[m[34m[critical] [src/pairwise_allocator.cpp:print_allocating_cache_results:818] obj: 774182, cache_way: 1, roofline cache way: 1
[m[34m[critical] [src/pairwise_allocator.cpp:print_allocating_cache_results:818] obj: 771452, cache_way: 7, roofline cache way: 7
[m[34m[critical] [src/pairwise_allocator.cpp:print_allocating_cache_results:818] obj: 771457, cache_way: 1, roofline cache way: 1
[m[34m[critical] [src/pairwise_allocator.cpp:print_allocating_cache_results:823] obj: 771466, cache_way: 1, roofline cache way: 1
[mSKT0: MBA COS6 => 100% requested, 100% applied
current_data: 1.0735, 1073629, 5.4648, 1035.0059
current_data: 0.4333, 5542003, 66.9910, 3638.1458
current_data: 2.5475, 6833, 0.0006, 0.6250
current_data: 1.1242, 23776, 24.9237, 3989.3978
current_data: 2.0944, 372567, 6.9033, 1609.3842
SKT0: MBA COS6 => 60% requested, 60% applied
[32m[info] [src/pairwise_allocator.cpp:binary_serch_mb_roofline:937] descriptor1 COLS 3, find_mb_roofline_time: 1, roofline mb: 0.6250, current mb 0.6250, gap: 0.0000, lmb_throttle: 20, rmb_throttle: 100
[mcurrent_data: 1.0487, 854578, 5.8051, 968.1305
current_data: 0.4483, 5522319, 65.2886, 3427.5196
current_data: 2.5473, 5927, 0.0003, 0.6250
current_data: 1.1245, 25342, 24.9101, 4008.1479
current_data: 2.0550, 349711, 6.8273, 1497.5086
SKT0: MBA COS6 => 40% requested, 40% applied
[32m[info] [src/pairwise_allocator.cpp:binary_serch_mb_roofline:937] descriptor1 COLS 3, find_mb_roofline_time: 2, roofline mb: 0.6250, current mb 0.6250, gap: 0.0000, lmb_throttle: 20, rmb_throttle: 60
[mcurrent_data: 1.0442, 841365, 5.8268, 1012.5058
current_data: 0.4440, 5391897, 65.8819, 3478.1449
current_data: 2.5461, 6966, 0.0007, 0.0000
current_data: 1.1246, 24258, 24.9115, 3931.2725
current_data: 2.0319, 370497, 7.3438, 1586.8841
SKT0: MBA COS6 => 30% requested, 30% applied
[32m[info] [src/pairwise_allocator.cpp:binary_serch_mb_roofline:937] descriptor1 COLS 3, find_mb_roofline_time: 3, roofline mb: 0.6250, current mb 0.0000, gap: 1.0000, lmb_throttle: 20, rmb_throttle: 40
[mcurrent_data: 1.0419, 850172, 6.0516, 1001.8807
current_data: 0.3910, 2548234, 68.7518, 3346.8942
current_data: 2.5458, 6601, 0.0003, 0.0000
current_data: 1.1241, 26101, 24.9088, 4003.7729
current_data: 2.0668, 329808, 7.1761, 1605.0092
SKT0: MBA COS6 => 20% requested, 20% applied
[32m[info] [src/pairwise_allocator.cpp:binary_serch_mb_roofline:937] descriptor1 COLS 3, find_mb_roofline_time: 4, roofline mb: 0.6250, current mb 0.0000, gap: 1.0000, lmb_throttle: 20, rmb_throttle: 30
[mcurrent_data: 1.0406, 782387, 6.0228, 1015.6308
current_data: 0.3653, 3367188, 80.6698, 3253.1436
current_data: 2.5453, 6804, 0.0007, 0.0000
current_data: 1.1242, 24573, 24.9192, 3863.7721
current_data: 1.8758, 337687, 8.7423, 1707.5098
SKT0: MBA COS6 => 20% requested, 20% applied
[32m[info] [src/pairwise_allocator.cpp:binary_serch_mb_roofline:937] descriptor1 COLS 3, find_mb_roofline_time: 5, roofline mb: 0.6250, current mb 0.0000, gap: 1.0000, lmb_throttle: 20, rmb_throttle: 20
[mcurrent_data: 1.0441, 803758, 5.8983, 973.7556
current_data: 0.3644, 3378877, 80.7878, 3295.6439
current_data: 2.5463, 7114, 0.0007, 0.0000
current_data: 0.8077, 20778, 26.8491, 2981.8921
current_data: 2.1249, 362046, 6.4808, 1688.7597
[32m[info] [src/pairwise_allocator.cpp:found_mb_roofline:887] Fast found mb roofline, obj_id 771466, roofline mb: 0.63 MB/s, roofline mb throttle: 20
[m[32m[info] [src/pairwise_allocator.cpp:binary_serch_mb_roofline:937] descriptor1 COLS 3, find_mb_roofline_time: 6, roofline mb: 0.6250, current mb 0.0000, gap: 1.0000, lmb_throttle: 20, rmb_throttle: 20
[m[32m[info] [src/pairwise_allocator.cpp:allocating_mb:1147] binary_serch_mb_roofline first pair success
[m[32m[info] [src/pairwise_allocator.cpp:pair_allocating_mb:1088] pair_allocating_mb begin, allocating times: 0, descriptor roofline mb throttle: 20, system remain mb: 93984.92 MB/s
[mSKT0: MBA COS3 => 20% requested, 20% applied
current_data: 1.0320, 1107601, 5.0552, 874.3800
current_data: 0.4168, 4520922, 77.4137, 3915.6474
current_data: 2.5468, 6748, 0.0004, 0.0000
current_data: 2.1887, 36203, 26.5009, 11181.9390
current_data: 2.2933, 313107, 7.8866, 2325.0133
[32m[info] [src/pairwise_allocator.cpp:pair_allocating_mb:1088] pair_allocating_mb begin, allocating times: 1, descriptor roofline mb throttle: 20, system remain mb: 93984.92 MB/s
[m[32m[info] [src/pairwise_allocator.cpp:allocating_fit_mb:958] Will allocating_fit_mb mb throttle: 20
[mSKT0: MBA COS3 => 20% requested, 20% applied
current_data: 1.0690, 941484, 4.6251, 640.0037
current_data: 0.4187, 3460963, 77.7087, 3013.7672
current_data: 2.5446, 9622, 0.0014, 0.6250
current_data: 2.2096, 37954, 26.4953, 9762.5559
current_data: 2.5149, 434624, 6.9338, 1525.6337
[32m[info] [src/pairwise_allocator.cpp:allocating_mb:1121] Allocate mb: 0.63 MB/s, mb_throttle: 20
[mcurrent_data: 1.0816, 941586, 4.1722, 570.0033
current_data: 0.4152, 3345833, 77.7375, 2933.7668
current_data: 2.5484, 4884, 0.0003, 0.0000
current_data: 2.1964, 36015, 26.4881, 9510.6794
current_data: 2.4236, 373233, 6.4580, 1731.2599
current_data: 1.0939, 5894575, 4.1616, 3205.6433
current_data: 0.4176, 20483435, 77.9100, 17888.2274
current_data: 2.5474, 29151, 0.0003, 0.6250
current_data: 2.1943, 195506, 26.4801, 58192.2080
current_data: 2.3282, 2187445, 9.0474, 11829.4427
current_data: 1.1218, 6072251, 4.1842, 3278.1438
current_data: 0.4345, 21247522, 77.9935, 18634.4816
current_data: 2.5469, 29865, 0.0004, 1.8750
current_data: 2.4578, 196030, 31.9684, 52378.4247
current_data: 2.3723, 2223539, 9.0404, 11877.5680
current_data: 1.1221, 6082101, 4.1203, 3170.0181
current_data: 0.4341, 21229871, 78.0170, 18566.3562
current_data: 2.5468, 30223, 0.0003, 0.6250
current_data: 2.4532, 199569, 31.9689, 52284.0492
current_data: 2.3723, 2199001, 9.0004, 11938.1933
current_data: 1.1161, 5979540, 4.2925, 3342.5191
current_data: 0.4340, 21183244, 78.0209, 18521.3560
current_data: 2.5467, 31592, 0.0003, 0.6250
current_data: 2.4545, 204241, 31.9680, 52207.7987
current_data: 2.3731, 2233857, 9.0490, 11911.3182
current_data: 1.1194, 6048205, 4.1945, 3240.6435
current_data: 0.4342, 21179467, 78.0251, 18525.7310
current_data: 2.5482, 30415, 0.0003, 0.6250
current_data: 2.4582, 202198, 31.9670, 52275.9241
current_data: 2.3751, 2223144, 9.0373, 11948.1934
current_data: 1.1195, 6056939, 4.2363, 3210.0184
current_data: 0.4336, 21164485, 78.0400, 18404.4803
current_data: 2.5462, 29066, 0.0002, 0.0000
current_data: 2.4539, 196853, 31.9657, 52247.7990
current_data: 2.2948, 2085299, 10.0570, 13174.4504
current_data: 1.1189, 6035938, 4.1583, 3208.7684
current_data: 0.4339, 21264064, 78.0485, 18587.6064
current_data: 2.5473, 28772, 0.0002, 0.6250
current_data: 2.4592, 202615, 31.9674, 52605.9260
current_data: 2.3695, 2234476, 9.0322, 11972.5685
current_data: 1.1170, 6036230, 4.2203, 3285.0188
current_data: 0.4341, 21324756, 78.0387, 18666.9818
current_data: 2.5462, 30155, 0.0003, 0.6250
current_data: 2.4610, 201526, 31.9678, 52774.0520
current_data: 2.3765, 2226592, 8.9720, 11964.4435
current_data: 1.1189, 6124901, 4.1396, 3325.6440
current_data: 0.4335, 21379820, 78.0532, 18726.3572
current_data: 2.5476, 33113, 0.0004, 2.5000
current_data: 2.4449, 216570, 31.9650, 52635.9262
current_data: 2.2776, 2159393, 10.2779, 13196.3255
current_data: 1.1136, 6049645, 4.3210, 3494.3950
current_data: 0.4408, 20111460, 76.1786, 18676.3569
current_data: 2.5462, 33654, 0.0005, 1.8750
current_data: 2.2692, 215358, 31.8483, 49928.4107
current_data: 2.3723, 2323220, 8.9659, 12104.4443
current_data: 1.1242, 6155213, 4.2102, 3348.1442
current_data: 0.4367, 21571973, 78.0311, 18908.2332
current_data: 2.5471, 28378, 0.0002, 0.6250
current_data: 2.5459, 208084, 24.9735, 44598.3802
current_data: 2.3865, 2282356, 8.9801, 12162.5696
current_data: 1.1257, 6160772, 4.1008, 3170.0181
current_data: 0.4364, 21642911, 78.0319, 18885.7331
current_data: 2.5457, 29027, 0.0002, 0.6250
current_data: 2.5216, 205450, 24.9771, 44357.7538
current_data: 2.3086, 2109004, 10.0204, 13278.8260
current_data: 1.1207, 6200119, 4.2700, 3423.7696
current_data: 0.4364, 21678985, 78.0716, 19042.6090
current_data: 2.5477, 31386, 0.0003, 1.2500
current_data: 2.5505, 214937, 24.9752, 44945.2572
current_data: 2.3824, 2307751, 9.0021, 12153.8195
current_data: 1.1237, 6198574, 4.1313, 3225.0185
current_data: 0.4366, 21723708, 78.0492, 19071.3591
current_data: 2.5467, 28581, 0.0003, 0.6250
current_data: 2.5461, 206879, 24.9724, 45001.5075
current_data: 2.3835, 2289641, 8.9314, 12159.4446
current_data: 1.1228, 6226142, 4.2027, 3350.6442
current_data: 0.4365, 21786129, 78.0324, 19023.8589
current_data: 2.5470, 29432, 0.0003, 0.6250
current_data: 2.5250, 209874, 24.9720, 44697.7558
current_data: 2.3878, 2337985, 8.9211, 12161.9446
current_data: 1.1212, 6204089, 4.2819, 3531.8952
current_data: 0.4366, 21806881, 78.0297, 19081.9842
current_data: 2.5482, 29397, 0.0002, 1.8750
current_data: 2.5504, 208816, 24.9751, 45216.5087
current_data: 2.3853, 2242689, 8.9897, 12131.3194
current_data: 1.1209, 6137418, 4.2147, 3293.1438
current_data: 0.4363, 21803538, 78.0447, 19034.4839
current_data: 2.5454, 36661, 0.0004, 1.2500
current_data: 2.5387, 221718, 24.9722, 45029.6327
current_data: 2.2871, 2257914, 10.2375, 13457.5770
current_data: 1.1249, 6215319, 4.1852, 3354.3942
current_data: 0.4370, 21976097, 78.0127, 19168.8597
current_data: 2.5473, 30980, 0.0003, 1.2500
current_data: 2.5310, 204383, 24.9721, 45118.3832
current_data: 2.3858, 2270215, 8.9683, 12191.9448
current_data: 1.1234, 6259781, 4.2080, 3395.6444
current_data: 0.4349, 21833867, 78.0677, 19106.9843
current_data: 2.5473, 30545, 0.0003, 1.2500
current_data: 2.2640, 240011, 31.1272, 49259.6569
current_data: 2.3867, 2280930, 8.9087, 12156.9446
current_data: 1.1204, 6208303, 4.1736, 3279.3938
current_data: 0.4338, 21754173, 78.0548, 19073.2341
current_data: 2.5475, 30381, 0.0003, 0.6250
current_data: 2.4569, 212371, 31.9650, 53784.6828
current_data: 2.3800, 2363201, 8.9483, 12276.3202
current_data: 1.1173, 6201455, 4.2437, 3518.7701
current_data: 0.4337, 21836705, 78.0330, 19090.1092
current_data: 2.5468, 34648, 0.0004, 1.2500
current_data: 2.4503, 229131, 31.9616, 53887.1833
current_data: 2.3803, 2324615, 8.9453, 12254.4451
current_data: 1.1130, 6169048, 4.2907, 3520.6451
current_data: 0.4333, 19669389, 76.1483, 18758.8573
current_data: 2.5467, 34937, 0.0004, 0.6250
current_data: 2.4523, 225738, 31.9639, 54035.3092
current_data: 2.3468, 2153454, 9.1878, 13093.8249
current_data: 1.1141, 6129057, 4.2340, 3290.0188
current_data: 0.4325, 21620445, 78.2826, 19334.4856
current_data: 2.5482, 33506, 0.0004, 0.6250
current_data: 2.4520, 229739, 31.9628, 53952.1837
current_data: 2.3833, 2310109, 8.9050, 12200.6948
current_data: 1.1156, 6182469, 4.3026, 3525.6452
current_data: 0.4325, 21706039, 78.2977, 19520.7367
current_data: 2.5481, 29884, 0.0003, 0.0000
current_data: 2.4548, 220350, 31.9653, 54112.8096
current_data: 2.2912, 2193459, 10.2125, 13500.0772
current_data: 1.1192, 6255458, 4.2283, 3408.7695
current_data: 0.4329, 21740169, 78.2807, 19580.7370
current_data: 2.5475, 30200, 0.0003, 0.6250
current_data: 2.4610, 209507, 31.9674, 54343.4360
current_data: 2.3861, 2329009, 8.9294, 12326.9455
current_data: 1.1186, 6185784, 4.1771, 3311.2689
current_data: 0.4323, 21617584, 78.3064, 19296.9854
current_data: 2.5469, 33106, 0.0003, 1.2500
current_data: 2.4487, 209530, 31.9648, 53803.4329
current_data: 2.3445, 2354887, 9.4818, 12171.9446
current_data: 1.1178, 6169297, 4.1923, 3435.0197
current_data: 0.4345, 21742036, 78.2963, 19608.8622
current_data: 2.5476, 33864, 0.0005, 1.2500
current_data: 2.1971, 237685, 33.4815, 50146.5369
current_data: 2.3881, 2229961, 8.9299, 12189.4447
current_data: 1.1299, 6348641, 4.1884, 3365.0193
current_data: 0.4395, 22022485, 78.3118, 19777.6132
current_data: 2.5466, 29106, 0.0002, 0.0000
current_data: 2.1748, 223425, 34.2681, 46127.1389
current_data: 2.3944, 2306193, 8.9010, 12317.5705
current_data: 1.1283, 6287844, 4.2120, 3386.2694
current_data: 0.4392, 21970742, 78.2940, 19657.6125
current_data: 2.5474, 29535, 0.0003, 0.6250
current_data: 2.1739, 219799, 34.2689, 46007.1383
current_data: 2.3973, 2313080, 8.9148, 12266.3202
current_data: 1.1302, 6367294, 4.1194, 3374.3943
current_data: 0.4399, 22019318, 78.2555, 19750.1130
current_data: 2.5471, 27752, 0.0002, 0.6250
current_data: 2.1193, 241713, 34.3043, 45116.5082
current_data: 2.3966, 2297445, 8.9264, 12273.1952
current_data: 1.0999, 6163123, 4.1852, 3364.3943
current_data: 0.4184, 21015381, 78.2957, 18786.9825
current_data: 2.5481, 29216, 0.0003, 0.6250
current_data: 1.7039, 5320867, 31.7685, 56336.5724
current_data: 2.2824, 2152768, 9.6169, 13291.3261
current_data: 1.1170, 6199514, 4.1565, 3291.8938
current_data: 0.4325, 21654919, 78.3139, 19510.1116
current_data: 2.5472, 28920, 0.0003, 0.6250
current_data: 2.7643, 260886, 25.6195, 50937.7915
current_data: 2.3809, 2281734, 8.9780, 12276.9452
current_data: 1.1184, 6257810, 4.2163, 3426.2696
current_data: 0.4332, 21705883, 78.3110, 19500.1116
current_data: 2.5477, 28982, 0.0003, 0.6250
current_data: 2.6666, 258640, 25.1442, 49402.1577
current_data: 2.3069, 2249831, 10.2050, 13223.2007
current_data: 1.0922, 5959893, 4.2543, 3213.7684
current_data: 0.4159, 20436884, 78.2977, 18333.2299
current_data: 2.5460, 32339, 0.0005, 1.2500
current_data: 2.2029, 205702, 26.4878, 59300.3393
current_data: 2.3443, 2242862, 8.9540, 12011.9437
current_data: 1.0882, 6019784, 4.2504, 3396.2694
current_data: 0.4127, 17620570, 76.3509, 17740.7265
current_data: 2.5458, 34974, 0.0004, 1.2500
current_data: 2.2001, 219154, 26.4839, 59702.2166
current_data: 2.3397, 2196806, 8.9762, 12010.6937
current_data: 1.0947, 6031389, 4.2261, 3293.7688
current_data: 0.4191, 21045955, 78.0199, 18439.4805
current_data: 2.5468, 35609, 0.0005, 0.6250
current_data: 2.2369, 236328, 27.7216, 58141.5827
current_data: 2.2520, 2219677, 10.2423, 13186.9505
[32m[info] [src/pairwise_allocator.cpp:allocating:1174] Will begin allocating cache, allocation_ready_queue size 1, allocation_complete_queue size 4
[mcurrent_data: 1.0792, 1081062, 5.2214, 1056.2560
current_data: 0.4319, 5484600, 67.1293, 3635.6458
current_data: 2.5467, 6678, 0.0005, 0.6250
current_data: 0.9263, 22715, 32.0132, 4063.7733
current_data: 2.0954, 412865, 6.7715, 1670.0096
[32m[info] [src/pairwise_allocator.cpp:binary_serch_cache_roofline:462] descriptor COLS 3, find_cache_roofline_times: 1, roofline ipc: 2.5467, current ipc 2.5467, gap: 0.0000, lway: 1, rway: 14
[mcurrent_data: 1.0486, 865145, 5.7715, 979.3806
current_data: 0.4456, 5405083, 65.6809, 3400.0195
current_data: 2.5479, 5766, 0.0001, 0.0000
current_data: 0.9275, 20568, 32.0211, 4051.2732
current_data: 1.2759, 229208, 17.4174, 2480.6392
[32m[info] [src/pairwise_allocator.cpp:binary_serch_cache_roofline:462] descriptor COLS 3, find_cache_roofline_times: 2, roofline ipc: 2.5479, current ipc 2.5479, gap: 0.0000, lway: 1, rway: 7
[mcurrent_data: 1.0482, 823115, 5.7755, 1010.6308
current_data: 0.4492, 5440854, 65.2834, 3456.2698
current_data: 2.5484, 6486, 0.0005, 0.0000
current_data: 0.9273, 21231, 32.0093, 4023.1480
current_data: 2.1367, 334879, 6.4530, 1641.2594
[32m[info] [src/pairwise_allocator.cpp:binary_serch_cache_roofline:462] descriptor COLS 3, find_cache_roofline_times: 3, roofline ipc: 2.5484, current ipc 2.5484, gap: 0.0000, lway: 1, rway: 4
[mcurrent_data: 1.0426, 839968, 5.8946, 1023.1309
current_data: 0.4479, 5450217, 65.3821, 3403.1445
current_data: 2.5470, 5815, 0.0002, 0.0000
current_data: 0.9257, 21842, 32.0075, 4055.6482
current_data: 1.1900, 199893, 18.0939, 2519.3894
[32m[info] [src/pairwise_allocator.cpp:binary_serch_cache_roofline:462] descriptor COLS 3, find_cache_roofline_times: 4, roofline ipc: 2.5484, current ipc 2.5470, gap: 0.0006, lway: 1, rway: 2
[mcurrent_data: 1.0433, 807173, 5.9670, 1066.8811
current_data: 0.4490, 5475382, 65.3174, 3461.2698
current_data: 2.5479, 6001, 0.0002, 0.0000
current_data: 0.9269, 21384, 32.0095, 4036.2731
current_data: 2.0967, 349039, 7.0043, 1556.8839
[32m[info] [src/pairwise_allocator.cpp:binary_serch_cache_roofline:462] descriptor COLS 3, find_cache_roofline_times: 5, roofline ipc: 2.5484, current ipc 2.5479, gap: 0.0002, lway: 1, rway: 1
[mcurrent_data: 1.0468, 825201, 5.9682, 1041.2560
current_data: 0.4513, 5531624, 64.9649, 3470.6449
current_data: 2.5487, 6358, 0.0006, 0.0000
current_data: 0.9282, 19959, 32.0166, 4030.0231
current_data: 1.1399, 192968, 18.8217, 2413.1388
[32m[info] [src/pairwise_allocator.cpp:found_cache_roofline:405] Found_cache_roofline, obj_id 771466, roofline cache way: 1, roofline remain cache: 14, roofline cache bitmask: 0x7ffe
[m[32m[info] [src/pairwise_allocator.cpp:binary_serch_cache_roofline:462] descriptor COLS 3, find_cache_roofline_times: 6, roofline ipc: 2.5487, current ipc 2.5487, gap: 0.0000, lway: 1, rway: 1
[m[32m[info] [src/pairwise_allocator.cpp:allocating_cache:846] binary_serch_cache_roofline first pair success
[m[32m[info] [src/pairwise_allocator.cpp:pair_allocating_cache:770] pair_allocating_cache begin, allocating time: 0, descriptor roofline cache way: 1, system remain cache way: 4, complete queue size: 4
[m[32m[info] [src/pairwise_allocator.cpp:allocating_cache:852] Complete pair_allocating_cache, allocate cache ways: 1
[m[34m[critical] [src/pairwise_allocator.cpp:print_allocating_cache_results:815] print_allocating_cache_results: system remain cache: 3
[m[34m[critical] [src/pairwise_allocator.cpp:print_allocating_cache_results:818] obj: 774192, cache_way: 2, roofline cache way: 2
[m[34m[critical] [src/pairwise_allocator.cpp:print_allocating_cache_results:818] obj: 774182, cache_way: 1, roofline cache way: 1
[m[34m[critical] [src/pairwise_allocator.cpp:print_allocating_cache_results:818] obj: 771452, cache_way: 7, roofline cache way: 7
[m[34m[critical] [src/pairwise_allocator.cpp:print_allocating_cache_results:818] obj: 771457, cache_way: 1, roofline cache way: 1
[m[34m[critical] [src/pairwise_allocator.cpp:print_allocating_cache_results:823] obj: 771466, cache_way: 1, roofline cache way: 1
[mSKT0: MBA COS6 => 100% requested, 100% applied
current_data: 1.0855, 1082936, 5.1151, 1055.0060
current_data: 0.4318, 5507366, 67.3108, 3587.5205
current_data: 2.5448, 6431, 0.0005, 0.0000
current_data: 0.9280, 21534, 32.0161, 4040.6481
current_data: 2.0986, 402041, 6.9389, 1640.6344
SKT0: MBA COS6 => 60% requested, 60% applied
[32m[info] [src/pairwise_allocator.cpp:binary_serch_mb_roofline:937] descriptor1 COLS 3, find_mb_roofline_time: 1, roofline mb: 0.0000, current mb 0.0000, gap: -nan, lmb_throttle: 20, rmb_throttle: 100
[mcurrent_data: 1.0482, 851321, 5.8033, 978.7556
current_data: 0.4444, 5337668, 65.8887, 3407.5195
current_data: 2.5474, 6023, 0.0003, 0.0000
current_data: 0.9273, 20254, 32.0123, 4044.3981
current_data: 1.1582, 230110, 18.0155, 2466.2641
SKT0: MBA COS6 => 40% requested, 40% applied
[32m[info] [src/pairwise_allocator.cpp:binary_serch_mb_roofline:937] descriptor1 COLS 3, find_mb_roofline_time: 2, roofline mb: 0.0000, current mb 0.0000, gap: -nan, lmb_throttle: 20, rmb_throttle: 60
[mcurrent_data: 1.0459, 815591, 5.7446, 988.1307
current_data: 0.4436, 5359441, 66.0437, 3359.3942
current_data: 2.5492, 6389, 0.0006, 0.0000
current_data: 0.9293, 18940, 32.0130, 4003.7729
current_data: 2.1467, 348131, 6.4020, 1631.8843
SKT0: MBA COS6 => 30% requested, 30% applied
[32m[info] [src/pairwise_allocator.cpp:binary_serch_mb_roofline:937] descriptor1 COLS 3, find_mb_roofline_time: 3, roofline mb: 0.0000, current mb 0.0000, gap: -nan, lmb_throttle: 20, rmb_throttle: 40
[mcurrent_data: 1.0439, 815539, 5.8393, 990.0057
current_data: 0.4416, 5239528, 65.2902, 3281.8938
current_data: 2.5457, 6050, 0.0003, 0.0000
current_data: 0.9268, 20899, 32.0076, 3978.1478
current_data: 1.1011, 180722, 19.6865, 2334.3884
SKT0: MBA COS6 => 20% requested, 20% applied
[32m[info] [src/pairwise_allocator.cpp:binary_serch_mb_roofline:937] descriptor1 COLS 3, find_mb_roofline_time: 4, roofline mb: 0.0000, current mb 0.0000, gap: -nan, lmb_throttle: 20, rmb_throttle: 30
[mcurrent_data: 1.0437, 805567, 5.8325, 966.2555
current_data: 0.3629, 3408139, 80.7929, 3347.5192
current_data: 2.5475, 5843, 0.0002, 0.0000
current_data: 0.9290, 18421, 32.0170, 4043.1481
current_data: 2.1461, 314353, 6.5454, 1640.0094
SKT0: MBA COS6 => 20% requested, 20% applied
[32m[info] [src/pairwise_allocator.cpp:binary_serch_mb_roofline:937] descriptor1 COLS 3, find_mb_roofline_time: 5, roofline mb: 0.0000, current mb 0.0000, gap: -nan, lmb_throttle: 20, rmb_throttle: 20
[mcurrent_data: 1.0414, 823093, 6.0710, 1045.6310
current_data: 0.3674, 3497296, 80.2130, 3318.1440
current_data: 2.5451, 7238, 0.0009, 0.0000
current_data: 0.9284, 19135, 32.0067, 4041.8981
current_data: 1.1611, 189494, 18.1515, 2411.2638
[32m[info] [src/pairwise_allocator.cpp:found_mb_roofline:887] Fast found mb roofline, obj_id 771466, roofline mb: 0.00 MB/s, roofline mb throttle: 20
[m[32m[info] [src/pairwise_allocator.cpp:binary_serch_mb_roofline:937] descriptor1 COLS 3, find_mb_roofline_time: 6, roofline mb: 0.0000, current mb 0.0000, gap: -nan, lmb_throttle: 20, rmb_throttle: 20
[m[32m[info] [src/pairwise_allocator.cpp:allocating_mb:1147] binary_serch_mb_roofline first pair success
[m[32m[info] [src/pairwise_allocator.cpp:pair_allocating_mb:1088] pair_allocating_mb begin, allocating times: 0, descriptor roofline mb throttle: 20, system remain mb: 93984.92 MB/s
[mSKT0: MBA COS3 => 20% requested, 20% applied
current_data: 1.0740, 1138999, 4.8786, 863.1299
current_data: 0.4382, 4720387, 77.4730, 4086.8984
current_data: 2.5456, 7738, 0.0016, 0.0000
current_data: 2.5445, 41801, 24.9784, 8520.0488
current_data: 2.1116, 385012, 14.3176, 2753.7658
[32m[info] [src/pairwise_allocator.cpp:pair_allocating_mb:1088] pair_allocating_mb begin, allocating times: 1, descriptor roofline mb throttle: 20, system remain mb: 93984.92 MB/s
[m[32m[info] [src/pairwise_allocator.cpp:allocating_fit_mb:958] Will allocating_fit_mb mb throttle: 20
[mSKT0: MBA COS3 => 20% requested, 20% applied
current_data: 1.1090, 940716, 4.5346, 584.3783
current_data: 0.4372, 3538963, 77.7587, 3068.1426
current_data: 2.5450, 5222, 0.0003, 0.0000
current_data: 2.5517, 35957, 24.9807, 7304.4168
current_data: 2.5971, 396164, 6.4943, 1675.0096
[32m[info] [src/pairwise_allocator.cpp:allocating_mb:1121] Allocate mb: 0.00 MB/s, mb_throttle: 20
[mcurrent_data: 1.1201, 975377, 4.2894, 548.1281
current_data: 0.4374, 3505786, 77.8314, 3025.6423
current_data: 2.5476, 5033, 0.0002, 0.0000
current_data: 2.5432, 34145, 24.9801, 7288.1667
current_data: 2.0508, 338676, 14.8558, 2884.3915
current_data: 1.1272, 6104692, 4.1453, 3253.1436
current_data: 0.4363, 21391356, 77.9342, 18666.9818
current_data: 2.5489, 27713, 0.0003, 0.0000
current_data: 2.5200, 204343, 24.9786, 43739.6253
current_data: 2.3978, 2277986, 8.9405, 12126.3194
current_data: 1.1242, 6109992, 4.2444, 3260.6437
current_data: 0.4363, 21323309, 77.9428, 18655.7317
current_data: 2.5474, 28336, 0.0002, 0.6250
current_data: 2.5483, 208882, 24.9751, 44076.5022
current_data: 2.3938, 2294606, 8.9927, 12011.9437
current_data: 1.1223, 6047307, 4.1988, 3308.1439
current_data: 0.4360, 21307011, 77.9967, 18591.9814
current_data: 2.5476, 30159, 0.0003, 0.6250
current_data: 2.5432, 211858, 24.9723, 44034.0020
current_data: 2.3865, 2238111, 8.9833, 12002.5687
current_data: 1.1260, 6109951, 4.1678, 3313.7690
current_data: 0.4360, 21325636, 78.0049, 18500.1059
current_data: 2.5476, 28845, 0.0002, 0.0000
current_data: 2.5228, 206428, 24.9749, 43764.6254
current_data: 2.3914, 2233944, 8.9744, 12003.8187
current_data: 1.1240, 6066036, 4.2840, 3319.3940
current_data: 0.4358, 21280253, 78.0304, 18573.2313
current_data: 2.5476, 28828, 0.0003, 0.0000
current_data: 2.5502, 204950, 24.9772, 44161.5027
current_data: 2.3915, 2245330, 8.9906, 12008.8187
current_data: 1.1220, 6052794, 4.2307, 3375.0193
current_data: 0.4357, 21280765, 78.0225, 18495.1058
current_data: 2.5471, 28849, 0.0003, 0.6250
current_data: 2.5439, 203805, 24.9783, 44149.0026
current_data: 2.3983, 2181998, 8.9803, 12008.8187
current_data: 1.1233, 6095859, 4.2074, 3188.1432
current_data: 0.4354, 21345398, 78.0489, 18725.7321
current_data: 2.5468, 29245, 0.0002, 0.0000
current_data: 2.5228, 200239, 24.9750, 43952.1265
current_data: 2.3640, 2159715, 9.1336, 12606.9471
current_data: 1.1245, 6078013, 4.2246, 3291.2688
current_data: 0.4348, 21376776, 78.0209, 18649.4817
current_data: 2.5482, 30065, 0.0003, 0.0000
current_data: 2.2764, 236400, 29.7660, 46334.0151
current_data: 2.3906, 2283366, 8.9673, 12128.8194
current_data: 1.1217, 6084384, 4.1209, 3188.1432
current_data: 0.4330, 21365887, 78.0072, 18605.1065
current_data: 2.5477, 28063, 0.0003, 0.0000
current_data: 2.4557, 210800, 31.9675, 52889.0526
current_data: 2.3910, 2240510, 8.9026, 12055.0690
current_data: 1.1191, 6122595, 4.1662, 3272.5187
current_data: 0.4379, 20021102, 76.0624, 18675.1069
current_data: 2.5474, 30181, 0.0003, 0.0000
current_data: 2.4464, 216855, 31.9665, 52654.6763
current_data: 2.3213, 2139008, 9.3762, 12849.4485
current_data: 1.1181, 6072756, 4.3106, 3463.1448
current_data: 0.4329, 21401237, 78.0219, 18725.7321
current_data: 2.5469, 31946, 0.0003, 0.0000
current_data: 2.4549, 226881, 31.9653, 52910.3028
current_data: 2.3540, 2207244, 9.0197, 11937.5683
current_data: 1.1197, 6172347, 4.2345, 3280.6438
current_data: 0.4330, 21626699, 78.0291, 18879.4830
current_data: 2.5480, 29367, 0.0003, 0.0000
current_data: 2.4527, 213235, 31.9669, 53426.5557
current_data: 2.3623, 2325466, 8.9587, 12115.0693
current_data: 1.1203, 6169839, 4.1923, 3278.1438
current_data: 0.4325, 21480064, 78.0764, 18808.8576
current_data: 2.5478, 29048, 0.0003, 0.0000
current_data: 2.4533, 208883, 31.9690, 53170.9292
current_data: 2.2970, 2135662, 9.7284, 13248.8258
current_data: 1.1178, 6152140, 4.3036, 3414.3945
current_data: 0.4328, 21523254, 78.0622, 18889.4831
current_data: 2.5480, 28826, 0.0002, 0.0000
current_data: 2.4592, 205383, 31.9680, 53404.0556
current_data: 2.3659, 2214721, 9.0017, 12143.1945
current_data: 1.1177, 6153034, 4.2228, 3284.3938
current_data: 0.4329, 21624521, 78.0263, 18873.2330
current_data: 2.5472, 28735, 0.0002, 0.6250
current_data: 2.4498, 207054, 31.9665, 53359.6803
current_data: 2.3600, 2304967, 8.9828, 12111.9443
current_data: 1.1144, 5859683, 4.2403, 3241.2685
current_data: 0.4322, 21609674, 78.0607, 18968.2335
current_data: 2.5464, 39033, 0.0006, 1.8750
current_data: 2.4546, 221020, 31.9650, 53487.8061
current_data: 2.3458, 2240004, 8.9708, 12156.9446
current_data: 1.1258, 6189350, 4.2228, 3301.2689
current_data: 0.4391, 22009679, 78.0456, 19143.2345
current_data: 2.5468, 33411, 0.0004, 0.0000
current_data: 2.0170, 237628, 35.2258, 44893.3819
current_data: 2.3741, 2240553, 8.9741, 12168.1946
[32m[info] [src/pairwise_allocator.cpp:allocating:1174] Will begin allocating cache, allocation_ready_queue size 1, allocation_complete_queue size 4
[mcurrent_data: 1.0845, 1070990, 5.1153, 1030.0059
current_data: 0.4033, 4805212, 72.0240, 3573.1454
current_data: 2.5459, 6430, 0.0005, 0.0000
current_data: 1.0690, 293726, 21.1712, 3741.8964
current_data: 1.6218, 346096, 11.5159, 2001.2615
[32m[info] [src/pairwise_allocator.cpp:binary_serch_cache_roofline:462] descriptor COLS 3, find_cache_roofline_times: 1, roofline ipc: 2.5459, current ipc 2.5459, gap: 0.0000, lway: 1, rway: 14
[mcurrent_data: 1.0375, 867962, 5.7901, 1007.5058
current_data: 0.4227, 4972907, 68.2550, 3382.5194
current_data: 2.5491, 6373, 0.0003, 0.0000
current_data: 1.0107, 450782, 19.3100, 3892.5223
current_data: 2.0911, 368799, 6.6655, 1721.8849
[32m[info] [src/pairwise_allocator.cpp:binary_serch_cache_roofline:462] descriptor COLS 3, find_cache_roofline_times: 2, roofline ipc: 2.5491, current ipc 2.5491, gap: 0.0000, lway: 1, rway: 7
[mcurrent_data: 1.0390, 832628, 6.0339, 1023.1309
current_data: 0.3846, 4062845, 75.8184, 3381.2693
current_data: 2.5478, 5930, 0.0002, 0.0000
current_data: 1.5827, 1552742, 14.6925, 3858.1471
current_data: 1.5222, 278863, 13.0912, 2153.1373
[32m[info] [src/pairwise_allocator.cpp:binary_serch_cache_roofline:462] descriptor COLS 3, find_cache_roofline_times: 3, roofline ipc: 2.5491, current ipc 2.5478, gap: 0.0005, lway: 1, rway: 4
[mcurrent_data: 1.0382, 832775, 5.9415, 1077.5062
current_data: 0.4331, 5226880, 67.0112, 3379.3943
current_data: 2.5473, 6208, 0.0003, 0.0000
current_data: 0.0108, 11528, 1539.6875, 3817.5218
current_data: 2.1050, 334444, 6.5162, 1661.2595
[32m[info] [src/pairwise_allocator.cpp:binary_serch_cache_roofline:462] descriptor COLS 3, find_cache_roofline_times: 4, roofline ipc: 2.5491, current ipc 2.5473, gap: 0.0007, lway: 1, rway: 2
[mcurrent_data: 1.0380, 836092, 6.0616, 1056.8810
current_data: 0.4354, 5269276, 66.6014, 3396.2694
current_data: 2.5457, 6108, 0.0003, 0.0000
current_data: 0.0108, 11784, 1529.6647, 3765.6465
current_data: 1.3491, 248254, 16.1167, 2281.2631
[32m[info] [src/pairwise_allocator.cpp:binary_serch_cache_roofline:462] descriptor COLS 3, find_cache_roofline_times: 5, roofline ipc: 2.5491, current ipc 2.5457, gap: 0.0013, lway: 1, rway: 1
[mcurrent_data: 1.0352, 829095, 5.9618, 983.1306
current_data: 0.4351, 5244290, 66.6446, 3363.7692
current_data: 2.5475, 5840, 0.0002, 0.0000
current_data: 0.0108, 11656, 1535.3207, 3807.5218
current_data: 2.0574, 337352, 7.2163, 1609.3842
[32m[info] [src/pairwise_allocator.cpp:found_cache_roofline:405] Found_cache_roofline, obj_id 771466, roofline cache way: 1, roofline remain cache: 14, roofline cache bitmask: 0x7ffe
[m[32m[info] [src/pairwise_allocator.cpp:binary_serch_cache_roofline:462] descriptor COLS 3, find_cache_roofline_times: 6, roofline ipc: 2.5491, current ipc 2.5475, gap: 0.0006, lway: 1, rway: 1
[m[32m[info] [src/pairwise_allocator.cpp:allocating_cache:846] binary_serch_cache_roofline first pair success
[m[32m[info] [src/pairwise_allocator.cpp:pair_allocating_cache:770] pair_allocating_cache begin, allocating time: 0, descriptor roofline cache way: 1, system remain cache way: 4, complete queue size: 4
[m[32m[info] [src/pairwise_allocator.cpp:allocating_cache:852] Complete pair_allocating_cache, allocate cache ways: 1
[m[34m[critical] [src/pairwise_allocator.cpp:print_allocating_cache_results:815] print_allocating_cache_results: system remain cache: 3
[m[34m[critical] [src/pairwise_allocator.cpp:print_allocating_cache_results:818] obj: 774192, cache_way: 2, roofline cache way: 2
[m[34m[critical] [src/pairwise_allocator.cpp:print_allocating_cache_results:818] obj: 774182, cache_way: 1, roofline cache way: 1
[m[34m[critical] [src/pairwise_allocator.cpp:print_allocating_cache_results:818] obj: 771452, cache_way: 7, roofline cache way: 7
[m[34m[critical] [src/pairwise_allocator.cpp:print_allocating_cache_results:818] obj: 771457, cache_way: 1, roofline cache way: 1
[m[34m[critical] [src/pairwise_allocator.cpp:print_allocating_cache_results:823] obj: 771466, cache_way: 1, roofline cache way: 1
[mSKT0: MBA COS6 => 100% requested, 100% applied
current_data: 1.0745, 1080697, 5.0054, 983.7556
current_data: 0.4331, 5557307, 66.4715, 3568.1454
current_data: 2.5466, 7187, 0.0009, 0.6250
current_data: 0.7243, 20435, 26.5350, 3947.5226
current_data: 1.5686, 314425, 12.3485, 2003.1365
SKT0: MBA COS6 => 60% requested, 60% applied
[32m[info] [src/pairwise_allocator.cpp:binary_serch_mb_roofline:937] descriptor1 COLS 3, find_mb_roofline_time: 1, roofline mb: 0.6250, current mb 0.6250, gap: 0.0000, lmb_throttle: 20, rmb_throttle: 100
[mcurrent_data: 1.0458, 860970, 5.7897, 992.5057
current_data: 0.4441, 5447438, 65.3182, 3353.7692
current_data: 2.5467, 5929, 0.0002, 0.0000
current_data: 0.7235, 19207, 26.5410, 3950.6476
current_data: 2.0536, 379416, 7.1409, 1610.6342
SKT0: MBA COS6 => 40% requested, 40% applied
[32m[info] [src/pairwise_allocator.cpp:binary_serch_mb_roofline:937] descriptor1 COLS 3, find_mb_roofline_time: 2, roofline mb: 0.0000, current mb 0.0000, gap: -nan, lmb_throttle: 20, rmb_throttle: 60
[mcurrent_data: 1.0375, 859561, 6.0114, 1031.8809
current_data: 0.4451, 5487080, 65.2193, 3395.0194
current_data: 2.5468, 6124, 0.0003, 0.0000
current_data: 0.7241, 20117, 26.5368, 3971.8977
current_data: 1.4456, 282097, 14.2750, 2228.7628
SKT0: MBA COS6 => 30% requested, 30% applied
[32m[info] [src/pairwise_allocator.cpp:binary_serch_mb_roofline:937] descriptor1 COLS 3, find_mb_roofline_time: 3, roofline mb: 0.0000, current mb 0.0000, gap: -nan, lmb_throttle: 20, rmb_throttle: 40
[mcurrent_data: 1.0384, 826250, 5.9276, 929.3803
current_data: 0.4445, 5375495, 65.3007, 3310.6439
current_data: 2.5460, 5939, 0.0003, 0.0000
current_data: 0.7236, 22232, 26.5357, 3923.1474
current_data: 2.0922, 337662, 6.6417, 1595.0091
SKT0: MBA COS6 => 20% requested, 20% applied
[32m[info] [src/pairwise_allocator.cpp:binary_serch_mb_roofline:937] descriptor1 COLS 3, find_mb_roofline_time: 4, roofline mb: 0.0000, current mb 0.0000, gap: -nan, lmb_throttle: 20, rmb_throttle: 30
[mcurrent_data: 1.0367, 763210, 5.9710, 941.8804
current_data: 0.4476, 5244156, 64.9428, 3137.5180
current_data: 2.5487, 5451, 0.0003, 0.0000
current_data: 0.7238, 17294, 26.5421, 3795.6467
current_data: 1.5334, 272975, 12.8222, 2093.7620
SKT0: MBA COS6 => 20% requested, 20% applied
[32m[info] [src/pairwise_allocator.cpp:binary_serch_mb_roofline:937] descriptor1 COLS 3, find_mb_roofline_time: 5, roofline mb: 0.0000, current mb 0.0000, gap: -nan, lmb_throttle: 20, rmb_throttle: 20
[mcurrent_data: 1.0378, 817794, 6.0005, 1033.1309
current_data: 0.4468, 5496789, 65.0383, 3350.6442
current_data: 2.5456, 5788, 0.0002, 0.0000
current_data: 0.7237, 19186, 26.5372, 3936.8975
current_data: 2.0960, 331611, 6.7757, 1572.5090
[32m[info] [src/pairwise_allocator.cpp:found_mb_roofline:887] Fast found mb roofline, obj_id 771466, roofline mb: 0.00 MB/s, roofline mb throttle: 20
[m[32m[info] [src/pairwise_allocator.cpp:binary_serch_mb_roofline:937] descriptor1 COLS 3, find_mb_roofline_time: 6, roofline mb: 0.0000, current mb 0.0000, gap: -nan, lmb_throttle: 20, rmb_throttle: 20
[m[32m[info] [src/pairwise_allocator.cpp:allocating_mb:1147] binary_serch_mb_roofline first pair success
[m[32m[info] [src/pairwise_allocator.cpp:pair_allocating_mb:1088] pair_allocating_mb begin, allocating times: 0, descriptor roofline mb throttle: 20, system remain mb: 93984.92 MB/s
[mSKT0: MBA COS3 => 20% requested, 20% applied
current_data: 1.0618, 1142287, 4.8606, 881.2550
current_data: 0.4326, 4701874, 77.5844, 4076.2733
current_data: 2.5429, 11309, 0.0017, 0.0000
current_data: 2.4417, 47021, 31.9705, 10087.5577
current_data: 2.0050, 375544, 14.1719, 2960.0169
[32m[info] [src/pairwise_allocator.cpp:pair_allocating_mb:1088] pair_allocating_mb begin, allocating times: 1, descriptor roofline mb throttle: 20, system remain mb: 93984.92 MB/s
[m[32m[info] [src/pairwise_allocator.cpp:allocating_fit_mb:958] Will allocating_fit_mb mb throttle: 20
[mSKT0: MBA COS3 => 20% requested, 20% applied
current_data: 1.1011, 932781, 4.4224, 555.0032
current_data: 0.4350, 3542438, 77.7903, 3105.0178
current_data: 2.5457, 5410, 0.0002, 0.0000
current_data: 2.4619, 38311, 31.9683, 8728.7999
current_data: 2.5395, 408530, 6.8914, 1504.3836
[32m[info] [src/pairwise_allocator.cpp:allocating_mb:1121] Allocate mb: 0.00 MB/s, mb_throttle: 20
[mcurrent_data: 1.1071, 964389, 4.3264, 580.0033
current_data: 0.4316, 3452497, 77.8891, 3018.7673
current_data: 2.5454, 4648, 0.0002, 0.0000
current_data: 2.4487, 33122, 31.9630, 8512.5487
current_data: 1.9519, 310056, 15.5327, 2666.2653
current_data: 1.1191, 6059587, 4.1721, 3132.5179
current_data: 0.4337, 21195116, 77.9761, 18525.1060
current_data: 2.5471, 28287, 0.0003, 0.0000
current_data: 2.4553, 198813, 31.9698, 52277.7991
current_data: 2.3587, 2183662, 9.0270, 11880.0680
current_data: 1.1187, 6043865, 4.2714, 3276.8938
current_data: 0.4336, 21162418, 77.9807, 18466.3557
current_data: 2.5476, 27842, 0.0002, 0.0000
current_data: 2.4555, 198184, 31.9690, 52224.0488
current_data: 2.3615, 2224816, 9.0392, 11916.9432
current_data: 1.1152, 5981153, 4.2449, 3306.8939
current_data: 0.4385, 19842753, 76.0135, 18536.9811
current_data: 2.5464, 32700, 0.0005, 0.0000
current_data: 2.4529, 208517, 31.9681, 52237.1739
current_data: 2.2595, 2129990, 10.4053, 13135.0752
current_data: 1.1169, 6070078, 4.2571, 3314.3940
current_data: 0.4330, 21366651, 78.0483, 18681.9819
current_data: 2.5473, 31094, 0.0003, 0.0000
current_data: 2.4554, 205645, 31.9683, 52827.1773
current_data: 2.3664, 2296691, 8.9622, 12058.8190
current_data: 1.1142, 6006092, 4.2448, 3165.6431
current_data: 0.4329, 21157297, 78.0002, 18480.1057
current_data: 2.5467, 31721, 0.0003, 0.0000
current_data: 2.4581, 220942, 31.9671, 52335.2995
current_data: 2.3583, 2232498, 9.0344, 11920.6932
current_data: 1.1141, 5982466, 4.2837, 3312.5190
current_data: 0.4329, 21164960, 78.0434, 18471.3557
current_data: 2.5470, 30448, 0.0003, 0.0000
current_data: 2.4600, 208295, 31.9662, 52500.9254
current_data: 2.3591, 2249009, 9.0691, 11943.1933
current_data: 1.1208, 6053083, 4.1625, 3332.5191
current_data: 0.4323, 21147350, 78.0755, 18649.4817
current_data: 2.5472, 27216, 0.0002, 0.6250
current_data: 2.4488, 195450, 31.9670, 52242.7989
current_data: 2.3538, 2219077, 8.9716, 11980.0686
current_data: 1.1239, 6105564, 4.1017, 3198.1433
current_data: 0.4336, 21295365, 78.0290, 18588.8564
current_data: 2.5474, 28312, 0.0003, 0.0000
current_data: 2.2606, 203790, 32.5876, 50340.2880
current_data: 2.3701, 2222231, 9.0473, 11980.0686
current_data: 1.1227, 6134898, 4.2617, 3296.8939
current_data: 0.4358, 21498417, 78.0563, 18835.7328
current_data: 2.5476, 28733, 0.0002, 0.0000
current_data: 2.5451, 203163, 24.9760, 44592.1302
current_data: 2.3782, 2266555, 8.9900, 12073.1941
current_data: 1.1241, 6089642, 4.1918, 3350.6442
current_data: 0.4361, 21536687, 78.0089, 18760.7323
current_data: 2.5467, 28881, 0.0003, 0.0000
current_data: 2.5203, 202022, 24.9778, 44142.1276
current_data: 2.2821, 2241009, 10.2489, 13351.9514
current_data: 1.1225, 6184962, 4.2283, 3378.1443
current_data: 0.4359, 21526047, 78.0586, 18880.7330
current_data: 2.5468, 27873, 0.0002, 0.0000
current_data: 2.5517, 202546, 24.9771, 44702.1308
current_data: 2.3753, 2243530, 9.0089, 12105.6943
current_data: 1.1210, 6141400, 4.2328, 3315.6440
current_data: 0.4360, 21591010, 78.0202, 18765.1074
current_data: 2.5467, 30491, 0.0003, 0.0000
current_data: 2.5431, 208085, 24.9742, 44674.6306
current_data: 2.3783, 2256604, 8.9752, 12089.4442
current_data: 1.1257, 6200719, 4.1161, 3265.6437
current_data: 0.4362, 21670892, 78.0289, 18893.2331
current_data: 2.5478, 28724, 0.0002, 0.0000
current_data: 2.5235, 202476, 24.9753, 44539.6299
current_data: 2.2836, 2220587, 10.1788, 13335.7013
current_data: 1.1254, 6199420, 4.1314, 3301.2689
current_data: 0.4360, 21685629, 78.0637, 18929.4833
current_data: 2.5474, 29044, 0.0003, 0.0000
current_data: 2.5503, 205620, 24.9770, 45017.1326
current_data: 2.3733, 2267910, 9.0584, 12171.9446
current_data: 1.1249, 6146606, 4.1477, 3390.6444
current_data: 0.4361, 21703478, 78.0086, 19047.6090
current_data: 2.5470, 29250, 0.0003, 0.0000
current_data: 2.5461, 205928, 24.9752, 44994.0075
current_data: 2.3828, 2220831, 8.8968, 12128.1944
current_data: 1.1245, 6206834, 4.2188, 3356.2692
current_data: 0.4409, 20073729, 76.2455, 18858.2329
current_data: 2.5471, 28381, 0.0002, 0.0000
current_data: 2.5265, 203941, 24.9748, 44693.3807
current_data: 2.3283, 2173101, 9.5038, 13344.4514
current_data: 1.1231, 6195240, 4.1529, 3331.8941
current_data: 0.4348, 21712121, 78.0706, 19015.7338
current_data: 2.5459, 37995, 0.0005, 0.0000
current_data: 2.2737, 257681, 29.7983, 47427.7714
current_data: 2.3736, 2239577, 8.9809, 12101.3192
current_data: 1.1181, 6181983, 4.1707, 3348.7692
current_data: 0.4332, 21745536, 77.9953, 18897.6081
current_data: 2.5463, 33736, 0.0004, 0.0000
current_data: 2.4557, 227709, 31.9671, 53721.5574
current_data: 2.3686, 2246690, 8.9888, 12102.5693
current_data: 1.1129, 6134389, 4.3103, 3415.0195
current_data: 0.4324, 21680993, 78.0587, 18930.1083
current_data: 2.5461, 32452, 0.0004, 0.0000
current_data: 2.4504, 225722, 31.9626, 53597.8067
current_data: 2.3666, 2355754, 8.9186, 12161.9446
current_data: 1.1226, 6229509, 4.1138, 3247.5186
current_data: 0.4331, 21712068, 78.0842, 19053.8590
current_data: 2.5485, 28325, 0.0003, 0.0000
current_data: 2.4576, 212937, 31.9633, 53750.3076
current_data: 2.3768, 2376119, 8.9151, 12266.9452
current_data: 1.1222, 6213284, 4.1381, 3282.5188
current_data: 0.4331, 21766774, 78.0363, 19053.2340
current_data: 2.5474, 28606, 0.0003, 0.0000
current_data: 2.4547, 204690, 31.9662, 53802.8079
current_data: 2.2820, 2220524, 10.2692, 13157.5753
current_data: 1.1199, 6254237, 4.2497, 3373.1443
current_data: 0.4331, 21717148, 78.0631, 19030.7339
current_data: 2.5482, 28211, 0.0002, 0.0000
current_data: 2.4589, 208621, 31.9673, 53883.4333
current_data: 2.3694, 2262642, 8.9324, 12121.3194
current_data: 1.1187, 6229162, 4.1834, 3360.6442
current_data: 0.4330, 21842175, 78.0532, 19125.7344
current_data: 2.5476, 28917, 0.0003, 0.0000
current_data: 2.4607, 206326, 31.9663, 54093.4345
current_data: 2.3731, 2290314, 8.9549, 12249.4451
current_data: 1.1188, 6219331, 4.1689, 3372.5193
current_data: 0.4324, 21839202, 78.0729, 19146.9846
current_data: 2.5470, 29188, 0.0002, 0.0000
current_data: 2.4472, 205773, 31.9646, 53937.1836
current_data: 2.3749, 2333154, 8.8875, 12309.4454
current_data: 1.1161, 6206975, 4.2838, 3419.3946
current_data: 0.4335, 21875470, 78.0287, 19017.6088
current_data: 2.5469, 31351, 0.0004, 0.0000
current_data: 2.2558, 233265, 32.9759, 51686.5458
current_data: 2.3775, 2292516, 8.9501, 12267.5702
current_data: 1.1268, 6242306, 4.2722, 3425.6446
current_data: 0.4399, 22232481, 78.0468, 19425.7362
current_data: 2.5464, 32218, 0.0004, 0.0000
current_data: 2.1720, 232244, 34.2696, 46082.7637
current_data: 2.2958, 2265422, 10.1925, 13597.5778
current_data: 1.1287, 6294370, 4.1841, 3358.7692
current_data: 0.4401, 22161903, 78.0498, 19375.7359
current_data: 2.5475, 29247, 0.0002, 0.0000
current_data: 2.1753, 220008, 34.2676, 46015.8883
current_data: 2.3919, 2364165, 8.9858, 12363.1957
current_data: 1.1305, 6356027, 4.2139, 3390.0194
current_data: 0.4401, 22196762, 78.0466, 19395.1110
current_data: 2.5473, 28779, 0.0003, 0.0000
current_data: 2.1164, 235294, 34.3993, 45210.8837
current_data: 2.3984, 2254492, 8.9336, 12297.5704
current_data: 1.1059, 6215777, 4.1881, 3266.8937
current_data: 0.4336, 20497222, 76.2926, 18972.6086
current_data: 2.5477, 29490, 0.0002, 0.0000
current_data: 1.6901, 5717717, 32.6697, 52429.6750
current_data: 2.3544, 2253139, 8.9751, 12215.0699
current_data: 1.1149, 6258454, 4.2007, 3321.8940
current_data: 0.4301, 21721464, 78.0443, 18964.4835
current_data: 2.5479, 28184, 0.0002, 0.0000
current_data: 2.7342, 309142, 25.5275, 52741.5518
current_data: 2.3735, 2344804, 8.9262, 12233.8200
current_data: 1.1144, 6190789, 4.2905, 3402.5195
current_data: 0.4340, 21930836, 78.0212, 19113.2344
current_data: 2.5464, 32180, 0.0004, 0.0000
current_data: 2.7168, 293680, 25.0671, 49038.4056
current_data: 2.2850, 2172243, 10.2048, 13439.4519
current_data: 1.0903, 6015507, 4.2134, 3406.8945
current_data: 0.4175, 21063937, 78.0354, 18471.3557
current_data: 2.5464, 33221, 0.0004, 0.0000
current_data: 2.1638, 247081, 26.7039, 59230.9639
current_data: 2.3304, 2260956, 8.9880, 12119.4443
current_data: 1.0936, 6094701, 4.1792, 3283.1438
current_data: 0.4159, 20964147, 78.0983, 18344.4800
current_data: 2.5465, 36809, 0.0005, 0.0000
current_data: 2.2045, 230807, 26.4827, 60123.4690
current_data: 2.3326, 2251829, 8.9715, 12098.1942
current_data: 1.0968, 6128099, 4.1443, 3235.6435
current_data: 0.4171, 21088279, 78.0226, 18509.4809
current_data: 2.5475, 31695, 0.0004, 0.0000
current_data: 2.2101, 241518, 26.9572, 59478.4653
current_data: 2.3410, 2282137, 8.9618, 12065.0690
current_data: 1.1105, 6074829, 4.3080, 3518.1451
current_data: 0.4329, 21918297, 77.9974, 19131.9845
current_data: 2.5469, 34221, 0.0004, 0.0000
current_data: 2.4553, 226345, 31.9660, 54179.0600
current_data: 2.3749, 2310785, 8.9403, 12321.9455
current_data: 1.1192, 6274835, 4.1546, 3304.3939
current_data: 0.4332, 21925259, 78.0505, 19180.7348
current_data: 2.5465, 30387, 0.0003, 0.0000
current_data: 2.4519, 202808, 31.9665, 54119.6847
current_data: 2.2831, 2244465, 10.1807, 13224.4507
current_data: 1.1194, 6286594, 4.2529, 3452.5198
current_data: 0.4335, 21886186, 78.0087, 19057.6090
current_data: 2.5474, 29327, 0.0003, 0.6250
current_data: 2.4572, 207645, 31.9665, 54044.6842
current_data: 2.3690, 2381189, 8.9370, 12273.1952
[32m[info] [src/pairwise_allocator.cpp:allocating:1174] Will begin allocating cache, allocation_ready_queue size 1, allocation_complete_queue size 4
[mcurrent_data: 1.0531, 1011489, 5.6278, 982.5056
current_data: 0.4343, 5797022, 67.1732, 3745.0214
current_data: 2.5282, 9457, 0.0071, 18.1251
current_data: 0.9466, 160735, 31.2572, 4268.1494
current_data: 1.9088, 346531, 8.4894, 1696.8847
[32m[info] [src/pairwise_allocator.cpp:binary_serch_cache_roofline:462] descriptor COLS 4, find_cache_roofline_times: 1, roofline ipc: 0.9466, current ipc 0.9466, gap: 0.0000, lway: 1, rway: 14
[mcurrent_data: 1.0188, 838057, 6.1761, 983.1306
current_data: 0.4408, 5521554, 66.5187, 3467.5198
current_data: 2.5255, 10985, 0.0080, 0.0000
current_data: 0.9624, 320405, 30.3963, 4190.6490
current_data: 2.0936, 321091, 6.8536, 1539.3838
[32m[info] [src/pairwise_allocator.cpp:binary_serch_cache_roofline:462] descriptor COLS 4, find_cache_roofline_times: 2, roofline ipc: 0.9624, current ipc 0.9624, gap: 0.0000, lway: 1, rway: 7
[mcurrent_data: 1.0072, 760993, 6.2035, 880.6300
current_data: 0.4373, 5039161, 67.1766, 3228.1435
current_data: 2.5117, 13676, 0.0109, 1.2500
current_data: 0.9477, 196960, 30.9653, 3890.0223
current_data: 1.9224, 347458, 8.1694, 1542.5088
[32m[info] [src/pairwise_allocator.cpp:binary_serch_cache_roofline:462] descriptor COLS 4, find_cache_roofline_times: 3, roofline ipc: 0.9624, current ipc 0.9477, gap: 0.0152, lway: 1, rway: 4
[mcurrent_data: 1.0093, 760933, 6.1610, 907.5052
current_data: 0.4008, 3246871, 66.4134, 2595.6399
current_data: 2.5206, 11668, 0.0099, 1.2500
current_data: 0.9362, 87437, 31.5976, 3825.0219
current_data: 2.0577, 334491, 6.9824, 1510.0086
[32m[info] [src/pairwise_allocator.cpp:binary_serch_cache_roofline:462] descriptor COLS 4, find_cache_roofline_times: 4, roofline ipc: 0.9624, current ipc 0.9362, gap: 0.0272, lway: 1, rway: 2
[mcurrent_data: 0.9998, 757720, 6.4982, 886.2551
current_data: 0.3610, 3050091, 81.7525, 3071.2676
current_data: 2.4994, 17540, 0.0170, 7.5000
current_data: 0.9308, 62771, 31.7449, 3646.8959
current_data: 2.0929, 304604, 6.7309, 1442.5083
[32m[info] [src/pairwise_allocator.cpp:binary_serch_cache_roofline:462] descriptor COLS 4, find_cache_roofline_times: 5, roofline ipc: 0.9624, current ipc 0.9308, gap: 0.0328, lway: 1, rway: 1
[mcurrent_data: 1.0017, 692712, 6.1798, 840.0048
current_data: 0.3647, 3085797, 80.8575, 2969.3920
current_data: 2.5161, 11833, 0.0114, 26.8752
current_data: 0.9258, 29096, 31.9359, 3584.3955
current_data: 1.6316, 262732, 9.6649, 1674.3846
[32m[info] [src/pairwise_allocator.cpp:found_cache_roofline:405] Found_cache_roofline, obj_id 774182, roofline cache way: 1, roofline remain cache: 14, roofline cache bitmask: 0x7ffe
[m[32m[info] [src/pairwise_allocator.cpp:binary_serch_cache_roofline:462] descriptor COLS 4, find_cache_roofline_times: 6, roofline ipc: 0.9624, current ipc 0.9258, gap: 0.0380, lway: 1, rway: 1
[m[32m[info] [src/pairwise_allocator.cpp:allocating_cache:846] binary_serch_cache_roofline first pair success
[m[32m[info] [src/pairwise_allocator.cpp:pair_allocating_cache:770] pair_allocating_cache begin, allocating time: 0, descriptor roofline cache way: 1, system remain cache way: 4, complete queue size: 4
[m[32m[info] [src/pairwise_allocator.cpp:allocating_cache:852] Complete pair_allocating_cache, allocate cache ways: 1
[m[34m[critical] [src/pairwise_allocator.cpp:print_allocating_cache_results:815] print_allocating_cache_results: system remain cache: 3
[m[34m[critical] [src/pairwise_allocator.cpp:print_allocating_cache_results:818] obj: 771466, cache_way: 1, roofline cache way: 1
[m[34m[critical] [src/pairwise_allocator.cpp:print_allocating_cache_results:818] obj: 774192, cache_way: 2, roofline cache way: 2
[m[34m[critical] [src/pairwise_allocator.cpp:print_allocating_cache_results:818] obj: 771452, cache_way: 7, roofline cache way: 7
[m[34m[critical] [src/pairwise_allocator.cpp:print_allocating_cache_results:818] obj: 771457, cache_way: 1, roofline cache way: 1
[m[34m[critical] [src/pairwise_allocator.cpp:print_allocating_cache_results:823] obj: 774182, cache_way: 1, roofline cache way: 1
[mSKT0: MBA COS6 => 100% requested, 100% applied
current_data: 1.0581, 1067812, 5.3894, 956.2555
current_data: 0.4337, 5575074, 66.8673, 3546.2703
current_data: 2.5441, 6930, 0.0050, 0.0000
current_data: 2.5833, 55195, 24.9615, 9187.5526
current_data: 1.7688, 334696, 9.8774, 1786.8852
SKT0: MBA COS6 => 60% requested, 60% applied
[32m[info] [src/pairwise_allocator.cpp:binary_serch_mb_roofline:937] descriptor1 COLS 4, find_mb_roofline_time: 1, roofline mb: 9187.5526, current mb 9187.5526, gap: 0.0000, lmb_throttle: 20, rmb_throttle: 100
[mcurrent_data: 1.0319, 848896, 5.6655, 953.1305
current_data: 0.4442, 5413029, 65.7681, 3327.5190
current_data: 2.5458, 5301, 0.0036, 1.2500
current_data: 2.6038, 45907, 24.9775, 9260.6780
current_data: 2.0544, 341485, 7.2167, 1576.2590
SKT0: MBA COS6 => 40% requested, 40% applied
[32m[info] [src/pairwise_allocator.cpp:binary_serch_mb_roofline:937] descriptor1 COLS 4, find_mb_roofline_time: 2, roofline mb: 9260.6780, current mb 9260.6780, gap: 0.0000, lmb_throttle: 20, rmb_throttle: 60
[mcurrent_data: 1.0324, 837240, 6.0300, 913.7552
current_data: 0.4470, 5520539, 65.5471, 3376.2693
current_data: 2.5460, 5695, 0.0040, 14.3751
current_data: 2.2258, 38885, 24.9690, 7918.1703
current_data: 1.6703, 321902, 11.0086, 1924.3860
SKT0: MBA COS6 => 55% requested, 60% applied
[32m[info] [src/pairwise_allocator.cpp:binary_serch_mb_roofline:937] descriptor1 COLS 4, find_mb_roofline_time: 3, roofline mb: 9260.6780, current mb 7918.1703, gap: 0.1450, lmb_throttle: 50, rmb_throttle: 60
[mcurrent_data: 1.0268, 828396, 5.8464, 943.1304
current_data: 0.4460, 5511775, 65.5900, 3375.0193
current_data: 2.5464, 6144, 0.0052, 6.8750
current_data: 2.6163, 45990, 24.9722, 9358.8036
current_data: 2.0999, 354528, 6.5901, 1661.2595
SKT0: MBA COS6 => 50% requested, 50% applied
[32m[info] [src/pairwise_allocator.cpp:binary_serch_mb_roofline:937] descriptor1 COLS 4, find_mb_roofline_time: 4, roofline mb: 9358.8036, current mb 9358.8036, gap: 0.0000, lmb_throttle: 50, rmb_throttle: 60
[mcurrent_data: 1.0262, 806757, 6.0635, 970.6306
current_data: 0.4458, 5389475, 65.6141, 3251.8936
current_data: 2.5412, 5618, 0.0075, 11.8751
current_data: 2.5520, 43729, 24.9759, 9035.0517
current_data: 1.6418, 280692, 11.4356, 1860.0106
SKT0: MBA COS6 => 50% requested, 50% applied
[32m[info] [src/pairwise_allocator.cpp:binary_serch_mb_roofline:937] descriptor1 COLS 4, find_mb_roofline_time: 5, roofline mb: 9358.8036, current mb 9035.0517, gap: 0.0346, lmb_throttle: 50, rmb_throttle: 50
[mcurrent_data: 1.0213, 818980, 5.9812, 893.7551
current_data: 0.4460, 5436927, 65.6132, 3351.2692
current_data: 2.5439, 4810, 0.0076, 0.0000
current_data: 2.4470, 43757, 24.9794, 8850.6756
current_data: 2.1034, 328978, 6.6752, 1596.8841
[32m[info] [src/pairwise_allocator.cpp:found_mb_roofline:887] Fast found mb roofline, obj_id 774182, roofline mb: 9358.80 MB/s, roofline mb throttle: 50
[m[32m[info] [src/pairwise_allocator.cpp:binary_serch_mb_roofline:937] descriptor1 COLS 4, find_mb_roofline_time: 6, roofline mb: 9358.8036, current mb 8850.6756, gap: 0.0543, lmb_throttle: 50, rmb_throttle: 50
[m[32m[info] [src/pairwise_allocator.cpp:allocating_mb:1147] binary_serch_mb_roofline first pair success
[m[32m[info] [src/pairwise_allocator.cpp:pair_allocating_mb:1088] pair_allocating_mb begin, allocating times: 0, descriptor roofline mb throttle: 50, system remain mb: 101789.34 MB/s
[mSKT0: MBA COS4 => 20% requested, 20% applied
current_data: 1.0887, 1160352, 5.1598, 915.6302
current_data: 0.4492, 4752821, 77.6505, 4176.2739
current_data: 2.5455, 6071, 0.0003, 0.0000
current_data: 1.1180, 34709, 24.9606, 3946.2726
current_data: 2.6023, 419677, 6.8289, 1798.1353
[32m[info] [src/pairwise_allocator.cpp:pair_allocating_mb:1088] pair_allocating_mb begin, allocating times: 1, descriptor roofline mb throttle: 50, system remain mb: 101789.34 MB/s
[mSKT0: MBA COS4 => 30% requested, 30% applied
current_data: 1.1189, 1016636, 4.3176, 640.6287
current_data: 0.4420, 3796865, 77.8389, 3309.3939
current_data: 2.5486, 5190, 0.0003, 0.0000
current_data: 1.6818, 30800, 24.9610, 5108.7792
current_data: 2.0501, 346316, 14.0656, 2910.6417
[32m[info] [src/pairwise_allocator.cpp:pair_allocating_mb:1088] pair_allocating_mb begin, allocating times: 2, descriptor roofline mb throttle: 50, system remain mb: 101789.34 MB/s
[mSKT0: MBA COS4 => 40% requested, 40% applied
current_data: 1.1266, 1064681, 4.1721, 589.3784
current_data: 0.4402, 3796981, 77.8790, 3345.0191
current_data: 2.5485, 5244, 0.0003, 0.0000
current_data: 2.2290, 34920, 24.9624, 6866.2893
current_data: 2.5964, 400297, 6.6225, 1706.8848
[32m[info] [src/pairwise_allocator.cpp:pair_allocating_mb:1088] pair_allocating_mb begin, allocating times: 3, descriptor roofline mb throttle: 50, system remain mb: 101789.34 MB/s
[mSKT0: MBA COS4 => 50% requested, 50% applied
current_data: 1.1200, 1061919, 4.2184, 592.5034
current_data: 0.4347, 3745195, 77.8746, 3273.1437
current_data: 2.5474, 5466, 0.0003, 0.0000
current_data: 2.5480, 36976, 24.9710, 7763.1694
current_data: 2.0029, 351649, 14.9426, 2818.7661
[32m[info] [src/pairwise_allocator.cpp:pair_allocating_mb:1088] pair_allocating_mb begin, allocating times: 4, descriptor roofline mb throttle: 50, system remain mb: 101789.34 MB/s
[m[32m[info] [src/pairwise_allocator.cpp:allocating_fit_mb:958] Will allocating_fit_mb mb throttle: 50
[mSKT0: MBA COS4 => 50% requested, 50% applied
current_data: 1.1208, 1055727, 4.2465, 605.6285
current_data: 0.4373, 3751804, 77.9083, 3301.8939
current_data: 2.5473, 5041, 0.0002, 0.0000
current_data: 2.5616, 36690, 24.9750, 7788.7946
current_data: 2.5963, 418520, 6.6421, 1635.0094
[32m[info] [src/pairwise_allocator.cpp:allocating_mb:1121] Allocate mb: 7788.79 MB/s, mb_throttle: 50
[mcurrent_data: 1.1127, 1049782, 4.1776, 578.1283
current_data: 0.4346, 3770621, 77.8709, 3350.0192
current_data: 2.5482, 6744, 0.0010, 0.0000
current_data: 2.5402, 39776, 24.9758, 8100.0463
current_data: 2.5030, 403311, 6.5942, 1685.6346
current_data: 1.1254, 6088644, 4.1662, 3230.6435
current_data: 0.4365, 21362931, 77.9845, 18825.7327
current_data: 2.5464, 29530, 0.0003, 0.0000
current_data: 2.5427, 214159, 24.9741, 44104.0024
current_data: 2.3850, 2246457, 8.9460, 12004.4437
current_data: 1.1276, 6111011, 4.0837, 3196.2683
current_data: 0.4422, 20040652, 76.0673, 18894.4831
current_data: 2.5482, 27617, 0.0003, 0.0000
current_data: 2.5225, 197854, 24.9756, 43615.8746
current_data: 2.3874, 2233237, 8.9672, 12013.1937
current_data: 1.1278, 6021104, 4.0535, 3275.6437
current_data: 0.4360, 21277764, 78.0571, 18656.9818
current_data: 2.5479, 28067, 0.0002, 0.0000
current_data: 2.3108, 220078, 26.4617, 42738.3696
current_data: 2.3813, 2185141, 9.0347, 11960.6934
current_data: 1.1222, 6042892, 4.2114, 3227.5185
current_data: 0.4335, 21154080, 78.0180, 18698.8570
current_data: 2.5480, 27364, 0.0002, 0.0000
current_data: 2.4567, 212089, 31.9663, 52290.9242
current_data: 2.3729, 2223805, 9.0111, 11933.8183
current_data: 1.1179, 6003463, 4.1820, 3198.1433
current_data: 0.4329, 21163877, 78.0449, 18558.8562
current_data: 2.5466, 33129, 0.0005, 0.0000
current_data: 2.4510, 225821, 31.9633, 52269.0491
current_data: 2.3734, 2259296, 9.0132, 11925.0682
current_data: 1.1124, 5950716, 4.3200, 3358.1442
current_data: 0.4331, 21231964, 78.0344, 18644.4817
current_data: 2.5467, 32590, 0.0005, 0.0000
current_data: 2.4548, 224510, 31.9648, 52454.0501
current_data: 2.3145, 2240367, 10.0570, 12486.9465
current_data: 1.1205, 6090086, 4.1953, 3202.5183
current_data: 0.4333, 21282061, 78.0215, 18583.2313
current_data: 2.5488, 28060, 0.0003, 0.0000
current_data: 2.4560, 210465, 31.9640, 52600.3010
current_data: 2.3751, 2211649, 9.0484, 11918.1932
current_data: 1.1204, 6098481, 4.2534, 3275.0187
current_data: 0.4333, 21316204, 78.0142, 18806.9826
current_data: 2.5478, 29109, 0.0003, 0.0000
current_data: 2.4539, 217855, 31.9631, 52644.6762
current_data: 2.3778, 2263204, 8.9642, 12061.3190
current_data: 1.1156, 6092973, 4.2715, 3394.3944
current_data: 0.4331, 21533172, 78.0292, 18870.7330
current_data: 2.5463, 32908, 0.0003, 0.0000
current_data: 2.4563, 223593, 31.9655, 53336.5552
current_data: 2.3853, 2259096, 8.9286, 12146.9445
current_data: 1.1216, 6134954, 4.1894, 3228.1435
current_data: 0.4328, 21428456, 78.0389, 18835.1078
current_data: 2.5475, 29020, 0.0003, 0.0000
current_data: 2.4584, 218126, 31.9648, 53023.4284
current_data: 2.3801, 2277830, 8.9979, 12030.6938
current_data: 1.1202, 6182255, 4.1612, 3283.1438
current_data: 0.4332, 21450642, 78.0333, 18736.3572
current_data: 2.5467, 28407, 0.0002, 0.6250
current_data: 2.4479, 207931, 31.9660, 52889.0526
current_data: 2.3816, 2293005, 8.9098, 12099.4442
current_data: 1.1206, 6156103, 4.2514, 3240.0185
current_data: 0.4354, 21619171, 78.0453, 19018.2338
current_data: 2.5471, 29629, 0.0003, 0.0000
current_data: 2.1872, 226947, 33.6745, 49260.2819
current_data: 2.3842, 2328781, 8.9782, 12156.3196
current_data: 1.1262, 6121955, 4.1956, 3325.0190
current_data: 0.4396, 21842535, 78.0758, 19176.9847
current_data: 2.5468, 28793, 0.0003, 0.0000
current_data: 2.1752, 212067, 34.2697, 45384.6347
current_data: 2.3936, 2300337, 8.9039, 12150.0695
current_data: 1.1270, 6166749, 4.2413, 3352.5192
current_data: 0.4402, 21911541, 78.0121, 19200.1099
current_data: 2.5453, 37833, 0.0005, 0.6250
current_data: 2.1730, 235367, 34.2659, 45413.3849
current_data: 2.3924, 2256069, 9.0286, 12130.0694
current_data: 1.1257, 6149265, 4.2427, 3315.0190
current_data: 0.4461, 20282305, 76.2899, 19267.6103
current_data: 2.5475, 32116, 0.0004, 0.6250
current_data: 2.1165, 243753, 34.3078, 44625.2553
current_data: 2.3924, 2341773, 8.8907, 12200.0698
current_data: 1.0997, 6057351, 4.1792, 3172.5182
current_data: 0.4208, 21040860, 78.0399, 18438.8555
current_data: 2.5472, 29226, 0.0003, 0.0000
current_data: 1.7033, 5439552, 31.5440, 55125.3154
current_data: 2.3411, 2306955, 8.9824, 12090.0692
current_data: 1.1198, 6211522, 4.1804, 3333.1441
current_data: 0.4337, 21699400, 78.0495, 19055.7340
current_data: 2.5475, 28567, 0.0003, 0.0000
current_data: 2.7995, 234108, 25.4780, 50923.4164
current_data: 2.3829, 2313760, 8.8572, 12120.0694
current_data: 1.1171, 6218152, 4.2785, 3406.8945
current_data: 0.4350, 21835715, 78.0781, 19260.7352
current_data: 2.5470, 31652, 0.0003, 0.0000
current_data: 2.7002, 270008, 25.0541, 48476.5274
current_data: 2.2980, 2259141, 10.1993, 12957.5741
current_data: 1.0897, 6017924, 4.2519, 3408.7695
current_data: 0.4169, 20914257, 78.0488, 18375.1051
current_data: 2.5466, 32832, 0.0004, 0.0000
current_data: 2.2025, 222740, 26.4883, 59819.0923
current_data: 2.3357, 2297089, 9.0163, 12079.4441
current_data: 1.0934, 6032145, 4.1563, 3114.3928
current_data: 0.4171, 20997703, 78.0100, 18449.4806
current_data: 2.5465, 31431, 0.0003, 0.0000
current_data: 2.2042, 213535, 26.4849, 60000.3433
current_data: 2.3420, 2228005, 8.9990, 12068.8191
current_data: 1.0979, 6124038, 4.1965, 3352.5192
current_data: 0.4201, 21079087, 78.0470, 18510.7309
current_data: 2.5479, 30341, 0.0003, 0.0000
current_data: 2.2369, 224112, 27.6150, 58400.9592
current_data: 2.2554, 2127027, 10.2482, 13288.8260
current_data: 1.1182, 6210733, 4.2381, 3443.1447
current_data: 0.4340, 21798907, 78.0717, 19245.7351
current_data: 2.5468, 29729, 0.0003, 0.0000
current_data: 2.4591, 201612, 31.9672, 53909.0585
current_data: 2.3867, 2266062, 8.9837, 12220.6949
current_data: 1.1196, 6201691, 4.1784, 3307.5189
current_data: 0.4340, 21769362, 78.0589, 19114.4844
current_data: 2.5474, 30742, 0.0004, 0.0000
current_data: 2.4526, 204578, 31.9684, 53652.1820
current_data: 2.3856, 2247549, 8.9407, 12133.1944
current_data: 1.1226, 6238623, 4.0544, 3283.1438
current_data: 0.4338, 21826630, 78.0362, 19098.8593
current_data: 2.5488, 28433, 0.0003, 0.6250
current_data: 2.4569, 197355, 31.9663, 53971.5588
current_data: 2.3755, 2266196, 8.9214, 12502.5715
[32m[info] [src/pairwise_allocator.cpp:allocating:1174] Will begin allocating cache, allocation_ready_queue size 1, allocation_complete_queue size 4
[mcurrent_data: 1.0169, 1000193, 6.0075, 1075.0062
current_data: 0.4334, 6052503, 65.0505, 3783.7717
current_data: 2.5256, 10635, 0.0063, 0.0000
current_data: 2.4783, 138971, 31.7874, 11758.1923
current_data: 1.5138, 330447, 13.2464, 2413.7638
[32m[info] [src/pairwise_allocator.cpp:binary_serch_cache_roofline:462] descriptor COLS 4, find_cache_roofline_times: 1, roofline ipc: 2.4783, current ipc 2.4783, gap: 0.0000, lway: 1, rway: 14
[mcurrent_data: 0.9573, 727167, 6.3749, 873.7550
current_data: 0.3566, 3282719, 81.4327, 3431.2696
current_data: 2.5280, 8457, 0.0069, 0.0000
current_data: 2.4840, 300922, 31.4160, 10490.6850
current_data: 2.0606, 360292, 7.0261, 1565.0090
[32m[info] [src/pairwise_allocator.cpp:binary_serch_cache_roofline:462] descriptor COLS 4, find_cache_roofline_times: 2, roofline ipc: 2.4840, current ipc 2.4840, gap: 0.0000, lway: 1, rway: 7
[mcurrent_data: 0.9460, 676540, 6.4408, 816.8797
current_data: 0.3600, 3086238, 81.8908, 3025.6423
current_data: 2.5163, 11163, 0.0112, 0.0000
current_data: 2.4784, 204355, 31.5745, 9753.8058
current_data: 1.8227, 321035, 9.0444, 1597.5091
[32m[info] [src/pairwise_allocator.cpp:binary_serch_cache_roofline:462] descriptor COLS 4, find_cache_roofline_times: 3, roofline ipc: 2.4840, current ipc 2.4784, gap: 0.0023, lway: 1, rway: 4
[mcurrent_data: 0.9444, 665712, 6.4256, 827.5047
current_data: 0.3610, 3087985, 81.5553, 3080.0176
current_data: 2.5158, 11168, 0.0109, 0.0000
current_data: 2.4590, 167241, 31.6553, 9722.5556
current_data: 2.0609, 339781, 6.7847, 1463.7584
[32m[info] [src/pairwise_allocator.cpp:binary_serch_cache_roofline:462] descriptor COLS 4, find_cache_roofline_times: 4, roofline ipc: 2.4840, current ipc 2.4590, gap: 0.0101, lway: 1, rway: 2
[mcurrent_data: 0.9444, 645481, 6.5354, 820.0047
current_data: 0.3598, 2994827, 81.9020, 2924.3917
current_data: 2.5025, 14438, 0.0148, 0.0000
current_data: 2.4651, 74586, 31.8721, 9533.8046
current_data: 2.0471, 315528, 7.0997, 1399.3830
[32m[info] [src/pairwise_allocator.cpp:binary_serch_cache_roofline:462] descriptor COLS 4, find_cache_roofline_times: 5, roofline ipc: 2.4840, current ipc 2.4651, gap: 0.0076, lway: 1, rway: 1
[mcurrent_data: 0.9453, 654418, 6.6047, 815.6297
current_data: 0.3656, 3161891, 80.6450, 2969.3920
current_data: 2.5193, 9046, 0.0096, 0.0000
current_data: 2.4606, 35242, 31.9726, 9638.1802
current_data: 1.3446, 215631, 13.5753, 2055.0118
[32m[info] [src/pairwise_allocator.cpp:found_cache_roofline:405] Found_cache_roofline, obj_id 774182, roofline cache way: 1, roofline remain cache: 14, roofline cache bitmask: 0x7ffe
[m[32m[info] [src/pairwise_allocator.cpp:binary_serch_cache_roofline:462] descriptor COLS 4, find_cache_roofline_times: 6, roofline ipc: 2.4840, current ipc 2.4606, gap: 0.0094, lway: 1, rway: 1
[m[32m[info] [src/pairwise_allocator.cpp:allocating_cache:846] binary_serch_cache_roofline first pair success
[m[32m[info] [src/pairwise_allocator.cpp:pair_allocating_cache:770] pair_allocating_cache begin, allocating time: 0, descriptor roofline cache way: 1, system remain cache way: 4, complete queue size: 4
[m[32m[info] [src/pairwise_allocator.cpp:allocating_cache:852] Complete pair_allocating_cache, allocate cache ways: 1
[m[34m[critical] [src/pairwise_allocator.cpp:print_allocating_cache_results:815] print_allocating_cache_results: system remain cache: 3
[m[34m[critical] [src/pairwise_allocator.cpp:print_allocating_cache_results:818] obj: 771466, cache_way: 1, roofline cache way: 1
[m[34m[critical] [src/pairwise_allocator.cpp:print_allocating_cache_results:818] obj: 774192, cache_way: 2, roofline cache way: 2
[m[34m[critical] [src/pairwise_allocator.cpp:print_allocating_cache_results:818] obj: 771452, cache_way: 7, roofline cache way: 7
[m[34m[critical] [src/pairwise_allocator.cpp:print_allocating_cache_results:818] obj: 771457, cache_way: 1, roofline cache way: 1
[m[34m[critical] [src/pairwise_allocator.cpp:print_allocating_cache_results:823] obj: 774182, cache_way: 1, roofline cache way: 1
[mSKT0: MBA COS6 => 100% requested, 100% applied
current_data: 1.0660, 1087157, 5.2536, 1030.6309
current_data: 0.4307, 5576757, 67.4439, 3588.7705
current_data: 2.5455, 6744, 0.0029, 0.0000
current_data: 2.6027, 66520, 24.9431, 9388.8037
current_data: 1.9354, 366990, 8.0104, 1667.5095
SKT0: MBA COS6 => 60% requested, 60% applied
[32m[info] [src/pairwise_allocator.cpp:binary_serch_mb_roofline:937] descriptor1 COLS 4, find_mb_roofline_time: 1, roofline mb: 9388.8037, current mb 9388.8037, gap: 0.0000, lmb_throttle: 20, rmb_throttle: 100
[mcurrent_data: 1.0304, 872716, 5.8872, 901.8802
current_data: 0.4389, 5352519, 66.5732, 3358.7692
current_data: 2.5462, 6552, 0.0025, 0.0000
current_data: 2.6040, 51425, 24.9698, 9438.1790
current_data: 2.1106, 366805, 6.4583, 1661.8845
SKT0: MBA COS6 => 40% requested, 40% applied
[32m[info] [src/pairwise_allocator.cpp:binary_serch_mb_roofline:937] descriptor1 COLS 4, find_mb_roofline_time: 2, roofline mb: 9438.1790, current mb 9438.1790, gap: 0.0000, lmb_throttle: 20, rmb_throttle: 60
[mcurrent_data: 1.0350, 827763, 6.1007, 1028.1309
current_data: 0.4442, 5407830, 66.1246, 3384.3944
current_data: 2.5462, 5802, 0.0022, 0.0000
current_data: 2.2272, 47065, 24.9496, 7832.5448
current_data: 1.7850, 321845, 9.7440, 1778.1352
SKT0: MBA COS6 => 55% requested, 60% applied
[32m[info] [src/pairwise_allocator.cpp:binary_serch_mb_roofline:937] descriptor1 COLS 4, find_mb_roofline_time: 3, roofline mb: 9438.1790, current mb 7832.5448, gap: 0.1701, lmb_throttle: 50, rmb_throttle: 60
[mcurrent_data: 1.0292, 806416, 5.9165, 961.8805
current_data: 0.4437, 5360867, 66.0515, 3318.7690
current_data: 2.5468, 5368, 0.0024, 0.0000
current_data: 2.6018, 50697, 24.9610, 9126.9272
current_data: 2.0504, 379545, 7.1671, 1655.6345
SKT0: MBA COS6 => 50% requested, 50% applied
[32m[info] [src/pairwise_allocator.cpp:binary_serch_mb_roofline:937] descriptor1 COLS 4, find_mb_roofline_time: 4, roofline mb: 9438.1790, current mb 9126.9272, gap: 0.0330, lmb_throttle: 50, rmb_throttle: 60
[mcurrent_data: 1.0229, 781578, 5.9965, 872.5050
current_data: 0.4403, 5050647, 66.4733, 3163.1431
current_data: 2.5458, 5759, 0.0033, 0.0000
current_data: 2.5504, 48859, 24.9611, 8633.1744
current_data: 1.9087, 319917, 8.3983, 1581.8841
SKT0: MBA COS6 => 50% requested, 50% applied
[32m[info] [src/pairwise_allocator.cpp:binary_serch_mb_roofline:937] descriptor1 COLS 4, find_mb_roofline_time: 5, roofline mb: 9438.1790, current mb 8633.1744, gap: 0.0853, lmb_throttle: 50, rmb_throttle: 50
[mcurrent_data: 1.0240, 763047, 5.7227, 823.1297
current_data: 0.4423, 5049823, 66.1689, 3096.8927
current_data: 2.5473, 4657, 0.0029, 0.0000
current_data: 2.5530, 49059, 24.9512, 8449.4233
current_data: 2.0931, 332904, 6.6273, 1471.2584
[32m[info] [src/pairwise_allocator.cpp:found_mb_roofline:887] Fast found mb roofline, obj_id 774182, roofline mb: 9438.18 MB/s, roofline mb throttle: 50
[m[32m[info] [src/pairwise_allocator.cpp:binary_serch_mb_roofline:937] descriptor1 COLS 4, find_mb_roofline_time: 6, roofline mb: 9438.1790, current mb 8449.4233, gap: 0.1048, lmb_throttle: 50, rmb_throttle: 50
[m[32m[info] [src/pairwise_allocator.cpp:allocating_mb:1147] binary_serch_mb_roofline first pair success
[m[32m[info] [src/pairwise_allocator.cpp:pair_allocating_mb:1088] pair_allocating_mb begin, allocating times: 0, descriptor roofline mb throttle: 50, system remain mb: 101789.34 MB/s
[mSKT0: MBA COS4 => 20% requested, 20% applied
current_data: 1.0888, 1095708, 5.0464, 868.7550
current_data: 0.4500, 4799500, 77.5956, 4350.6499
current_data: 2.5463, 7592, 0.0007, 0.0000
current_data: 0.9262, 35569, 31.9540, 4050.0232
current_data: 2.6081, 529763, 6.7052, 2015.0115
[32m[info] [src/pairwise_allocator.cpp:pair_allocating_mb:1088] pair_allocating_mb begin, allocating times: 1, descriptor roofline mb throttle: 50, system remain mb: 101789.34 MB/s
[mSKT0: MBA COS4 => 30% requested, 30% applied
current_data: 1.1210, 1003627, 4.2556, 547.5031
current_data: 0.4439, 3823750, 77.7549, 3348.1442
current_data: 2.5468, 5169, 0.0002, 0.0000
current_data: 1.3965, 30694, 31.9791, 5257.5301
current_data: 2.0553, 372836, 14.5017, 2892.5166
[32m[info] [src/pairwise_allocator.cpp:pair_allocating_mb:1088] pair_allocating_mb begin, allocating times: 2, descriptor roofline mb throttle: 50, system remain mb: 101789.34 MB/s
[mSKT0: MBA COS4 => 40% requested, 40% applied
current_data: 1.1185, 1053929, 4.4431, 581.2533
current_data: 0.4396, 3798255, 77.9293, 3373.7693
current_data: 2.5489, 5738, 0.0005, 0.0000
current_data: 2.0281, 33489, 31.9576, 7678.7939
current_data: 2.5941, 416281, 6.6851, 1728.7599
[32m[info] [src/pairwise_allocator.cpp:pair_allocating_mb:1088] pair_allocating_mb begin, allocating times: 3, descriptor roofline mb throttle: 50, system remain mb: 101789.34 MB/s
[mSKT0: MBA COS4 => 50% requested, 50% applied
current_data: 1.1085, 1058977, 4.4759, 608.7535
current_data: 0.4325, 3708496, 77.9792, 3275.0187
current_data: 2.5467, 5691, 0.0007, 0.0000
current_data: 2.4439, 36469, 31.9714, 9176.3025
current_data: 2.0444, 390106, 13.9294, 3005.0172
[32m[info] [src/pairwise_allocator.cpp:pair_allocating_mb:1088] pair_allocating_mb begin, allocating times: 4, descriptor roofline mb throttle: 50, system remain mb: 101789.34 MB/s
[m[32m[info] [src/pairwise_allocator.cpp:allocating_fit_mb:958] Will allocating_fit_mb mb throttle: 50
[mSKT0: MBA COS4 => 50% requested, 50% applied
current_data: 1.1190, 1046135, 4.1366, 578.1283
current_data: 0.4354, 3751555, 77.9509, 3363.1442
current_data: 2.5486, 5034, 0.0004, 0.0000
current_data: 2.4563, 38413, 31.9697, 9198.1776
current_data: 2.5931, 420230, 6.6214, 1716.8848
[32m[info] [src/pairwise_allocator.cpp:allocating_mb:1121] Allocate mb: 9198.18 MB/s, mb_throttle: 50
[mcurrent_data: 1.1151, 1051176, 4.1639, 557.5032
current_data: 0.4328, 3767526, 77.8231, 3300.0189
current_data: 2.5473, 5203, 0.0002, 0.0000
current_data: 2.4457, 37553, 31.9663, 9272.5531
current_data: 2.0873, 284364, 13.7333, 2898.1416
current_data: 1.1227, 6144386, 4.0827, 3249.3936
current_data: 0.4385, 20203747, 75.8708, 19120.7344
current_data: 2.5462, 28620, 0.0003, 0.0000
current_data: 2.4497, 210865, 31.9662, 52984.6782
current_data: 2.3847, 2262568, 8.9268, 12209.4449
current_data: 1.1192, 6142296, 4.1382, 3168.7681
current_data: 0.4342, 21571884, 78.0418, 19261.9852
current_data: 2.5471, 29998, 0.0003, 0.0000
current_data: 2.4552, 211432, 31.9675, 53250.3047
current_data: 2.3562, 2372783, 9.4042, 12178.8197
current_data: 1.1200, 6136660, 4.1600, 3231.2685
current_data: 0.4345, 21540440, 78.0128, 19251.3602
current_data: 2.5474, 29260, 0.0003, 0.0000
current_data: 2.4524, 205603, 31.9686, 53012.1783
current_data: 2.3589, 2246764, 8.9814, 12016.3188
current_data: 1.1192, 6147643, 4.2037, 3300.6439
current_data: 0.4343, 21445247, 78.0694, 18977.6086
current_data: 2.5475, 28112, 0.0002, 0.0000
current_data: 2.4566, 204902, 31.9713, 52973.4281
current_data: 2.3527, 2243022, 8.9752, 12016.3188
current_data: 1.1135, 6000173, 4.2832, 3333.1441
current_data: 0.4339, 21468481, 78.0494, 19085.1092
current_data: 2.5471, 31990, 0.0004, 0.6250
current_data: 2.4570, 221515, 31.9669, 53015.9284
current_data: 2.3514, 2278828, 9.0125, 11936.9433
current_data: 1.1114, 6019702, 4.3090, 3297.5189
current_data: 0.4335, 21453440, 78.0644, 18928.2333
current_data: 2.5466, 32448, 0.0003, 0.0000
current_data: 2.4440, 222018, 31.9657, 53201.5544
current_data: 2.3036, 2171228, 9.4352, 12798.8232
current_data: 1.1156, 6045476, 4.2793, 3272.5187
current_data: 0.4344, 21250068, 78.0300, 18843.8578
current_data: 2.5470, 29714, 0.0003, 0.0000
current_data: 2.4210, 191094, 31.9398, 51743.4211
current_data: 2.3516, 2227330, 8.9755, 11937.5683
current_data: 1.1277, 6095699, 4.1700, 3306.8939
current_data: 0.4408, 21638460, 78.0510, 19194.4848
current_data: 2.5461, 37830, 0.0005, 0.6250
current_data: 2.1725, 234997, 34.2690, 44795.2563
current_data: 2.3653, 2298731, 9.0451, 11951.3184
current_data: 1.1292, 6114724, 4.1166, 3240.6435
current_data: 0.4412, 21657548, 78.0596, 19203.8599
current_data: 2.5467, 29354, 0.0003, 0.0000
current_data: 2.1755, 213215, 34.2670, 44917.7570
current_data: 2.3768, 2265864, 8.9725, 12074.4441
current_data: 1.1281, 6150491, 4.2281, 3311.8940
current_data: 0.4407, 21709924, 78.0408, 19320.7356
current_data: 2.5468, 29440, 0.0003, 0.0000
current_data: 2.1731, 214873, 34.2640, 44927.1321
current_data: 2.3698, 2240156, 8.9374, 12146.9445
current_data: 1.1215, 6124402, 4.1460, 3151.8930
current_data: 0.4332, 21372565, 78.0624, 19031.3589
current_data: 2.5463, 29016, 0.0003, 0.0000
current_data: 2.0114, 5649243, 29.9683, 46950.8937
current_data: 2.3542, 2280211, 8.9915, 12064.4440
current_data: 1.1051, 6091709, 4.1761, 3391.8944
current_data: 0.4252, 21103703, 78.0763, 18740.1072
current_data: 2.5467, 28802, 0.0002, 0.0000
current_data: 2.3888, 415570, 27.3122, 54965.3145
current_data: 2.3440, 2216518, 8.9968, 12091.3192
current_data: 1.1206, 6165723, 4.1748, 3313.7690
current_data: 0.4349, 21655476, 78.0231, 19150.7346
current_data: 2.5453, 29425, 0.0002, 0.0000
current_data: 2.7348, 269784, 25.2884, 49105.2810
current_data: 2.2855, 2230987, 10.2357, 12855.0736
current_data: 1.1053, 6049979, 4.2439, 3437.5197
current_data: 0.4261, 19083017, 75.6227, 18216.9792
current_data: 2.5472, 29752, 0.0003, 0.0000
current_data: 2.3724, 239073, 25.9607, 54213.4352
current_data: 2.3393, 2295084, 8.9694, 11980.6936
current_data: 1.0939, 6062793, 4.1864, 3357.5192
current_data: 0.4170, 20814207, 78.0624, 18586.3564
current_data: 2.5463, 29517, 0.0003, 0.0000
current_data: 2.2050, 203071, 26.4867, 59633.4662
current_data: 2.3179, 2308295, 9.0355, 11887.5680
current_data: 1.0894, 5961202, 4.2468, 3388.7694
current_data: 0.4169, 20856132, 78.0411, 18652.6067
current_data: 2.5457, 31929, 0.0003, 0.0000
current_data: 2.2033, 216576, 26.4862, 59674.0915
current_data: 2.3155, 2321442, 9.0462, 12023.8188
current_data: 1.1107, 6143353, 4.2227, 3342.5191
current_data: 0.4289, 21467747, 78.0461, 19094.4843
current_data: 2.5467, 29670, 0.0003, 0.0000
current_data: 2.3753, 215395, 30.6419, 54874.0640
current_data: 2.3552, 2228376, 9.0198, 12090.0692
current_data: 1.1183, 6165622, 4.1890, 3318.7690
current_data: 0.4339, 21681804, 78.0529, 19175.7347
current_data: 2.5467, 31416, 0.0004, 0.0000
current_data: 2.4590, 198926, 31.9690, 53624.6818
current_data: 2.3619, 2379976, 8.9680, 12237.5700
current_data: 1.1153, 6148626, 4.2956, 3433.1446
current_data: 0.4338, 21777430, 78.0428, 19309.4855
current_data: 2.5465, 31844, 0.0003, 0.0000
current_data: 2.4541, 212621, 31.9679, 53692.1822
current_data: 2.3561, 2406264, 8.9793, 12208.8199
current_data: 1.1178, 6182048, 4.1587, 3355.6442
current_data: 0.4336, 21822593, 78.0110, 19280.7353
current_data: 2.5468, 30799, 0.0003, 0.0000
current_data: 2.4591, 202762, 31.9666, 53902.8084
current_data: 2.3648, 2279459, 8.9350, 12138.1945
current_data: 1.1182, 6253759, 4.2891, 3428.1446
current_data: 0.4341, 21826891, 78.0133, 19417.6111
current_data: 2.5467, 28145, 0.0002, 0.0000
current_data: 2.4558, 192209, 31.9702, 53832.8080
current_data: 2.3652, 2382629, 8.9256, 12200.0698
current_data: 1.1135, 6143917, 4.3421, 3430.6446
current_data: 0.4340, 21781672, 78.0575, 19360.1108
current_data: 2.5463, 29312, 0.0003, 0.0000
current_data: 2.4592, 196977, 31.9702, 53864.6832
current_data: 2.3676, 2295715, 8.9557, 12220.6949
current_data: 1.1192, 6237936, 4.2400, 3371.2693
current_data: 0.4342, 21824681, 78.0061, 19453.2363
current_data: 2.5477, 28472, 0.0002, 0.0000
current_data: 2.4628, 197724, 31.9698, 53944.6837
current_data: 2.3697, 2301050, 8.9652, 12240.0700
current_data: 1.1202, 6199949, 4.1851, 3376.8943
current_data: 0.4338, 21756235, 78.0330, 19383.2359
current_data: 2.5466, 29506, 0.0003, 0.0000
current_data: 2.4507, 194949, 31.9686, 53612.8068
current_data: 2.3706, 2277084, 8.9584, 12236.9450
current_data: 1.1210, 6214045, 4.1445, 3215.6434
current_data: 0.4349, 21879676, 78.0843, 19493.8615
current_data: 2.5457, 39258, 0.0006, 0.6250
current_data: 2.2631, 231944, 31.1372, 49586.5337
current_data: 2.3168, 2400773, 9.7866, 12357.5707
current_data: 1.1248, 6281325, 4.1983, 3445.6447
current_data: 0.4370, 22066466, 78.0444, 19580.1120
current_data: 2.5487, 28806, 0.0003, 0.0000
current_data: 2.5488, 215856, 24.9750, 45630.2611
current_data: 2.3777, 2287385, 8.8957, 12268.8202
current_data: 1.1233, 6283759, 4.1885, 3415.6445
current_data: 0.4389, 20092292, 76.0026, 19140.1095
current_data: 2.5476, 29508, 0.0003, 0.0000
current_data: 2.5202, 218077, 24.9755, 45083.3830
current_data: 2.3758, 2306900, 8.9052, 12221.3199
current_data: 1.1254, 6264213, 4.1590, 3213.7684
current_data: 0.4366, 22071461, 78.0541, 19826.3634
current_data: 2.5473, 30266, 0.0003, 0.0000
current_data: 2.5492, 215418, 24.9735, 45643.3862
current_data: 2.2989, 2166391, 9.9699, 13451.3270
current_data: 1.1245, 6271171, 4.1969, 3317.5190
current_data: 0.4370, 22025713, 78.0216, 19608.8622
current_data: 2.5476, 28681, 0.0002, 0.0000
current_data: 2.5418, 210622, 24.9736, 45459.6351
current_data: 2.3791, 2394986, 8.9436, 12390.0709
current_data: 1.1241, 6254457, 4.2221, 3327.5190
current_data: 0.4369, 22077974, 78.0735, 19718.8628
current_data: 2.5476, 28984, 0.0002, 0.0000
current_data: 2.5232, 210078, 24.9757, 45295.8842
current_data: 2.3809, 2258644, 8.9735, 12330.0706
current_data: 1.1235, 6237621, 4.2055, 3452.5198
current_data: 0.4364, 22053419, 78.0361, 19508.2366
current_data: 2.5469, 30943, 0.0003, 0.0000
current_data: 2.5420, 215036, 24.9761, 45561.5107
current_data: 2.3804, 2385470, 8.9533, 12402.5710
current_data: 1.1171, 6206575, 4.3027, 3548.1453
current_data: 0.4365, 22050590, 78.0092, 19503.2366
current_data: 2.5474, 33508, 0.0004, 0.0000
current_data: 2.5491, 227661, 24.9749, 45658.3863
current_data: 2.3732, 2353960, 8.9717, 12278.1953
current_data: 1.1243, 6214579, 4.1379, 3344.3941
current_data: 0.4370, 22041248, 78.0252, 19453.2363
current_data: 2.5475, 31841, 0.0004, 0.0000
current_data: 2.5094, 210564, 24.9616, 44957.7573
current_data: 2.2905, 2209169, 10.2455, 13194.4505
current_data: 1.1236, 6292213, 4.1635, 3247.5186
current_data: 0.4339, 21930419, 78.0367, 19476.3614
current_data: 2.5468, 29286, 0.0003, 0.0000
current_data: 2.4365, 240015, 32.1237, 54080.3095
current_data: 2.3711, 2318315, 8.9079, 12229.4450
current_data: 1.1120, 6089625, 4.3156, 3564.3954
current_data: 0.4338, 21919415, 78.0404, 19558.2369
current_data: 2.5465, 32435, 0.0004, 0.0000
current_data: 2.4499, 230647, 31.9663, 53985.9339
current_data: 2.3658, 2320906, 8.9302, 12246.3201
current_data: 1.1201, 6237432, 4.2030, 3363.1442
current_data: 0.4338, 21863002, 78.0152, 19476.3614
current_data: 2.5483, 28738, 0.0002, 0.0000
current_data: 2.4520, 222162, 31.9670, 53712.1823
current_data: 2.3282, 2114002, 9.3504, 13241.9508
current_data: 1.1212, 6239899, 4.1541, 3254.3936
current_data: 0.4340, 21836895, 78.0594, 19388.8609
current_data: 2.5479, 28474, 0.0002, 0.0000
current_data: 2.4555, 213829, 31.9676, 53938.4336
current_data: 2.3696, 2361104, 8.9577, 12251.9451
current_data: 1.1148, 6154858, 4.2818, 3408.7695
current_data: 0.4340, 21912330, 78.0381, 19459.4863
current_data: 2.5468, 30695, 0.0003, 0.0000
current_data: 2.4543, 211404, 31.9700, 54044.6842
current_data: 2.3696, 2365942, 8.9330, 12273.1952
current_data: 1.1199, 6241519, 4.1700, 3363.1442
current_data: 0.4354, 19954083, 75.9842, 19053.8590
current_data: 2.5470, 28932, 0.0002, 0.0000
current_data: 2.4570, 214526, 31.9691, 54115.3097
current_data: 2.3707, 2270095, 8.9725, 12263.1952
current_data: 1.1210, 6237664, 4.1553, 3335.6441
current_data: 0.4341, 21895707, 78.0337, 19513.8617
current_data: 2.5475, 30274, 0.0003, 0.0000
current_data: 2.4551, 209214, 31.9693, 54017.8091
current_data: 2.3723, 2315007, 8.9396, 12235.6950
current_data: 1.1213, 6251001, 4.1465, 3393.7694
current_data: 0.4340, 21915070, 78.0457, 19653.2375
current_data: 2.5450, 36184, 0.0005, 0.0000
current_data: 2.4520, 223570, 31.9673, 53982.8089
current_data: 2.3253, 2468171, 9.5950, 12266.3202
current_data: 1.1238, 6306182, 4.2272, 3453.7698
current_data: 0.4385, 22170163, 78.0531, 19695.7377
current_data: 2.5462, 29522, 0.0002, 0.0000
current_data: 2.0973, 248933, 34.3226, 47485.2717
current_data: 2.3849, 2277413, 8.9355, 12273.8202
current_data: 1.1303, 6311956, 4.2256, 3468.7698
current_data: 0.4410, 22221713, 78.0675, 19721.9879
current_data: 2.5462, 30399, 0.0003, 0.0000
current_data: 2.1747, 233272, 34.2644, 46014.6383
current_data: 2.3916, 2296228, 8.8775, 12270.6952
current_data: 1.1271, 6306310, 4.2724, 3426.2696
current_data: 0.4408, 22284702, 78.0310, 19747.6130
current_data: 2.5465, 32408, 0.0004, 0.0000
current_data: 2.1710, 239735, 34.2677, 46053.3885
current_data: 2.3132, 2143432, 9.8774, 13536.9525
current_data: 1.1201, 6191220, 4.2286, 3416.8946
current_data: 0.4384, 22108153, 78.0069, 19600.1122
current_data: 2.5458, 32368, 0.0004, 0.0000
current_data: 2.2205, 3495597, 29.2945, 44806.5064
current_data: 2.3724, 2338173, 8.9706, 12305.6954
current_data: 1.0953, 6096693, 4.2147, 3206.2683
current_data: 0.4204, 21276935, 78.0200, 18813.8577
current_data: 2.5475, 29723, 0.0002, 0.0000
current_data: 1.6845, 369383, 36.0456, 58389.0841
current_data: 2.3297, 2278696, 8.9953, 12125.6944
current_data: 1.1163, 6267462, 4.2715, 3372.5193
current_data: 0.4340, 21937231, 78.0536, 19560.7369
current_data: 2.5467, 30439, 0.0003, 0.0000
current_data: 2.7476, 264532, 25.4197, 50328.4130
current_data: 2.3717, 2304264, 8.9275, 12178.1947
current_data: 1.1096, 6174597, 4.2120, 3333.7691
current_data: 0.4288, 21644841, 78.0388, 19296.9854
current_data: 2.5471, 29812, 0.0002, 0.0000
current_data: 2.4855, 252759, 25.6452, 53153.4291
current_data: 2.3581, 2263661, 8.9178, 12181.9447
current_data: 1.0904, 6052267, 4.2321, 3281.2688
current_data: 0.4173, 21064495, 78.0291, 18816.9827
current_data: 2.5470, 30382, 0.0003, 0.0000
current_data: 2.2041, 210139, 26.4858, 60237.8447
current_data: 2.3278, 2293699, 8.9898, 12191.3198
current_data: 1.0941, 6137402, 4.1680, 3236.8935
current_data: 0.4172, 21068366, 78.0465, 18686.9819
current_data: 2.5479, 29178, 0.0002, 0.0000
current_data: 2.2054, 214046, 26.4855, 60325.9702
current_data: 2.3337, 2166657, 8.9853, 12116.3193
current_data: 1.1086, 6255109, 4.2128, 3409.3945
current_data: 0.4277, 21625886, 78.0189, 19203.2349
current_data: 2.5480, 29531, 0.0002, 0.0000
current_data: 2.3471, 223119, 30.0314, 56152.8213
current_data: 2.3630, 2287793, 8.9094, 12105.0693
current_data: 1.1190, 6261049, 4.1907, 3358.1442
current_data: 0.4339, 19725589, 75.7835, 18821.3577
current_data: 2.5482, 29154, 0.0003, 0.0000
current_data: 2.4587, 204107, 31.9687, 54079.6844
current_data: 2.3368, 2429087, 9.5048, 12227.5700
current_data: 1.1196, 6263458, 4.1745, 3354.3942
current_data: 0.4341, 21932356, 78.0472, 19590.7371
current_data: 2.5469, 28823, 0.0002, 0.0000
current_data: 2.4553, 195732, 31.9684, 54105.9346
current_data: 2.3772, 2303685, 8.9572, 12298.1954
current_data: 1.1187, 6217157, 4.1859, 3432.5196
current_data: 0.4343, 21942904, 78.0313, 19535.1118
current_data: 2.5474, 28837, 0.0002, 0.0000
current_data: 2.4589, 198363, 31.9679, 54182.1850
current_data: 2.3820, 2267694, 8.9728, 12331.9456
current_data: 1.1199, 6271557, 4.2403, 3376.2693
current_data: 0.4341, 21896948, 78.0480, 19435.1112
current_data: 2.5468, 28648, 0.0002, 0.0000
current_data: 2.4548, 194819, 31.9688, 54007.8090
current_data: 2.2862, 2200720, 10.2229, 13430.7019
current_data: 1.1208, 6276328, 4.2252, 3414.3945
current_data: 0.4340, 21879518, 78.0512, 19461.3614
current_data: 2.5468, 29003, 0.0002, 0.0000
current_data: 2.4603, 198954, 31.9710, 54095.3095
current_data: 2.3739, 2320758, 8.9440, 12245.0701
current_data: 1.1097, 6113064, 4.3808, 3576.2705
current_data: 0.4336, 21876674, 78.0311, 19305.1105
current_data: 2.5458, 38969, 0.0006, 0.6250
current_data: 2.4594, 219855, 31.9682, 54018.4341
current_data: 2.3742, 2297755, 8.9653, 12245.6951
current_data: 1.1117, 6174653, 4.3012, 3473.1449
current_data: 0.4335, 21887153, 78.0378, 19379.4859
current_data: 2.5463, 32716, 0.0004, 0.0000
current_data: 2.4486, 223429, 31.9639, 53899.0584
current_data: 2.3548, 2387073, 8.9176, 12156.3196
current_data: 1.1185, 6259115, 4.1878, 3378.1443
current_data: 0.4352, 21989639, 78.0358, 19440.7362
current_data: 2.5469, 29912, 0.0003, 0.0000
current_data: 2.2734, 205821, 31.2690, 50285.2877
current_data: 2.3729, 2355105, 8.9170, 12286.9453
current_data: 1.1294, 6314205, 4.0771, 3349.3942
current_data: 0.4372, 22084022, 78.0474, 19668.8625
current_data: 2.5460, 29623, 0.0002, 0.0000
current_data: 2.5530, 207634, 24.9750, 45785.8870
current_data: 2.3765, 2380756, 8.9069, 12268.1952
current_data: 1.1225, 6318502, 4.2508, 3458.7698
current_data: 0.4373, 22062487, 78.0562, 19684.4876
current_data: 2.5468, 29709, 0.0003, 0.0000
current_data: 2.5215, 208168, 24.9761, 45102.1331
current_data: 2.3820, 2304329, 8.9278, 12267.5702
current_data: 1.1267, 6315397, 4.1559, 3457.5198
current_data: 0.4370, 22058325, 78.0761, 19662.6125
current_data: 2.5463, 29681, 0.0002, 0.0000
current_data: 2.5526, 208446, 24.9732, 45702.7615
current_data: 2.3886, 2244358, 8.9517, 12312.5705
current_data: 1.1244, 6316901, 4.2217, 3381.8944
current_data: 0.4371, 22059412, 78.0397, 19616.3622
current_data: 2.5461, 28515, 0.0002, 0.0000
current_data: 2.5456, 204645, 24.9715, 45594.6359
current_data: 2.2881, 2299276, 10.1064, 13431.9519
current_data: 1.1213, 6211540, 4.2056, 3417.5196
current_data: 0.4287, 20964799, 77.6026, 18926.9833
current_data: 2.5471, 32058, 0.0004, 0.0000
current_data: 2.5256, 211763, 24.9742, 45103.3831
current_data: 2.3856, 2300190, 8.9287, 12288.1953
current_data: 1.1236, 6251713, 4.1918, 3318.1440
current_data: 0.4369, 21991147, 78.0494, 19588.8621
current_data: 2.5458, 32561, 0.0004, 0.0000
current_data: 2.5435, 215289, 24.9758, 45421.5099
current_data: 2.3874, 2312090, 8.9008, 12283.8203
current_data: 1.1158, 6167440, 4.2755, 3423.1446
current_data: 0.4362, 22032509, 78.0200, 19697.6127
current_data: 2.5462, 35950, 0.0004, 0.0000
current_data: 2.5452, 222513, 24.9717, 45584.6358
current_data: 2.3748, 2371136, 8.8783, 12458.8213
current_data: 1.1197, 5941492, 4.2241, 3231.2685
current_data: 0.4375, 22086302, 78.0120, 19511.3616
current_data: 2.5473, 28802, 0.0002, 0.0000
current_data: 2.5281, 203129, 24.9728, 45219.6337
current_data: 2.3852, 2345517, 8.8968, 12324.4455
current_data: 1.1201, 6297126, 4.2492, 3371.2693
current_data: 0.4339, 21905373, 78.0721, 19455.7363
current_data: 2.5471, 29664, 0.0002, 0.0000
current_data: 2.4001, 237584, 32.3863, 53939.0586
current_data: 2.3747, 2325272, 8.9340, 12253.1951
current_data: 1.1200, 6234537, 4.1296, 3316.2690
current_data: 0.4342, 21877846, 78.0680, 19340.1107
current_data: 2.5470, 28535, 0.0002, 0.0000
current_data: 2.4546, 210773, 31.9655, 53990.9339
current_data: 2.3756, 2377139, 8.9269, 12281.9453
current_data: 1.1184, 6220163, 4.2051, 3366.8943
current_data: 0.4343, 21953694, 78.0173, 19459.4863
current_data: 2.5470, 32544, 0.0004, 0.0000
current_data: 2.4571, 218898, 31.9626, 54158.4349
current_data: 2.3795, 2348008, 8.9018, 12260.0702
current_data: 1.1142, 6151569, 4.2893, 3400.0195
current_data: 0.4343, 21976738, 77.9873, 19380.7359
current_data: 2.5470, 33067, 0.0003, 0.0000
current_data: 2.4561, 222609, 31.9650, 54164.0599
current_data: 2.2773, 2297543, 10.1954, 13533.8274
current_data: 1.1188, 6236679, 4.2181, 3453.7698
current_data: 0.4343, 21965643, 78.0510, 19486.9865
current_data: 2.5475, 29736, 0.0003, 0.0000
current_data: 2.4571, 207201, 31.9673, 54195.3101
current_data: 2.3743, 2379199, 8.9494, 12331.9456
current_data: 1.1215, 6244106, 4.0827, 3282.5188
current_data: 0.4343, 21911890, 78.0307, 19490.1115
current_data: 2.5470, 30162, 0.0003, 0.0000
current_data: 2.4604, 210808, 31.9650, 54109.6846
current_data: 2.3789, 2295857, 8.9120, 12250.6951
current_data: 1.1227, 6280022, 4.1046, 3343.7691
current_data: 0.4338, 21914415, 78.0465, 19535.1118
current_data: 2.5465, 36912, 0.0004, 0.0000
current_data: 2.4554, 223824, 31.9640, 54041.5592
current_data: 2.3513, 2215789, 9.0007, 12935.0740
current_data: 1.1138, 6171888, 4.2500, 3456.8948
current_data: 0.4341, 21886950, 78.0541, 19502.6116
current_data: 2.5469, 30682, 0.0003, 0.6250
current_data: 2.4539, 217771, 31.9629, 53979.6839
current_data: 2.3788, 2320854, 8.9333, 12341.9456
current_data: 1.1227, 6223875, 4.2042, 3278.7688
current_data: 0.4386, 22184860, 78.0105, 19683.8626
current_data: 2.5472, 31758, 0.0003, 0.0000
current_data: 2.1009, 244436, 34.3341, 47575.2722
current_data: 2.3912, 2340824, 8.8683, 12283.1953
current_data: 1.1283, 6329004, 4.2781, 3516.8951
current_data: 0.4409, 20186957, 75.8488, 19229.4850
current_data: 2.5472, 30510, 0.0002, 0.0000
current_data: 2.1749, 222817, 34.2656, 46123.3889
current_data: 2.3886, 2281614, 8.9562, 12347.5707
current_data: 1.1288, 6265397, 4.1741, 3311.8940
current_data: 0.4410, 22231377, 78.0493, 19857.6136
current_data: 2.5474, 29406, 0.0002, 0.0000
current_data: 2.1746, 219489, 34.2675, 46004.6382
current_data: 2.3987, 2291213, 8.9551, 12314.4455
current_data: 1.1232, 6252532, 4.1781, 3373.1443
current_data: 0.4383, 22116602, 78.0331, 19691.3627
current_data: 2.5474, 29809, 0.0003, 0.6250
current_data: 2.2346, 3672282, 29.0670, 44872.1318
current_data: 2.2998, 2236258, 10.1640, 13569.4526
current_data: 1.0981, 6167156, 4.2300, 3358.7692
current_data: 0.4206, 21254406, 78.0619, 18958.8585
current_data: 2.5472, 29908, 0.0003, 0.0000
current_data: 1.7131, 371112, 35.5959, 58350.3339
current_data: 2.3524, 2302100, 8.9767, 12208.8199
current_data: 1.1237, 6258044, 4.1935, 3410.0195
current_data: 0.4344, 21928282, 78.0467, 19532.6118
current_data: 2.5471, 30040, 0.0002, 0.0000
current_data: 2.7500, 262986, 25.4134, 50311.5379
current_data: 2.3893, 2342939, 8.8730, 12275.0702
current_data: 1.1147, 6233845, 4.1685, 3301.8939
current_data: 0.4279, 21603511, 78.0446, 19120.1094
current_data: 2.5471, 29206, 0.0003, 0.0000
current_data: 2.4732, 247462, 25.6683, 53184.6793
current_data: 2.3317, 2222082, 9.2341, 13138.2002
current_data: 1.0925, 6102992, 4.1891, 3250.0186
current_data: 0.4171, 21063180, 78.0391, 18708.8571
current_data: 2.5467, 32434, 0.0003, 0.0000
current_data: 2.2032, 222261, 26.4857, 60239.7197
current_data: 2.3365, 2338782, 8.9707, 12072.5691
current_data: 1.0890, 6009537, 4.2785, 3366.2693
current_data: 0.4170, 21079132, 78.0225, 18725.1071
current_data: 2.5464, 32553, 0.0003, 0.0000
current_data: 2.2033, 230473, 26.4845, 60252.2198
current_data: 2.3353, 2233113, 8.9527, 12080.6941
current_data: 1.1083, 6198447, 4.2281, 3378.1443
current_data: 0.4271, 21611381, 78.0561, 19310.7355
current_data: 2.5474, 29296, 0.0002, 0.0000
current_data: 2.3468, 225424, 30.0975, 56043.4457
current_data: 2.3607, 2299746, 8.9355, 12493.8215
current_data: 1.1184, 6249524, 4.2362, 3476.8949
current_data: 0.4340, 21865985, 78.0401, 19409.4861
current_data: 2.5477, 30489, 0.0002, 0.0000
current_data: 2.4574, 203901, 31.9700, 53999.0590
current_data: 2.3820, 2317477, 8.9252, 12314.4455
current_data: 1.1196, 6233306, 4.1523, 3368.7693
current_data: 0.4339, 21914632, 78.0555, 19458.8613
current_data: 2.5481, 31174, 0.0003, 0.0000
current_data: 2.4526, 205265, 31.9672, 54003.4340
current_data: 2.3833, 2398786, 8.9338, 12394.4459
current_data: 1.1209, 6257875, 4.2088, 3365.0193
current_data: 0.4341, 21876154, 78.0355, 19422.6111
current_data: 2.5477, 29794, 0.0002, 0.0000
current_data: 2.4578, 199622, 31.9688, 54009.6840
current_data: 2.3840, 2339335, 8.9199, 12294.4453
current_data: 1.1194, 6268479, 4.2429, 3328.1440
current_data: 0.4341, 21953684, 78.0401, 19403.2360
current_data: 2.5475, 29752, 0.0003, 0.0000
current_data: 2.4550, 198373, 31.9693, 54208.4352
current_data: 2.3898, 2320525, 8.9628, 12380.6958
current_data: 1.1194, 6275703, 4.1850, 3415.0195
current_data: 0.4435, 20984653, 76.4079, 19605.1122
current_data: 2.5463, 36874, 0.0005, 0.0000
current_data: 2.4566, 219333, 31.9680, 54009.0590
current_data: 2.2989, 2255241, 10.2527, 13131.3251
current_data: 1.1212, 6268450, 4.2224, 3342.5191
current_data: 0.4341, 21909156, 78.0418, 19568.8620
current_data: 2.5461, 30179, 0.0003, 0.0000
current_data: 2.4617, 207069, 31.9678, 54191.5601
current_data: 2.3830, 2391848, 8.9471, 12356.3207
current_data: 1.1191, 6254917, 4.1885, 3393.1444
current_data: 0.4338, 22049791, 78.0219, 19430.1112
current_data: 2.5455, 33501, 0.0003, 0.6250
current_data: 2.4491, 212728, 31.9666, 54281.5606
current_data: 2.3870, 2347238, 8.8405, 12279.4453
current_data: 1.1185, 6268409, 4.2989, 3554.3953
current_data: 0.4344, 21922114, 78.0672, 19528.8617
current_data: 2.5462, 31555, 0.0003, 0.0000
current_data: 2.2689, 209368, 31.0705, 49824.0351
current_data: 2.3639, 2373054, 8.9548, 12995.6994
current_data: 1.1246, 6278978, 4.1718, 3349.3942
current_data: 0.4367, 22016284, 78.0513, 19536.9868
current_data: 2.5466, 29282, 0.0002, 0.0000
current_data: 2.5511, 214088, 24.9749, 45613.3860
current_data: 2.3881, 2318480, 8.9320, 12311.9454
current_data: 1.1225, 6210567, 4.1841, 3335.0191
current_data: 0.4372, 21984764, 78.0054, 19449.4863
current_data: 2.5472, 29676, 0.0002, 0.0000
current_data: 2.5219, 209078, 24.9774, 44997.7575
current_data: 2.3945, 2268732, 8.9126, 12292.5703
current_data: 1.1200, 6246218, 4.3157, 3459.3948
current_data: 0.4366, 22007582, 78.0039, 19478.2365
current_data: 2.5467, 31392, 0.0004, 0.0000
current_data: 2.5492, 224361, 24.9743, 45488.3853
current_data: 2.3903, 2359458, 8.9166, 12347.5707
current_data: 1.1121, 6091460, 4.2775, 3462.5198
current_data: 0.4365, 22039234, 78.0558, 19695.1127
current_data: 2.5462, 35825, 0.0005, 0.0000
current_data: 2.5417, 228057, 24.9699, 45545.2606
current_data: 2.3928, 2376732, 8.8920, 12303.1954
current_data: 1.1198, 6178909, 4.2252, 3378.1443
current_data: 0.4371, 22050315, 78.0425, 19712.6128
current_data: 2.5481, 30919, 0.0004, 0.0000
current_data: 2.5243, 221003, 24.9729, 45207.7587
current_data: 2.3217, 2471151, 10.0129, 12737.5729
current_data: 1.1260, 6290551, 4.0629, 3338.7691
current_data: 0.4370, 22090968, 78.0509, 19673.2376
current_data: 2.5475, 29331, 0.0002, 0.0000
current_data: 2.5472, 217141, 24.9756, 45674.0113
current_data: 2.3998, 2442393, 8.9494, 12469.4464
current_data: 1.1257, 6275387, 4.1584, 3258.1436
current_data: 0.4368, 21998675, 78.0867, 19625.7373
current_data: 2.5465, 28490, 0.0003, 0.0000
current_data: 2.5499, 214407, 24.9743, 45615.2610
current_data: 2.4004, 2372503, 8.9628, 12391.3209
current_data: 1.1266, 6314165, 4.1062, 3368.7693
current_data: 0.4367, 22070730, 78.0477, 19558.2369
current_data: 2.5472, 29382, 0.0003, 0.0000
current_data: 2.5165, 206792, 24.9717, 45208.3837
current_data: 2.3549, 2186808, 9.4190, 13510.7023
current_data: 1.1210, 6271243, 4.1778, 3355.6442
current_data: 0.4337, 19870950, 75.7218, 18873.2330
current_data: 2.5471, 29777, 0.0002, 0.0000
current_data: 2.4040, 246353, 32.3316, 53826.5580
current_data: 2.3908, 2335577, 8.9035, 12312.5705
current_data: 1.1194, 6226653, 4.1572, 3306.8939
current_data: 0.4340, 21934483, 78.0582, 19615.1122
current_data: 2.5468, 29089, 0.0002, 0.0000
current_data: 2.4513, 215903, 31.9666, 54034.0592
current_data: 2.3875, 2329142, 8.9018, 12275.6952
current_data: 1.1212, 6287021, 4.1827, 3238.1435
current_data: 0.4339, 21940837, 78.0564, 19559.4869
current_data: 2.5479, 30436, 0.0003, 0.0000
current_data: 2.4548, 225507, 31.9651, 54112.1846
current_data: 2.3884, 2393952, 8.9377, 12360.6957
current_data: 1.1188, 6235311, 4.2366, 3474.3949
current_data: 0.4341, 21955874, 78.0344, 19501.9866
current_data: 2.5477, 28695, 0.0002, 0.0000
current_data: 2.4537, 213570, 31.9675, 54120.3097
current_data: 2.3863, 2389791, 8.9289, 12320.0705
current_data: 1.1185, 6245836, 4.2114, 3370.6443
current_data: 0.4338, 21861831, 78.0870, 19440.7362
current_data: 2.5459, 38442, 0.0005, 0.0000
current_data: 2.4527, 234976, 31.9675, 53930.3086
current_data: 2.3071, 2332519, 10.1967, 12904.4488
current_data: 1.1216, 6297372, 4.2050, 3335.6441
current_data: 0.4341, 21935472, 78.0627, 19324.4856
current_data: 2.5465, 30238, 0.0003, 0.0000
current_data: 2.4581, 219226, 31.9666, 54152.8099
current_data: 2.3887, 2416506, 8.9277, 12322.5705
current_data: 1.1207, 6265169, 4.2306, 3359.3942
current_data: 0.4342, 21883189, 78.0289, 19438.2362
current_data: 2.5468, 28770, 0.0002, 0.0000
current_data: 2.4567, 215061, 31.9667, 54032.1842
current_data: 2.3911, 2318788, 8.9008, 12301.9454
current_data: 1.1176, 6213142, 4.2029, 3215.0184
current_data: 0.4336, 21907338, 78.0172, 19484.4865
current_data: 2.5466, 33573, 0.0004, 0.0000
current_data: 2.4495, 223489, 31.9658, 53919.0585
current_data: 2.3133, 2210088, 9.8117, 13443.2019
current_data: 1.1234, 6247660, 4.2288, 3337.5191
current_data: 0.4380, 22160818, 78.0485, 19786.9882
current_data: 2.5471, 32953, 0.0003, 0.0000
current_data: 2.1029, 262794, 34.3281, 47624.0225
current_data: 2.3891, 2394024, 8.9216, 12361.3207
current_data: 1.1268, 6233046, 4.2594, 3413.7695
current_data: 0.4408, 22228795, 78.0575, 19800.7383
current_data: 2.5476, 29806, 0.0003, 0.0000
current_data: 2.1745, 226824, 34.2663, 46022.1383
current_data: 2.4049, 2412140, 8.8748, 12368.1958
current_data: 1.1271, 6311239, 4.2722, 3451.8948
current_data: 0.4406, 22245106, 78.0623, 19802.6133
current_data: 2.5478, 30397, 0.0003, 0.0000
current_data: 2.1738, 225417, 34.2671, 46074.6386
current_data: 2.3774, 2276517, 8.9747, 12278.8203
current_data: 1.1240, 6248435, 4.1620, 3403.1445
current_data: 0.4381, 22108031, 78.0548, 19568.8620
current_data: 2.5462, 30524, 0.0003, 0.0000
current_data: 2.2321, 3621254, 29.1260, 44899.0069
current_data: 2.3725, 2311119, 8.8679, 12191.9448
current_data: 1.1004, 6138286, 4.1167, 3218.1434
current_data: 0.4174, 20936328, 77.8704, 18653.8567
current_data: 2.5476, 29467, 0.0003, 0.0000
current_data: 1.7089, 369555, 35.6648, 58334.0838
current_data: 2.3274, 2300085, 9.0040, 12144.4445
current_data: 1.1187, 6241553, 4.1887, 3362.5192
current_data: 0.4334, 21837523, 78.0837, 19495.1116
current_data: 2.5466, 28820, 0.0002, 0.0000
current_data: 2.7482, 271186, 25.4108, 50169.6621
current_data: 2.3630, 2371361, 8.9115, 12182.5697
current_data: 1.1056, 6175705, 4.3794, 3432.5196
current_data: 0.4282, 21684085, 78.0249, 19423.2361
current_data: 2.5463, 32653, 0.0003, 0.0000
current_data: 2.4740, 261206, 25.6481, 53084.0537
current_data: 2.3434, 2263172, 8.9504, 12216.3199
current_data: 1.0986, 6166981, 4.1611, 3319.3940
current_data: 0.4170, 21108203, 78.0432, 18735.1072
current_data: 2.5471, 29745, 0.0003, 0.0000
current_data: 2.2042, 210695, 26.4870, 60411.5957
current_data: 2.3169, 2220512, 8.9817, 12040.6939
current_data: 1.0909, 6117009, 4.2372, 3236.2685
current_data: 0.4161, 20938407, 78.0677, 18633.8566
current_data: 2.5471, 30509, 0.0003, 0.0000
current_data: 2.2047, 212005, 26.4869, 60022.2184
current_data: 2.3134, 2225772, 8.9695, 12005.6937
current_data: 1.1072, 6128297, 4.1620, 3276.8938
current_data: 0.4270, 21585629, 78.0597, 19174.4847
current_data: 2.5481, 29530, 0.0003, 0.0000
current_data: 2.3475, 221880, 30.0398, 56185.3215
current_data: 2.3471, 2204825, 8.9570, 12220.6949
current_data: 1.1244, 6281273, 4.1599, 3370.6443
current_data: 0.4340, 21927758, 78.0263, 19385.7359
current_data: 2.5465, 29736, 0.0003, 0.0000
current_data: 2.4590, 200827, 31.9708, 54154.6849
current_data: 2.3668, 2221676, 8.9361, 12186.9447
current_data: 1.1202, 6259228, 4.2151, 3303.1439
current_data: 0.4333, 21900100, 78.0488, 19480.1115
current_data: 2.5470, 30145, 0.0003, 0.0000
current_data: 2.4527, 197211, 31.9667, 53995.9340
current_data: 2.3539, 2434059, 8.9016, 12303.1954
current_data: 1.1156, 6227841, 4.2320, 3401.2695
current_data: 0.4338, 21863346, 78.0157, 19419.4861
current_data: 2.5465, 32767, 0.0004, 0.0000
current_data: 2.4574, 205586, 31.9672, 53958.4338
current_data: 2.3597, 2332543, 8.9353, 12198.1948
current_data: 1.1131, 6187801, 4.3469, 3451.8948
current_data: 0.4334, 21854584, 78.0478, 19453.2363
current_data: 2.5449, 43061, 0.0007, 0.0000
current_data: 2.4535, 233762, 31.9642, 53980.9339
current_data: 2.3587, 2375241, 8.9179, 12196.3198
current_data: 1.1139, 6180480, 4.2251, 3337.5191
current_data: 0.4333, 21878189, 78.0510, 19525.1117
current_data: 2.5473, 30375, 0.0003, 0.0000
current_data: 2.4586, 208128, 31.9663, 54084.6845
current_data: 2.3525, 2263884, 8.8787, 12372.5708
current_data: 1.1204, 6287253, 4.1458, 3329.3941
current_data: 0.4338, 21932538, 78.0407, 19446.3613
current_data: 2.5482, 28793, 0.0002, 0.0000
current_data: 2.4632, 202673, 31.9677, 54309.0608
current_data: 2.3672, 2346692, 8.9076, 12275.0702
current_data: 1.1246, 6295308, 4.1522, 3353.1442
current_data: 0.4337, 21933266, 78.0054, 19511.3616
current_data: 2.5476, 29316, 0.0003, 0.0000
current_data: 2.4514, 197819, 31.9670, 54052.1843
current_data: 2.3668, 2469706, 8.9313, 12330.6956
current_data: 1.1150, 6233413, 4.2605, 3364.3943
current_data: 0.4364, 20065706, 75.9764, 19123.2344
current_data: 2.5469, 29013, 0.0002, 0.0000
current_data: 2.2752, 197486, 31.1818, 50031.5363
current_data: 2.3721, 2247191, 8.9068, 12137.5695
current_data: 1.1247, 6295975, 4.1343, 3266.2687
current_data: 0.4366, 22077196, 78.0628, 19744.4880
current_data: 2.5478, 29665, 0.0003, 0.0000
current_data: 2.5522, 206455, 24.9757, 45842.1373
current_data: 2.3745, 2344667, 8.8653, 12230.6950
current_data: 1.1235, 6276666, 4.2050, 3470.6449
current_data: 0.4369, 22089106, 78.0380, 19760.7381
current_data: 2.5482, 30161, 0.0003, 0.0000
current_data: 2.5218, 211165, 24.9760, 45217.1337
current_data: 2.3739, 2365512, 8.9657, 12361.3207
current_data: 1.1215, 6274087, 4.2102, 3378.7693
current_data: 0.4363, 21983933, 78.0472, 19543.2368
current_data: 2.5478, 30299, 0.0003, 0.0000
current_data: 2.5568, 206244, 24.9752, 45647.1362
current_data: 2.3801, 2292740, 8.8790, 12216.3199
current_data: 1.1240, 6299978, 4.2121, 3284.3938
current_data: 0.4366, 22046278, 78.0951, 19539.4868
current_data: 2.5477, 29150, 0.0002, 0.0000
current_data: 2.5480, 204119, 24.9730, 45694.0115
current_data: 2.3810, 2413650, 8.9110, 12351.9457
current_data: 1.1238, 6319725, 4.1903, 3375.0193
current_data: 0.4368, 22013138, 78.0671, 19468.2364
current_data: 2.5474, 29485, 0.0003, 0.0000
current_data: 2.5266, 205372, 24.9734, 45222.1338
current_data: 2.3738, 2377651, 8.9905, 12328.8205
current_data: 1.1248, 6335628, 4.1923, 3356.8942
current_data: 0.4368, 22062089, 78.0192, 19575.1120
current_data: 2.5480, 30125, 0.0002, 0.0000
current_data: 2.5449, 209837, 24.9767, 45591.5109
current_data: 2.3697, 2282370, 8.8920, 12266.3202
current_data: 1.1218, 6357116, 4.2181, 3402.5195
current_data: 0.4365, 22010394, 78.0402, 19511.3616
current_data: 2.5482, 29613, 0.0003, 0.0000
current_data: 2.5488, 203030, 24.9761, 45595.2609
current_data: 2.3817, 2386724, 8.8591, 12215.0699
current_data: 1.1193, 6221444, 4.2096, 3324.3940
current_data: 0.4366, 22057581, 78.0236, 19630.7373
current_data: 2.5466, 33069, 0.0003, 0.0000
current_data: 2.5154, 213481, 24.9689, 45208.3837
current_data: 2.3604, 2549561, 9.0322, 12348.8207
current_data: 1.1117, 6130202, 4.3347, 3543.7703
current_data: 0.4333, 21833240, 78.0472, 19453.8613
current_data: 2.5461, 33596, 0.0004, 0.0000
current_data: 2.4257, 256817, 32.1839, 53846.5581
current_data: 2.3707, 2286935, 8.9062, 12197.5698
current_data: 1.1229, 6253755, 4.1321, 3454.3948
current_data: 0.4338, 21911179, 78.0414, 19448.8613
current_data: 2.5476, 29100, 0.0003, 0.0000
current_data: 2.4539, 214128, 31.9662, 54074.0594
current_data: 2.3667, 2362241, 8.8843, 12203.1948
current_data: 1.1169, 6196030, 4.2689, 3434.3947
current_data: 0.4338, 21947033, 78.0073, 19447.6113
current_data: 2.5481, 31667, 0.0004, 0.0000
current_data: 2.4557, 222267, 31.9635, 54105.3096
current_data: 2.3291, 2416184, 9.4549, 12206.9448
current_data: 1.1187, 6214147, 4.1590, 3320.6440
current_data: 0.4338, 21851812, 78.0645, 19367.6108
current_data: 2.5461, 38951, 0.0005, 0.0000
current_data: 2.4565, 225186, 31.9647, 53954.0587
current_data: 2.3569, 2343725, 8.9650, 12251.3201
current_data: 1.1197, 6266364, 4.2197, 3429.3946
current_data: 0.4400, 20491757, 76.1824, 19331.9856
current_data: 2.5472, 30336, 0.0003, 0.0000
current_data: 2.4558, 209688, 31.9653, 54120.3097
current_data: 2.3706, 2384989, 8.9095, 12275.0702
current_data: 1.1210, 6285971, 4.1308, 3280.6438
current_data: 0.4340, 21904203, 78.0379, 19621.3623
current_data: 2.5477, 29208, 0.0003, 0.0000
current_data: 2.4614, 210282, 31.9670, 54149.6848
current_data: 2.3246, 2455653, 9.5966, 12230.0700
current_data: 1.1220, 6291898, 4.0985, 3299.3939
current_data: 0.4339, 21893520, 78.0406, 19475.1114
current_data: 2.5466, 29262, 0.0002, 0.0000
current_data: 2.4585, 211137, 31.9637, 54086.5595
current_data: 2.3770, 2279207, 8.9264, 12199.4448
current_data: 1.1182, 6269238, 4.2213, 3420.6446
current_data: 0.4337, 21943393, 78.0648, 19486.3615
current_data: 2.5485, 29411, 0.0003, 0.0000
current_data: 2.4552, 203464, 31.9664, 54214.6852
current_data: 2.3687, 2283163, 8.8534, 12199.4448
current_data: 1.1241, 6253936, 4.2315, 3457.5198
current_data: 0.4379, 22075655, 78.0785, 19636.9874
current_data: 2.5480, 29148, 0.0003, 0.0000
current_data: 2.0973, 233052, 34.3702, 47298.3956
current_data: 2.3001, 2265332, 10.1607, 12926.3240
current_data: 1.1313, 6290319, 4.1859, 3455.0198
current_data: 0.4409, 22279837, 78.0235, 19716.3628
current_data: 2.5469, 29004, 0.0003, 0.0000
current_data: 2.1757, 219404, 34.2692, 46140.2640
current_data: 2.3861, 2275635, 8.9313, 12303.8204
current_data: 1.1309, 6302060, 4.1274, 3392.5194
current_data: 0.4409, 22267208, 78.0342, 19757.6131
current_data: 2.5476, 31603, 0.0003, 0.0000
current_data: 2.1740, 225864, 34.2689, 46065.8886
current_data: 2.3843, 2434627, 8.8689, 12295.6954
current_data: 1.1255, 6327044, 4.1789, 3338.1441
current_data: 0.4381, 22107359, 78.0617, 19701.9877
current_data: 2.5472, 30259, 0.0003, 0.0000
current_data: 2.2521, 3960095, 28.7068, 44880.8818
current_data: 2.2900, 2278184, 10.1319, 13533.2024
current_data: 1.0962, 6112571, 4.2452, 3391.8944
current_data: 0.4201, 21230461, 78.0120, 18966.3585
current_data: 2.5457, 32920, 0.0004, 0.0000
current_data: 1.7417, 388570, 35.1042, 58126.5826
current_data: 2.3352, 2435026, 8.9653, 12184.4447
current_data: 1.1169, 6193373, 4.2539, 3480.6449
current_data: 0.4338, 21906587, 78.0722, 19645.7374
current_data: 2.5470, 32191, 0.0003, 0.0000
current_data: 2.7467, 278215, 25.4061, 50265.2876
current_data: 2.3675, 2492137, 8.9775, 12311.9454
current_data: 1.1109, 6255324, 4.1958, 3295.0189
current_data: 0.4283, 21670560, 78.0596, 19216.9850
current_data: 2.5478, 28341, 0.0002, 0.0000
current_data: 2.4624, 246478, 25.6793, 53314.6801
current_data: 2.2601, 2178963, 10.2386, 13508.2023
current_data: 1.0965, 6086187, 4.1263, 3351.8942
current_data: 0.4169, 21038403, 78.0385, 18685.1069
current_data: 2.5472, 30042, 0.0003, 0.0000
current_data: 2.2031, 210755, 26.4869, 60210.9695
current_data: 2.3298, 2217685, 9.0108, 12140.6945
current_data: 1.0937, 6125337, 4.2490, 3370.0193
current_data: 0.4195, 19103283, 75.9030, 18252.6044
current_data: 2.5474, 29074, 0.0002, 0.0000
current_data: 2.2039, 213471, 26.4864, 60266.5948
current_data: 2.3359, 2234962, 8.9617, 12104.4443
current_data: 1.1106, 6175386, 4.1250, 3252.5186
current_data: 0.4273, 21581983, 78.0633, 19270.7353
current_data: 2.5469, 29292, 0.0002, 0.0000
current_data: 2.3513, 223312, 30.1292, 55990.9454
current_data: 2.2938, 2370578, 9.9804, 12541.3218
current_data: 1.1224, 6316401, 4.1725, 3301.2689
current_data: 0.4339, 21956265, 78.0359, 19660.1125
current_data: 2.5472, 29104, 0.0002, 0.0000
current_data: 2.4590, 199003, 31.9723, 54264.0605
current_data: 2.3703, 2432589, 8.9140, 12285.6953
current_data: 1.1206, 6257496, 4.2333, 3453.7698
current_data: 0.4336, 21840903, 78.0747, 19400.1110
current_data: 2.5461, 36094, 0.0004, 0.0000
current_data: 2.4532, 211189, 31.9677, 53900.9334
current_data: 2.3732, 2363431, 8.8914, 12210.0699
current_data: 1.1189, 6233544, 4.2347, 3564.3954
current_data: 0.4336, 21888669, 78.0422, 19410.1111
current_data: 2.5470, 30381, 0.0003, 0.0000
current_data: 2.4570, 215310, 31.9651, 54090.3095
current_data: 2.2923, 2237439, 10.1967, 13013.1995
current_data: 1.1200, 6236057, 4.1326, 3266.2687
current_data: 0.4338, 21953925, 78.0384, 19428.8612
current_data: 2.5465, 30035, 0.0003, 0.0000
current_data: 2.4567, 206125, 31.9665, 54242.8104
current_data: 2.3752, 2300295, 8.9312, 12228.8200
current_data: 1.1198, 6264388, 4.2064, 3450.6447
current_data: 0.4338, 21964232, 78.0293, 19423.2361
current_data: 2.5470, 29496, 0.0002, 0.0000
current_data: 2.4588, 201465, 31.9703, 54275.3106
current_data: 2.3790, 2294029, 8.8666, 12234.4450
current_data: 1.1190, 6242801, 4.1786, 3254.3936
current_data: 0.4338, 21880295, 78.0399, 19451.9863
current_data: 2.5466, 29722, 0.0002, 0.0000
current_data: 2.4589, 201660, 31.9699, 54126.5597
current_data: 2.2805, 2306397, 10.1823, 13520.0774
current_data: 1.1151, 6233917, 4.3022, 3502.5200
current_data: 0.4334, 21870443, 78.0641, 19433.8612
current_data: 2.5469, 30719, 0.0003, 0.0000
current_data: 2.4493, 198222, 31.9671, 53915.9335
current_data: 2.3708, 2363187, 8.9948, 12335.0706
current_data: 1.1172, 6214239, 4.2770, 3488.1450
current_data: 0.4346, 21975390, 78.0154, 19537.6118
current_data: 2.5466, 34105, 0.0005, 0.0000
current_data: 2.2788, 224059, 31.0345, 50099.6617
current_data: 2.3811, 2273478, 8.9722, 12362.5707
current_data: 1.1178, 6223263, 4.2645, 3368.1443
current_data: 0.4364, 22069074, 78.0524, 19705.7378
current_data: 2.5462, 34197, 0.0004, 0.0000
current_data: 2.5438, 227694, 24.9731, 45636.5111
current_data: 2.3048, 2188190, 10.0491, 13490.0772
current_data: 1.1259, 6273879, 4.2169, 3414.3945
current_data: 0.4369, 22027236, 78.0431, 19525.7367
current_data: 2.5482, 29838, 0.0003, 0.0000
current_data: 2.5239, 212646, 24.9764, 45127.1332
current_data: 2.3852, 2290988, 8.9944, 12363.1957
current_data: 1.1238, 6287657, 4.1612, 3410.6445
current_data: 0.4365, 22063125, 78.0575, 19535.1118
current_data: 2.5478, 29847, 0.0003, 0.0000
current_data: 2.5570, 218213, 24.9729, 45788.3870
current_data: 2.3872, 2281026, 8.8596, 12240.0700
current_data: 1.1212, 6296392, 4.2259, 3396.8944
current_data: 0.4379, 20195652, 75.9697, 19285.1104
current_data: 2.5478, 32506, 0.0004, 0.0000
current_data: 2.5410, 223245, 24.9700, 45532.7605
current_data: 2.3559, 2221216, 9.0540, 13048.8247
current_data: 1.1257, 6277942, 4.1306, 3388.7694
current_data: 0.4368, 22027532, 78.0604, 19726.3629
current_data: 2.5471, 29750, 0.0002, 0.0000
current_data: 2.5297, 218258, 24.9730, 45277.7591
current_data: 2.3857, 2288726, 8.9481, 12280.6953
current_data: 1.1233, 6262272, 4.1961, 3464.3948
current_data: 0.4366, 22070600, 78.0475, 19635.1124
current_data: 2.5488, 29781, 0.0003, 0.0000
current_data: 2.5449, 216869, 24.9750, 45643.3862
current_data: 2.3807, 2274300, 8.8503, 12247.5701
current_data: 1.1217, 6234750, 4.2165, 3411.2695
current_data: 0.4359, 21970673, 78.0811, 19581.9870
current_data: 2.5464, 29781, 0.0002, 0.0000
current_data: 2.5454, 211154, 24.9744, 45511.5104
current_data: 2.3775, 2424825, 8.9234, 12333.8206
current_data: 1.1248, 6265494, 4.1689, 3335.6441
current_data: 0.4366, 22086445, 78.0417, 19601.3622
current_data: 2.5469, 29376, 0.0002, 0.0000
current_data: 2.4859, 203692, 24.9512, 44693.3807
current_data: 2.3865, 2277227, 8.9696, 12352.5707
current_data: 1.1212, 6266537, 4.2256, 3372.5193
current_data: 0.4338, 21977770, 77.9966, 19375.7359
current_data: 2.5472, 29335, 0.0002, 0.0000
current_data: 2.4573, 235172, 31.9595, 54251.5604
current_data: 2.3807, 2385904, 8.8416, 12280.0703
current_data: 1.1224, 6275863, 4.1843, 3363.7692
current_data: 0.4332, 21897276, 78.0506, 19444.4863
current_data: 2.5477, 29145, 0.0002, 0.0000
current_data: 2.4520, 211755, 31.9690, 54014.6841
current_data: 2.3820, 2258083, 8.9399, 12263.1952
current_data: 1.1173, 6272634, 4.2979, 3426.2696
current_data: 0.4335, 21871938, 78.0709, 19487.6115
current_data: 2.5461, 35963, 0.0004, 0.6250
current_data: 2.4555, 229544, 31.9631, 53953.4337
current_data: 2.3789, 2357361, 8.9076, 12232.5700
current_data: 1.1205, 6258312, 4.1492, 3226.8935
current_data: 0.4339, 21908057, 78.0171, 19517.6117
current_data: 2.5484, 30135, 0.0003, 0.0000
current_data: 2.4563, 212005, 31.9660, 54050.9343
current_data: 2.3778, 2257571, 8.9372, 12231.3200
current_data: 1.1145, 6206996, 4.2776, 3478.1449
current_data: 0.4332, 21891336, 78.0473, 19495.7366
current_data: 2.5484, 32853, 0.0003, 0.0000
current_data: 2.4550, 228725, 31.9648, 54089.0595
current_data: 2.3734, 2270709, 8.9243, 12283.8203
current_data: 1.1170, 6266617, 4.4020, 3543.7703
current_data: 0.4334, 21920578, 78.0444, 19425.7362
current_data: 2.5474, 32061, 0.0003, 0.0000
current_data: 2.4579, 224720, 31.9656, 54154.0599
current_data: 2.3775, 2300482, 8.8873, 12270.0702
current_data: 1.1174, 6208555, 4.1950, 3263.1437
current_data: 0.4336, 21908440, 78.0172, 19365.7358
current_data: 2.5480, 30312, 0.0003, 0.0000
current_data: 2.4571, 204848, 31.9669, 54218.4352
current_data: 2.3789, 2350956, 8.9014, 12233.1950
current_data: 1.1183, 6301651, 4.2104, 3348.7692
current_data: 0.4342, 19871930, 76.2011, 19270.7353
current_data: 2.5468, 29934, 0.0004, 0.0000
current_data: 2.4529, 204637, 31.9666, 54042.8092
current_data: 2.3794, 2386023, 8.9715, 12385.6959
current_data: 1.1155, 6052356, 4.2988, 3545.0203
current_data: 0.4365, 21838043, 78.3127, 20015.1145
current_data: 2.5492, 33045, 0.0005, 0.0000
current_data: 2.0904, 245173, 34.4338, 47035.8941
current_data: 2.3882, 2423075, 8.9810, 12423.1961
current_data: 1.1285, 6280316, 4.2090, 3431.8946
current_data: 0.4395, 22058583, 78.2770, 20357.6165
current_data: 2.5477, 28398, 0.0004, 0.6250
current_data: 2.1755, 221196, 34.2669, 46143.3890
current_data: 2.3959, 2316460, 8.9476, 12364.4457
current_data: 1.1309, 6336836, 4.2455, 3425.6446
current_data: 0.4396, 21987813, 78.2749, 20190.7405
current_data: 2.5472, 28750, 0.0003, 0.0000
current_data: 2.1742, 217667, 34.2683, 46002.7632
current_data: 2.3949, 2379091, 8.9439, 12406.3210
current_data: 1.1275, 6275891, 4.0875, 3320.6440
current_data: 0.4364, 21835090, 78.2999, 20094.4900
current_data: 2.5479, 29625, 0.0005, 0.0000
current_data: 2.2713, 4300696, 28.2668, 44636.5054
current_data: 2.3839, 2366239, 8.9715, 12383.1959
current_data: 1.1011, 6117390, 4.1532, 3219.3934
current_data: 0.4190, 20983251, 78.2879, 19409.4861
current_data: 2.5464, 28699, 0.0003, 0.0000
current_data: 1.7783, 371864, 34.4961, 57975.3317
current_data: 2.3436, 2258790, 8.9980, 12177.5697
current_data: 1.1245, 6251242, 4.0763, 3362.5192
current_data: 0.4328, 21686451, 78.2881, 19836.9885
current_data: 2.5463, 28728, 0.0003, 0.0000
current_data: 2.7462, 266048, 25.4005, 50236.5375
current_data: 2.3818, 2367024, 8.8821, 12308.8204
current_data: 1.1112, 6182653, 4.2211, 3344.3941
current_data: 0.4266, 21372749, 78.2816, 19640.1124
current_data: 2.5478, 29054, 0.0003, 0.0000
current_data: 2.4627, 245664, 25.6932, 53369.6804
current_data: 2.3691, 2353613, 8.9017, 12238.1950
current_data: 1.0944, 6134079, 4.1480, 3247.5186
current_data: 0.4158, 20843195, 78.2586, 19220.1100
current_data: 2.5469, 28640, 0.0003, 0.0000
current_data: 2.2050, 202652, 26.4881, 60243.4697
current_data: 2.3394, 2271406, 8.8999, 12106.9443
current_data: 1.0919, 6100253, 4.1644, 3132.5179
current_data: 0.4153, 20886161, 78.2673, 19190.1098
current_data: 2.5478, 30712, 0.0003, 0.0000
current_data: 2.2047, 211630, 26.4900, 60483.4711
current_data: 2.3339, 2292528, 9.0230, 12197.5698
current_data: 1.0983, 6019240, 4.3946, 3461.8948
current_data: 0.4258, 21370082, 78.2649, 19604.4872
current_data: 2.5463, 33907, 0.0004, 0.0000
current_data: 2.3518, 239800, 30.1968, 55928.4450
current_data: 2.3604, 2331601, 8.9398, 12183.8197
current_data: 1.1088, 6071820, 4.3408, 3480.6449
current_data: 0.4330, 21734357, 78.3076, 20059.4898
current_data: 2.5465, 39790, 0.0006, 0.0000
current_data: 2.4545, 227279, 31.9690, 54091.5595
current_data: 2.3692, 2371606, 8.9253, 12291.9453
current_data: 1.1176, 6280109, 4.1864, 3369.3943
current_data: 0.4336, 21715733, 78.3184, 19881.9888
current_data: 2.5469, 29633, 0.0003, 0.0000
current_data: 2.4535, 202121, 31.9679, 53989.0589
current_data: 2.3756, 2302501, 8.9423, 12338.8206
current_data: 1.1218, 6309877, 4.2218, 3506.2701
current_data: 0.4287, 18818954, 76.3406, 18820.1077
current_data: 2.5478, 30497, 0.0004, 0.0000
current_data: 2.4576, 199047, 31.9677, 54043.4342
current_data: 2.3771, 2357871, 8.9283, 12348.8207
current_data: 1.1188, 6286566, 4.1787, 3407.5195
current_data: 0.4324, 21870652, 78.0451, 19558.2369
current_data: 2.5467, 29295, 0.0003, 0.0000
current_data: 2.4565, 199220, 31.9688, 54167.8100
current_data: 2.3770, 2388126, 8.9302, 12361.3207
current_data: 1.1187, 6235492, 4.1962, 3345.0191
current_data: 0.4321, 21822786, 78.0546, 19440.1112
current_data: 2.5481, 29842, 0.0003, 0.0000
current_data: 2.4610, 200588, 31.9694, 54235.9353
current_data: 2.3785, 2419050, 8.8909, 12232.5700
current_data: 1.1201, 6256614, 4.2049, 3430.6446
current_data: 0.4326, 21790263, 78.0591, 19412.6111
current_data: 2.5471, 28693, 0.0003, 0.0000
current_data: 2.4625, 196544, 31.9694, 54140.9348
current_data: 2.3844, 2284176, 8.9440, 12286.3203
current_data: 1.1183, 6237984, 4.2300, 3446.2697
current_data: 0.4322, 21845706, 78.0353, 19410.1111
current_data: 2.5464, 31269, 0.0004, 0.0000
current_data: 2.4507, 198946, 31.9670, 54032.1842
current_data: 2.3791, 2269094, 8.9812, 12369.4458
current_data: 1.1212, 6256841, 4.1341, 3328.1440
current_data: 0.4333, 21861942, 78.0347, 19416.9861
current_data: 2.5470, 29707, 0.0003, 0.0000
current_data: 2.2804, 206803, 30.9822, 49928.4107
current_data: 2.3860, 2357113, 8.8965, 12287.5703
current_data: 1.1248, 6308886, 4.2099, 3399.3945
current_data: 0.4354, 22013625, 78.0165, 19473.8614
current_data: 2.5477, 29576, 0.0003, 0.0000
current_data: 2.5506, 216651, 24.9759, 45750.2618
current_data: 2.3935, 2349081, 8.8547, 12262.5702
current_data: 1.1198, 6186142, 4.2541, 3441.2697
current_data: 0.4354, 21956559, 78.0337, 19458.2363
current_data: 2.5477, 31837, 0.0003, 0.0000
current_data: 2.5260, 215925, 24.9765, 45157.7584
current_data: 2.3940, 2430084, 8.8787, 12345.0706
current_data: 1.1239, 6316012, 4.2291, 3356.8942
current_data: 0.4354, 21972386, 78.0268, 19559.4869
current_data: 2.5469, 29480, 0.0002, 0.0000
current_data: 2.5613, 212953, 24.9748, 45814.6372
current_data: 2.3984, 2304234, 8.8956, 12302.5704
current_data: 1.1248, 6277003, 4.1863, 3456.8948
current_data: 0.4354, 21982090, 78.0402, 19535.7368
current_data: 2.5478, 28453, 0.0003, 0.0000
current_data: 2.5505, 210260, 24.9729, 45705.8865
current_data: 2.3935, 2419001, 8.8514, 12340.6956
current_data: 1.1202, 6179678, 4.2539, 3483.7699
current_data: 0.4351, 21952790, 78.0743, 19496.3616
current_data: 2.5463, 32435, 0.0003, 0.0000
current_data: 2.5319, 221714, 24.9723, 45289.0091
current_data: 2.3821, 2408444, 8.9264, 12385.0709
current_data: 1.1147, 6126864, 4.3523, 3495.6450
current_data: 0.4351, 21972249, 78.0251, 19470.7364
current_data: 2.5480, 32111, 0.0003, 0.0000
current_data: 2.5440, 219868, 24.9770, 45523.3855
current_data: 2.3900, 2290928, 8.9208, 12273.1952
current_data: 1.1236, 6260939, 4.1993, 3370.0193
current_data: 0.4344, 19651118, 75.8094, 18842.6078
current_data: 2.5474, 28537, 0.0003, 0.0000
current_data: 2.5478, 211884, 24.9738, 45737.7617
current_data: 2.3933, 2351484, 8.8474, 12281.3203
current_data: 1.1264, 6303395, 4.1592, 3308.1439
current_data: 0.4363, 22003786, 78.0413, 19621.9873
current_data: 2.5467, 29132, 0.0003, 0.0000
current_data: 2.4678, 204419, 24.9379, 44262.1283
current_data: 2.3536, 2518222, 9.5561, 12335.0706
current_data: 1.1189, 6294904, 4.2770, 3487.5200
current_data: 0.4329, 21871296, 78.0865, 19630.7373
current_data: 2.5457, 37286, 0.0005, 0.6250
current_data: 2.4547, 251048, 31.9616, 54074.6844
current_data: 2.3797, 2294093, 8.9796, 12308.8204
current_data: 1.1208, 6260949, 4.1426, 3323.7690
current_data: 0.4336, 21927455, 78.0532, 19444.4863
current_data: 2.5473, 31789, 0.0004, 0.0000
current_data: 2.4515, 230091, 31.9655, 54079.0594
current_data: 2.3832, 2232812, 8.9814, 12409.4460
current_data: 1.1224, 6260365, 4.1441, 3368.1443
current_data: 0.4338, 21968415, 78.0423, 19508.2366
current_data: 2.5471, 29943, 0.0003, 0.0000
current_data: 2.4561, 217733, 31.9648, 54200.3101
current_data: 2.3199, 2391115, 10.0178, 12701.9477
current_data: 1.1224, 6241626, 4.0662, 3336.2691
current_data: 0.4337, 21872747, 78.0391, 19429.4862
current_data: 2.5479, 31232, 0.0003, 0.0000
current_data: 2.4549, 212516, 31.9665, 53974.6838
current_data: 2.3843, 2425771, 8.9048, 12260.6952
current_data: 1.1182, 6193520, 4.2527, 3379.3943
current_data: 0.4335, 21895797, 78.0604, 19435.7362
current_data: 2.5474, 29171, 0.0003, 0.0000
current_data: 2.4542, 214850, 31.9667, 54057.1843
current_data: 2.3885, 2352399, 8.8604, 12270.0702
current_data: 1.1205, 6257722, 4.1877, 3418.1446
current_data: 0.4339, 21899031, 78.0168, 19563.2369
current_data: 2.5473, 29574, 0.0003, 0.6250
current_data: 2.4578, 214858, 31.9684, 54054.6843
current_data: 2.3157, 2295120, 10.0822, 12823.1984
current_data: 1.1198, 6257550, 4.1846, 3353.1442
current_data: 0.4336, 21900564, 78.0268, 19451.9863
current_data: 2.5465, 29738, 0.0003, 0.0000
current_data: 2.4543, 211543, 31.9682, 54093.4345
current_data: 2.3868, 2503448, 8.9283, 12433.1961
current_data: 1.1186, 6305279, 4.2730, 3420.0196
current_data: 0.4336, 21933966, 78.0251, 19516.3617
current_data: 2.5491, 29488, 0.0003, 0.0000
current_data: 2.4539, 208694, 31.9664, 54104.6846
current_data: 2.3873, 2418182, 8.9606, 12398.8209
current_data: 1.1275, 6318375, 4.1541, 3335.0191
current_data: 0.4380, 22135604, 78.0582, 19781.3632
current_data: 2.5476, 29246, 0.0002, 0.0000
current_data: 2.0843, 243528, 34.4334, 47130.8947
current_data: 2.3041, 2301097, 10.1689, 13646.9531
current_data: 1.1227, 6232695, 4.2960, 3430.6446
current_data: 0.4403, 22215443, 78.0505, 19701.3627
current_data: 2.5472, 35325, 0.0004, 0.0000
current_data: 2.1737, 245787, 34.2666, 46164.6392
current_data: 2.4024, 2402798, 8.9298, 12455.0713
current_data: 1.1201, 6150421, 4.3474, 3435.6447
current_data: 0.4403, 22196808, 78.0403, 19764.4881
current_data: 2.5468, 34718, 0.0004, 0.0000
current_data: 2.1732, 240192, 34.2677, 46019.6383
current_data: 2.4028, 2266852, 8.8968, 12295.0704
current_data: 1.1253, 6263969, 4.1292, 3288.1438
current_data: 0.4350, 18930027, 76.0052, 18425.1054
current_data: 2.5474, 31984, 0.0003, 0.0000
current_data: 2.2998, 4697382, 27.8332, 44803.3814
current_data: 2.3242, 2160154, 9.9092, 13565.7026
current_data: 1.0999, 6117329, 4.1926, 3387.5194
current_data: 0.4201, 21258399, 78.0263, 18998.8587
current_data: 2.5471, 31287, 0.0003, 0.0000
current_data: 1.8252, 386843, 33.8133, 58027.8320
current_data: 2.3627, 2317678, 8.9142, 12194.4448
current_data: 1.1188, 6229985, 4.1861, 3314.3940
current_data: 0.4336, 21913541, 78.0425, 19531.9868
current_data: 2.5478, 30486, 0.0002, 0.0000
current_data: 2.7448, 285794, 25.3811, 50145.9119
current_data: 2.3927, 2470002, 8.9238, 12420.0711
current_data: 1.1081, 6178401, 4.2119, 3405.0195
current_data: 0.4268, 21520851, 78.0666, 19086.9842
current_data: 2.5471, 30670, 0.0003, 0.0000
current_data: 2.4506, 255961, 25.7267, 53557.1815
current_data: 2.2999, 2176290, 9.6563, 13483.2022
current_data: 1.0916, 6053234, 4.2574, 3433.7696
current_data: 0.4161, 21045368, 78.0486, 18698.2320
current_data: 2.5467, 32245, 0.0004, 0.0000
current_data: 2.2035, 215682, 26.4860, 60357.2204
current_data: 2.3409, 2367182, 8.9224, 12128.1944
current_data: 1.0969, 6143072, 4.1069, 3288.7688
current_data: 0.4163, 21054816, 78.0298, 18701.3570
current_data: 2.5478, 29404, 0.0003, 0.0000
current_data: 2.2052, 213794, 26.4867, 60360.3454
current_data: 2.3445, 2421977, 8.9289, 12240.6950
current_data: 1.1122, 6166328, 4.1507, 3240.6435
current_data: 0.4275, 21410256, 78.0326, 18953.8585
current_data: 2.5461, 33108, 0.0004, 0.0000
current_data: 2.3580, 226502, 30.2369, 55535.3178
current_data: 2.3443, 2313554, 8.9659, 12114.4443
current_data: 1.1246, 6242205, 4.2306, 3376.8943
current_data: 0.4336, 21761477, 78.0247, 19343.8607
current_data: 2.5482, 29235, 0.0002, 0.0000
current_data: 2.4595, 198986, 31.9679, 53805.9329
current_data: 2.3612, 2380906, 8.9305, 12206.3198
current_data: 1.1210, 6256423, 4.2098, 3386.8944
current_data: 0.4336, 21746772, 78.0366, 19316.9855
current_data: 2.5473, 29894, 0.0003, 0.0000
current_data: 2.4532, 196675, 31.9689, 53639.0569
current_data: 2.3584, 2293501, 8.9890, 12178.8197
current_data: 1.1212, 6219099, 4.1992, 3398.7694
current_data: 0.4335, 21797905, 78.0285, 19410.1111
current_data: 2.5482, 31243, 0.0003, 0.0000
current_data: 2.4587, 201107, 31.9667, 53943.4337
current_data: 2.3613, 2376731, 8.8921, 12215.6949
current_data: 1.1223, 6272194, 4.1142, 3333.7691
current_data: 0.4335, 21886194, 78.0392, 19510.7366
current_data: 2.5468, 29722, 0.0002, 0.0000
current_data: 2.4535, 195902, 31.9686, 54005.3090
current_data: 2.3344, 2175199, 9.0775, 12941.9491
current_data: 1.1171, 6167618, 4.1828, 3378.7693
current_data: 0.4336, 21889296, 77.9974, 19375.7359
current_data: 2.5458, 35692, 0.0004, 0.0000
current_data: 2.4596, 220682, 31.9675, 54117.8097
current_data: 2.3639, 2279810, 8.9674, 12165.0696
current_data: 1.1148, 6163530, 4.2593, 3472.5199
current_data: 0.4318, 21719154, 77.9636, 19353.2357
current_data: 2.5468, 35418, 0.0004, 0.0000
current_data: 2.4617, 214242, 31.9657, 54140.3098
current_data: 2.3590, 2276598, 8.9495, 12132.5694
current_data: 1.1195, 6270688, 4.1573, 3358.7692
current_data: 0.4436, 21041759, 76.4532, 19694.4877
current_data: 2.5476, 29651, 0.0003, 0.0000
current_data: 2.4505, 199291, 31.9659, 53890.3084
current_data: 2.2939, 2347803, 10.1229, 12631.3223
current_data: 1.1197, 6096545, 4.2333, 3313.1440
current_data: 0.4346, 21954371, 78.0265, 19665.7375
current_data: 2.5476, 29718, 0.0003, 0.0000
current_data: 2.2855, 208300, 31.2602, 50446.5387
current_data: 2.3702, 2334336, 8.9538, 12288.1953
current_data: 1.1221, 6301718, 4.2332, 3427.5196
current_data: 0.4365, 22079197, 78.0503, 19561.9869
current_data: 2.5470, 30112, 0.0003, 0.0000
current_data: 2.5518, 212832, 24.9763, 45765.8869
current_data: 2.3759, 2337500, 8.9117, 12230.6950
current_data: 1.1241, 6313454, 4.1995, 3325.6440
current_data: 0.4364, 21994463, 78.0693, 19619.4873
current_data: 2.5487, 28787, 0.0002, 0.0000
current_data: 2.5238, 207511, 24.9778, 45138.3833
current_data: 2.3618, 2451627, 8.9447, 12293.1953
current_data: 1.1241, 6246979, 4.1735, 3407.5195
current_data: 0.4362, 22010523, 78.0699, 19584.4871
current_data: 2.5466, 29154, 0.0003, 0.0000
current_data: 2.5532, 214420, 24.9725, 45665.8863
current_data: 2.3725, 2271624, 8.9040, 12196.9448
current_data: 1.1219, 6264241, 4.2108, 3336.8941
current_data: 0.4363, 21984418, 78.0733, 19532.6118
current_data: 2.5466, 28704, 0.0003, 0.0000
current_data: 2.5441, 209031, 24.9729, 45512.1354
current_data: 2.3711, 2403656, 8.8683, 12208.8199
current_data: 1.1249, 6238333, 4.1238, 3285.6438
current_data: 0.4365, 22004551, 78.0469, 19463.8614
current_data: 2.5471, 29794, 0.0002, 0.0000
current_data: 2.5234, 207065, 24.9753, 45188.3836
current_data: 2.3731, 2375037, 8.9729, 12322.5705
current_data: 1.1238, 6274788, 4.1654, 3385.0194
current_data: 0.4359, 22002723, 78.0671, 19691.9877
current_data: 2.5470, 29098, 0.0002, 0.0000
current_data: 2.5456, 207347, 24.9779, 45620.8860
current_data: 2.3747, 2362217, 8.9276, 12327.5705
current_data: 1.1241, 6259079, 4.1313, 3361.8942
current_data: 0.4364, 22061404, 78.0452, 19723.8629
current_data: 2.5477, 29488, 0.0003, 0.0000
current_data: 2.5456, 205345, 24.9766, 45652.1362
current_data: 2.3733, 2363538, 8.9716, 12290.0703
current_data: 1.1184, 6184399, 4.2616, 3446.8947
current_data: 0.4362, 21972649, 78.0508, 19535.7368
current_data: 2.5457, 41038, 0.0005, 0.0000
current_data: 2.5234, 230564, 24.9736, 45056.5078
current_data: 2.3762, 2268970, 8.9063, 12180.0697
current_data: 1.1194, 6224578, 4.1708, 3463.7698
current_data: 0.4328, 21868978, 78.0600, 19468.2364
current_data: 2.5474, 31777, 0.0003, 0.0000
current_data: 2.3970, 245382, 32.3910, 53904.6834
current_data: 2.3520, 2366339, 8.9480, 12361.9457
current_data: 1.1189, 6222631, 4.1614, 3298.7689
current_data: 0.4335, 21866988, 78.0249, 19328.2356
current_data: 2.5465, 35902, 0.0004, 0.0000
current_data: 2.4519, 238177, 31.9626, 53919.6835
current_data: 2.3627, 2371950, 9.0221, 12315.0705
current_data: 1.1131, 6132531, 4.2866, 3445.0197
current_data: 0.4368, 20225320, 76.0596, 19234.4851
current_data: 2.5460, 35424, 0.0004, 0.0000
current_data: 2.4538, 235619, 31.9627, 54086.5595
current_data: 2.3561, 2289256, 9.0087, 12261.3202
current_data: 1.1195, 6226376, 4.2714, 3397.5194
current_data: 0.4336, 21871194, 78.0474, 19548.2369
current_data: 2.5468, 28882, 0.0002, 0.0000
current_data: 2.4566, 216581, 31.9644, 54064.6844
current_data: 2.2687, 2248770, 10.2652, 13356.3264
current_data: 1.1210, 6262052, 4.1918, 3331.2691
current_data: 0.4336, 21920082, 78.0316, 19616.9872
current_data: 2.5469, 29170, 0.0002, 0.0000
current_data: 2.4555, 216205, 31.9655, 54116.5597
current_data: 2.3612, 2353538, 8.9114, 12227.5700
current_data: 1.1209, 6295955, 4.1820, 3336.8941
current_data: 0.4336, 21916896, 78.0474, 19495.7366
current_data: 2.5474, 29217, 0.0003, 0.0000
current_data: 2.4592, 216319, 31.9661, 54210.3102
current_data: 2.3692, 2444368, 8.9087, 12308.8204
current_data: 1.1208, 6309140, 4.1665, 3305.6439
current_data: 0.4335, 21888958, 78.0421, 19428.2362
current_data: 2.5465, 28684, 0.0003, 0.6250
current_data: 2.4572, 210330, 31.9655, 54062.1843
current_data: 2.3484, 2508618, 9.0738, 12313.8205
current_data: 1.1216, 6283506, 4.1921, 3393.7694
current_data: 0.4335, 21871071, 78.0307, 19366.9858
current_data: 2.5465, 29323, 0.0002, 0.0000
current_data: 2.4535, 208089, 31.9665, 53942.8087
current_data: 2.3683, 2349328, 8.8800, 12190.6948
current_data: 1.1228, 6268985, 4.2544, 3325.6440
current_data: 0.4376, 22097550, 78.0163, 19583.8621
current_data: 2.5463, 31482, 0.0004, 0.0000
current_data: 2.1151, 235769, 34.3412, 47901.5241
current_data: 2.3787, 2431944, 8.9064, 12331.9456
current_data: 1.1308, 6311106, 4.1325, 3385.6444
current_data: 0.4406, 22203140, 78.0425, 19803.8633
current_data: 2.5472, 28621, 0.0002, 0.0000
current_data: 2.1761, 216418, 34.2674, 46009.6383
current_data: 2.3799, 2360951, 8.9704, 12306.9454
current_data: 1.1289, 6317740, 4.1925, 3427.5196
current_data: 0.4402, 22212493, 78.0549, 19792.6133
current_data: 2.5473, 30144, 0.0003, 0.0000
current_data: 2.1744, 220083, 34.2686, 46040.2634
current_data: 2.3796, 2362715, 8.9729, 12353.1957
current_data: 1.1270, 6275991, 4.1611, 3403.7695
current_data: 0.4377, 22166018, 78.0091, 19738.8629
current_data: 2.5468, 29481, 0.0003, 0.0000
current_data: 2.2449, 3808488, 28.9302, 44985.2574
current_data: 2.3760, 2285941, 8.9078, 12226.3200
current_data: 1.1004, 6199212, 4.1944, 3171.2681
current_data: 0.4198, 21236387, 78.0461, 18910.7332
current_data: 2.5478, 30003, 0.0003, 0.0000
current_data: 1.7258, 366465, 35.3955, 58420.9593
current_data: 2.3340, 2316997, 8.9850, 12148.1945
current_data: 1.1197, 6292715, 4.1922, 3287.5188
current_data: 0.4336, 21949505, 78.0355, 19472.6114
current_data: 2.5468, 29082, 0.0002, 0.0000
current_data: 2.7481, 268990, 25.4077, 50350.9131
current_data: 2.3619, 2429171, 8.9171, 12443.1962
current_data: 1.1088, 6153393, 4.2222, 3373.7693
current_data: 0.4262, 21427582, 77.9469, 19106.9843
current_data: 2.5457, 33758, 0.0004, 0.0000
current_data: 2.4773, 259923, 25.6716, 53313.4301
current_data: 2.3523, 2395120, 8.9464, 12220.0699
current_data: 1.0877, 6093939, 4.2783, 3356.8942
current_data: 0.4214, 20658929, 77.2664, 19166.3597
current_data: 2.5457, 41357, 0.0006, 0.0000
current_data: 2.2022, 241569, 26.4819, 60232.2197
current_data: 2.3166, 2392344, 8.9580, 12069.4441
current_data: 1.0954, 6140278, 4.1380, 3191.8933
current_data: 0.4169, 21094485, 78.0254, 18948.8584
current_data: 2.5467, 30547, 0.0003, 0.0000
current_data: 2.2051, 223922, 26.4828, 60390.9706
current_data: 2.3088, 2439055, 9.0480, 12169.4446
current_data: 1.1107, 6179358, 4.0964, 3265.0187
current_data: 0.4274, 21528960, 78.0545, 19101.9843
current_data: 2.5473, 30303, 0.0003, 0.0000
current_data: 2.3500, 222198, 30.0854, 55955.3202
current_data: 2.3543, 2333463, 8.9771, 12187.5697
current_data: 1.1224, 6296407, 4.2590, 3412.5195
current_data: 0.4335, 21897882, 78.0504, 19464.4864
current_data: 2.5466, 29631, 0.0003, 0.0000
current_data: 2.4583, 207789, 31.9673, 54192.8101
current_data: 2.3738, 2350535, 8.9451, 12348.8207
current_data: 1.1176, 6248222, 4.1871, 3321.2690
current_data: 0.4333, 21887606, 78.0764, 19398.8610
current_data: 2.5469, 29799, 0.0003, 0.0000
current_data: 2.4531, 206749, 31.9646, 54045.3092
current_data: 2.3732, 2252753, 8.9142, 12198.1948
current_data: 1.1206, 6273712, 4.2033, 3302.5189
current_data: 0.4332, 21879451, 78.0331, 19336.9856
current_data: 2.5473, 32021, 0.0004, 0.6250
current_data: 2.4587, 207974, 31.9656, 54074.0594
current_data: 2.3674, 2380011, 8.9871, 12267.5702
current_data: 1.1150, 6129672, 4.2901, 3524.3952
current_data: 0.4333, 21851523, 78.0489, 19307.6105
current_data: 2.5452, 34244, 0.0005, 0.0000
current_data: 2.4545, 210921, 31.9659, 54019.0591
current_data: 2.3634, 2385602, 9.0207, 12317.5705
current_data: 1.1209, 6237436, 4.2196, 3338.1441
current_data: 0.4337, 21874838, 78.0764, 19492.6115
current_data: 2.5478, 30563, 0.0003, 0.0000
current_data: 2.4602, 206058, 31.9675, 54143.4348
current_data: 2.3690, 2360583, 8.9814, 12345.6956
current_data: 1.1231, 6273654, 4.1532, 3366.2693
current_data: 0.4338, 21894221, 78.0218, 19513.8617
current_data: 2.5482, 29517, 0.0002, 0.0000
current_data: 2.4600, 200226, 31.9692, 54189.6851
current_data: 2.3204, 2232670, 9.4624, 13449.4520
current_data: 1.1241, 6297310, 4.1328, 3323.7690
current_data: 0.4335, 21886218, 78.0511, 19515.7367
current_data: 2.5479, 29381, 0.0003, 0.0000
current_data: 2.4506, 201396, 31.9670, 53995.9340
current_data: 2.3713, 2401347, 8.9740, 12357.5707
current_data: 1.1220, 6276248, 4.2167, 3493.7700
current_data: 0.4348, 21916918, 78.0644, 19469.4864
current_data: 2.5473, 30789, 0.0003, 0.0000
current_data: 2.2822, 199599, 31.1158, 50124.0368
current_data: 2.3781, 2331191, 8.9813, 12331.9456
current_data: 1.1257, 6301627, 4.1341, 3421.2696
current_data: 0.4365, 22035683, 78.0419, 19503.2366
current_data: 2.5471, 30119, 0.0002, 0.0000
current_data: 2.5517, 205113, 24.9745, 45719.6366
current_data: 2.3027, 2285181, 10.2150, 12955.0741
current_data: 1.1173, 6165221, 4.2836, 3541.8953
current_data: 0.4393, 20241620, 76.0149, 19233.8601
current_data: 2.5464, 34681, 0.0004, 0.0000
current_data: 2.5261, 220124, 24.9754, 45164.6334
current_data: 2.3768, 2412053, 8.9806, 12380.6958
current_data: 1.1198, 6238447, 4.2584, 3446.8947
current_data: 0.4365, 22064235, 78.0390, 19685.7376
current_data: 2.5460, 31796, 0.0003, 0.0000
current_data: 2.5534, 215478, 24.9742, 45713.3866
current_data: 2.3760, 2374756, 8.9729, 12296.3204
current_data: 1.1236, 6271268, 4.1093, 3293.1438
current_data: 0.4367, 22080346, 78.0153, 19734.4879
current_data: 2.5467, 31147, 0.0003, 0.0000
current_data: 2.5442, 209480, 24.9723, 45648.3862
current_data: 2.3741, 2442862, 8.8834, 12266.9452
current_data: 1.1240, 6306261, 4.2285, 3346.2691
current_data: 0.4367, 22002214, 78.0580, 19544.4868
current_data: 2.5471, 30041, 0.0003, 0.0000
current_data: 2.5271, 217813, 24.9722, 45175.2585
current_data: 2.3823, 2300784, 8.9782, 12310.0704
current_data: 1.1229, 6284130, 4.1928, 3398.1444
current_data: 0.4366, 22047070, 78.0451, 19544.4868
current_data: 2.5480, 29488, 0.0002, 0.0000
current_data: 2.5484, 206079, 24.9774, 45642.7612
current_data: 2.3867, 2331185, 8.8954, 12290.0703
current_data: 1.1222, 6246655, 4.2191, 3383.7694
current_data: 0.4370, 21890471, 78.0478, 19371.9858
current_data: 2.5455, 34973, 0.0004, 0.6250
current_data: 2.5454, 213487, 24.9729, 45289.0091
current_data: 2.3833, 2394438, 8.8574, 12231.3200
current_data: 1.1221, 6255819, 4.2009, 3416.2695
current_data: 0.4368, 22024189, 78.0495, 19613.8622
current_data: 2.5477, 30942, 0.0003, 0.0000
current_data: 2.5164, 198938, 24.9708, 45104.0081
current_data: 2.3819, 2317933, 8.9617, 12284.4453
current_data: 1.1203, 6294354, 4.1724, 3348.1442
current_data: 0.4343, 21981722, 78.0206, 19468.2364
current_data: 2.5469, 30841, 0.0003, 0.0000
current_data: 2.4441, 225860, 32.0822, 54177.1850
current_data: 2.3753, 2391831, 8.8698, 12298.1954
current_data: 1.1201, 6273591, 4.1907, 3506.8951
current_data: 0.4343, 21945775, 78.0532, 19519.4867
current_data: 2.5472, 29024, 0.0003, 0.0000
current_data: 2.4550, 207231, 31.9663, 54104.0596
current_data: 2.3760, 2347868, 8.9721, 12364.4457
current_data: 1.1193, 6288489, 4.1556, 3398.7694
current_data: 0.4342, 21939268, 78.0447, 19503.2366
current_data: 2.5464, 28926, 0.0002, 0.0000
current_data: 2.4572, 209204, 31.9639, 54108.4346
current_data: 2.3644, 2427943, 8.9206, 12631.9473
current_data: 1.1191, 6226533, 4.2046, 3386.2694
current_data: 0.4344, 21888929, 78.0873, 19533.2368
current_data: 2.5463, 30056, 0.0002, 0.0000
current_data: 2.4588, 202072, 31.9659, 54118.4347
current_data: 2.3707, 2445090, 8.9498, 12386.9459
current_data: 1.1208, 6285947, 4.2116, 3561.8954
current_data: 0.4347, 21952637, 78.0287, 19486.3615
current_data: 2.5470, 29181, 0.0003, 0.0000
current_data: 2.4580, 202316, 31.9671, 54149.0598
current_data: 2.3769, 2394414, 8.9757, 12345.0706
current_data: 1.1203, 6288424, 4.2165, 3299.3939
current_data: 0.4344, 21935195, 78.0423, 19446.9863
current_data: 2.5476, 30259, 0.0003, 0.0000
current_data: 2.4594, 211728, 31.9682, 54212.1852
current_data: 2.2906, 2249946, 10.1884, 13582.5777
current_data: 1.1092, 6058748, 4.3681, 3561.2704
current_data: 0.4382, 20230613, 76.0219, 19144.4845
current_data: 2.5470, 33173, 0.0004, 0.0000
current_data: 2.4543, 224690, 31.9647, 53972.1838
current_data: 2.3708, 2484495, 8.9809, 12388.8209
current_data: 1.1165, 6225598, 4.2309, 3418.1446
current_data: 0.4339, 21971414, 78.0286, 19642.6124
current_data: 2.5475, 32211, 0.0003, 0.0000
current_data: 2.4554, 213198, 31.9666, 54219.6852
current_data: 2.3714, 2360753, 8.9884, 12333.1956
current_data: 1.1285, 6315274, 4.0995, 3318.7690
current_data: 0.4384, 22164279, 78.0531, 19590.7371
current_data: 2.5471, 29807, 0.0003, 0.0000
current_data: 2.0924, 231738, 34.4176, 47306.5207
current_data: 2.3421, 2454706, 9.5556, 12228.8200
current_data: 1.1274, 6249954, 4.1907, 3426.8946
current_data: 0.4409, 22285461, 78.0511, 19883.8638
current_data: 2.5470, 29554, 0.0003, 0.0000
current_data: 2.1755, 225332, 34.2648, 46201.5144
current_data: 2.3891, 2404295, 8.9002, 12341.9456
current_data: 1.1319, 6349633, 4.1506, 3381.2693
current_data: 0.4409, 22284818, 78.0328, 19799.4883
current_data: 2.5480, 29082, 0.0002, 0.0000
current_data: 2.1748, 222756, 34.2671, 46100.2638
current_data: 2.3991, 2343848, 8.9266, 12401.9460
current_data: 1.1263, 6264400, 4.1715, 3372.5193
current_data: 0.4381, 22111347, 78.0120, 19627.6123
current_data: 2.5471, 29041, 0.0002, 0.0000
current_data: 2.2871, 4577631, 27.9489, 44635.8804
current_data: 2.3822, 2415492, 8.9380, 12363.8207
current_data: 1.0982, 6180554, 4.2364, 3386.8944
current_data: 0.4208, 21246217, 78.0718, 18861.9829
current_data: 2.5476, 29850, 0.0003, 0.0000
current_data: 1.8080, 373582, 34.0692, 58052.2072
current_data: 2.3507, 2333790, 8.9698, 12178.8197
current_data: 1.1194, 6282080, 4.2534, 3418.1446
current_data: 0.4343, 21955373, 78.0813, 19629.4873
current_data: 2.5476, 28743, 0.0002, 0.0000
current_data: 2.7474, 272062, 25.3897, 50277.1627
current_data: 2.3806, 2350360, 8.9625, 12346.9456
current_data: 1.1113, 6229655, 4.2292, 3447.5197
current_data: 0.4276, 21636204, 78.0164, 19307.6105
current_data: 2.5453, 38219, 0.0005, 0.0000
current_data: 2.4546, 265068, 25.7278, 53710.3073
current_data: 2.3574, 2289724, 8.9548, 12225.0700
current_data: 1.0967, 6126793, 4.0876, 3243.7686
current_data: 0.4167, 21054580, 78.0499, 18793.8575
current_data: 2.5473, 29740, 0.0003, 0.0000
current_data: 2.2027, 205682, 26.4862, 60191.5944
current_data: 2.3201, 2316754, 8.9756, 12050.6940
current_data: 1.0977, 6163580, 4.1623, 3233.7685
current_data: 0.4172, 21028994, 78.0353, 18753.8573
current_data: 2.5474, 28988, 0.0002, 0.6250
current_data: 2.2044, 213688, 26.4859, 60150.9692
current_data: 2.3306, 2384227, 8.9440, 12131.3194
current_data: 1.1096, 6222450, 4.2654, 3431.2696
current_data: 0.4279, 21648437, 78.0282, 19124.4844
current_data: 2.5473, 29610, 0.0003, 0.0000
current_data: 2.3579, 224792, 30.2680, 55954.0702
current_data: 2.3665, 2426470, 8.9339, 12345.6956
current_data: 1.1207, 6272198, 4.1477, 3389.3944
current_data: 0.4334, 19932992, 75.6905, 18970.1085
current_data: 2.5467, 28427, 0.0002, 0.0000
current_data: 2.4585, 201455, 31.9693, 54233.4353
current_data: 2.3093, 2468756, 10.0196, 12659.4474
current_data: 1.1110, 6180180, 4.3572, 3499.3950
current_data: 0.4335, 21928075, 78.0457, 19616.9872
current_data: 2.5466, 33597, 0.0004, 0.0000
current_data: 2.4525, 218689, 31.9674, 54107.1846
current_data: 2.3761, 2449332, 8.9217, 12378.8208
current_data: 1.1207, 6207748, 4.1272, 3450.0197
current_data: 0.4340, 21965978, 78.0340, 19600.1122
current_data: 2.5470, 32131, 0.0003, 0.6250
current_data: 2.4579, 206405, 31.9657, 54229.6853
current_data: 2.3733, 2474296, 8.9277, 12356.9457
current_data: 1.1210, 6281121, 4.1798, 3311.8940
current_data: 0.4339, 21866127, 78.0763, 19471.3614
current_data: 2.5465, 29879, 0.0004, 0.0000
current_data: 2.4564, 199512, 31.9656, 54023.4341
current_data: 2.3778, 2434460, 8.9451, 12352.5707
current_data: 1.1223, 6280458, 4.1158, 3304.3939
current_data: 0.4337, 21846035, 78.0745, 19365.1108
current_data: 2.5477, 29513, 0.0002, 0.0000
current_data: 2.4617, 199489, 31.9701, 54136.5598
current_data: 2.3809, 2301258, 8.9380, 12195.6948
current_data: 1.1204, 6264756, 4.1868, 3247.5186
current_data: 0.4338, 21923453, 78.0455, 19400.7360
current_data: 2.5471, 29204, 0.0002, 0.0000
current_data: 2.4617, 201887, 31.9691, 54239.0604
current_data: 2.3839, 2277965, 8.8986, 12239.4450
current_data: 1.1199, 6278158, 4.2101, 3356.2692
current_data: 0.4338, 21917389, 78.0432, 19503.8616
current_data: 2.5474, 29086, 0.0002, 0.0000
current_data: 2.4506, 197417, 31.9681, 53977.8089
current_data: 2.3781, 2423023, 8.8970, 12313.1955
current_data: 1.1198, 6254900, 4.2413, 3390.6444
current_data: 0.4345, 21926650, 78.0363, 19514.4867
current_data: 2.5474, 30197, 0.0003, 0.0000
current_data: 2.2758, 202886, 30.8513, 49624.0340
current_data: 2.3819, 2314669, 8.9275, 12172.5697
current_data: 1.1244, 6269420, 4.1209, 3362.5192
current_data: 0.4366, 22070361, 78.0718, 19587.6121
current_data: 2.5480, 29553, 0.0003, 0.0000
current_data: 2.5508, 212078, 24.9755, 45818.3872
current_data: 2.3911, 2362986, 8.8951, 12381.3208
current_data: 1.1217, 6181678, 4.1718, 3236.8935
current_data: 0.4368, 22024761, 78.0325, 19566.9870
current_data: 2.5469, 32143, 0.0003, 0.0000
current_data: 2.5252, 216886, 24.9763, 45135.8833
current_data: 2.3912, 2368363, 8.9551, 12401.3210
current_data: 1.1222, 6214451, 4.1551, 3288.1438
current_data: 0.4368, 22082595, 78.0346, 19731.3629
current_data: 2.5477, 31735, 0.0003, 0.0000
current_data: 2.5517, 216162, 24.9745, 45705.8865
current_data: 2.3401, 2284418, 9.4310, 13465.0770
current_data: 1.1216, 6300915, 4.3016, 3540.0203
current_data: 0.4368, 22024634, 78.0541, 19562.6119
current_data: 2.5475, 28870, 0.0002, 0.0000
current_data: 2.5461, 208195, 24.9735, 45586.5108
current_data: 2.3869, 2422419, 8.9993, 12434.4462
current_data: 1.1217, 6254780, 4.1904, 3320.0190
current_data: 0.4368, 22064110, 78.0288, 19587.6121
current_data: 2.5453, 37757, 0.0005, 0.0000
current_data: 2.5367, 225554, 24.9743, 45390.8847
current_data: 2.3879, 2351061, 8.9363, 12293.8203
current_data: 1.1234, 6261722, 4.2476, 3460.0198
current_data: 0.4382, 20048954, 75.9877, 19170.7347
current_data: 2.5469, 30283, 0.0003, 0.0000
current_data: 2.5465, 214091, 24.9765, 45667.7613
current_data: 2.3013, 2322655, 10.1611, 13181.3254
current_data: 1.1188, 6182545, 4.2842, 3383.1444
current_data: 0.4364, 22016360, 78.0317, 19738.8629
current_data: 2.5466, 35497, 0.0004, 0.0000
current_data: 2.5429, 226250, 24.9734, 45500.2604
current_data: 2.3914, 2367351, 8.9601, 12326.9455
current_data: 1.1175, 6249423, 4.2937, 3476.8949
current_data: 0.4370, 22103646, 78.0411, 19696.3627
current_data: 2.5472, 33462, 0.0003, 0.0000
current_data: 2.4639, 209640, 24.9326, 44092.7523
current_data: 2.3904, 2432496, 8.8689, 12331.9456
current_data: 1.1197, 6289357, 4.1963, 3415.6445
current_data: 0.4338, 21958947, 78.0676, 19518.2367
current_data: 2.5477, 30770, 0.0003, 0.0000
current_data: 2.4571, 232788, 31.9594, 54232.1853
current_data: 2.3579, 2514617, 9.2001, 12389.4459
current_data: 1.1165, 6239132, 4.2621, 3415.6445
current_data: 0.4338, 21911317, 78.0315, 19471.3614
current_data: 2.5467, 30939, 0.0002, 0.0000
current_data: 2.4514, 209569, 31.9669, 53971.5588
current_data: 2.3820, 2450810, 8.8862, 12309.4454
current_data: 1.1197, 6258656, 4.1565, 3357.5192
current_data: 0.4339, 21919481, 78.0088, 19374.4859
current_data: 2.5466, 33429, 0.0003, 0.0000
current_data: 2.4557, 218769, 31.9652, 54080.3095
current_data: 2.3849, 2466006, 8.8866, 12351.9457
current_data: 1.1105, 6111887, 4.2749, 3501.8950
current_data: 0.4337, 21942146, 78.0351, 19553.8619
current_data: 2.5472, 32552, 0.0004, 0.0000
current_data: 2.4537, 219955, 31.9649, 54150.3099
current_data: 2.3823, 2387223, 8.9803, 12427.5711
current_data: 1.1213, 6274013, 4.0970, 3318.7690
current_data: 0.4335, 21877945, 78.0713, 19338.2357
current_data: 2.5471, 29834, 0.0003, 0.0000
current_data: 2.4555, 206834, 31.9682, 54030.9342
current_data: 2.3813, 2436631, 8.8965, 12353.1957
current_data: 1.1224, 6278933, 4.1165, 3320.0190
current_data: 0.4341, 21930862, 78.0296, 19598.8621
current_data: 2.5480, 29548, 0.0002, 0.0000
current_data: 2.4591, 210199, 31.9668, 54195.3101
current_data: 2.3850, 2391672, 8.9649, 12401.3210
current_data: 1.1211, 6270290, 4.1633, 3353.7692
current_data: 0.4339, 21883371, 78.0523, 19605.7372
current_data: 2.5477, 29108, 0.0002, 0.0000
current_data: 2.4554, 203529, 31.9687, 54040.9342
current_data: 2.3820, 2358911, 9.0007, 12358.1957
current_data: 1.1177, 6253944, 4.2986, 3473.1449
current_data: 0.4336, 21939029, 78.0386, 19520.7367
current_data: 2.5474, 29872, 0.0003, 0.0000
current_data: 2.4514, 201651, 31.9669, 54048.4343
current_data: 2.3740, 2472899, 8.8943, 12648.1974
current_data: 1.1247, 6266881, 4.2099, 3348.7692
current_data: 0.4381, 22073251, 78.0799, 19624.4873
current_data: 2.5467, 30029, 0.0002, 0.0000
current_data: 2.0934, 232908, 34.4923, 47275.2705
current_data: 2.3919, 2423624, 8.9575, 12403.1960
current_data: 1.1286, 6262937, 4.1694, 3341.8941
current_data: 0.4419, 20221760, 76.0376, 19221.9850
current_data: 2.5478, 29891, 0.0002, 0.0000
current_data: 2.1745, 220167, 34.2684, 46077.7637
current_data: 2.3976, 2398448, 8.9370, 12383.1959
current_data: 1.1274, 6273043, 4.2659, 3569.3954
current_data: 0.4405, 22235159, 78.0443, 19850.7386
current_data: 2.5474, 31498, 0.0003, 0.0000
current_data: 2.1723, 217832, 34.2694, 46031.5134
current_data: 2.3208, 2260190, 10.0208, 13585.0777
current_data: 1.1206, 6228354, 4.2419, 3470.6449
current_data: 0.4376, 22133817, 78.0058, 19716.3628
current_data: 2.5458, 33017, 0.0003, 0.0000
current_data: 2.3154, 5147187, 27.3465, 44494.6296
current_data: 2.3922, 2436653, 8.8897, 12341.9456
current_data: 1.0888, 5961472, 4.3560, 3438.1447
current_data: 0.4207, 21269071, 78.0096, 18834.4828
current_data: 2.5467, 32458, 0.0003, 0.0000
current_data: 1.8646, 401298, 33.2004, 57747.2054
current_data: 2.3458, 2372943, 8.9973, 12235.0700
current_data: 1.1194, 6134331, 4.2199, 3271.8937
current_data: 0.4339, 21654028, 78.0653, 19201.9849
current_data: 2.5465, 31745, 0.0003, 0.0000
current_data: 2.7418, 277157, 25.3865, 49799.6600
current_data: 2.3872, 2358239, 8.9529, 12305.6954
current_data: 1.1136, 6216925, 4.1078, 3333.7691
current_data: 0.4275, 21594229, 78.0542, 19115.1094
current_data: 2.5481, 29141, 0.0003, 0.0000
current_data: 2.4560, 230336, 25.7231, 53539.0564
current_data: 2.3709, 2347735, 8.8964, 12251.3201
current_data: 1.0913, 6105467, 4.2337, 3292.5188
current_data: 0.4168, 21048983, 78.0348, 18676.9819
current_data: 2.5469, 28307, 0.0002, 0.0000
current_data: 2.2035, 202212, 26.4892, 60234.7197
current_data: 2.3444, 2414787, 8.9175, 12247.5701
current_data: 1.0936, 6119976, 4.2655, 3346.8942
current_data: 0.4168, 21061935, 78.0489, 18747.6073
current_data: 2.5468, 29109, 0.0002, 0.0000
current_data: 2.2041, 209718, 26.4883, 60294.7200
current_data: 2.3464, 2353073, 8.9665, 12269.4452
current_data: 1.1095, 6177202, 4.2051, 3306.8939
current_data: 0.4278, 21629863, 78.0463, 19284.4853
current_data: 2.5477, 31481, 0.0004, 0.0000
current_data: 2.3541, 221213, 30.2672, 55790.3192
current_data: 2.3299, 2265970, 9.3063, 13222.5757
current_data: 1.1219, 6279603, 4.1977, 3366.2693
current_data: 0.4340, 21879949, 78.0103, 19523.2367
current_data: 2.5473, 30051, 0.0003, 0.0000
current_data: 2.4590, 198843, 31.9696, 54089.0595
current_data: 2.3872, 2388331, 8.8716, 12285.6953
current_data: 1.1233, 6285932, 4.1239, 3388.7694
current_data: 0.4336, 21865314, 78.0793, 19578.8620
current_data: 2.5481, 29502, 0.0003, 0.0000
current_data: 2.4526, 197854, 31.9679, 54008.4340
current_data: 2.3846, 2462242, 8.8736, 12300.6954
current_data: 1.1212, 6261332, 4.2036, 3338.1441
current_data: 0.4337, 21861428, 78.0843, 19344.4857
current_data: 2.5474, 29115, 0.0002, 0.0000
current_data: 2.4582, 199357, 31.9674, 54100.9346
current_data: 2.3370, 2497544, 9.6478, 12336.9456
current_data: 1.1193, 6261048, 4.2322, 3472.5199
current_data: 0.4338, 21915673, 78.0286, 19483.8615
current_data: 2.5469, 30571, 0.0003, 0.0000
current_data: 2.4550, 198790, 31.9675, 54139.0598
current_data: 2.3923, 2309495, 8.9030, 12295.0704
current_data: 1.1210, 6261043, 4.1415, 3313.7690
current_data: 0.4349, 19928486, 75.8848, 19018.2338
current_data: 2.5474, 29251, 0.0003, 0.0000
current_data: 2.4581, 201091, 31.9688, 54019.0591
current_data: 2.3918, 2309788, 8.8819, 12259.4451
current_data: 1.1194, 6236233, 4.1785, 3375.6443
current_data: 0.4338, 21906297, 78.0397, 19576.9870
current_data: 2.5475, 30967, 0.0003, 0.0000
current_data: 2.4611, 206451, 31.9685, 54210.3102
current_data: 2.3867, 2397495, 8.8666, 12282.5703
current_data: 1.1144, 6181360, 4.2853, 3487.5200
current_data: 0.4333, 21904696, 78.0305, 19585.1121
current_data: 2.5465, 32875, 0.0003, 0.0000
current_data: 2.4482, 212280, 31.9653, 53942.1837
current_data: 2.3880, 2367833, 8.9592, 12344.4456
current_data: 1.1199, 6224821, 4.2052, 3383.1444
current_data: 0.4350, 21948543, 78.0799, 19601.9872
current_data: 2.5462, 32282, 0.0003, 0.0000
current_data: 2.2708, 213995, 30.9434, 49654.0341
current_data: 2.3872, 2337396, 8.9244, 12286.9453
current_data: 1.1255, 6275503, 4.1464, 3247.5186
current_data: 0.4368, 22028643, 78.0560, 19527.6117
current_data: 2.5472, 29688, 0.0003, 0.0000
current_data: 2.5501, 214309, 24.9751, 45605.8860
current_data: 2.3845, 2299033, 8.9185, 12248.8201
current_data: 1.1243, 6289264, 4.1597, 3227.5185
current_data: 0.4371, 22048936, 78.0135, 19571.9870
current_data: 2.5467, 29363, 0.0003, 0.0000
current_data: 2.5203, 208200, 24.9765, 45079.0079
current_data: 2.3546, 2357368, 8.9460, 12618.8222
current_data: 1.1222, 6235558, 4.2155, 3288.1438
current_data: 0.4368, 22087656, 78.0467, 19577.6120
current_data: 2.5472, 32693, 0.0003, 0.0000
current_data: 2.5545, 221317, 24.9738, 45854.6374
current_data: 2.3696, 2435696, 8.9348, 12326.3205
current_data: 1.1204, 6019743, 4.2551, 3266.8937
current_data: 0.4366, 22076599, 78.0610, 19675.7376
current_data: 2.5450, 41677, 0.0005, 0.0000
current_data: 2.5426, 246236, 24.9682, 45567.1357
current_data: 2.3679, 2387671, 8.9377, 12263.8202
current_data: 1.1240, 6260640, 4.1648, 3402.5195
current_data: 0.4371, 22077156, 78.0189, 19694.4877
current_data: 2.5461, 30623, 0.0003, 0.0000
current_data: 2.5347, 219023, 24.9697, 45352.1345
current_data: 2.3515, 2495866, 9.0556, 12225.0700
current_data: 1.1255, 6260598, 4.1713, 3389.3944
current_data: 0.4370, 22071521, 78.0285, 19662.6125
current_data: 2.5462, 29665, 0.0003, 0.0000
current_data: 2.5457, 207230, 24.9758, 45635.2611
current_data: 2.3661, 2356745, 8.9141, 12277.5703
current_data: 1.1221, 6250783, 4.1965, 3389.3944
current_data: 0.4367, 22113561, 78.0592, 19659.4875
current_data: 2.5462, 29321, 0.0002, 0.0000
current_data: 2.5465, 213412, 24.9732, 45749.6368
current_data: 2.3650, 2377293, 8.9127, 12261.9452
current_data: 1.1263, 6281313, 4.1238, 3430.6446
current_data: 0.4372, 22079126, 78.0206, 19560.1119
current_data: 2.5469, 28985, 0.0002, 0.0000
current_data: 2.4648, 201861, 24.9334, 44239.0031
current_data: 2.3713, 2340660, 8.9150, 12255.0701
current_data: 1.1156, 6146464, 4.2647, 3390.0194
current_data: 0.4346, 19794138, 75.9229, 18892.6081
current_data: 2.5460, 33796, 0.0004, 0.6250
current_data: 2.4519, 249762, 31.9556, 53955.9337
current_data: 2.3433, 2378426, 8.9081, 12656.9474
current_data: 1.1184, 6240996, 4.1528, 3308.7689
current_data: 0.4337, 21912308, 78.0400, 19530.1118
current_data: 2.5471, 28606, 0.0003, 0.0000
current_data: 2.4514, 210984, 31.9663, 54028.4342
current_data: 2.3613, 2333408, 8.9666, 12248.1951
current_data: 1.1204, 6275231, 4.1661, 3374.3943
current_data: 0.4341, 21908247, 78.0105, 19523.2367
current_data: 2.5464, 30384, 0.0003, 0.0000
current_data: 2.4569, 215306, 31.9651, 54059.6843
current_data: 2.3608, 2359001, 8.9496, 12271.3202
current_data: 1.1151, 6155617, 4.2317, 3293.7688
current_data: 0.4337, 21951591, 78.0393, 19476.9864
current_data: 2.5458, 34210, 0.0004, 0.0000
current_data: 2.4542, 223607, 31.9640, 54136.5598
current_data: 2.3601, 2438560, 8.8866, 12189.4447
current_data: 1.1154, 6229455, 4.2414, 3479.3949
current_data: 0.4336, 21952984, 78.0333, 19419.4861
current_data: 2.5478, 30342, 0.0003, 0.0000
current_data: 2.4541, 215715, 31.9706, 54142.1848
current_data: 2.3622, 2316613, 8.9100, 12195.6948
current_data: 1.1181, 6269213, 4.2664, 3438.1447
current_data: 0.4338, 21949963, 78.0435, 19504.4866
current_data: 2.5471, 29480, 0.0003, 0.0000
current_data: 2.4580, 210782, 31.9680, 54174.6850
current_data: 2.3671, 2346395, 8.9426, 12281.9453
current_data: 1.1205, 6220751, 4.1707, 3387.5194
current_data: 0.4337, 21907098, 78.0322, 19428.2362
current_data: 2.5464, 29289, 0.0003, 0.0000
current_data: 2.4550, 208981, 31.9665, 54105.9346
current_data: 2.3645, 2338634, 8.8990, 12144.4445
current_data: 1.1211, 6257301, 4.1660, 3280.0188
current_data: 0.4339, 21912817, 78.0098, 19459.4863
current_data: 2.5472, 29985, 0.0003, 0.0000
current_data: 2.4537, 204051, 31.9664, 54027.8091
current_data: 2.2943, 2141706, 9.8521, 13440.7019
current_data: 1.1274, 6258133, 4.1276, 3373.7693
current_data: 0.4384, 22092457, 78.0689, 19736.9879
current_data: 2.5463, 31275, 0.0003, 0.0000
current_data: 2.0869, 254535, 34.4865, 47055.8943
current_data: 2.3755, 2352806, 8.9246, 12230.0700
current_data: 1.1301, 6342260, 4.1908, 3470.6449
current_data: 0.4408, 22275275, 78.0226, 19817.6134
current_data: 2.5482, 28864, 0.0003, 0.0000
current_data: 2.1747, 226491, 34.2684, 46107.7638
current_data: 2.3779, 2372571, 8.9191, 12291.9453
current_data: 1.1305, 6330332, 4.2214, 3428.1446
current_data: 0.4409, 22263851, 78.0383, 19796.3633
current_data: 2.5474, 28011, 0.0002, 0.0000
current_data: 2.1741, 225242, 34.2681, 46101.5138
current_data: 2.3763, 2385510, 8.9240, 12290.0703
current_data: 1.1243, 6298344, 4.2032, 3402.5195
current_data: 0.4371, 22065553, 78.0849, 19590.1121
current_data: 2.5458, 35465, 0.0004, 0.0000
current_data: 2.3131, 4941716, 27.5250, 44660.8806
current_data: 2.3674, 2354806, 8.9322, 12300.6954
current_data: 1.1018, 6178684, 4.1538, 3321.8940
current_data: 0.4211, 21314101, 78.0261, 18925.1083
current_data: 2.5466, 29408, 0.0003, 0.0000
current_data: 1.8587, 389115, 33.2993, 57906.5813
current_data: 2.3390, 2286265, 9.0089, 12168.8196
current_data: 1.1220, 6243024, 4.0809, 3200.6433
current_data: 0.4348, 19888552, 75.8463, 18985.1086
current_data: 2.5474, 30396, 0.0003, 0.0000
current_data: 2.7444, 279270, 25.3759, 50085.9116
current_data: 2.3670, 2372046, 8.9563, 12280.6953
current_data: 1.1131, 6196971, 4.1348, 3369.3943
current_data: 0.4271, 21645921, 78.0348, 19318.8605
current_data: 2.5464, 29633, 0.0003, 0.6250
current_data: 2.4439, 231374, 25.7510, 53825.9330
current_data: 2.3123, 2390287, 9.3214, 12116.9443
current_data: 1.0949, 6135245, 4.1634, 3223.7684
current_data: 0.4167, 21069416, 78.0438, 18775.1074
current_data: 2.5473, 31873, 0.0004, 0.0000
current_data: 2.2038, 216455, 26.4875, 60320.3452
current_data: 2.3158, 2311452, 8.9871, 12080.6941
current_data: 1.0900, 6006363, 4.1944, 3265.0187
current_data: 0.4165, 21055496, 78.0506, 18786.3575
current_data: 2.5468, 33668, 0.0004, 0.0000
current_data: 2.2035, 229618, 26.4837, 60295.3450
current_data: 2.3172, 2270851, 8.9971, 12010.6937
current_data: 1.1107, 6185177, 4.2466, 3361.2692
current_data: 0.4279, 21591984, 78.0510, 19167.6097
current_data: 2.5470, 30129, 0.0004, 0.0000
current_data: 2.3619, 218553, 30.3503, 55719.0688
current_data: 2.3479, 2266212, 8.9404, 12096.3192
current_data: 1.1182, 6230441, 4.2196, 3398.7694
current_data: 0.4337, 21885948, 78.0236, 19405.1110
current_data: 2.5476, 30919, 0.0003, 0.0000
current_data: 2.4595, 203027, 31.9694, 54112.1846
current_data: 2.3232, 2411385, 9.5300, 12153.8195
current_data: 1.1146, 6222485, 4.1841, 3448.7697
current_data: 0.4336, 21921875, 78.0381, 19476.3614
current_data: 2.5475, 30990, 0.0003, 0.0000
current_data: 2.4545, 205370, 31.9671, 54114.6846
current_data: 2.3604, 2339058, 8.9560, 12238.1950
current_data: 1.1210, 6281443, 4.1823, 3295.6439
current_data: 0.4337, 21926046, 78.0294, 19416.3611
current_data: 2.5469, 29078, 0.0002, 0.0000
current_data: 2.4614, 193586, 31.9674, 54224.6853
current_data: 2.3695, 2342952, 8.8962, 12168.8196
current_data: 1.1202, 6236907, 4.1975, 3323.7690
current_data: 0.4336, 21864608, 78.0492, 19512.6117
current_data: 2.5466, 28907, 0.0002, 0.0000
current_data: 2.4578, 192688, 31.9678, 54075.9344
current_data: 2.3666, 2364291, 8.9455, 12256.3201
current_data: 1.1182, 6238456, 4.1890, 3473.7699
current_data: 0.4335, 21909696, 78.0680, 19477.6115
current_data: 2.5464, 29796, 0.0002, 0.0000
current_data: 2.4582, 194610, 31.9693, 54193.4351
current_data: 2.3485, 2379240, 8.8910, 12683.8226
current_data: 1.1221, 6280481, 4.1159, 3358.7692
current_data: 0.4337, 21913337, 78.0615, 19507.6116
current_data: 2.5463, 30724, 0.0003, 0.0000
current_data: 2.4635, 196171, 31.9675, 54304.0607
current_data: 2.3641, 2341412, 8.9539, 12265.0702
current_data: 1.1186, 6225403, 4.1951, 3310.6439
current_data: 0.4335, 21883387, 78.0165, 19365.7358
current_data: 2.5476, 28679, 0.0002, 0.0000
current_data: 2.4512, 188547, 31.9683, 53957.8087
current_data: 2.3710, 2322756, 8.9297, 12232.5700
current_data: 1.1208, 6302887, 4.2292, 3471.8949
current_data: 0.4375, 20077608, 76.0386, 19153.2346
current_data: 2.5477, 29653, 0.0002, 0.0000
current_data: 2.2663, 201990, 30.6995, 49252.1568
current_data: 2.3729, 2408955, 8.9005, 12266.9452
current_data: 1.1235, 6298079, 4.1977, 3369.3943
current_data: 0.4364, 22031373, 78.0566, 19596.3621
current_data: 2.5474, 28768, 0.0003, 0.0000
current_data: 2.5516, 208090, 24.9762, 45727.7617
current_data: 2.3843, 2328632, 8.9073, 12297.5704
current_data: 1.1222, 6252820, 4.2664, 3490.0200
current_data: 0.4366, 22020305, 78.0686, 19737.6129
current_data: 2.5465, 34617, 0.0003, 0.0000
current_data: 2.5204, 224032, 24.9780, 45076.5079
current_data: 2.3727, 2390588, 8.9468, 12283.1953
current_data: 1.1214, 6257276, 4.2519, 3402.5195
current_data: 0.4368, 22031124, 78.0663, 19508.8616
current_data: 2.5468, 33655, 0.0003, 0.0000
current_data: 2.5580, 222331, 24.9707, 45744.6368
current_data: 2.3781, 2381475, 8.9146, 12299.4454
current_data: 1.1202, 6183381, 4.1890, 3530.6452
current_data: 0.4367, 22063706, 78.0200, 19573.2370
current_data: 2.5470, 33618, 0.0003, 0.0000
current_data: 2.5412, 222075, 24.9713, 45575.8858
current_data: 2.3197, 2225975, 9.5910, 13541.3275
current_data: 1.1205, 6192768, 4.2909, 3397.5194
current_data: 0.4367, 22040797, 78.0389, 19491.9865
current_data: 2.5473, 31724, 0.0003, 0.0000
current_data: 2.5465, 210728, 24.9731, 45589.6359
current_data: 2.3780, 2382662, 8.9358, 12260.0702
current_data: 1.1239, 6309673, 4.1762, 3483.1449
current_data: 0.4370, 22087527, 78.0190, 19567.6120
current_data: 2.5460, 28796, 0.0002, 0.0000
current_data: 2.5455, 209685, 24.9749, 45644.0112
current_data: 2.3816, 2329556, 8.9156, 12275.0702
current_data: 1.1263, 6250748, 4.0959, 3287.5188
current_data: 0.4370, 22041097, 78.0279, 19561.3619
current_data: 2.5468, 30194, 0.0002, 0.0000
current_data: 2.5475, 209667, 24.9719, 45594.6359
current_data: 2.3762, 2377583, 8.9375, 12248.1951
current_data: 1.1248, 6295213, 4.1756, 3450.0197
current_data: 0.4371, 22060877, 78.0627, 19580.7370
current_data: 2.5480, 29094, 0.0002, 0.0000
current_data: 2.4403, 210701, 25.0030, 43597.1245
current_data: 2.3814, 2436366, 8.9057, 12321.3205
current_data: 1.1198, 6295573, 4.1588, 3443.7697
current_data: 0.4342, 21950919, 78.0300, 19585.1121
current_data: 2.5470, 31063, 0.0003, 0.0000
current_data: 2.4563, 222208, 31.9671, 54181.5600
current_data: 2.3760, 2384271, 8.9297, 12290.0703
current_data: 1.1201, 6274490, 4.1994, 3337.5191
current_data: 0.4340, 21865067, 78.0592, 19563.8619
current_data: 2.5480, 28730, 0.0002, 0.0000
current_data: 2.4510, 213121, 31.9655, 53874.6833
current_data: 2.3712, 2291427, 8.9569, 12201.9448
current_data: 1.1210, 6242165, 4.1320, 3372.5193
current_data: 0.4341, 21931318, 78.0606, 19455.1113
current_data: 2.5468, 29879, 0.0002, 0.0000
current_data: 2.4563, 213119, 31.9648, 54143.4348
current_data: 2.2975, 2174183, 10.0885, 13293.2011
current_data: 1.1219, 6270107, 4.1547, 3320.0190
current_data: 0.4340, 21913307, 78.0506, 19486.3615
current_data: 2.5473, 28544, 0.0002, 0.0000
current_data: 2.4561, 206264, 31.9657, 54100.3096
current_data: 2.3717, 2430438, 8.8808, 12288.1953
current_data: 1.1174, 6205533, 4.1926, 3338.7691
current_data: 0.4348, 19820682, 75.9470, 18873.2330
current_data: 2.5472, 29743, 0.0003, 0.0000
current_data: 2.4523, 209215, 31.9662, 53979.6839
current_data: 2.3728, 2335762, 8.9246, 12274.4452
current_data: 1.1204, 6254722, 4.1190, 3353.7692
current_data: 0.4338, 21902044, 78.0266, 19622.6123
current_data: 2.5469, 29660, 0.0002, 0.0000
current_data: 2.4595, 209141, 31.9668, 54117.8097
current_data: 2.3748, 2308137, 8.9115, 12196.9448
current_data: 1.1168, 6199483, 4.2410, 3371.2693
current_data: 0.4329, 21880327, 78.0483, 19533.2368
current_data: 2.5466, 31556, 0.0003, 0.0000
current_data: 2.4542, 208291, 31.9664, 54046.5593
current_data: 2.3673, 2372017, 8.9841, 12243.1951
current_data: 1.1175, 6172667, 4.2125, 3380.6443
current_data: 0.4335, 21872656, 78.0375, 19467.6114
current_data: 2.5463, 33385, 0.0004, 0.6250
current_data: 2.4547, 215700, 31.9651, 53996.5590
current_data: 2.3687, 2308600, 8.9469, 12166.3196
current_data: 1.1213, 5917197, 4.2782, 3263.7687
current_data: 0.4379, 22128921, 78.0597, 19579.4870
current_data: 2.5466, 31725, 0.0003, 0.0000
current_data: 2.0850, 267424, 34.5271, 47067.7693
current_data: 2.3830, 2382980, 8.9262, 12287.5703
current_data: 1.1300, 6341287, 4.2332, 3368.7693
current_data: 0.4406, 22292457, 78.0153, 19816.9884
current_data: 2.5467, 30016, 0.0003, 0.0000
current_data: 2.1754, 223117, 34.2657, 46145.8890
current_data: 2.3375, 2438641, 9.7875, 12465.0713
current_data: 1.1282, 6315066, 4.2020, 3461.8948
current_data: 0.4404, 22183644, 78.0366, 19628.2373
current_data: 2.5449, 38734, 0.0005, 0.0000
current_data: 2.1734, 244158, 34.2646, 45956.5130
current_data: 2.3876, 2417532, 8.9129, 12263.1952
current_data: 1.1252, 6330347, 4.2654, 3450.0197
current_data: 0.4374, 22105155, 78.0441, 19610.1122
current_data: 2.5480, 28577, 0.0002, 0.0000
current_data: 2.3427, 5521710, 26.9011, 44532.7548
current_data: 2.3779, 2351218, 8.9107, 12264.4452
current_data: 1.0961, 6111736, 4.1566, 3234.3935
current_data: 0.4211, 21268323, 78.0316, 18994.4837
current_data: 2.5467, 29039, 0.0002, 0.6250
current_data: 1.9081, 390021, 32.6083, 57626.5797
current_data: 2.3429, 2311869, 8.9962, 12176.3197
current_data: 1.1210, 6262538, 4.2270, 3445.6447
current_data: 0.4339, 21883579, 78.0651, 19486.9865
current_data: 2.5470, 30708, 0.0003, 0.0000
current_data: 2.7381, 265309, 25.3724, 49985.9110
current_data: 2.3603, 2380752, 8.8990, 12830.0734
current_data: 1.1089, 6191238, 4.1394, 3297.5189
current_data: 0.4267, 21561233, 78.0560, 19076.3592
current_data: 2.5474, 31416, 0.0003, 0.0000
current_data: 2.4377, 249648, 25.7723, 53940.3086
current_data: 2.3498, 2397141, 8.9226, 12235.6950
current_data: 1.0913, 6101475, 4.2229, 3227.5185
current_data: 0.4168, 21106780, 78.0388, 18703.8570
current_data: 2.5474, 33672, 0.0004, 0.0000
current_data: 2.2043, 212510, 26.4870, 60384.0955
current_data: 2.3302, 2340028, 8.9531, 12095.6942
current_data: 1.0958, 6125783, 4.0963, 3226.8935
current_data: 0.4205, 19246692, 75.9866, 18464.4807
current_data: 2.5471, 29035, 0.0002, 0.0000
current_data: 2.2036, 210179, 26.4861, 60273.4699
current_data: 2.3303, 2301934, 8.9391, 12046.9439
current_data: 1.1116, 6216729, 4.1987, 3336.8941
current_data: 0.4281, 21583645, 78.0682, 19249.4851
current_data: 2.5476, 28893, 0.0002, 0.0000
current_data: 2.3647, 216829, 30.4386, 55534.0678
current_data: 2.3677, 2354127, 8.9395, 12240.0700
current_data: 1.1207, 6295800, 4.2195, 3434.3947
current_data: 0.4338, 21952626, 78.0282, 19635.1124
current_data: 2.5477, 30170, 0.0003, 0.0000
current_data: 2.4585, 199980, 31.9707, 54230.9353
current_data: 2.3766, 2317668, 8.9203, 12203.8198
current_data: 1.1205, 6287050, 4.1783, 3346.2691
current_data: 0.4338, 21857946, 78.0427, 19379.4859
current_data: 2.5465, 29021, 0.0002, 0.0000
current_data: 2.4540, 192073, 31.9692, 53944.0587
current_data: 2.3770, 2334515, 8.8601, 12180.0697
current_data: 1.1168, 6199946, 4.2387, 3436.8947
current_data: 0.4336, 21921176, 78.0169, 19379.4859
current_data: 2.5462, 30824, 0.0003, 0.0000
current_data: 2.4576, 205602, 31.9672, 54187.1851
current_data: 2.3719, 2381643, 8.9434, 12276.3202
current_data: 1.1126, 6197485, 4.2469, 3395.6444
current_data: 0.4333, 21902790, 78.0396, 19388.8609
current_data: 2.5462, 32906, 0.0004, 0.0000
current_data: 2.4552, 214705, 31.9659, 54142.1848
current_data: 2.3736, 2458051, 8.8836, 12324.4455
current_data: 1.1172, 6210419, 4.2503, 3403.7695
current_data: 0.4338, 21891272, 78.0270, 19462.6114
current_data: 2.5466, 29069, 0.0003, 0.0000
current_data: 2.4609, 200739, 31.9686, 54120.3097
current_data: 2.3794, 2355599, 8.9589, 12353.8207
current_data: 1.1223, 6292007, 4.0586, 3299.3939
current_data: 0.4340, 21956208, 78.0141, 19499.4866
current_data: 2.5477, 29479, 0.0003, 0.0000
current_data: 2.4626, 201780, 31.9679, 54302.1857
current_data: 2.3780, 2310299, 8.9230, 12209.4449
current_data: 1.1194, 6309806, 4.2228, 3360.0192
current_data: 0.4335, 21916817, 78.0501, 19511.3616
current_data: 2.5467, 27929, 0.0002, 0.0000
current_data: 2.4509, 195079, 31.9691, 54090.9345
current_data: 2.3045, 2175702, 9.9579, 13439.4519
current_data: 1.1148, 6154629, 4.3614, 3598.1456
current_data: 0.4348, 21928760, 78.0141, 19494.4865
current_data: 2.5474, 32457, 0.0004, 0.0000
current_data: 2.2696, 218535, 30.6338, 49157.7813
current_data: 2.3826, 2365812, 8.8924, 12271.9452
current_data: 1.1217, 6250571, 4.1113, 3238.1435
current_data: 0.4364, 22029479, 78.0568, 19618.8623
current_data: 2.5456, 38747, 0.0006, 0.0000
current_data: 2.5462, 235623, 24.9736, 45618.3860
current_data: 2.3872, 2403876, 8.9236, 12345.6956
current_data: 1.1263, 6291073, 4.1653, 3358.7692
current_data: 0.4367, 22022468, 78.0762, 19549.4869
current_data: 2.5471, 28819, 0.0002, 0.0000
current_data: 2.5188, 215024, 24.9741, 45059.0078
current_data: 2.3812, 2416175, 8.8858, 12337.5706
current_data: 1.1201, 6213638, 4.2565, 3401.8945
current_data: 0.4360, 21991736, 78.0496, 19551.9869
current_data: 2.5475, 28979, 0.0002, 0.0000
current_data: 2.5529, 212944, 24.9737, 45609.6360
current_data: 2.3841, 2397294, 8.8898, 12213.8199
current_data: 1.1248, 6236843, 4.1033, 3363.7692
current_data: 0.4399, 20194038, 76.1106, 19232.6100
current_data: 2.5478, 29855, 0.0003, 0.0000
current_data: 2.5416, 211807, 24.9733, 45564.0107
current_data: 2.3832, 2420598, 8.9186, 12318.8205
current_data: 1.1218, 6236712, 4.1909, 3423.7696
current_data: 0.4364, 22015440, 78.0490, 19713.2378
current_data: 2.5463, 30606, 0.0002, 0.0000
current_data: 2.5483, 217015, 24.9732, 45561.5107
current_data: 2.3835, 2353166, 8.9272, 12291.3203
current_data: 1.1263, 6272791, 4.0936, 3273.7687
current_data: 0.4366, 22052744, 78.0232, 19650.1124
current_data: 2.5470, 30685, 0.0002, 0.0000
current_data: 2.5443, 207655, 24.9771, 45582.1358
current_data: 2.3277, 2451163, 9.8265, 12509.4466
current_data: 1.1252, 6283072, 4.1790, 3371.8943
current_data: 0.4362, 21960632, 78.0882, 19510.1116
current_data: 2.5470, 29505, 0.0002, 0.0000
current_data: 2.5472, 209040, 24.9746, 45537.1356
current_data: 2.3868, 2423510, 8.8786, 12315.0705
current_data: 1.1244, 6227000, 4.1541, 3417.5196
current_data: 0.4369, 22002171, 78.0200, 19452.6113
current_data: 2.5468, 32051, 0.0003, 0.0000
current_data: 2.4477, 223725, 24.9372, 43534.6241
current_data: 2.3850, 2401607, 8.9359, 12318.8205
current_data: 1.1158, 6180461, 4.2498, 3391.2694
current_data: 0.4335, 21963829, 77.9962, 19399.4860
current_data: 2.5476, 32741, 0.0003, 0.0000
current_data: 2.4554, 236068, 31.9676, 54186.5601
current_data: 2.3752, 2384588, 8.9600, 12328.8205
current_data: 1.1184, 6307017, 4.2773, 3438.7697
current_data: 0.4337, 21906296, 78.0384, 19448.2363
current_data: 2.5476, 29735, 0.0003, 0.0000
current_data: 2.4496, 219570, 31.9676, 53952.8087
current_data: 2.3736, 2388392, 8.9165, 12362.5707
current_data: 1.1170, 6216412, 4.1955, 3384.3944
current_data: 0.4336, 21880253, 78.0469, 19421.9861
current_data: 2.5468, 28858, 0.0002, 0.0000
current_data: 2.4568, 217102, 31.9654, 54060.3093
current_data: 2.3837, 2291183, 8.9295, 12240.0700
current_data: 1.1175, 6260043, 4.2273, 3479.3949
current_data: 0.4334, 21899781, 78.0495, 19535.1118
current_data: 2.5473, 28887, 0.0003, 0.0000
current_data: 2.4547, 219004, 31.9653, 54107.1846
current_data: 2.3782, 2460469, 8.8767, 12348.8207
current_data: 1.1200, 6235503, 4.1765, 3329.3941
current_data: 0.4338, 21883940, 78.0173, 19502.6116
current_data: 2.5478, 27931, 0.0002, 0.0000
current_data: 2.4549, 216679, 31.9667, 53986.5589
current_data: 2.3805, 2370474, 8.9488, 12312.5705
current_data: 1.1187, 6269739, 4.2988, 3438.7697
current_data: 0.4335, 21878898, 78.0797, 19515.7367
current_data: 2.5477, 29998, 0.0003, 0.0000
current_data: 2.4597, 219170, 31.9674, 54215.3102
current_data: 2.3803, 2465430, 8.8894, 12340.0706
current_data: 1.1213, 6261480, 4.1435, 3352.5192
current_data: 0.4337, 21905860, 78.0321, 19428.8612
current_data: 2.5476, 28132, 0.0002, 0.0000
current_data: 2.4559, 209967, 31.9681, 54146.5598
current_data: 2.3752, 2381553, 8.9389, 12326.3205
current_data: 1.1225, 6305770, 4.0827, 3210.0184
current_data: 0.4368, 20068307, 76.0738, 19086.3592
current_data: 2.5471, 28742, 0.0002, 0.0000
current_data: 2.4550, 204389, 31.9689, 53942.1837
current_data: 2.3778, 2309429, 8.9374, 12164.4446
current_data: 1.1286, 6341189, 4.1150, 3338.1441
current_data: 0.4380, 22142020, 78.0470, 19722.6129
current_data: 2.5472, 34775, 0.0004, 0.0000
current_data: 2.0874, 250501, 34.5137, 47197.7701
current_data: 2.3096, 2193104, 10.1055, 13148.8252
current_data: 1.1295, 6318896, 4.2239, 3338.7691
current_data: 0.4409, 22200999, 78.0233, 19852.6136
current_data: 2.5468, 29387, 0.0003, 0.0000
current_data: 2.1759, 221661, 34.2655, 45987.7631
current_data: 2.3955, 2341473, 8.8975, 12266.9452
current_data: 1.1312, 6282756, 4.1345, 3417.5196
current_data: 0.4407, 22243931, 78.0639, 19705.1128
current_data: 2.5457, 29382, 0.0003, 0.0000
current_data: 2.1745, 225504, 34.2648, 46096.5138
current_data: 2.3947, 2424034, 8.8960, 12354.4457
current_data: 1.1253, 6281810, 4.2318, 3330.6441
current_data: 0.4374, 22089492, 78.0737, 19596.3621
current_data: 2.5466, 28396, 0.0002, 0.0000
current_data: 2.3394, 5423352, 27.0213, 44574.0051
current_data: 2.4009, 2357201, 8.9507, 12370.6958
current_data: 1.0952, 6064966, 4.2874, 3353.1442
current_data: 0.4204, 21224700, 78.0380, 18868.8580
current_data: 2.5473, 33675, 0.0004, 0.6250
current_data: 1.8919, 405200, 32.8126, 57552.8293
current_data: 2.3516, 2405124, 8.9518, 12148.8195
current_data: 1.1074, 6044447, 4.3773, 3501.2700
current_data: 0.4339, 21964065, 78.0101, 19493.8615
current_data: 2.5463, 34658, 0.0005, 0.0000
current_data: 2.7424, 285493, 25.3712, 50195.9122
current_data: 2.3746, 2424399, 8.9565, 12355.6957
current_data: 1.1087, 6196182, 4.2759, 3355.6442
current_data: 0.4271, 21556866, 78.0379, 19108.2343
current_data: 2.5467, 29950, 0.0003, 0.0000
current_data: 2.4453, 244186, 25.7727, 54008.4340
current_data: 2.3609, 2312503, 8.9728, 12217.5699
current_data: 1.0972, 6128310, 4.0912, 3296.8939
current_data: 0.4169, 21009420, 78.0660, 18710.1071
current_data: 2.5484, 28494, 0.0002, 0.0000
current_data: 2.2047, 204305, 26.4863, 60185.3444
current_data: 2.3341, 2326539, 8.9707, 12129.4444
current_data: 1.0933, 6139261, 4.1656, 3310.6439
current_data: 0.4167, 21077337, 78.0242, 18763.8574
current_data: 2.5478, 28979, 0.0002, 0.0000
current_data: 2.2058, 211128, 26.4873, 60354.7204
current_data: 2.3414, 2343582, 8.9517, 12125.6944
current_data: 1.1129, 6242791, 4.1498, 3292.5188
current_data: 0.4286, 21661435, 78.0456, 19335.1106
current_data: 2.5472, 28831, 0.0002, 0.0000
current_data: 2.3677, 216568, 30.4213, 55769.6941
current_data: 2.3801, 2313705, 8.9087, 12201.9448
current_data: 1.1207, 6233502, 4.1183, 3337.5191
current_data: 0.4338, 21868426, 78.0581, 19420.1111
current_data: 2.5477, 29169, 0.0003, 0.0000
current_data: 2.4593, 196451, 31.9701, 54092.1845
current_data: 2.3858, 2382393, 8.8601, 12232.5700
current_data: 1.1194, 6235521, 4.2053, 3298.7689
current_data: 0.4337, 21921607, 78.0425, 19449.4863
current_data: 2.5481, 28473, 0.0002, 0.0000
current_data: 2.4551, 196786, 31.9673, 54079.0594
current_data: 2.3636, 2517839, 9.2194, 12316.3205
current_data: 1.1215, 6276024, 4.1173, 3239.3935
current_data: 0.4370, 19948056, 76.1273, 18999.4837
current_data: 2.5469, 29819, 0.0003, 0.0000
current_data: 2.4609, 192620, 31.9675, 54114.6846
current_data: 2.3885, 2445663, 8.9077, 12361.3207
current_data: 1.1206, 6253723, 4.1282, 3264.3937
current_data: 0.4336, 21917077, 78.0650, 19605.1122
current_data: 2.5471, 29855, 0.0003, 0.0000
current_data: 2.4574, 196796, 31.9693, 54194.0601
current_data: 2.3887, 2381844, 8.9075, 12368.1958
current_data: 1.1128, 6188141, 4.2761, 3405.6445
current_data: 0.4333, 21907112, 78.0360, 19520.1117
current_data: 2.5467, 35323, 0.0005, 0.0000
current_data: 2.4588, 217769, 31.9683, 54206.5602
current_data: 2.3820, 2444998, 8.8694, 12295.6954
current_data: 1.1174, 6191965, 4.1768, 3380.6443
current_data: 0.4336, 21950022, 78.0507, 19520.7367
current_data: 2.5483, 29135, 0.0003, 0.6250
current_data: 2.4596, 199286, 31.9676, 54350.9360
current_data: 2.3651, 2440333, 8.9079, 12948.1991
current_data: 1.1222, 6275579, 4.1578, 3272.5187
current_data: 0.4335, 21867030, 78.0330, 19345.1107
current_data: 2.5473, 29137, 0.0002, 0.0000
current_data: 2.4527, 191597, 31.9690, 53945.3087
current_data: 2.3885, 2366932, 8.9400, 12352.5707
current_data: 1.1180, 6186782, 4.2011, 3375.6443
current_data: 0.4346, 21932833, 78.0197, 19423.2361
current_data: 2.5451, 37777, 0.0005, 0.0000
current_data: 2.2775, 220460, 30.6105, 49379.0325
current_data: 2.3819, 2389883, 8.9787, 12300.6954
current_data: 1.1162, 6149922, 4.2597, 3268.1437
current_data: 0.4362, 22025857, 78.0338, 19552.6119
current_data: 2.5466, 33161, 0.0004, 0.0000
current_data: 2.5494, 224212, 24.9723, 45664.6363
current_data: 2.3869, 2342646, 8.9198, 12208.1949
current_data: 1.1214, 6261272, 4.1968, 3373.7693
current_data: 0.4364, 22064627, 78.0308, 19619.4873
current_data: 2.5469, 29392, 0.0003, 0.0000
current_data: 2.5266, 204942, 24.9769, 45284.0091
current_data: 2.3917, 2347127, 8.9297, 12314.4455
current_data: 1.1248, 6272911, 4.2102, 3402.5195
current_data: 0.4365, 22079625, 78.0304, 19724.4879
current_data: 2.5486, 29844, 0.0003, 0.0000
current_data: 2.5625, 204041, 24.9736, 45947.1379
current_data: 2.3912, 2420920, 8.9087, 12388.1959
current_data: 1.1240, 6258976, 4.1896, 3454.3948
current_data: 0.4366, 22034979, 78.0290, 19624.4873
current_data: 2.5489, 29530, 0.0003, 0.0000
current_data: 2.5447, 201303, 24.9735, 45558.3857
current_data: 2.3973, 2410609, 8.9046, 12381.9459
current_data: 1.1232, 6298868, 4.1933, 3381.2693
current_data: 0.4365, 22029108, 78.0545, 19597.6121
current_data: 2.5473, 28788, 0.0002, 0.0000
current_data: 2.5524, 204497, 24.9747, 45754.6368
current_data: 2.3166, 2203815, 9.9589, 13543.2025
current_data: 1.1220, 6241081, 4.1965, 3375.6443
current_data: 0.4364, 22061900, 78.0344, 19513.2367
current_data: 2.5476, 31742, 0.0003, 0.0000
current_data: 2.5473, 207403, 24.9770, 45669.6363
current_data: 2.3902, 2404919, 8.9249, 12323.8205
current_data: 1.1210, 6235093, 4.1454, 3345.0191
current_data: 0.4377, 20389241, 76.2631, 19065.7341
current_data: 2.5473, 31609, 0.0003, 0.0000
current_data: 2.5483, 210063, 24.9731, 45770.2619
current_data: 2.3950, 2458963, 8.9134, 12416.3210
current_data: 1.1242, 6286723, 4.2022, 3365.0193
current_data: 0.4375, 22102695, 78.0513, 19702.6127
current_data: 2.5478, 29034, 0.0002, 0.0000
current_data: 2.3858, 200035, 25.4180, 43502.1239
current_data: 2.3963, 2393840, 8.9055, 12390.6959
current_data: 1.1178, 6227719, 4.1446, 3387.5194
current_data: 0.4334, 21865681, 78.0386, 19525.7367
current_data: 2.5477, 29012, 0.0002, 0.0000
current_data: 2.4577, 210084, 31.9680, 54084.0595
current_data: 2.3842, 2403990, 8.9450, 12387.5709
current_data: 1.1167, 6257858, 4.2827, 3330.6441
current_data: 0.4336, 21908367, 78.0722, 19440.1112
current_data: 2.5469, 29756, 0.0003, 0.0000
current_data: 2.4509, 213618, 31.9645, 54007.8090
current_data: 2.3871, 2366777, 8.9461, 12295.0704
current_data: 1.1193, 6250482, 4.1675, 3220.0184
current_data: 0.4339, 21919490, 78.0348, 19360.7358
current_data: 2.5464, 29151, 0.0003, 0.0000
current_data: 2.4583, 210145, 31.9651, 54132.8098
current_data: 2.3882, 2368452, 8.8842, 12276.9452
current_data: 1.1211, 6221632, 4.0915, 3278.1438
current_data: 0.4337, 21911245, 78.0674, 19441.9862
current_data: 2.5471, 31123, 0.0003, 0.0000
current_data: 2.4562, 202332, 31.9665, 54152.8099
current_data: 2.3250, 2533005, 9.2233, 12206.9448
current_data: 1.1178, 6229845, 4.2722, 3481.8949
current_data: 0.4339, 21937251, 78.0071, 19468.8614
current_data: 2.5470, 32951, 0.0003, 0.6250
current_data: 2.4552, 214407, 31.9682, 54116.5597
current_data: 2.3518, 2418303, 8.9679, 12211.3199
current_data: 1.1160, 6196434, 4.2336, 3392.5194
current_data: 0.4336, 21932597, 78.0295, 19380.7359
current_data: 2.5463, 33905, 0.0004, 0.0000
current_data: 2.4584, 223946, 31.9662, 54191.5601
current_data: 2.3566, 2399451, 8.9452, 12225.6950
current_data: 1.1201, 6291080, 4.2137, 3420.0196
current_data: 0.4337, 21934432, 78.0322, 19523.8617
current_data: 2.5473, 31101, 0.0003, 0.0000
current_data: 2.4555, 211413, 31.9654, 54157.8099
current_data: 2.3599, 2392688, 8.9365, 12206.3198
current_data: 1.1218, 6262419, 4.0949, 3358.7692
current_data: 0.4335, 21844907, 78.0421, 19524.4867
current_data: 2.5455, 37892, 0.0004, 0.0000
current_data: 2.4556, 215368, 31.9676, 53955.3087
current_data: 2.3593, 2399990, 8.9691, 12178.8197
current_data: 1.1269, 6306014, 4.2508, 3398.1444
current_data: 0.4386, 22140070, 78.0390, 19778.2382
current_data: 2.5472, 30366, 0.0003, 0.0000
current_data: 2.0817, 248334, 34.6147, 46899.0184
current_data: 2.3728, 2432093, 8.9110, 12300.6954
current_data: 1.1284, 6255427, 4.1858, 3270.0187
current_data: 0.4406, 22192469, 78.0654, 19741.9880
current_data: 2.5464, 30004, 0.0002, 0.0000
current_data: 2.1752, 221383, 34.2662, 46004.0132
current_data: 2.3796, 2368795, 8.8848, 12230.0700
current_data: 1.1300, 6343522, 4.2282, 3416.8946
current_data: 0.4409, 22269328, 77.9989, 19803.8633
current_data: 2.5462, 30133, 0.0003, 0.0000
current_data: 2.1744, 224867, 34.2662, 46090.2637
current_data: 2.3800, 2310150, 8.9067, 12201.9448
current_data: 1.1258, 6253825, 4.1274, 3386.8944
current_data: 0.4393, 20094455, 76.0929, 19199.4849
current_data: 2.5470, 30667, 0.0003, 0.0000
current_data: 2.3097, 5707301, 26.9697, 44497.1296
current_data: 2.3453, 2469754, 9.3516, 12241.9450
current_data: 1.1036, 6175906, 4.1769, 3310.0189
current_data: 0.4217, 21264558, 78.0632, 19039.4839
current_data: 2.5483, 28616, 0.0002, 0.0000
current_data: 1.9878, 383492, 31.5526, 57198.4523
current_data: 2.3351, 2342034, 8.9079, 12053.1940
current_data: 1.1199, 6204691, 4.1028, 3309.3939
current_data: 0.4341, 21955167, 78.0267, 19614.4872
current_data: 2.5469, 30406, 0.0003, 0.6250
current_data: 2.7405, 282658, 25.3481, 50079.6616
current_data: 2.3660, 2388249, 8.9147, 12245.0701
current_data: 1.1062, 6207519, 4.2647, 3422.5196
current_data: 0.4261, 21656986, 78.0495, 19223.8600
current_data: 2.5459, 32746, 0.0003, 0.0000
current_data: 2.4163, 256313, 25.8355, 54674.0628
current_data: 2.3409, 2408621, 8.9531, 12218.1949
current_data: 1.0917, 6116509, 4.2284, 3405.0195
current_data: 0.4166, 21119332, 78.0359, 18736.3572
current_data: 2.5474, 30466, 0.0003, 0.0000
current_data: 2.2033, 217104, 26.4860, 60441.5958
current_data: 2.3185, 2418653, 9.0324, 12165.6946
current_data: 1.0940, 6130394, 4.1406, 3316.2690
current_data: 0.4168, 21048891, 78.0343, 18648.2317
current_data: 2.5490, 28487, 0.0002, 0.0000
current_data: 2.2044, 216399, 26.4845, 60228.4696
current_data: 2.3174, 2361603, 8.9856, 11997.5687
current_data: 1.1093, 6124020, 4.2209, 3369.3943
current_data: 0.4291, 21709629, 77.9968, 19250.7352
current_data: 2.5461, 32804, 0.0003, 0.0000
current_data: 2.3774, 239422, 30.6702, 55467.8174
current_data: 2.3549, 2406165, 8.9544, 12190.0698
current_data: 1.1145, 6228636, 4.3239, 3506.2701
current_data: 0.4335, 21878202, 78.0259, 19414.4861
current_data: 2.5462, 33341, 0.0004, 0.6250
current_data: 2.4574, 214388, 31.9675, 54088.4345
current_data: 2.3578, 2382214, 8.9513, 12175.0697
current_data: 1.1127, 5891237, 4.2298, 3378.1443
current_data: 0.4333, 21855388, 78.0556, 19468.2364
current_data: 2.5477, 31498, 0.0004, 0.0000
current_data: 2.4546, 204128, 31.9661, 54017.1841
current_data: 2.3620, 2393234, 8.9371, 12225.0700
current_data: 1.1186, 6245799, 4.2119, 3270.6437
current_data: 0.4335, 21876881, 78.0335, 19443.2363
current_data: 2.5471, 29568, 0.0002, 0.0000
current_data: 2.4594, 196834, 31.9660, 54089.6845
current_data: 2.3638, 2375050, 8.9499, 12161.3196
current_data: 1.1219, 6245901, 4.1290, 3304.3939
current_data: 0.4336, 21888832, 78.0537, 19359.4858
current_data: 2.5473, 28279, 0.0002, 0.0000
current_data: 2.4581, 191628, 31.9693, 54154.6849
current_data: 2.3621, 2355607, 8.9250, 12208.8199
current_data: 1.1236, 6285148, 4.1167, 3330.6441
current_data: 0.4337, 21949632, 78.0354, 19416.3611
current_data: 2.5473, 29027, 0.0002, 0.0000
current_data: 2.4617, 197568, 31.9711, 54343.4360
current_data: 2.3664, 2358657, 8.9327, 12190.0698
current_data: 1.1180, 6249792, 4.2228, 3341.8941
current_data: 0.4303, 21604646, 77.8813, 19293.2354
current_data: 2.5454, 37223, 0.0005, 0.0000
current_data: 2.4614, 213390, 31.9688, 54261.5605
current_data: 2.3623, 2436791, 8.9693, 12285.6953
current_data: 1.1175, 6260937, 4.2688, 3415.6445
current_data: 0.4331, 21894145, 78.0620, 19541.9868
current_data: 2.5468, 29883, 0.0003, 0.0000
current_data: 2.4485, 205788, 31.9660, 53970.3088
current_data: 2.3614, 2417158, 8.9406, 12122.5694
current_data: 1.1200, 6232989, 4.1937, 3280.0188
current_data: 0.4349, 22002820, 78.0147, 19694.4877
current_data: 2.5467, 29691, 0.0003, 0.0000
current_data: 2.2860, 206168, 30.1949, 49109.6560
current_data: 2.3713, 2447255, 8.9037, 12271.9452
current_data: 1.1253, 6310960, 4.0835, 3315.6440
current_data: 0.4366, 22072057, 78.0377, 19641.9874
current_data: 2.5470, 28853, 0.0002, 0.0000
current_data: 2.5532, 215164, 24.9750, 45796.5120
current_data: 2.3715, 2407853, 8.9063, 12216.3199
current_data: 1.1245, 6277741, 4.1751, 3335.0191
current_data: 0.4365, 22001469, 78.0620, 19561.9869
current_data: 2.5469, 29688, 0.0003, 0.0000
current_data: 2.5218, 207518, 24.9783, 45085.8830
current_data: 2.3706, 2416722, 8.9625, 12276.9452
current_data: 1.1226, 6301526, 4.2412, 3398.1444
current_data: 0.4364, 22070470, 78.0432, 19573.8620
current_data: 2.5476, 29868, 0.0003, 0.0000
current_data: 2.5529, 217734, 24.9732, 45734.6367
current_data: 2.3690, 2331201, 8.9388, 12159.4446
current_data: 1.1220, 6281028, 4.1676, 3349.3942
current_data: 0.4367, 22014096, 78.0096, 19505.7366
current_data: 2.5468, 28003, 0.0003, 0.0000
current_data: 2.5341, 209369, 24.9742, 45396.5098
current_data: 2.3736, 2396486, 8.9147, 12264.4452
current_data: 1.1199, 6216658, 4.2051, 3503.1450
current_data: 0.4364, 22058816, 78.0067, 19495.7366
current_data: 2.5460, 33817, 0.0003, 0.0000
current_data: 2.5494, 227703, 24.9741, 45683.3864
current_data: 2.3740, 2409679, 8.9135, 12226.9450
current_data: 1.1226, 6205354, 4.1662, 3318.1440
current_data: 0.4364, 22009776, 78.0580, 19635.7374
current_data: 2.5469, 32158, 0.0003, 0.6250
current_data: 2.5452, 224962, 24.9749, 45532.1355
current_data: 2.3633, 2334362, 8.9531, 12165.6946
current_data: 1.1269, 6295509, 4.1606, 3345.0191
current_data: 0.4366, 22093347, 78.0140, 19639.4874
current_data: 2.5474, 28411, 0.0002, 0.0000
current_data: 2.5457, 211214, 24.9737, 45677.7614
current_data: 2.3899, 2388823, 8.9162, 12196.9448
current_data: 1.1229, 6242763, 4.2235, 3458.7698
current_data: 0.4367, 22064884, 78.0323, 19693.8627
current_data: 2.5456, 29045, 0.0002, 0.0000
current_data: 2.3494, 230618, 26.1425, 44660.8806
current_data: 2.3737, 2369748, 8.9107, 12226.3200
current_data: 1.1198, 6272511, 4.1679, 3414.3945
current_data: 0.4337, 21896729, 78.0452, 19360.1108
current_data: 2.5463, 29423, 0.0002, 0.0000
current_data: 2.4573, 208933, 31.9710, 54089.6845
current_data: 2.3683, 2359330, 8.9608, 12227.5700
current_data: 1.1218, 6255961, 4.1673, 3436.8947
current_data: 0.4336, 21865474, 78.0290, 19420.1111
current_data: 2.5476, 29863, 0.0003, 0.0000
current_data: 2.4515, 209214, 31.9680, 53870.9333
current_data: 2.3630, 2369864, 8.9527, 12257.5701
current_data: 1.1229, 6281983, 4.1447, 3384.3944
current_data: 0.4366, 20098232, 75.9880, 19082.6092
current_data: 2.5474, 29408, 0.0003, 0.0000
current_data: 2.4565, 210380, 31.9672, 53988.4339
current_data: 2.3523, 2375041, 8.9581, 12531.3217
current_data: 1.1213, 6232531, 4.1629, 3267.5187
current_data: 0.4338, 21855426, 78.0349, 19530.1118
current_data: 2.5472, 28748, 0.0003, 0.0000
current_data: 2.4551, 206136, 31.9671, 53895.3084
current_data: 2.3594, 2384169, 8.9821, 12210.0699
current_data: 1.1127, 6072364, 4.2883, 3425.0196
current_data: 0.4335, 21827453, 78.0515, 19428.8612
current_data: 2.5465, 32996, 0.0004, 0.0000
current_data: 2.4556, 217676, 31.9668, 53850.9331
current_data: 2.3667, 2382708, 8.9782, 12241.3200
current_data: 1.1212, 6229789, 4.1383, 3310.6439
current_data: 0.4338, 21822371, 78.0394, 19382.6109
current_data: 2.5470, 29349, 0.0002, 0.0000
current_data: 2.4598, 207840, 31.9696, 53915.3085
current_data: 2.3656, 2400090, 8.9624, 12220.0699
current_data: 1.1237, 6295654, 4.1845, 3465.6448
current_data: 0.4333, 21851814, 78.0797, 19446.3613
current_data: 2.5459, 37607, 0.0005, 0.6250
current_data: 2.4556, 222354, 31.9658, 53942.8087
current_data: 2.3276, 2464222, 9.5626, 12139.4445
current_data: 1.1155, 6181327, 4.1678, 3332.5191
current_data: 0.4336, 21883592, 78.0273, 19347.6107
current_data: 2.5476, 30057, 0.0003, 0.0000
current_data: 2.4577, 203531, 31.9674, 54039.0592
current_data: 2.3672, 2377426, 8.9567, 12227.5700
current_data: 1.1277, 6288979, 4.1828, 3298.7689
current_data: 0.4387, 22073603, 78.0380, 19615.1122
current_data: 2.5478, 28616, 0.0003, 0.0000
current_data: 2.0601, 232266, 34.6710, 46281.5148
current_data: 2.3816, 2420702, 8.9684, 12305.0704
current_data: 1.1248, 6206664, 4.1696, 3235.0185
current_data: 0.4401, 22153746, 78.0405, 19656.3625
current_data: 2.5460, 33897, 0.0004, 0.0000
current_data: 2.1748, 239356, 34.2649, 45903.3877
current_data: 2.3830, 2424296, 8.9285, 12267.5702
current_data: 1.1241, 6192669, 4.2108, 3328.1440
current_data: 0.4405, 22200567, 78.0349, 19854.4886
current_data: 2.5471, 34205, 0.0005, 0.0000
current_data: 2.1740, 231414, 34.2656, 45936.5129
current_data: 2.3619, 2490854, 9.1876, 12238.8200
current_data: 1.1267, 6302546, 4.1199, 3384.3944
current_data: 0.4374, 22066439, 78.0254, 19660.7375
current_data: 2.5470, 28716, 0.0003, 0.0000
current_data: 2.2926, 5700975, 27.1047, 44545.8799
current_data: 2.3719, 2375223, 8.9359, 12261.9452
current_data: 1.0998, 5897965, 4.2857, 3345.0191
current_data: 0.4219, 21256056, 78.0566, 18912.6082
current_data: 2.5486, 30809, 0.0003, 0.0000
current_data: 2.0105, 388694, 31.2677, 57064.7015
current_data: 2.3417, 2462828, 8.9771, 12221.9449
current_data: 1.1213, 6248424, 4.1970, 3283.7688
current_data: 0.4344, 21897943, 77.9947, 19423.2361
current_data: 2.5465, 29494, 0.0003, 0.0000
current_data: 2.7406, 277461, 25.3445, 49843.4102
current_data: 2.3712, 2379280, 8.9453, 12192.5698
current_data: 1.1095, 6193226, 4.1992, 3259.3937
current_data: 0.4240, 21216887, 77.8482, 18946.9834
current_data: 2.5469, 29159, 0.0002, 0.0000
current_data: 2.4197, 239692, 25.8259, 54022.8091
current_data: 2.3461, 2465659, 8.9949, 12230.0700
current_data: 1.0906, 6100529, 4.1988, 3325.0190
current_data: 0.4189, 20855949, 77.7140, 18973.8586
current_data: 2.5472, 28528, 0.0002, 0.0000
current_data: 2.2035, 204830, 26.4873, 60147.2192
current_data: 2.3214, 2332537, 8.9677, 11985.0686
current_data: 1.0934, 6087589, 4.1308, 3277.5188
current_data: 0.4168, 21013410, 78.0329, 18763.8574
current_data: 2.5476, 28242, 0.0002, 0.0000
current_data: 2.2052, 211737, 26.4872, 60152.2192
current_data: 2.3235, 2335464, 8.9643, 12040.0689
current_data: 1.1111, 6188990, 4.2640, 3311.8940
current_data: 0.4287, 21584530, 78.0408, 19077.6092
current_data: 2.5473, 28924, 0.0002, 0.0000
current_data: 2.3714, 216570, 30.5286, 55395.3170
current_data: 2.3651, 2373369, 8.9639, 12198.8198
current_data: 1.1227, 6261331, 4.1516, 3293.1438
current_data: 0.4336, 21805950, 78.0640, 19441.3612
current_data: 2.5478, 28792, 0.0002, 0.0000
current_data: 2.4600, 194566, 31.9707, 53949.0587
current_data: 2.3684, 2424756, 8.9634, 12281.9453
current_data: 1.1186, 6208530, 4.1716, 3346.2691
current_data: 0.4333, 21817445, 78.0663, 19389.4859
current_data: 2.5465, 29303, 0.0003, 0.0000
current_data: 2.4546, 194189, 31.9690, 53867.1832
current_data: 2.3330, 2523784, 9.4144, 12225.6950
current_data: 1.1218, 6286643, 4.2246, 3350.6442
current_data: 0.4337, 21808700, 78.0471, 19248.2351
current_data: 2.5472, 27876, 0.0002, 0.0000
current_data: 2.4599, 195915, 31.9676, 53937.1836
current_data: 2.3728, 2383072, 8.9412, 12253.8201
current_data: 1.1237, 6290823, 4.1242, 3283.1438
current_data: 0.4337, 21859398, 78.0571, 19422.6111
current_data: 2.5478, 27860, 0.0002, 0.0000
current_data: 2.4579, 189552, 31.9712, 54025.3091
current_data: 2.3733, 2388922, 8.9464, 12226.3200
current_data: 1.1166, 6191063, 4.1816, 3363.1442
current_data: 0.4331, 21789558, 78.0755, 19355.1108
current_data: 2.5441, 42712, 0.0006, 0.0000
current_data: 2.4576, 242510, 31.9659, 53852.1831
current_data: 2.3675, 2422788, 8.9185, 12172.5697
current_data: 1.1146, 6165506, 4.2731, 3483.7699
current_data: 0.4333, 21908023, 78.0154, 19528.2367
current_data: 2.5454, 34662, 0.0005, 0.0000
current_data: 2.4607, 215083, 31.9673, 54225.3103
current_data: 2.3719, 2409511, 8.9592, 12264.4452
current_data: 1.1176, 6204250, 4.1754, 3404.3945
current_data: 0.4332, 21872118, 78.0513, 19435.7362
current_data: 2.5464, 30097, 0.0003, 0.0000
current_data: 2.4508, 195252, 31.9678, 53944.6837
current_data: 2.3719, 2432814, 8.9365, 12288.8203
current_data: 1.1231, 6258855, 4.1118, 3415.6445
current_data: 0.4345, 21878944, 78.0961, 19440.7362
current_data: 2.5469, 30459, 0.0003, 0.0000
current_data: 2.2759, 211522, 30.7315, 49444.6579
current_data: 2.3819, 2402953, 8.9151, 12278.1953
current_data: 1.1214, 6150952, 4.1822, 3360.0192
current_data: 0.4362, 21972611, 78.0128, 19436.3612
current_data: 2.5471, 33754, 0.0004, 0.0000
current_data: 2.5504, 224554, 24.9743, 45555.8857
current_data: 2.3823, 2396715, 8.9692, 12274.4452
current_data: 1.1264, 6269147, 4.2163, 3408.7695
current_data: 0.4386, 20016960, 76.2587, 19364.4858
current_data: 2.5471, 29931, 0.0003, 0.0000
current_data: 2.5186, 212832, 24.9761, 44877.7568
current_data: 2.3827, 2383116, 8.9228, 12245.6951
current_data: 1.1237, 6284942, 4.2394, 3393.1444
current_data: 0.4351, 21745446, 78.3009, 19883.8638
current_data: 2.5461, 30239, 0.0003, 0.0000
current_data: 2.5558, 219703, 24.9726, 45594.0109
current_data: 2.3834, 2403226, 8.9220, 12244.4451
current_data: 1.1275, 6281387, 4.1190, 3267.5187
current_data: 0.4354, 21743691, 78.3039, 20088.8649
current_data: 2.5473, 29697, 0.0003, 0.0000
current_data: 2.5433, 209349, 24.9728, 45395.2598
current_data: 2.3812, 2488555, 8.9414, 12326.9455
current_data: 1.1260, 6294356, 4.1329, 3409.3945
current_data: 0.4355, 21795676, 78.2979, 20052.6147
current_data: 2.5461, 29644, 0.0003, 0.0000
current_data: 2.5384, 213683, 24.9733, 45359.0095
current_data: 2.3886, 2407117, 8.9085, 12279.4453
current_data: 1.1230, 6278041, 4.1410, 3317.5190
current_data: 0.4353, 21826559, 78.2783, 20060.7398
current_data: 2.5467, 30384, 0.0003, 0.0000
current_data: 2.5452, 209023, 24.9789, 45605.2610
current_data: 2.3861, 2365177, 8.9827, 12293.8203
current_data: 1.1247, 6225421, 4.1387, 3365.6443
current_data: 0.4350, 21726858, 78.3140, 19961.3642
current_data: 2.5470, 29202, 0.0003, 0.0000
current_data: 2.5459, 209104, 24.9767, 45453.3851
current_data: 2.3871, 2323272, 8.9587, 12251.3201
current_data: 1.1290, 6280490, 4.1276, 3290.0188
current_data: 0.4356, 21754676, 78.2828, 20020.7396
current_data: 2.5473, 29058, 0.0003, 0.0000
current_data: 2.4819, 203082, 24.9449, 44347.1288
current_data: 2.3882, 2440369, 8.9050, 12309.4454
current_data: 1.1213, 6292434, 4.1790, 3527.5202
current_data: 0.4325, 21668350, 78.2776, 19943.2391
current_data: 2.5464, 31911, 0.0004, 0.0000
current_data: 2.4571, 233907, 31.9594, 54033.4342
current_data: 2.3765, 2449639, 8.9384, 12276.3202
current_data: 1.1135, 6209373, 4.2584, 3450.0197
current_data: 0.4324, 21535581, 78.2670, 19930.1140
current_data: 2.5464, 35484, 0.0005, 0.0000
current_data: 2.4508, 235107, 31.9641, 53633.4319
current_data: 2.3745, 2435424, 8.9593, 12299.4454
current_data: 1.1147, 6195410, 4.2870, 3335.0191
current_data: 0.4323, 21673555, 78.2823, 20029.4896
current_data: 2.5470, 33241, 0.0004, 0.0000
current_data: 2.4548, 223602, 31.9633, 54001.5590
current_data: 2.3734, 2414624, 8.9493, 12196.3198
current_data: 1.1208, 6292268, 4.1693, 3435.0197
current_data: 0.4326, 21654444, 78.2960, 19869.4887
current_data: 2.5473, 28694, 0.0003, 0.0000
current_data: 2.4566, 212531, 31.9644, 54007.1840
current_data: 2.3687, 2392035, 8.9681, 12300.6954
current_data: 1.1213, 6243932, 4.1430, 3293.7688
current_data: 0.4324, 21628380, 78.2964, 19986.3644
current_data: 2.5467, 37133, 0.0005, 0.0000
current_data: 2.4550, 230559, 31.9664, 53924.0586
current_data: 2.3714, 2418164, 8.9361, 12232.5700
current_data: 1.1238, 6233253, 4.0997, 3356.2692
current_data: 0.4328, 21619988, 78.3143, 19926.9890
current_data: 2.5463, 31270, 0.0004, 0.0000
current_data: 2.4605, 214394, 31.9651, 53991.5589
current_data: 2.3807, 2394997, 8.9375, 12254.4451
current_data: 1.1176, 6231604, 4.2169, 3419.3946
current_data: 0.4286, 18761395, 76.3368, 18865.7330
current_data: 2.5465, 31188, 0.0003, 0.0000
current_data: 2.4538, 209626, 31.9645, 53900.3084
current_data: 2.3573, 2430785, 8.9545, 12925.0740
current_data: 1.1211, 6303052, 4.1258, 3251.8936
current_data: 0.4330, 21879062, 78.0545, 19621.9873
current_data: 2.5482, 31214, 0.0003, 0.0000
current_data: 2.4551, 209088, 31.9652, 54064.6844
current_data: 2.3778, 2426694, 8.9370, 12286.3203
current_data: 1.1263, 6250725, 4.1529, 3327.5190
current_data: 0.4375, 22040387, 78.0189, 19571.9870
current_data: 2.5476, 30262, 0.0003, 0.0000
current_data: 2.1065, 232881, 34.3945, 47610.2724
current_data: 2.3829, 2449734, 8.9475, 12296.9454
current_data: 1.1295, 6291858, 4.1573, 3303.7689
current_data: 0.4401, 22155885, 78.0731, 19778.2382
current_data: 2.5481, 28550, 0.0003, 0.0000
current_data: 2.1766, 214925, 34.2673, 45997.1382
current_data: 2.3887, 2422190, 8.9129, 12313.8205
current_data: 1.1273, 6263585, 4.2400, 3471.8949
current_data: 0.4399, 22147653, 78.0557, 19626.3623
current_data: 2.5465, 31149, 0.0003, 0.0000
current_data: 2.1741, 227725, 34.2653, 45914.6377
current_data: 2.3486, 2244948, 9.5010, 13385.0766
current_data: 1.1253, 6177102, 4.1290, 3393.7694
current_data: 0.4374, 22077258, 78.0051, 19525.1117
current_data: 2.5468, 32542, 0.0004, 0.0000
current_data: 2.2525, 3963710, 28.6923, 44800.2563
current_data: 2.3840, 2421501, 8.9868, 12309.4454
current_data: 1.1000, 6158913, 4.2207, 3325.0190
current_data: 0.4197, 21203172, 78.0370, 18789.4825
current_data: 2.5487, 29585, 0.0002, 0.0000
current_data: 1.7433, 376491, 35.0885, 58254.7083
current_data: 2.3420, 2439001, 8.9442, 12196.3198
current_data: 1.1194, 6217501, 4.1710, 3375.6443
current_data: 0.4334, 21816924, 78.0457, 19402.6110
current_data: 2.5469, 29248, 0.0003, 0.0000
current_data: 2.7467, 265518, 25.4088, 50096.5367
current_data: 2.3750, 2458652, 8.9118, 12258.1951
current_data: 1.1040, 6115043, 4.3231, 3473.7699
current_data: 0.4274, 21620376, 78.0368, 19316.9855
current_data: 2.5469, 33181, 0.0003, 0.0000
current_data: 2.4769, 266728, 25.6695, 53505.3062
current_data: 2.3314, 2579978, 9.2594, 12258.8201
current_data: 1.0918, 6046456, 4.1775, 3186.8932
current_data: 0.4162, 21015744, 78.0381, 18688.8569
current_data: 2.5471, 32845, 0.0004, 0.0000
current_data: 2.2032, 221269, 26.4846, 60167.8443
current_data: 2.3339, 2381299, 8.9477, 12094.4442
current_data: 1.0925, 6086698, 4.2546, 3370.6443
current_data: 0.4163, 20978965, 78.0295, 18598.8564
current_data: 2.5473, 28362, 0.0002, 0.0000
current_data: 2.2042, 216797, 26.4838, 60113.4690
current_data: 2.3346, 2427736, 8.9485, 12153.8195
current_data: 1.1095, 6208260, 4.1404, 3323.1440
current_data: 0.4270, 21536170, 78.0398, 19082.6092
current_data: 2.5479, 28129, 0.0002, 0.0000
current_data: 2.3476, 225071, 30.0854, 55902.8199
current_data: 2.3668, 2480871, 8.8901, 12266.9452
current_data: 1.1218, 6267054, 4.2034, 3376.8943
current_data: 0.4376, 20326027, 76.0927, 19353.2357
current_data: 2.5481, 28553, 0.0003, 0.0000
current_data: 2.4598, 195999, 31.9712, 54062.8093
current_data: 2.3756, 2417381, 8.9409, 12258.1951
current_data: 1.1191, 6225043, 4.1901, 3341.2691
current_data: 0.4334, 21820675, 78.0476, 19478.8615
current_data: 2.5466, 30352, 0.0003, 0.0000
current_data: 2.4521, 201831, 31.9681, 53795.3078
current_data: 2.3735, 2451587, 8.8900, 12194.4448
current_data: 1.1218, 6290851, 4.1834, 3459.3948
current_data: 0.4335, 21809374, 78.0492, 19531.9868
current_data: 2.5478, 27903, 0.0002, 0.0000
current_data: 2.4586, 197301, 31.9678, 53940.9337
current_data: 2.3737, 2487703, 8.9120, 12239.4450
current_data: 1.1198, 6206767, 4.0534, 3254.3936
current_data: 0.4332, 21813567, 78.0659, 19367.6108
current_data: 2.5458, 39969, 0.0006, 0.0000
current_data: 2.4539, 223438, 31.9674, 53870.3082
current_data: 2.3700, 2458431, 8.9694, 12313.1955
current_data: 1.1151, 6193013, 4.2544, 3434.3947
current_data: 0.4332, 21829373, 78.0581, 19354.4857
current_data: 2.5476, 30606, 0.0003, 0.0000
current_data: 2.4598, 203206, 31.9670, 54026.5591
current_data: 2.3777, 2394349, 8.9344, 12291.9453
current_data: 1.1216, 6246220, 4.1296, 3338.7691
current_data: 0.4333, 21825518, 78.0503, 19329.4856
current_data: 2.5474, 28374, 0.0002, 0.0000
current_data: 2.4631, 199451, 31.9684, 54076.5594
current_data: 2.3418, 2242167, 9.5357, 12988.8243
current_data: 1.1194, 6206440, 4.1292, 3328.1440
current_data: 0.4331, 21819990, 78.0368, 19500.1116
current_data: 2.5474, 30355, 0.0004, 0.0000
current_data: 2.4505, 199558, 31.9675, 53804.6829
current_data: 2.3804, 2414116, 8.9439, 12302.5704
current_data: 1.1234, 6233574, 4.1455, 3377.5193
current_data: 0.4344, 21882241, 78.0362, 19443.2363
current_data: 2.5476, 28731, 0.0002, 0.0000
current_data: 2.2685, 200661, 31.3836, 50074.0365
current_data: 2.3841, 2367865, 8.9331, 12216.9449
current_data: 1.1255, 6265942, 4.1669, 3356.2692
current_data: 0.4362, 21959528, 78.0963, 19537.6118
current_data: 2.5481, 28623, 0.0003, 0.0000
current_data: 2.5505, 213878, 24.9741, 45589.6359
current_data: 2.3899, 2410316, 8.9340, 12302.5704
current_data: 1.1205, 6229454, 4.2484, 3468.1448
current_data: 0.4364, 22030383, 78.0001, 19632.6123
current_data: 2.5463, 32630, 0.0003, 0.0000
current_data: 2.5200, 224678, 24.9758, 45053.3828
current_data: 2.3425, 2573877, 9.6483, 12385.0709
current_data: 1.1211, 6240987, 4.2548, 3533.7702
current_data: 0.4361, 22005987, 78.0385, 19613.8622
current_data: 2.5471, 32268, 0.0004, 0.0000
current_data: 2.5524, 221726, 24.9728, 45616.5110
current_data: 2.3884, 2502109, 8.9533, 12405.0710
current_data: 1.1263, 6283280, 4.1749, 3418.7696
current_data: 0.4361, 22006500, 78.0543, 19491.9865
current_data: 2.5477, 28479, 0.0002, 0.0000
current_data: 2.5475, 208374, 24.9732, 45592.1359
current_data: 2.3949, 2436556, 8.9203, 12296.3204
current_data: 1.1264, 6286221, 4.2196, 3447.5197
current_data: 0.4363, 21983642, 78.0237, 19580.7370
current_data: 2.5476, 28454, 0.0002, 0.0000
current_data: 2.5268, 204319, 24.9753, 45155.8834
current_data: 2.3893, 2433773, 8.9378, 12315.0705
current_data: 1.1249, 6266949, 4.1523, 3288.1438
current_data: 0.4407, 20356509, 76.2095, 19324.4856
current_data: 2.5466, 29531, 0.0003, 0.0000
current_data: 2.5447, 208771, 24.9766, 45467.7602
current_data: 2.3569, 2541154, 9.3361, 12293.1953
current_data: 1.1249, 6204208, 4.2518, 3480.0199
current_data: 0.4360, 21925633, 78.0521, 19732.6129
current_data: 2.5474, 30246, 0.0003, 0.0000
current_data: 2.5474, 214953, 24.9743, 45439.6350
current_data: 2.3913, 2428914, 8.9121, 12302.5704
current_data: 1.1227, 6250259, 4.2382, 3349.3942
current_data: 0.4365, 22041159, 78.0346, 19647.6124
current_data: 2.5483, 28646, 0.0003, 0.0000
current_data: 2.5274, 204201, 24.9748, 45252.1339
current_data: 2.3901, 2387084, 8.9609, 12314.4455
current_data: 1.1192, 6206004, 4.2048, 3406.2695
current_data: 0.4336, 21800576, 78.0868, 19480.7365
current_data: 2.5476, 29066, 0.0003, 0.0000
current_data: 2.3190, 263540, 32.9259, 52984.6782
current_data: 2.3868, 2410249, 8.9215, 12293.1953
current_data: 1.1212, 6244394, 4.2101, 3335.6441
current_data: 0.4335, 21829005, 78.0432, 19376.9859
current_data: 2.5472, 28424, 0.0002, 0.0000
current_data: 2.4510, 215468, 31.9661, 53825.3080
current_data: 2.3793, 2424309, 8.9369, 12211.3199
current_data: 1.1238, 6280127, 4.1120, 3373.7693
current_data: 0.4337, 21904919, 78.0126, 19442.6113
current_data: 2.5477, 29774, 0.0002, 0.0000
current_data: 2.4552, 217774, 31.9646, 54027.8091
current_data: 2.3837, 2438127, 8.9344, 12294.4453
current_data: 1.1191, 6259469, 4.1878, 3381.2693
current_data: 0.4333, 21819551, 78.0650, 19369.4858
current_data: 2.5463, 37358, 0.0006, 0.6250
current_data: 2.4551, 233195, 31.9650, 53866.5582
current_data: 2.3823, 2435502, 8.9687, 12316.3205
current_data: 1.1192, 6270988, 4.3080, 3489.3950
current_data: 0.4333, 21880228, 78.0426, 19436.9862
current_data: 2.5473, 29354, 0.0003, 0.0000
current_data: 2.4539, 213007, 31.9652, 53990.9339
current_data: 2.3766, 2425358, 8.9569, 12257.5701
current_data: 1.1205, 6228192, 4.1890, 3275.6437
current_data: 0.4334, 21828643, 78.0599, 19577.6120
current_data: 2.5472, 28553, 0.0003, 0.0000
current_data: 2.4590, 216938, 31.9676, 54017.1841
current_data: 2.3839, 2429207, 8.9068, 12213.8199
current_data: 1.1143, 6203126, 4.1907, 3434.3947
current_data: 0.4330, 21879902, 78.0199, 19440.1112
current_data: 2.5463, 33845, 0.0004, 0.0000
current_data: 2.4559, 225632, 31.9660, 54074.0594
current_data: 2.3810, 2432612, 8.9283, 12244.4451
current_data: 1.1162, 6143850, 4.1911, 3398.1444
current_data: 0.4329, 21820482, 78.0499, 19435.7362
current_data: 2.5460, 34120, 0.0004, 0.0000
current_data: 2.4496, 221271, 31.9660, 53814.0579
current_data: 2.3776, 2520737, 8.9111, 12313.8205
current_data: 1.1183, 6123479, 4.3374, 3475.6449
current_data: 0.4368, 22092089, 78.0314, 19650.7374
current_data: 2.5468, 31577, 0.0004, 0.6250
current_data: 2.1224, 243568, 34.1760, 48205.9008
current_data: 2.3848, 2432082, 8.9297, 12276.9452
current_data: 1.1322, 6315306, 4.1313, 3338.1441
current_data: 0.4449, 20505330, 76.2561, 19476.3614
current_data: 2.5477, 28450, 0.0003, 0.0000
current_data: 2.1750, 220585, 34.2683, 45974.0131
current_data: 2.3944, 2411309, 8.9729, 12344.4456
current_data: 1.1309, 6327088, 4.2014, 3391.8944
current_data: 0.4401, 22210025, 78.0682, 19856.3636
current_data: 2.5478, 28165, 0.0002, 0.0000
current_data: 2.1740, 224026, 34.2692, 46024.0134
current_data: 2.3914, 2430135, 8.9328, 12323.1955
current_data: 1.1277, 6288099, 4.1687, 3285.6438
current_data: 0.4382, 22144754, 78.0067, 19763.8631
current_data: 2.5466, 28797, 0.0002, 0.0000
current_data: 2.1534, 2232945, 30.8813, 45140.8833
current_data: 2.3904, 2513289, 8.8926, 12373.8208
current_data: 1.0995, 6181601, 4.2453, 3459.3948
current_data: 0.4197, 21252376, 78.0424, 18862.6079
current_data: 2.5465, 29120, 0.0003, 0.0000
current_data: 1.6782, 1323148, 35.4715, 57897.8313
current_data: 2.3491, 2383411, 8.9221, 12166.9446
current_data: 1.1240, 6289892, 4.1470, 3405.6445
current_data: 0.4336, 21911274, 78.0479, 19430.1112
current_data: 2.5469, 28969, 0.0002, 0.0000
current_data: 2.7503, 269259, 25.4475, 50445.9137
current_data: 2.3870, 2433533, 8.9002, 12308.1954
current_data: 1.1152, 6201220, 4.2157, 3419.3946
current_data: 0.4290, 21613533, 78.0426, 19158.8596
current_data: 2.5476, 28166, 0.0002, 0.0000
current_data: 2.5151, 241349, 25.5691, 52452.1751
current_data: 2.3537, 2438978, 8.9463, 12140.6945
current_data: 1.0960, 6107480, 4.0728, 3224.3935
current_data: 0.4167, 21027417, 78.0356, 18728.8572
current_data: 2.5467, 28796, 0.0003, 0.0000
current_data: 2.2042, 203791, 26.4897, 60166.5943
current_data: 2.3206, 2341945, 8.9090, 12004.4437
current_data: 1.0966, 6148652, 4.1063, 3249.3936
current_data: 0.4167, 21008795, 78.0469, 18600.7314
current_data: 2.5480, 29031, 0.0003, 0.0000
current_data: 2.2057, 212053, 26.4876, 60161.5942
current_data: 2.3240, 2276607, 8.9841, 11980.0686
current_data: 1.0963, 6072070, 4.4152, 3462.5198
current_data: 0.4257, 21553129, 78.0194, 19155.7346
current_data: 2.5472, 31666, 0.0004, 0.0000
current_data: 2.3318, 231760, 29.7224, 56572.8237
current_data: 2.3395, 2402373, 8.9568, 12155.0696
current_data: 1.1234, 6283948, 4.0874, 3355.6442
current_data: 0.4336, 21899068, 78.0301, 19531.3618
current_data: 2.5475, 29324, 0.0003, 0.0000
current_data: 2.4588, 200074, 31.9708, 54142.8098
current_data: 2.3635, 2395283, 8.8920, 12144.4445
current_data: 1.1150, 5939812, 4.2412, 3217.5184
current_data: 0.4334, 21825366, 78.0314, 19429.4862
current_data: 2.5453, 38137, 0.0005, 0.0000
current_data: 2.4513, 229457, 31.9674, 53868.4332
current_data: 2.3495, 2401246, 8.9379, 12196.9448
current_data: 1.1151, 6178335, 4.2722, 3434.3947
current_data: 0.4335, 21870646, 78.0552, 19456.3613
current_data: 2.5466, 34485, 0.0005, 0.0000
current_data: 2.4576, 221164, 31.9646, 54008.4340
current_data: 2.3622, 2328463, 8.9738, 12145.0695
current_data: 1.1198, 6221464, 4.1631, 3299.3939
current_data: 0.4338, 21874981, 78.0274, 19403.8610
current_data: 2.5470, 30767, 0.0003, 0.0000
current_data: 2.4558, 201086, 31.9682, 54004.6840
current_data: 2.3579, 2363658, 8.9210, 12174.4447
current_data: 1.1197, 6242294, 4.1830, 3351.2692
current_data: 0.4379, 20121838, 76.1899, 19228.8600
current_data: 2.5472, 29504, 0.0002, 0.0000
current_data: 2.4590, 205751, 31.9688, 54103.4346
current_data: 2.3646, 2317425, 8.9021, 12162.5696
current_data: 1.1211, 6251700, 4.1305, 3368.7693
current_data: 0.4335, 21848101, 78.0507, 19556.3619
current_data: 2.5471, 29144, 0.0002, 0.0000
current_data: 2.4628, 202067, 31.9688, 54135.9348
current_data: 2.3550, 2470823, 8.9740, 12279.4453
current_data: 1.1217, 6284547, 4.1417, 3298.1439
current_data: 0.4334, 21874534, 78.0157, 19504.4866
current_data: 2.5477, 30044, 0.0002, 0.0000
current_data: 2.4514, 199187, 31.9675, 53962.8088
current_data: 2.3582, 2350687, 8.9857, 12146.9445
current_data: 1.1222, 6250867, 4.1666, 3361.8942
current_data: 0.4342, 21861096, 78.0748, 19525.1117
current_data: 2.5472, 32058, 0.0003, 0.0000
current_data: 2.2633, 207779, 31.7389, 50370.9132
current_data: 2.3631, 2363867, 8.8989, 12165.6946
current_data: 1.1234, 6235686, 4.1709, 3380.0193
current_data: 0.4363, 22025314, 78.0405, 19546.9868
current_data: 2.5464, 30066, 0.0002, 0.0000
current_data: 2.5440, 214711, 24.9752, 45542.1356
current_data: 2.3691, 2318682, 8.9183, 12158.1946
current_data: 1.1269, 6279567, 4.1480, 3328.7690
current_data: 0.4364, 21987271, 78.0479, 19496.3616
current_data: 2.5472, 29713, 0.0002, 0.0000
current_data: 2.5302, 213668, 24.9757, 45190.8836
current_data: 2.3708, 2353841, 8.9821, 12218.8199
current_data: 1.1237, 6267284, 4.2311, 3425.6446
current_data: 0.4363, 22025761, 78.0503, 19478.8615
current_data: 2.5473, 28835, 0.0002, 0.0000
current_data: 2.5523, 216281, 24.9747, 45664.6363
current_data: 2.3447, 2398967, 9.2781, 12458.8213
current_data: 1.1243, 6289700, 4.1765, 3296.8939
current_data: 0.4363, 21997484, 78.0401, 19554.4869
current_data: 2.5476, 30838, 0.0003, 0.0000
current_data: 2.5459, 214253, 24.9739, 45531.5105
current_data: 2.3703, 2329110, 8.9816, 12207.5699
current_data: 1.1259, 6275952, 4.1227, 3376.2693
current_data: 0.4366, 21994013, 78.0499, 19650.1124
current_data: 2.5469, 29218, 0.0002, 0.0000
current_data: 2.5255, 209040, 24.9768, 45161.5084
current_data: 2.3702, 2463579, 8.9317, 12303.8204
current_data: 1.1242, 6324436, 4.2162, 3381.8944
current_data: 0.4363, 22050051, 78.0232, 19690.1127
current_data: 2.5481, 30200, 0.0003, 0.0000
current_data: 2.5427, 213099, 24.9778, 45553.3857
current_data: 2.3637, 2411244, 8.8837, 12180.6947
current_data: 1.1171, 6215685, 4.2966, 3401.8945
current_data: 0.4361, 21976279, 78.0162, 19558.2369
current_data: 2.5471, 33384, 0.0004, 0.0000
current_data: 2.5484, 226683, 24.9745, 45491.5103
current_data: 2.3638, 2321628, 8.9618, 12162.5696
current_data: 1.1189, 6192652, 4.2010, 3433.1446
current_data: 0.4365, 22095212, 77.9993, 19565.1120
current_data: 2.5470, 35721, 0.0005, 0.0000
current_data: 2.5247, 227193, 24.9724, 45325.8844
current_data: 2.3681, 2480251, 8.8602, 12193.8198
current_data: 1.1141, 6144790, 4.3404, 3550.0203
current_data: 0.4296, 21400080, 77.8585, 19144.4845
current_data: 2.5459, 33792, 0.0004, 0.0000
current_data: 2.2912, 263313, 32.8139, 52260.9240
current_data: 2.3589, 2358315, 8.9339, 12168.1946
current_data: 1.1229, 6266834, 4.2258, 3465.6448
current_data: 0.4331, 21896243, 78.0443, 19528.2367
current_data: 2.5472, 30982, 0.0004, 0.0000
current_data: 2.4522, 220394, 31.9666, 54042.1842
current_data: 2.3608, 2475949, 8.9246, 12337.5706
current_data: 1.1173, 5851487, 4.2070, 3310.0189
current_data: 0.4333, 21818166, 78.0319, 19543.2368
current_data: 2.5451, 37121, 0.0005, 0.0000
current_data: 2.4536, 234663, 31.9647, 53790.9328
current_data: 2.3561, 2412571, 8.9654, 12159.4446
current_data: 1.1189, 6261969, 4.2334, 3313.7690
current_data: 0.4334, 21917061, 78.0487, 19498.8616
current_data: 2.5459, 30545, 0.0003, 0.0000
current_data: 2.4573, 217287, 31.9631, 54154.6849
current_data: 2.3601, 2479098, 8.9382, 12330.6956
current_data: 1.1192, 6276545, 4.1959, 3453.7698
current_data: 0.4332, 21865607, 78.0642, 19434.4862
current_data: 2.5463, 30583, 0.0003, 0.0000
current_data: 2.4550, 213452, 31.9661, 53964.0588
current_data: 2.3600, 2403278, 8.9551, 12219.4449
current_data: 1.1127, 6064253, 4.2475, 3510.6451
current_data: 0.4330, 21893394, 78.0359, 19341.9857
current_data: 2.5473, 33266, 0.0004, 0.0000
current_data: 2.4582, 225584, 31.9644, 54160.9349
current_data: 2.3666, 2411141, 8.8810, 12256.3201
current_data: 1.1202, 6260018, 4.1397, 3228.7685
current_data: 0.4336, 21865000, 77.9988, 19398.8610
current_data: 2.5473, 29268, 0.0002, 0.0000
current_data: 2.4586, 213956, 31.9664, 54002.1840
current_data: 2.3666, 2317723, 8.9752, 12155.0696
current_data: 1.1218, 6254188, 4.2094, 3301.8939
current_data: 0.4332, 21836329, 78.0379, 19345.1107
current_data: 2.5470, 29102, 0.0003, 0.0000
current_data: 2.4516, 208169, 31.9650, 53845.3081
current_data: 2.3621, 2380527, 8.9350, 12195.6948
current_data: 1.1251, 6316299, 4.1999, 3390.0194
current_data: 0.4370, 22065982, 78.0576, 19648.2374
current_data: 2.5471, 30669, 0.0004, 0.0000
current_data: 2.1153, 238851, 34.0923, 47943.3993
current_data: 2.3487, 2424514, 9.3980, 12209.4449
current_data: 1.1312, 6305849, 4.1677, 3345.0191
current_data: 0.4403, 22171494, 78.0312, 19702.6127
current_data: 2.5472, 29649, 0.0003, 0.0000
current_data: 2.1744, 227394, 34.2684, 45874.6375
current_data: 2.3801, 2374970, 8.8983, 12233.8200
current_data: 1.1292, 6258487, 4.1398, 3334.3941
current_data: 0.4402, 22090366, 78.0568, 19688.2377
current_data: 2.5468, 29973, 0.0003, 0.0000
current_data: 2.1726, 225560, 34.2691, 45810.2621
current_data: 2.3755, 2502644, 8.9843, 12321.9455
current_data: 1.1230, 6153642, 4.2698, 3471.2699
current_data: 0.4381, 22030341, 78.0398, 19530.1118
current_data: 2.5462, 32343, 0.0003, 0.0000
current_data: 2.0977, 1327663, 32.1380, 45169.6335
current_data: 2.3785, 2352672, 8.8820, 12224.4449
current_data: 1.0947, 6158126, 4.2821, 3411.2695
current_data: 0.4197, 21259310, 78.0153, 18802.6076
current_data: 2.5474, 31906, 0.0004, 0.0000
current_data: 1.7091, 2224655, 34.3506, 57569.7044
current_data: 2.3233, 2405838, 8.9127, 12032.5689
current_data: 1.1196, 6237708, 4.2058, 3293.7688
current_data: 0.4379, 20267785, 76.1203, 19208.8599
current_data: 2.5456, 30449, 0.0003, 0.0000
current_data: 2.7465, 264761, 25.4759, 50312.7879
current_data: 2.3517, 2408561, 8.9174, 12417.5711
current_data: 1.1162, 6208011, 4.1402, 3201.8933
current_data: 0.4296, 21686596, 78.0538, 19417.6111
current_data: 2.5479, 28750, 0.0003, 0.0000
current_data: 2.5311, 246344, 25.4924, 51932.1722
current_data: 2.3521, 2371733, 8.9298, 12168.1946
current_data: 1.0960, 6087718, 4.1272, 3171.8931
current_data: 0.4166, 21007644, 78.0156, 18767.6074
current_data: 2.5472, 28383, 0.0002, 0.0000
current_data: 2.2045, 201772, 26.4882, 60132.8441
current_data: 2.3211, 2396137, 8.9506, 12121.3194
current_data: 1.0941, 6122912, 4.1391, 3260.6437
current_data: 0.4166, 21041531, 78.0266, 18740.7322
current_data: 2.5471, 29462, 0.0002, 0.0000
current_data: 2.2056, 207584, 26.4883, 60251.5948
current_data: 2.3209, 2346675, 8.9191, 11988.1936
current_data: 1.1082, 6211321, 4.1669, 3285.0188
current_data: 0.4249, 21416712, 78.0570, 18988.2337
current_data: 2.5467, 29212, 0.0002, 0.0000
current_data: 2.3188, 215225, 29.4746, 56578.4487
current_data: 2.3480, 2311059, 8.9445, 12119.4443
current_data: 1.1192, 6217695, 4.1583, 3440.0197
current_data: 0.4331, 21883494, 78.0686, 19331.9856
current_data: 2.5461, 36619, 0.0005, 0.0000
current_data: 2.4564, 218538, 31.9708, 54096.5595
current_data: 2.3527, 2367577, 9.1451, 12412.5710
current_data: 1.1185, 6210053, 4.1739, 3296.8939
current_data: 0.4335, 21845359, 78.0079, 19383.8609
current_data: 2.5462, 30282, 0.0003, 0.0000
current_data: 2.4525, 204044, 31.9664, 53846.5581
current_data: 2.3645, 2356511, 8.9297, 12173.1947
current_data: 1.1209, 6285535, 4.2173, 3328.1440
current_data: 0.4334, 21839413, 78.0528, 19418.2361
current_data: 2.5481, 29735, 0.0002, 0.0000
current_data: 2.4588, 204277, 31.9652, 54010.9341
current_data: 2.3713, 2463263, 8.9142, 12318.1955
current_data: 1.1194, 6248751, 4.2090, 3488.1450
current_data: 0.4333, 21865602, 78.0587, 19450.7363
current_data: 2.5480, 29387, 0.0003, 0.0000
current_data: 2.4562, 194854, 31.9683, 54047.8093
current_data: 2.3686, 2381833, 8.8985, 12175.0697
current_data: 1.1187, 6273841, 4.2237, 3437.5197
current_data: 0.4335, 21843432, 78.0361, 19456.3613
current_data: 2.5474, 28560, 0.0002, 0.0000
current_data: 2.4592, 202632, 31.9698, 54002.1840
current_data: 2.3699, 2414213, 8.9917, 12299.4454
current_data: 1.1185, 6221849, 4.2233, 3430.0196
current_data: 0.4333, 21888891, 78.0406, 19511.9866
current_data: 2.5470, 30269, 0.0003, 0.0000
current_data: 2.4598, 207193, 31.9691, 54196.5601
current_data: 2.3707, 2381638, 8.8886, 12227.5700
current_data: 1.1134, 6127551, 4.2973, 3476.8949
current_data: 0.4330, 21825691, 78.0420, 19338.2357
current_data: 2.5469, 33245, 0.0004, 0.0000
current_data: 2.4480, 216473, 31.9662, 53774.6827
current_data: 2.3621, 2471035, 8.9768, 12283.8203
current_data: 1.1192, 6260335, 4.1410, 3460.0198
current_data: 0.4339, 21923309, 78.0385, 19485.7365
current_data: 2.5481, 31017, 0.0003, 0.0000
current_data: 2.2602, 217109, 32.1472, 51117.1675
current_data: 2.3739, 2437348, 8.8790, 12249.4451
current_data: 1.1252, 6231078, 4.1643, 3350.0192
current_data: 0.4409, 20360410, 76.2124, 19383.2359
current_data: 2.5469, 29072, 0.0003, 0.0000
current_data: 2.5410, 215340, 24.9748, 45374.6346
current_data: 2.3801, 2311638, 8.9105, 12198.1948
current_data: 1.1233, 6226892, 4.2254, 3390.6444
current_data: 0.4364, 22057071, 78.0252, 19755.1130
current_data: 2.5481, 28965, 0.0003, 0.0000
current_data: 2.5252, 214293, 24.9757, 45235.2588
current_data: 2.3789, 2353434, 8.9486, 12280.6953
current_data: 1.1246, 6294563, 4.2192, 3453.7698
current_data: 0.4366, 22003402, 77.9924, 19521.3617
current_data: 2.5475, 29137, 0.0002, 0.0000
current_data: 2.5554, 214475, 24.9742, 45595.8859
current_data: 2.3786, 2388102, 8.8899, 12187.5697
current_data: 1.1262, 6292774, 4.2249, 3470.6449
current_data: 0.4362, 22029385, 78.0576, 19546.3618
current_data: 2.5479, 28929, 0.0002, 0.6250
current_data: 2.5432, 213804, 24.9721, 45618.3860
current_data: 2.3818, 2360917, 8.9540, 12212.5699
current_data: 1.1243, 6312437, 4.1904, 3410.0195
current_data: 0.4363, 22033678, 78.0728, 19534.4868
current_data: 2.5468, 29962, 0.0003, 0.0000
current_data: 2.5317, 216949, 24.9726, 45370.2596
current_data: 2.3798, 2411621, 8.9823, 12299.4454
current_data: 1.1262, 6287393, 4.0895, 3307.5189
current_data: 0.4365, 21979278, 78.0149, 19361.3608
current_data: 2.5470, 28664, 0.0002, 0.0000
current_data: 2.5453, 212994, 24.9762, 45459.6351
current_data: 2.3782, 2500776, 8.9375, 12354.4457
current_data: 1.1246, 6270194, 4.1393, 3355.0192
current_data: 0.4363, 22040272, 78.0355, 19541.9868
current_data: 2.5463, 31695, 0.0003, 0.0000
current_data: 2.5457, 217688, 24.9743, 45630.8861
current_data: 2.3667, 2382003, 8.9914, 12621.9472
current_data: 1.1316, 6336701, 4.1378, 3360.6442
current_data: 0.4365, 21973551, 78.0484, 19516.9867
current_data: 2.5475, 28834, 0.0002, 0.0000
current_data: 2.5290, 206149, 24.9742, 45130.8832
current_data: 2.3783, 2436918, 8.9961, 12322.5705
current_data: 1.1231, 6290831, 4.1811, 3286.8938
current_data: 0.4344, 21876320, 78.0446, 19535.1118
current_data: 2.5466, 31868, 0.0004, 0.0000
current_data: 2.2434, 257122, 32.4932, 50487.7889
current_data: 2.3709, 2403002, 8.9560, 12211.3199
current_data: 1.1185, 6084854, 4.1575, 3301.2689
current_data: 0.4332, 21495455, 78.0537, 19191.9848
current_data: 2.5470, 30850, 0.0004, 0.0000
current_data: 2.4534, 228752, 31.9615, 53321.5551
current_data: 2.3705, 2379302, 8.9498, 12185.6947
current_data: 1.1229, 6232002, 4.0882, 3255.6436
current_data: 0.4333, 21739452, 78.0502, 19340.7357
current_data: 2.5476, 31098, 0.0004, 0.6250
current_data: 2.4528, 227489, 31.9631, 53639.0569
current_data: 2.3718, 2389084, 8.9487, 12206.3198
current_data: 1.1138, 6113711, 4.2562, 3245.6436
current_data: 0.4333, 21750883, 77.9883, 19211.9849
current_data: 2.5456, 35413, 0.0004, 0.0000
current_data: 2.4569, 235412, 31.9639, 53755.9326
current_data: 2.3710, 2442797, 8.9221, 12211.9449
current_data: 1.1151, 6174878, 4.2567, 3390.0194
current_data: 0.4381, 20151623, 76.1788, 19146.9846
current_data: 2.5464, 31805, 0.0004, 0.0000
current_data: 2.4532, 219185, 31.9652, 53725.9324
current_data: 2.3691, 2437021, 8.9486, 12221.9449
current_data: 1.1282, 6254363, 4.1190, 3390.6444
current_data: 0.4334, 21720534, 78.0416, 19422.6111
current_data: 2.5478, 28751, 0.0003, 0.0000
current_data: 2.4580, 218843, 31.9655, 53699.0573
current_data: 2.3689, 2396059, 8.9340, 12153.1945
current_data: 1.1217, 6244148, 4.1174, 3399.3945
current_data: 0.4335, 21785540, 78.0244, 19484.4865
current_data: 2.5484, 28244, 0.0003, 0.0000
current_data: 2.4594, 214331, 31.9670, 53835.9331
current_data: 2.3727, 2413844, 8.9422, 12163.8196
current_data: 1.1208, 6171067, 4.0854, 3258.7686
current_data: 0.4331, 21710414, 78.0443, 19298.2354
current_data: 2.5472, 30188, 0.0003, 0.0000
current_data: 2.4483, 211835, 31.9645, 53526.5563
current_data: 2.3709, 2357413, 8.9296, 12192.5698
current_data: 1.1233, 6286812, 4.2117, 3260.6437
current_data: 0.4355, 21856166, 78.0647, 19392.6110
current_data: 2.5477, 28181, 0.0002, 0.0000
current_data: 2.1777, 233482, 33.6586, 49444.0329
current_data: 2.3737, 2395556, 8.9400, 12191.9448
current_data: 1.1259, 6221087, 4.2045, 3263.1437
current_data: 0.4400, 22116365, 78.0633, 19534.4868
current_data: 2.5472, 30665, 0.0003, 0.0000
current_data: 2.1748, 219740, 34.2666, 45923.3878
current_data: 2.3823, 2485327, 8.9615, 12307.5704
current_data: 1.1306, 6321795, 4.1308, 3406.2695
current_data: 0.4404, 22190227, 78.0131, 19713.8628
current_data: 2.5471, 28161, 0.0002, 0.0000
current_data: 2.1742, 215836, 34.2710, 45997.1382
current_data: 2.3879, 2510944, 8.8946, 12391.9459
current_data: 1.1256, 6259205, 4.1952, 3303.1439
current_data: 0.4403, 22250670, 78.0010, 19729.4879
current_data: 2.5476, 31373, 0.0003, 0.0000
current_data: 2.1130, 474734, 33.9434, 44780.8812
current_data: 2.3820, 2479912, 8.8991, 12361.9457
current_data: 1.0958, 6110238, 4.1856, 3287.5188
current_data: 0.4187, 21178943, 78.0588, 18882.6080
current_data: 2.5468, 29667, 0.0003, 0.0000
current_data: 1.7866, 5253772, 30.9417, 57012.8262
current_data: 2.3442, 2388002, 8.9635, 12206.3198
current_data: 1.1194, 6258780, 4.1931, 3419.3946
current_data: 0.4332, 21857761, 78.0469, 19479.4865
current_data: 2.5477, 28510, 0.0002, 0.0000
current_data: 2.7612, 267889, 25.5737, 50833.4159
current_data: 2.3534, 2408245, 9.3533, 12484.4464
current_data: 1.1190, 6259090, 4.2351, 3431.8946
current_data: 0.4326, 21829660, 78.0392, 19473.8614
current_data: 2.5477, 28247, 0.0002, 0.0000
current_data: 2.6262, 248788, 25.2416, 50059.6614
current_data: 2.3736, 2332247, 8.9457, 12200.0698
current_data: 1.0984, 6153047, 4.1012, 3336.2691
current_data: 0.4164, 21047650, 78.0608, 18667.6068
current_data: 2.5466, 29951, 0.0003, 0.0000
current_data: 2.2045, 207196, 26.4902, 60327.8452
current_data: 2.3328, 2392022, 8.9953, 12159.4446
current_data: 1.0880, 6019396, 4.2553, 3371.2693
current_data: 0.4162, 20987841, 78.0100, 18644.4817
current_data: 2.5471, 32771, 0.0003, 0.0000
current_data: 2.2028, 227173, 26.4849, 60072.8437
current_data: 2.3279, 2443765, 8.9422, 12137.5695
current_data: 1.0974, 6056437, 4.2250, 3232.5185
current_data: 0.4270, 19670591, 76.0537, 18679.4819
current_data: 2.5463, 39319, 0.0005, 0.6250
current_data: 2.2761, 246740, 28.5454, 57531.5792
current_data: 2.3422, 2473975, 8.8986, 12128.8194
current_data: 1.1182, 6249621, 4.1834, 3402.5195
current_data: 0.4334, 21935901, 78.0363, 19716.3628
current_data: 2.5469, 29482, 0.0003, 0.0000
current_data: 2.4583, 211283, 31.9669, 54254.6854
current_data: 2.3577, 2416655, 9.2734, 12194.4448
current_data: 1.1188, 6225027, 4.2076, 3328.7690
current_data: 0.4335, 21872209, 78.0224, 19491.3615
current_data: 2.5470, 28486, 0.0002, 0.0000
current_data: 2.4537, 203898, 31.9654, 53955.9337
current_data: 2.3782, 2387349, 8.9087, 12206.9448
current_data: 1.1185, 6242159, 4.2112, 3340.0191
current_data: 0.4334, 21866950, 78.0606, 19507.6116
current_data: 2.5468, 31309, 0.0003, 0.0000
current_data: 2.4593, 214369, 31.9662, 54090.9345
current_data: 2.3753, 2350876, 8.9512, 12210.6949
current_data: 1.1254, 6277833, 4.0580, 3186.2682
current_data: 0.4335, 21860906, 78.0490, 19382.6109
current_data: 2.5469, 27837, 0.0003, 0.0000
current_data: 2.4576, 198658, 31.9700, 54067.1844
current_data: 2.3714, 2461296, 8.8985, 12337.5706
current_data: 1.1203, 6313760, 4.2290, 3442.5197
current_data: 0.4336, 21893226, 78.0093, 19433.8612
current_data: 2.5476, 29302, 0.0003, 0.0000
current_data: 2.4586, 205957, 31.9684, 54058.4343
current_data: 2.3743, 2414130, 8.8984, 12210.6949
current_data: 1.1208, 6253678, 4.1774, 3353.1442
current_data: 0.4336, 21824161, 78.0766, 19377.6109
current_data: 2.5467, 28245, 0.0002, 0.0000
current_data: 2.4615, 198771, 31.9704, 54072.1844
current_data: 2.3673, 2388605, 8.9246, 12445.6962
current_data: 1.1211, 6252197, 4.1215, 3296.8939
current_data: 0.4334, 21890398, 78.0452, 19421.9861
current_data: 2.5479, 27778, 0.0002, 0.0000
current_data: 2.4517, 199718, 31.9685, 53959.6838
current_data: 2.3740, 2413319, 8.9695, 12248.1951
current_data: 1.1189, 6222888, 4.1983, 3481.8949
current_data: 0.4335, 21845932, 78.0661, 19588.8621
current_data: 2.5471, 29297, 0.0002, 0.0000
current_data: 2.3921, 195752, 31.9625, 52720.9267
current_data: 2.3761, 2405190, 8.9089, 12213.8199
current_data: 1.1248, 6295443, 4.1474, 3311.2689
current_data: 0.4363, 21959005, 78.0648, 19546.3618
current_data: 2.5464, 28803, 0.0002, 0.0000
current_data: 2.5431, 210122, 24.9742, 45436.5100
current_data: 2.3832, 2366654, 8.9818, 12306.9454
current_data: 1.1270, 6304176, 4.1518, 3426.2696
current_data: 0.4365, 22007829, 78.0453, 19533.2368
current_data: 2.5470, 29093, 0.0002, 0.0000
current_data: 2.5229, 209485, 24.9773, 45122.1332
current_data: 2.3842, 2516865, 8.9221, 12411.9460
current_data: 1.1248, 6307306, 4.1514, 3293.1438
current_data: 0.4362, 22061355, 78.0263, 19553.2369
current_data: 2.5477, 30447, 0.0003, 0.0000
current_data: 2.5519, 217096, 24.9734, 45705.2615
current_data: 2.3822, 2371793, 8.9629, 12216.3199
current_data: 1.1159, 6213242, 4.3160, 3511.8951
current_data: 0.4406, 20293019, 76.1690, 19263.2352
current_data: 2.5467, 34871, 0.0004, 0.0000
current_data: 2.5410, 222708, 24.9724, 45461.5101
current_data: 2.3762, 2461826, 8.9140, 12251.3201
current_data: 1.1143, 6143232, 4.2961, 3558.1454
current_data: 0.4359, 22012595, 78.0468, 19640.1124
current_data: 2.5471, 32651, 0.0004, 0.0000
current_data: 2.5226, 221433, 24.9725, 45184.0085
current_data: 2.3875, 2355329, 8.9046, 12250.0701
current_data: 1.1224, 6215018, 4.2076, 3360.0192
current_data: 0.4361, 22008699, 78.0506, 19735.7379
current_data: 2.5476, 29530, 0.0003, 0.0000
current_data: 2.5519, 212698, 24.9750, 45669.6363
current_data: 2.3840, 2390790, 8.9841, 12294.4453
current_data: 1.1236, 6287320, 4.2170, 3441.2697
current_data: 0.4363, 22015533, 78.0438, 19625.1123
current_data: 2.5471, 28794, 0.0002, 0.0000
current_data: 2.5408, 213503, 24.9747, 45486.5103
current_data: 2.3673, 2584684, 9.1114, 12385.0709
current_data: 1.1226, 6231104, 4.2551, 3404.3945
current_data: 0.4360, 21964798, 78.0638, 19464.4864
current_data: 2.5463, 35068, 0.0004, 0.0000
current_data: 2.5254, 221882, 24.9730, 45091.5080
current_data: 2.3873, 2380255, 8.9231, 12276.9452
current_data: 1.1246, 6281121, 4.1725, 3356.8942
current_data: 0.4344, 21951688, 78.0440, 19442.6113
current_data: 2.5471, 29866, 0.0003, 0.0000
current_data: 2.2796, 245474, 31.2087, 50184.6622
current_data: 2.3796, 2393448, 8.9920, 12310.0704
current_data: 1.1213, 6247652, 4.1535, 3350.6442
current_data: 0.4335, 21857811, 78.0087, 19420.7361
current_data: 2.5470, 31204, 0.0004, 0.0000
current_data: 2.4574, 218993, 31.9651, 54010.3090
current_data: 2.3767, 2388802, 8.8975, 12249.4451
current_data: 1.1201, 6279892, 4.2332, 3433.1446
current_data: 0.4332, 21872539, 78.0449, 19405.7360
current_data: 2.5472, 30100, 0.0003, 0.0000
current_data: 2.4531, 208839, 31.9640, 53979.6839
current_data: 2.3735, 2339729, 8.9545, 12223.8199
current_data: 1.1204, 6235367, 4.1456, 3301.8939
current_data: 0.4333, 21836361, 78.0657, 19431.9862
current_data: 2.5472, 29602, 0.0002, 0.0000
current_data: 2.4583, 210546, 31.9642, 54036.5592
current_data: 2.3682, 2392660, 8.9577, 12405.6960
current_data: 1.1183, 6294161, 4.2477, 3270.6437
current_data: 0.4334, 21894261, 78.0187, 19460.7364
current_data: 2.5469, 30801, 0.0003, 0.0000
current_data: 2.4552, 207552, 31.9663, 54092.1845
current_data: 2.3756, 2427916, 8.8976, 12277.5703
current_data: 1.1215, 6240775, 4.1189, 3265.0187
current_data: 0.4335, 21842954, 78.0381, 19426.9862
current_data: 2.5470, 30558, 0.0003, 0.0000
current_data: 2.4598, 215009, 31.9660, 54060.3093
current_data: 2.3783, 2375245, 8.9677, 12233.8200
current_data: 1.1219, 6305135, 4.1867, 3290.0188
current_data: 0.4332, 21884481, 78.0692, 19388.2359
current_data: 2.5470, 29405, 0.0003, 0.0000
current_data: 2.4614, 204560, 31.9664, 54235.3103
current_data: 2.3757, 2527553, 8.9426, 12449.4462
current_data: 1.1186, 6247303, 4.2001, 3390.6444
current_data: 0.4331, 21869077, 78.0180, 19420.1111
current_data: 2.5470, 30508, 0.0003, 0.0000
current_data: 2.4496, 201734, 31.9663, 53947.8087
current_data: 2.3793, 2406839, 8.8984, 12295.0704
current_data: 1.1169, 6204073, 4.2216, 3426.2696
current_data: 0.4395, 20337558, 76.1725, 19320.7356
current_data: 2.5467, 34377, 0.0003, 0.0000
current_data: 2.1865, 241447, 33.6142, 49901.5355
current_data: 2.3819, 2555917, 8.9338, 12256.3201
current_data: 1.1277, 6258200, 4.1987, 3401.8945
current_data: 0.4400, 22184260, 78.0428, 19951.3642
current_data: 2.5476, 31054, 0.0003, 0.0000
current_data: 2.1759, 223486, 34.2672, 46055.8885
current_data: 2.3977, 2389582, 8.8550, 12296.3204
current_data: 1.1302, 6353903, 4.2286, 3410.6445
current_data: 0.4403, 22242882, 78.0179, 19826.3634
current_data: 2.5482, 29096, 0.0003, 0.0000
current_data: 2.1752, 219893, 34.2679, 46110.8888
current_data: 2.3980, 2336719, 8.8841, 12243.1951
current_data: 1.1324, 6315112, 4.1403, 3441.2697
current_data: 0.4402, 22168462, 78.0891, 19798.8633
current_data: 2.5476, 28791, 0.0003, 0.0000
current_data: 2.1101, 424901, 34.0163, 44717.1309
current_data: 2.3981, 2365688, 8.9110, 12285.0703
current_data: 1.0973, 6175884, 4.2522, 3370.6443
current_data: 0.4183, 21154741, 78.0592, 18723.8571
current_data: 2.5482, 28984, 0.0003, 0.0000
current_data: 1.7599, 5284639, 31.2745, 56998.4511
current_data: 2.3484, 2293947, 8.9253, 12066.9440
current_data: 1.1195, 6255692, 4.2211, 3468.7698
current_data: 0.4333, 21872706, 78.0185, 19364.4858
current_data: 2.5481, 28325, 0.0002, 0.0000
current_data: 2.7610, 280528, 25.5774, 50785.9156
current_data: 2.3176, 2311352, 8.9745, 12053.8190
current_data: 1.1245, 6247799, 4.1119, 3403.1445
current_data: 0.4347, 21911000, 78.0394, 19431.9862
current_data: 2.5474, 29606, 0.0003, 0.0000
current_data: 2.6469, 272617, 25.2176, 50199.0372
current_data: 1.5596, 1372001, 8.3493, 6543.1624
current_data: 1.0940, 6107390, 4.1550, 3231.2685
current_data: 0.4163, 21013713, 78.0429, 18696.3570
current_data: 2.5470, 29213, 0.0003, 0.0000
current_data: 2.2034, 203637, 26.4935, 60197.8445
current_data: 2.3397, 2297408, 8.9874, 12086.9442
current_data: 1.0921, 6126115, 4.2587, 3405.6445
current_data: 0.4165, 21066283, 78.0409, 18825.1077
current_data: 2.5470, 38234, 0.0005, 0.0000
current_data: 2.2041, 229223, 26.4843, 60262.2198
current_data: 2.3338, 2493467, 8.9803, 12193.1948
current_data: 1.1044, 6155718, 4.0687, 3204.3933
current_data: 0.4225, 21359070, 78.0184, 18990.7337
current_data: 2.5465, 29645, 0.0002, 0.0000
current_data: 2.2761, 221067, 28.4969, 57902.8313
current_data: 2.3538, 2409596, 8.9465, 12188.1947
current_data: 1.1133, 6142415, 4.3215, 3558.7704
current_data: 0.4333, 21895439, 78.0570, 19480.1115
current_data: 2.5476, 33731, 0.0004, 0.0000
current_data: 2.4584, 211415, 31.9674, 54189.0601
current_data: 2.3720, 2499578, 8.9221, 12331.9456
current_data: 1.1207, 6284441, 4.1440, 3481.2699
current_data: 0.4336, 21959708, 78.0342, 19503.8616
current_data: 2.5477, 28787, 0.0003, 0.0000
current_data: 2.4550, 203298, 31.9658, 54195.9351
current_data: 2.3815, 2377794, 8.9760, 12304.4454
current_data: 1.1195, 6257476, 4.2140, 3331.2691
current_data: 0.4309, 20761820, 77.1563, 18736.9822
current_data: 2.5465, 29442, 0.0003, 0.0000
current_data: 2.4587, 206059, 31.9645, 54009.6840
current_data: 2.3732, 2428818, 8.9301, 12190.6948
current_data: 1.1168, 6171696, 4.1312, 3271.8937
current_data: 0.4331, 21889317, 78.0327, 19508.2366
current_data: 2.5454, 32978, 0.0004, 0.0000
current_data: 2.4559, 210590, 31.9650, 54114.0596
current_data: 2.3798, 2439452, 8.9992, 12312.5705
current_data: 1.1169, 6226200, 4.2272, 3358.1442
current_data: 0.4334, 21871221, 78.0231, 19638.8624
current_data: 2.5473, 29471, 0.0002, 0.0000
current_data: 2.4583, 205472, 31.9695, 54029.6842
current_data: 2.3813, 2409188, 8.9009, 12271.3202
current_data: 1.1230, 6285085, 4.1030, 3442.5197
current_data: 0.4334, 21930311, 78.0254, 19525.1117
current_data: 2.5470, 29067, 0.0003, 0.0000
current_data: 2.4627, 201294, 31.9678, 54318.4358
current_data: 2.3663, 2394736, 9.1828, 12581.3220
current_data: 1.1227, 6264012, 4.1759, 3361.2692
current_data: 0.4329, 21837030, 78.0768, 19435.1112
current_data: 2.5479, 27562, 0.0002, 0.0000
current_data: 2.4521, 194885, 31.9688, 53973.4338
current_data: 2.3844, 2412558, 8.8720, 12253.8201
current_data: 1.1201, 6237840, 4.2563, 3306.8939
current_data: 0.4335, 21830208, 78.0640, 19370.7358
current_data: 2.5468, 29986, 0.0002, 0.0000
current_data: 2.3870, 175878, 31.9099, 52439.6751
current_data: 2.3852, 2466927, 8.9693, 12347.5707
current_data: 1.1231, 6237906, 4.1683, 3306.8939
current_data: 0.4363, 22003986, 78.0209, 19508.2366
current_data: 2.5464, 30747, 0.0003, 0.0000
current_data: 2.5414, 213493, 24.9754, 45442.7600
current_data: 2.3933, 2446845, 8.8800, 12298.8204
current_data: 1.1215, 6208254, 4.1896, 3405.6445
current_data: 0.4361, 22063468, 77.9920, 19490.7365
current_data: 2.5465, 35201, 0.0005, 0.6250
current_data: 2.5197, 223744, 24.9754, 45197.7586
current_data: 2.3919, 2450778, 8.8625, 12267.5702
current_data: 1.1197, 6184121, 4.2657, 3430.0196
current_data: 0.4362, 21973100, 78.0606, 19476.9864
current_data: 2.5482, 28572, 0.0003, 0.0000
current_data: 2.5509, 213118, 24.9744, 45544.6356
current_data: 2.3875, 2458721, 8.8833, 12290.6953
current_data: 1.1279, 6316067, 4.1625, 3441.8947
current_data: 0.4364, 21974157, 78.0394, 19593.8621
current_data: 2.5473, 27623, 0.0002, 0.0000
current_data: 2.5512, 211370, 24.9719, 45573.3858
current_data: 2.3826, 2435409, 8.9246, 12280.0703
current_data: 1.1265, 6305627, 4.1453, 3391.2694
current_data: 0.4366, 22092258, 78.0059, 19739.4880
current_data: 2.5470, 29470, 0.0002, 0.0000
current_data: 2.5275, 211926, 24.9739, 45321.5093
current_data: 2.3589, 2487984, 8.8948, 12285.0703
current_data: 1.1239, 6260400, 4.1839, 3422.5196
current_data: 0.4361, 21967557, 78.0638, 19491.9865
current_data: 2.5474, 30052, 0.0003, 0.0000
current_data: 2.5493, 210367, 24.9774, 45603.3859
current_data: 2.3615, 2462338, 8.8825, 12188.8197
current_data: 1.1211, 6220163, 4.1972, 3396.8944
current_data: 0.4361, 22004605, 78.0510, 19515.7367
current_data: 2.5452, 38746, 0.0005, 0.0000
current_data: 2.5396, 231814, 24.9746, 45449.6351
current_data: 2.3591, 2500828, 8.8934, 12244.4451
current_data: 1.1225, 6256618, 4.2110, 3412.5195
current_data: 0.4400, 20312503, 76.1557, 19275.1103
current_data: 2.5464, 33079, 0.0004, 0.0000
current_data: 2.5289, 220196, 24.9723, 45195.2586
current_data: 2.3722, 2452789, 8.9612, 11911.3182
current_data: 1.1160, 6194460, 4.2333, 3414.3945
current_data: 0.4347, 21967420, 78.0202, 19696.9877
current_data: 2.5465, 34366, 0.0004, 0.0000
current_data: 2.2617, 270896, 31.1761, 49422.7828
current_data: 2.3560, 2440087, 9.0079, 12286.3203
current_data: 1.1184, 6217742, 4.2210, 3406.2695
current_data: 0.4337, 21894560, 77.9887, 19468.8614
current_data: 2.5471, 31088, 0.0003, 0.0000
current_data: 2.4562, 222204, 31.9691, 54006.5590
current_data: 2.3542, 2471244, 8.9047, 12217.5699
current_data: 1.1216, 6236284, 4.2095, 3368.1443
current_data: 0.4332, 21855657, 78.0687, 19480.7365
current_data: 2.5466, 30948, 0.0003, 0.0000
current_data: 2.4512, 222132, 31.9669, 53960.9338
current_data: 2.3588, 2460195, 8.8667, 12221.3199
current_data: 1.1171, 6193701, 4.2948, 3510.0201
current_data: 0.4334, 21879097, 78.0333, 19426.3612
current_data: 2.5472, 31797, 0.0003, 0.0000
current_data: 2.4565, 220901, 31.9659, 54045.9343
current_data: 2.3612, 2392341, 8.8866, 12150.6945
current_data: 1.1215, 6283264, 4.1738, 3316.8940
current_data: 0.4336, 21930214, 78.0315, 19448.2363
current_data: 2.5471, 28375, 0.0002, 0.0000
current_data: 2.4549, 212861, 31.9679, 54144.6848
current_data: 2.3710, 2286542, 8.8597, 12155.6946
current_data: 1.1196, 6284940, 4.2261, 3435.6447
current_data: 0.4337, 21869176, 78.0405, 19370.1108
current_data: 2.5472, 28536, 0.0002, 0.0000
current_data: 2.4583, 218915, 31.9673, 54070.9344
current_data: 2.3594, 2497189, 8.9326, 12306.3204
current_data: 1.1172, 6200584, 4.2270, 3263.1437
current_data: 0.4334, 21890322, 78.0462, 19425.7362
current_data: 2.5466, 30606, 0.0003, 0.0000
current_data: 2.4583, 213572, 31.9675, 54150.3099
current_data: 2.3595, 2490922, 8.9035, 12298.1954
current_data: 1.1211, 6273940, 4.2039, 3272.5187
current_data: 0.4333, 21812317, 78.0518, 19546.3618
current_data: 2.5468, 29169, 0.0002, 0.0000
current_data: 2.4483, 209034, 31.9681, 53783.4328
current_data: 2.3634, 2351238, 8.8999, 12106.9443
current_data: 1.1212, 6278854, 4.2035, 3382.5194
current_data: 0.4354, 21984029, 78.0395, 19598.8621
current_data: 2.5468, 28815, 0.0002, 0.0000
current_data: 2.1892, 237085, 33.5466, 50011.5362
current_data: 2.3695, 2358328, 8.9236, 12136.3194
current_data: 1.1282, 6299242, 4.2569, 3486.8950
current_data: 0.4403, 22182120, 78.0474, 19695.7377
current_data: 2.5473, 29003, 0.0003, 0.0000
current_data: 2.1740, 228338, 34.2695, 45944.6379
current_data: 2.3789, 2449894, 8.9148, 12204.4448
current_data: 1.1291, 6325064, 4.1838, 3455.6448
current_data: 0.4403, 22238993, 78.0451, 19750.1130
current_data: 2.5470, 30441, 0.0003, 0.0000
current_data: 2.1737, 225801, 34.2710, 46127.1389
current_data: 2.3767, 2437815, 8.9700, 12275.0702
current_data: 1.1294, 6312616, 4.2497, 3385.0194
current_data: 0.4445, 20563288, 76.1630, 19530.1118
current_data: 2.5485, 30709, 0.0003, 0.0000
current_data: 2.1077, 265567, 34.3428, 45174.6335
current_data: 2.3764, 2506663, 8.9433, 12318.1955
current_data: 1.0976, 6126439, 4.2257, 3335.0191
current_data: 0.4191, 21207566, 78.0389, 18975.7336
current_data: 2.5474, 30271, 0.0003, 0.0000
current_data: 1.6931, 5248664, 32.2131, 56933.4508
current_data: 2.3254, 2398892, 8.9630, 12080.6941
current_data: 1.1160, 6219286, 4.3049, 3434.3947
current_data: 0.4332, 21928026, 78.0169, 19650.7374
current_data: 2.5470, 32754, 0.0003, 0.0000
current_data: 2.7590, 281424, 25.5955, 50893.4162
current_data: 2.3608, 2467268, 8.9780, 12304.4454
current_data: 1.1162, 6171351, 4.2223, 3461.8948
current_data: 0.4330, 21910967, 78.0573, 19487.6115
current_data: 2.5452, 37921, 0.0004, 0.0000
current_data: 2.6482, 281724, 25.1981, 50004.0361
current_data: 2.3575, 2462505, 8.9855, 12279.4453
current_data: 1.0966, 6152728, 4.1906, 3332.5191
current_data: 0.4165, 21067392, 78.0600, 18696.9820
current_data: 2.5474, 29823, 0.0002, 0.0000
current_data: 2.2049, 209343, 26.4882, 60387.2205
current_data: 2.3684, 2559829, 8.2362, 11088.8135
current_data: 1.0920, 6120644, 4.1660, 3313.1440
current_data: 0.4165, 21067927, 78.0421, 18638.2316
current_data: 2.5477, 30060, 0.0003, 0.0000
current_data: 2.2043, 214455, 26.4855, 60282.2199
current_data: 2.3205, 2383078, 9.0129, 12075.0691
current_data: 1.1016, 6168555, 4.1990, 3274.3937
current_data: 0.4221, 21296186, 78.0011, 18938.8584
current_data: 2.5474, 28709, 0.0002, 0.0000
current_data: 2.2703, 220817, 28.3995, 57794.0807
current_data: 2.3448, 2385608, 8.9316, 12138.1945
current_data: 1.1167, 6246619, 4.2475, 3397.5194
current_data: 0.4334, 21875503, 78.0509, 19408.8611
current_data: 2.5470, 30644, 0.0003, 0.0000
current_data: 2.4606, 203478, 31.9678, 54175.3100
current_data: 2.3632, 2389991, 8.9899, 12159.4446
current_data: 1.1184, 6217228, 4.1733, 3376.8943
current_data: 0.4333, 21848525, 78.0397, 19368.8608
current_data: 2.5465, 33563, 0.0003, 0.0000
current_data: 2.4542, 204499, 31.9660, 54156.5599
current_data: 2.3627, 2467642, 8.9351, 12315.0705
current_data: 1.1183, 6256079, 4.0829, 3293.7688
current_data: 0.4334, 21970245, 78.0247, 19609.4872
current_data: 2.5465, 31315, 0.0003, 0.0000
current_data: 2.4584, 206329, 31.9669, 54107.8096
current_data: 2.3585, 2405860, 8.9535, 12093.1942
current_data: 1.1215, 6279917, 4.2828, 3471.8949
current_data: 0.4333, 21760823, 78.0544, 19463.8614
current_data: 2.5477, 27900, 0.0002, 0.0000
current_data: 2.4597, 188978, 31.9692, 53947.8087
current_data: 2.3510, 2415563, 8.9897, 11924.4432
current_data: 1.1175, 6226634, 4.2214, 3339.3941
current_data: 0.4332, 21846668, 78.0757, 19422.6111
current_data: 2.5471, 29864, 0.0003, 0.0000
current_data: 2.4599, 194262, 31.9692, 54127.1847
current_data: 2.3610, 2440249, 9.0055, 12226.3200
current_data: 1.1175, 6291901, 4.2241, 3303.7689
current_data: 0.4334, 21909183, 78.0283, 19471.9864
current_data: 2.5465, 30729, 0.0003, 0.0000
current_data: 2.4632, 196050, 31.9689, 54291.5607
current_data: 2.3593, 2455062, 8.9942, 12306.3204
current_data: 1.1134, 6161362, 4.2580, 3386.2694
current_data: 0.4371, 20184309, 76.1531, 19108.8593
current_data: 2.5463, 32655, 0.0004, 0.0000
current_data: 2.4510, 195326, 31.9676, 53918.4335
current_data: 2.3541, 2491599, 8.9406, 12316.9455
current_data: 1.1204, 6221230, 4.1772, 3411.2695
current_data: 0.4333, 21851671, 78.0581, 19617.6123
current_data: 2.5471, 31866, 0.0003, 0.0000
current_data: 2.4089, 192749, 31.9293, 53127.1790
current_data: 2.3653, 2508354, 8.8841, 12275.6952
current_data: 1.1212, 6235586, 4.2436, 3436.8947
current_data: 0.4360, 22048768, 78.0013, 19691.3627
current_data: 2.5471, 32517, 0.0004, 0.6250
current_data: 2.5407, 232471, 24.9710, 45527.7605
current_data: 2.3784, 2416510, 8.7952, 12288.1953
current_data: 1.1261, 6281170, 4.1873, 3391.2694
current_data: 0.4363, 22024852, 78.0609, 19593.8621
current_data: 2.5473, 29627, 0.0003, 0.0000
current_data: 2.5220, 215229, 24.9752, 45156.5084
current_data: 2.3723, 2396911, 8.9895, 12210.6949
current_data: 1.1239, 6262163, 4.1668, 3321.2690
current_data: 0.4362, 21997029, 78.0332, 19496.9866
current_data: 2.5467, 29918, 0.0002, 0.0000
current_data: 2.5586, 208484, 24.9760, 45702.7615
current_data: 2.3729, 2438092, 8.9712, 12268.1952
current_data: 1.1286, 6300665, 4.1097, 3262.5187
current_data: 0.4364, 22008954, 78.0208, 19449.4863
current_data: 2.5475, 28650, 0.0003, 0.0000
current_data: 2.5436, 211686, 24.9722, 45489.6353
current_data: 2.3730, 2449466, 8.9876, 12300.0704
current_data: 1.1240, 6225716, 4.1433, 3270.6437
current_data: 0.4363, 22019154, 78.0462, 19508.8616
current_data: 2.5472, 30107, 0.0003, 0.0000
current_data: 2.5246, 210339, 24.9737, 45195.8836
current_data: 2.3730, 2426987, 8.9787, 12318.1955
current_data: 1.1229, 6242539, 4.1789, 3259.3937
current_data: 0.4361, 21811139, 78.0495, 19366.9858
current_data: 2.5464, 33514, 0.0004, 0.0000
current_data: 2.5500, 219185, 24.9726, 45472.1352
current_data: 2.3781, 2393155, 8.8904, 12245.6951
current_data: 1.1217, 6268313, 4.2604, 3455.0198
current_data: 0.4363, 22063665, 78.0340, 19643.8624
current_data: 2.5467, 30597, 0.0003, 0.0000
current_data: 2.5424, 214667, 24.9751, 45622.7611
current_data: 2.3730, 2456135, 8.9577, 12312.5705
current_data: 1.1232, 6266350, 4.2000, 3375.0193
current_data: 0.4365, 22023189, 78.0208, 19631.9873
current_data: 2.5468, 32818, 0.0004, 0.0000
current_data: 2.5269, 217454, 24.9723, 45189.0086
current_data: 2.3690, 2453024, 8.9945, 12305.0704
current_data: 1.1211, 6311529, 4.1529, 3360.0192
current_data: 0.4348, 21961149, 78.0483, 19561.9869
current_data: 2.5467, 29702, 0.0002, 0.0000
current_data: 2.2767, 250567, 31.0280, 49650.2841
current_data: 2.3648, 2461467, 8.9913, 12320.0705
current_data: 1.1209, 6252208, 4.0887, 3192.5183
current_data: 0.4336, 21834084, 78.0443, 19406.3610
current_data: 2.5473, 28417, 0.0002, 0.0000
current_data: 2.4563, 211624, 31.9689, 53940.3086
current_data: 2.3615, 2428277, 8.9134, 12146.9445
current_data: 1.1175, 6265316, 4.1920, 3405.6445
current_data: 0.4313, 21658696, 77.9585, 19251.3602
current_data: 2.5475, 29713, 0.0003, 0.0000
current_data: 2.4521, 211333, 31.9681, 53967.8088
current_data: 2.3691, 2328757, 8.9092, 12164.4446
current_data: 1.1208, 6266184, 4.1607, 3370.0193
current_data: 0.4367, 21564341, 77.5246, 19800.7383
current_data: 2.5472, 28704, 0.0002, 0.0000
current_data: 2.4575, 210077, 31.9652, 53993.4340
current_data: 2.3847, 2487538, 8.7158, 12219.4449
current_data: 1.1155, 6206695, 4.2877, 3436.8947
current_data: 0.4333, 21894183, 78.0244, 19616.9872
current_data: 2.5468, 32893, 0.0003, 0.0000
current_data: 2.4521, 216767, 31.9666, 53989.0589
current_data: 2.3610, 2493863, 8.9054, 12225.6950
current_data: 1.1141, 6118101, 4.2854, 3412.5195
current_data: 0.4333, 21849848, 78.0217, 19373.8609
current_data: 2.5470, 32953, 0.0003, 0.0000
current_data: 2.4559, 232306, 31.9662, 53948.4337
current_data: 2.3650, 2405905, 8.9572, 12153.8195
current_data: 1.1155, 6251908, 4.2419, 3440.0197
current_data: 0.4333, 21927788, 78.0461, 19500.1116
current_data: 2.5477, 31012, 0.0003, 0.0000
current_data: 2.4592, 212210, 31.9673, 54257.1855
current_data: 2.3679, 2401478, 8.9876, 12250.6951
current_data: 1.1199, 6302155, 4.1660, 3420.0196
current_data: 0.4333, 21900300, 78.0146, 19368.2358
current_data: 2.5475, 28929, 0.0003, 0.0000
current_data: 2.4502, 207529, 31.9663, 53988.4339
current_data: 2.3622, 2412745, 9.0125, 12230.6950
current_data: 1.1244, 6304401, 4.1282, 3185.6432
current_data: 0.4355, 21947402, 78.0396, 19529.4867
current_data: 2.5476, 29313, 0.0003, 0.0000
current_data: 2.1910, 235156, 33.5141, 49987.1610
current_data: 2.3784, 2459407, 8.9518, 12327.5705
current_data: 1.1230, 6220220, 4.2745, 3392.5194
current_data: 0.4402, 22236511, 78.0410, 19769.4881
current_data: 2.5473, 32931, 0.0004, 0.0000
current_data: 2.1738, 246308, 34.2663, 46112.1389
current_data: 2.3953, 2495634, 8.8971, 12320.0705
current_data: 1.1311, 6308015, 4.2125, 3455.6448
current_data: 0.4404, 22183057, 78.0318, 19702.6127
current_data: 2.5473, 28261, 0.0002, 0.0000
current_data: 2.1743, 222969, 34.2685, 45991.5132
current_data: 2.3798, 2506041, 8.8993, 12340.6956
current_data: 1.1337, 6322227, 4.1116, 3276.8938
current_data: 0.4405, 22196001, 78.0436, 19798.2383
current_data: 2.5472, 29063, 0.0002, 0.0000
current_data: 2.1207, 247488, 34.2989, 45132.7583
current_data: 2.3833, 2443660, 8.9071, 12323.1955
current_data: 1.0999, 6123581, 4.1272, 3265.6437
current_data: 0.4194, 21205443, 78.0568, 18929.4833
current_data: 2.5472, 28925, 0.0002, 0.0000
current_data: 1.6797, 5278536, 32.3965, 56667.1993
current_data: 2.3318, 2409067, 8.9615, 12128.1944
current_data: 1.1185, 6229373, 4.2091, 3318.7690
current_data: 0.4330, 21841209, 78.0816, 19415.1111
current_data: 2.5455, 36054, 0.0005, 0.0000
current_data: 2.7607, 277297, 25.6047, 50876.5411
current_data: 2.3655, 2486448, 9.0098, 12279.4453
current_data: 1.1174, 6238068, 4.2367, 3378.1443
current_data: 0.4335, 21864607, 78.0669, 19432.6112
current_data: 2.5464, 29654, 0.0002, 0.0000
current_data: 2.6556, 264861, 25.1708, 49639.0340
current_data: 2.3774, 2574126, 8.7231, 12057.5690
current_data: 1.0936, 6114054, 4.2388, 3289.3938
current_data: 0.4218, 19369294, 76.0653, 18418.2304
current_data: 2.5476, 30579, 0.0003, 0.0000
current_data: 2.2025, 200723, 26.4926, 60109.0939
current_data: 2.3272, 2346455, 9.0229, 12069.4441
current_data: 1.0953, 6087166, 4.0662, 3127.5179
current_data: 0.4167, 21014735, 78.0561, 18780.1075
current_data: 2.5470, 28737, 0.0002, 0.0000
current_data: 2.2048, 205468, 26.4879, 60162.8443
current_data: 2.3250, 2426238, 9.0245, 12136.3194
current_data: 1.0969, 6158007, 4.2553, 3366.2693
current_data: 0.4214, 21286705, 78.0306, 18998.2337
current_data: 2.5465, 31968, 0.0003, 0.6250
current_data: 2.2656, 233633, 28.2476, 58128.4576
current_data: 2.3367, 2434982, 8.9773, 12153.8195
current_data: 1.1149, 6184627, 4.1978, 3370.0193
current_data: 0.4335, 21917884, 78.0403, 19531.9868
current_data: 2.5466, 32781, 0.0003, 0.0000
current_data: 2.4576, 217213, 31.9684, 54192.1851
current_data: 2.3705, 2420705, 8.9827, 12227.5700
current_data: 1.1201, 6266818, 4.2249, 3418.1446
current_data: 0.4333, 21905823, 78.0706, 19453.2363
current_data: 2.5466, 30421, 0.0004, 0.0000
current_data: 2.4543, 199530, 31.9671, 54041.5592
current_data: 2.3710, 2386408, 8.9418, 12193.1948
current_data: 1.1183, 6225683, 4.2487, 3428.7696
current_data: 0.4334, 21857416, 78.0421, 19373.8609
current_data: 2.5473, 29061, 0.0002, 0.0000
current_data: 2.4590, 194886, 31.9669, 54027.1841
current_data: 2.3834, 2565905, 8.8523, 11855.6928
current_data: 1.1191, 6282892, 4.2268, 3397.5194
current_data: 0.4336, 21895386, 78.0626, 19398.8610
current_data: 2.5471, 29462, 0.0002, 0.0000
current_data: 2.4563, 196414, 31.9687, 54122.1847
current_data: 2.3671, 2515136, 8.8806, 12270.6952
current_data: 1.1176, 6260339, 4.2720, 3300.0189
current_data: 0.4336, 21921381, 78.0414, 19436.9862
current_data: 2.5471, 28740, 0.0002, 0.0000
current_data: 2.4581, 199258, 31.9697, 54188.4351
current_data: 2.3691, 2412231, 8.8949, 12242.5701
current_data: 1.1216, 6254281, 4.1288, 3441.2697
current_data: 0.4336, 21849748, 78.0513, 19446.3613
current_data: 2.5470, 29330, 0.0002, 0.0000
current_data: 2.4616, 197474, 31.9703, 54100.3096
current_data: 2.3735, 2398371, 8.9862, 12243.1951
current_data: 1.1217, 6319488, 4.2040, 3338.7691
current_data: 0.4334, 21902590, 78.0472, 19481.3615
current_data: 2.5473, 29749, 0.0002, 0.0000
current_data: 2.4516, 196937, 31.9688, 54017.8091
current_data: 2.3696, 2461093, 8.9869, 12314.4455
current_data: 1.1205, 6318968, 4.2234, 3442.5197
current_data: 0.4336, 21869391, 78.0387, 19432.6112
current_data: 2.5472, 28950, 0.0002, 0.0000
current_data: 2.4433, 189177, 31.9574, 53858.4332
current_data: 2.3709, 2536027, 8.9829, 12353.1957
current_data: 1.1236, 6273466, 4.1066, 3253.7686
current_data: 0.4363, 22024193, 78.0530, 19538.2368
current_data: 2.5473, 28179, 0.0002, 0.0000
current_data: 2.5340, 220666, 25.0475, 45593.3859
current_data: 2.3793, 2393446, 8.9651, 12198.8198
current_data: 1.1269, 6304438, 4.1829, 3278.7688
current_data: 0.4367, 21994481, 78.0361, 19559.4869
current_data: 2.5474, 30337, 0.0002, 0.0000
current_data: 2.5222, 211606, 24.9770, 45074.0079
current_data: 2.3841, 2455217, 8.9661, 12338.8206
current_data: 1.1246, 6294681, 4.1639, 3428.7696
current_data: 0.4428, 20464999, 76.4234, 19394.4860
current_data: 2.5469, 29064, 0.0003, 0.0000
current_data: 2.5473, 214460, 24.9761, 45620.8860
current_data: 2.3810, 2422971, 8.9648, 12270.0702
current_data: 1.1226, 6226714, 4.1541, 3419.3946
current_data: 0.4363, 21970670, 78.0492, 19647.6124
current_data: 2.5462, 35233, 0.0004, 0.0000
current_data: 2.5434, 224838, 24.9724, 45404.6348
current_data: 2.3794, 2424486, 8.9993, 12261.9452
current_data: 1.1222, 6269766, 4.2041, 3516.2701
current_data: 0.4366, 21994610, 78.0367, 19516.9867
current_data: 2.5459, 33052, 0.0004, 0.0000
current_data: 2.5250, 227899, 24.9716, 45101.5081
current_data: 2.3796, 2531382, 9.0049, 12350.0707
current_data: 1.1109, 6040719, 4.3503, 3605.0206
current_data: 0.4358, 21966528, 78.0517, 19520.1117
current_data: 2.5474, 35664, 0.0006, 0.0000
current_data: 2.5469, 230619, 24.9740, 45525.8855
current_data: 2.3838, 2434762, 8.9752, 11970.0685
current_data: 1.1235, 6295955, 4.1626, 3381.2693
current_data: 0.4363, 22064212, 78.0566, 19537.6118
current_data: 2.5478, 30400, 0.0004, 0.0000
current_data: 2.5420, 219565, 24.9737, 45567.1357
current_data: 2.3778, 2397911, 8.9633, 12258.1951
current_data: 1.1294, 6273408, 4.0498, 3324.3940
current_data: 0.4367, 22000044, 78.0344, 19486.9865
current_data: 2.5469, 28816, 0.0003, 0.0000
current_data: 2.5277, 211099, 24.9726, 45151.5084
current_data: 2.3765, 2413083, 9.0082, 12295.0704
current_data: 1.1228, 6309921, 4.1785, 3285.0188
current_data: 0.4350, 22006535, 78.0295, 19516.9867
current_data: 2.5475, 29929, 0.0003, 0.0000
current_data: 2.2743, 254888, 30.8093, 49412.7827
current_data: 2.3752, 2452966, 8.9663, 12336.3206
current_data: 1.1181, 6249556, 4.2694, 3443.7697
current_data: 0.4336, 21873523, 78.0532, 19421.9861
current_data: 2.5487, 28314, 0.0003, 0.0000
current_data: 2.4557, 218007, 31.9676, 54017.1841
current_data: 2.3672, 2534763, 8.9547, 12374.4458
current_data: 1.1205, 6222034, 4.1384, 3384.3944
current_data: 0.4335, 21903594, 78.0194, 19613.2372
current_data: 2.5474, 29722, 0.0003, 0.0000
current_data: 2.4497, 216669, 31.9672, 53940.9337
current_data: 2.3876, 2388692, 8.6373, 12294.4453
current_data: 1.1189, 6220435, 4.2649, 3480.6449
current_data: 0.4336, 21898691, 78.0366, 19599.4871
current_data: 2.5468, 28893, 0.0003, 0.0000
current_data: 2.4561, 214446, 31.9652, 54050.3093
current_data: 2.3731, 2421854, 9.0171, 12282.5703
current_data: 1.1205, 6268055, 4.0847, 3271.8937
current_data: 0.4336, 21890884, 78.0459, 19496.3616
current_data: 2.5471, 29926, 0.0003, 0.0000
current_data: 2.4532, 210512, 31.9686, 54059.6843
current_data: 2.3734, 2519023, 8.9867, 12329.4455
current_data: 1.1209, 6246104, 4.1664, 3395.0194
current_data: 0.4336, 21911524, 78.0158, 19442.6113
current_data: 2.5466, 30128, 0.0003, 0.0000
current_data: 2.4566, 219727, 31.9672, 54105.3096
current_data: 2.3730, 2552037, 8.9282, 12361.9457
current_data: 1.1201, 6280865, 4.1490, 3303.1439
current_data: 0.4377, 20121848, 76.1818, 19167.6097
current_data: 2.5482, 29238, 0.0003, 0.0000
current_data: 2.4587, 213445, 31.9680, 54137.8098
current_data: 2.3763, 2554495, 8.9312, 12356.9457
current_data: 1.1207, 6240763, 4.0944, 3300.0189
current_data: 0.4333, 21866731, 78.0362, 19532.6118
current_data: 2.5467, 28764, 0.0002, 0.0000
current_data: 2.4488, 205654, 31.9695, 53878.4333
current_data: 2.3761, 2492960, 8.8786, 12258.8201
current_data: 1.1251, 6298830, 4.2060, 3446.8947
current_data: 0.4352, 21979721, 78.0186, 19623.2373
current_data: 2.5473, 28748, 0.0003, 0.0000
current_data: 2.2057, 231163, 33.4637, 50495.9139
current_data: 2.3800, 2572953, 8.9276, 12332.5706
current_data: 1.1282, 6295952, 4.2451, 3430.0196
current_data: 0.4402, 22179689, 78.0596, 19765.1131
current_data: 2.5473, 31747, 0.0003, 0.0000
current_data: 2.1743, 233172, 34.2697, 45997.1382
current_data: 2.3907, 2500984, 8.9560, 12395.6959
current_data: 1.1239, 6202355, 4.2012, 3483.7699
current_data: 0.4399, 22225179, 78.0308, 19603.8622
current_data: 2.5468, 32646, 0.0004, 0.0000
current_data: 2.1727, 238189, 34.2680, 46056.5135
current_data: 2.3904, 2512520, 8.9201, 12353.1957
current_data: 1.1295, 6248647, 4.1827, 3372.5193
current_data: 0.4404, 22206759, 78.0301, 19696.9877
current_data: 2.5481, 30136, 0.0005, 0.0000
current_data: 2.1174, 245357, 34.3046, 45057.1328
current_data: 2.3886, 2503254, 8.8936, 12348.8207
current_data: 1.1003, 6152240, 4.1693, 3293.1438
current_data: 0.4199, 21200563, 78.0519, 18808.8576
current_data: 2.5465, 34142, 0.0005, 0.0000
current_data: 1.7106, 5379776, 31.6187, 56339.0724
current_data: 2.3412, 2410937, 8.9654, 12163.1946
current_data: 1.1186, 6276062, 4.1673, 3337.5191
current_data: 0.4336, 21945298, 78.0333, 19509.4866
current_data: 2.5477, 29374, 0.0003, 0.0000
current_data: 2.7636, 265018, 25.6168, 51069.6672
current_data: 2.3907, 2595624, 8.7444, 12041.9439
current_data: 1.1206, 6261349, 4.1636, 3334.3941
current_data: 0.4344, 21899798, 78.0458, 19553.8619
current_data: 2.5479, 29407, 0.0002, 0.0000
current_data: 2.6634, 254366, 25.1376, 49245.9068
current_data: 2.3811, 2387282, 8.9190, 12234.4450
current_data: 1.0920, 6076417, 4.2344, 3328.1440
current_data: 0.4166, 21046033, 78.0428, 18768.8574
current_data: 2.5481, 31239, 0.0004, 0.0000
current_data: 2.2034, 212655, 26.4911, 60257.2198
current_data: 2.3403, 2371269, 8.9767, 12091.9442
current_data: 1.0915, 6068148, 4.2134, 3251.8936
current_data: 0.4168, 21104515, 78.0152, 18809.4826
current_data: 2.5467, 30294, 0.0003, 0.0000
current_data: 2.2044, 217852, 26.4851, 60386.5955
current_data: 2.3383, 2413242, 8.9548, 12136.9444
current_data: 1.1023, 6172996, 4.1814, 3285.0188
current_data: 0.4215, 21309996, 78.0207, 18882.6080
current_data: 2.5477, 27669, 0.0003, 0.0000
current_data: 2.2621, 225394, 28.1768, 58235.9582
current_data: 2.3496, 2398679, 8.9526, 12182.5697
current_data: 1.1182, 6236812, 4.2596, 3475.0199
current_data: 0.4338, 21881813, 78.0360, 19403.8610
current_data: 2.5469, 28766, 0.0003, 0.0000
current_data: 2.4595, 202969, 31.9689, 54134.0598
current_data: 2.3803, 2539788, 8.9686, 12407.5710
current_data: 1.1175, 6181835, 4.2372, 3375.0193
current_data: 0.4374, 20043901, 76.2310, 19133.8595
current_data: 2.5471, 29309, 0.0002, 0.0000
current_data: 2.4547, 199375, 31.9680, 54051.5593
current_data: 2.3811, 2386978, 8.9719, 12026.3188
current_data: 1.1211, 6283829, 4.1149, 3333.7691
current_data: 0.4336, 21902006, 78.0283, 19653.8625
current_data: 2.5480, 28661, 0.0003, 0.0000
current_data: 2.4600, 200095, 31.9672, 54159.6849
current_data: 2.3813, 2429587, 8.9644, 12287.5703
current_data: 1.1189, 6240604, 4.2986, 3538.7702
current_data: 0.4334, 21865634, 78.0350, 19478.8615
current_data: 2.5473, 28192, 0.0002, 0.0000
current_data: 2.4569, 192149, 31.9706, 54067.8094
current_data: 2.3789, 2464131, 8.9900, 12328.1955
current_data: 1.1168, 6252606, 4.2539, 3452.5198
current_data: 0.4332, 21862027, 78.0626, 19476.3614
current_data: 2.5467, 31806, 0.0003, 0.0000
current_data: 2.4572, 214697, 31.9692, 54076.5594
current_data: 2.3809, 2542864, 8.9741, 12366.9458
current_data: 1.1164, 6215701, 4.2852, 3468.7698
current_data: 0.4330, 21873106, 78.0421, 19323.8606
current_data: 2.5468, 33082, 0.0003, 0.0000
current_data: 2.4601, 217567, 31.9679, 54165.9349
current_data: 2.3815, 2496223, 8.9837, 12360.0707
current_data: 1.1156, 6269625, 4.2843, 3451.8948
current_data: 0.4332, 21923418, 78.0046, 19397.6110
current_data: 2.5480, 31926, 0.0003, 0.0000
current_data: 2.4513, 207715, 31.9670, 54029.0592
current_data: 2.3994, 2540041, 8.4553, 12244.4451
current_data: 1.1199, 6294549, 4.2300, 3288.7688
current_data: 0.4334, 21851749, 78.0177, 19419.4861
current_data: 2.5474, 28579, 0.0002, 0.0000
current_data: 2.4584, 194594, 31.9683, 54068.4344
current_data: 2.3826, 2393612, 8.9412, 12190.6948
current_data: 1.1258, 6304315, 4.1283, 3223.7684
current_data: 0.4358, 21986939, 78.0735, 19536.3618
current_data: 2.5472, 29230, 0.0003, 0.0000
current_data: 2.5204, 213358, 25.1447, 45533.3855
current_data: 2.3922, 2407738, 8.9268, 12233.8200
current_data: 1.1258, 6237474, 4.1877, 3404.3945
current_data: 0.4364, 22012354, 78.0144, 19652.6125
current_data: 2.5475, 28165, 0.0002, 0.0000
current_data: 2.5214, 205810, 24.9773, 45099.6331
current_data: 2.3902, 2457091, 8.9553, 12287.5703
current_data: 1.1233, 5996837, 4.1666, 3202.5183
current_data: 0.4365, 22024015, 78.0858, 19641.9874
current_data: 2.5458, 38553, 0.0005, 0.0000
current_data: 2.5482, 226747, 24.9724, 45561.5107
current_data: 2.3871, 2417591, 8.9528, 12236.9450
current_data: 1.1241, 6276758, 4.2609, 3487.5200
current_data: 0.4368, 22001612, 78.0663, 19547.6119
current_data: 2.5465, 29323, 0.0003, 0.0000
current_data: 2.5442, 208209, 24.9716, 45504.6354
current_data: 2.3913, 2431090, 8.9648, 12301.3204
current_data: 1.1260, 6283532, 4.0911, 3316.2690
current_data: 0.4372, 22092574, 78.0457, 19595.7371
current_data: 2.5477, 29729, 0.0003, 0.0000
current_data: 2.5252, 209606, 24.9727, 45306.5092
current_data: 2.3948, 2486999, 8.9264, 12390.6959
current_data: 1.1241, 6265891, 4.1492, 3333.1441
current_data: 0.4388, 20152163, 75.9774, 19219.4850
current_data: 2.5469, 29344, 0.0003, 0.0000
current_data: 2.5492, 210591, 24.9734, 45595.8859
current_data: 2.3955, 2483040, 8.9393, 12395.0709
current_data: 1.1238, 6328565, 4.1969, 3456.2698
current_data: 0.4369, 21997030, 78.0877, 19690.1127
current_data: 2.5475, 28550, 0.0002, 0.0000
current_data: 2.5477, 206448, 24.9748, 45528.3855
current_data: 2.3940, 2487778, 8.9541, 12395.6959
current_data: 1.1244, 6295797, 4.1403, 3311.8940
current_data: 0.4375, 22125572, 78.0270, 19788.8632
current_data: 2.5468, 29515, 0.0002, 0.0000
current_data: 2.5264, 211493, 24.9723, 45251.5089
current_data: 2.3869, 2426896, 8.9712, 12268.8202
current_data: 1.1263, 6276493, 4.1332, 3292.5188
current_data: 0.4354, 21917174, 78.0910, 19479.4865
current_data: 2.5482, 28494, 0.0002, 0.0000
current_data: 2.2775, 235747, 30.8553, 49591.5338
current_data: 2.3826, 2477693, 8.9871, 12322.5705
current_data: 1.1149, 6183632, 4.2521, 3551.8953
current_data: 0.4339, 21928612, 78.0603, 19430.1112
current_data: 2.5480, 32244, 0.0004, 0.0000
current_data: 2.4582, 224668, 31.9640, 54189.0601
current_data: 2.3794, 2478360, 8.9180, 12311.3204
current_data: 1.1167, 6191621, 4.2101, 3387.5194
current_data: 0.4340, 21876192, 78.0346, 19413.8611
current_data: 2.5460, 32417, 0.0003, 0.0000
current_data: 2.4526, 226427, 31.9622, 53865.9332
current_data: 2.3790, 2421831, 8.9720, 12205.6948
current_data: 1.1131, 6166441, 4.2622, 3406.2695
current_data: 0.4340, 21880689, 78.0090, 19376.9859
current_data: 2.5471, 32512, 0.0004, 0.0000
current_data: 2.4567, 217693, 31.9619, 53984.0589
current_data: 2.3788, 2550561, 8.9710, 12400.0710
current_data: 1.1187, 6226379, 4.1779, 3322.5190
current_data: 0.4343, 21951451, 78.0415, 19535.1118
current_data: 2.5471, 28891, 0.0003, 0.0000
current_data: 2.4558, 204720, 31.9660, 54142.8098
current_data: 2.3825, 2544169, 8.9410, 12351.3207
current_data: 1.1202, 6275789, 4.2155, 3310.6439
current_data: 0.4342, 21923756, 78.0654, 19568.8620
current_data: 2.5471, 28824, 0.0002, 0.0000
current_data: 2.4603, 207929, 31.9654, 54223.4353
current_data: 2.3837, 2494434, 8.9586, 12377.5708
current_data: 1.1188, 6287107, 4.2231, 3389.3944
current_data: 0.4344, 21910400, 78.0369, 19536.3618
current_data: 2.5469, 29189, 0.0002, 0.0000
current_data: 2.4607, 206882, 31.9662, 54126.5597
current_data: 2.4060, 2380288, 8.5812, 12259.4451
current_data: 1.1212, 6292380, 4.1839, 3343.1441
current_data: 0.4341, 21948470, 78.0290, 19542.6118
current_data: 2.5483, 29824, 0.0003, 0.0000
current_data: 2.4509, 201700, 31.9653, 54006.5590
current_data: 2.3815, 2461299, 8.9858, 12368.1958
current_data: 1.1236, 6285966, 4.2223, 3356.2692
current_data: 0.4360, 21961412, 78.0892, 19520.7367
current_data: 2.5472, 28037, 0.0002, 0.0000
current_data: 2.1998, 225449, 33.4773, 50209.0373
current_data: 2.3908, 2461356, 8.9625, 12401.9460
current_data: 1.1275, 6281252, 4.2659, 3509.3951
current_data: 0.4410, 22274671, 78.0380, 19727.6129
current_data: 2.5469, 29254, 0.0002, 0.0000
current_data: 2.1753, 221808, 34.2688, 46102.7638
current_data: 2.3936, 2511256, 8.9362, 12398.8209
current_data: 1.1261, 6295717, 4.2787, 3658.7709
current_data: 0.4393, 19821204, 75.8134, 19058.2341
current_data: 2.5469, 36178, 0.0005, 0.0000
current_data: 2.1732, 233031, 34.2683, 46070.8886
current_data: 2.3900, 2466511, 8.9896, 12338.1956
current_data: 1.1285, 6285959, 4.1891, 3431.8946
current_data: 0.4411, 22263918, 78.0530, 19891.9888
current_data: 2.5459, 31515, 0.0004, 0.0000
current_data: 2.1214, 246464, 34.3020, 45239.0089
current_data: 2.3619, 2768929, 8.9732, 12299.4454
current_data: 1.0979, 6139615, 4.1679, 3203.1433
current_data: 0.4200, 21239906, 78.0579, 18930.1083
current_data: 2.5467, 33335, 0.0004, 0.0000
current_data: 1.6948, 5364864, 32.0331, 56489.6982
current_data: 2.3359, 2795458, 9.0166, 11470.0656
current_data: 1.1122, 6115825, 4.3700, 3427.5196
current_data: 0.4336, 21925074, 78.0436, 19506.9866
current_data: 2.5468, 32767, 0.0004, 0.0000
current_data: 2.7625, 267079, 25.6116, 50999.6668
current_data: 2.3532, 2778878, 8.9812, 12278.8203
current_data: 1.1177, 6230003, 4.2277, 3420.6446
current_data: 0.4343, 21903554, 78.0630, 19443.8613
current_data: 2.5460, 33358, 0.0004, 0.0000
current_data: 2.6585, 268292, 25.1577, 49478.4081
current_data: 2.3555, 2745812, 8.9847, 12280.6953
current_data: 1.0908, 6032631, 4.2001, 3163.7681
current_data: 0.4172, 21057254, 78.0098, 18655.7317
current_data: 2.5461, 33575, 0.0003, 0.0000
current_data: 2.2023, 220004, 26.4908, 60153.4692
current_data: 2.3077, 2694771, 9.0298, 12090.6942
current_data: 1.0939, 6141817, 4.2354, 3179.3932
current_data: 0.4173, 21125003, 78.0337, 18677.6069
current_data: 2.5471, 29227, 0.0002, 0.0000
current_data: 2.2047, 211388, 26.4868, 60362.8454
current_data: 2.3177, 2664188, 9.0064, 12061.3190
current_data: 1.1018, 6148040, 4.2337, 3368.1443
current_data: 0.4217, 21311411, 78.0322, 18918.2333
current_data: 2.5469, 28608, 0.0002, 0.6250
current_data: 2.2638, 226102, 28.2406, 58093.4574
current_data: 2.3312, 2622088, 9.0658, 12095.0692
current_data: 1.1216, 6236909, 4.1396, 3240.0185
current_data: 0.4343, 21907523, 78.0431, 19534.4868
current_data: 2.5476, 30232, 0.0003, 0.6250
current_data: 2.4575, 202852, 31.9694, 54114.0596
current_data: 2.3528, 2705099, 9.0125, 12265.0702
current_data: 1.1204, 6252338, 4.1243, 3280.0188
current_data: 0.4341, 21961121, 78.0420, 19521.3617
current_data: 2.5474, 30201, 0.0002, 0.0000
current_data: 2.4553, 203121, 31.9685, 54104.0596
current_data: 2.3750, 2774284, 8.9481, 11561.9412
current_data: 1.1221, 6274608, 4.2560, 3425.6446
current_data: 0.4340, 21877876, 78.0697, 19487.6115
current_data: 2.5471, 29967, 0.0003, 0.0000
current_data: 2.4580, 203103, 31.9683, 53994.6840
current_data: 2.3582, 2780661, 8.9639, 12274.4452
current_data: 1.1248, 6273507, 4.1269, 3406.8945
current_data: 0.4342, 21934313, 78.0193, 19448.8613
current_data: 2.5476, 28874, 0.0002, 0.0000
current_data: 2.4556, 198663, 31.9707, 54102.1846
current_data: 2.3581, 2727536, 8.9874, 12272.5702
current_data: 1.1144, 6152665, 4.2304, 3500.0200
current_data: 0.4346, 19628722, 75.9619, 18810.7326
current_data: 2.5468, 34006, 0.0004, 0.6250
current_data: 2.4571, 212181, 31.9692, 54075.9344
current_data: 2.3579, 2713848, 9.0007, 12283.8203
current_data: 1.1197, 6278469, 4.1679, 3294.3939
current_data: 0.4334, 21886955, 78.0577, 19466.3614
current_data: 2.5476, 29991, 0.0003, 0.0000
current_data: 2.4621, 200471, 31.9694, 54217.1852
current_data: 2.3553, 2734239, 9.0019, 12293.1953
current_data: 1.1214, 6270600, 4.1631, 3348.7692
current_data: 0.4332, 21888063, 78.0522, 19565.1120
current_data: 2.5473, 31294, 0.0003, 0.0000
current_data: 2.4527, 199517, 31.9672, 54076.5594
current_data: 2.3545, 2714698, 9.0074, 12218.1949
current_data: 1.1224, 6242818, 4.1671, 3405.6445
current_data: 0.4332, 21837767, 78.0695, 19431.9862
current_data: 2.5462, 29909, 0.0003, 0.0000
current_data: 2.4512, 189488, 31.9678, 53984.6839
current_data: 2.4068, 2610001, 8.3236, 12176.9447
current_data: 1.1236, 6286779, 4.1997, 3461.2698
current_data: 0.4361, 22022363, 78.0412, 19506.3616
current_data: 2.5468, 30240, 0.0002, 0.0000
current_data: 2.5288, 208529, 25.1175, 45631.5111
current_data: 2.3647, 2727941, 8.9747, 12273.1952
current_data: 1.1201, 6064697, 4.2486, 3395.6444
current_data: 0.4359, 21853763, 78.0586, 19348.2357
current_data: 2.5453, 40742, 0.0006, 0.0000
current_data: 2.5173, 241015, 24.9731, 44772.7562
current_data: 2.3639, 2743844, 9.0117, 12287.5703
current_data: 1.1203, 6202741, 4.1825, 3393.7694
current_data: 0.4360, 22013070, 78.0148, 19569.4870
current_data: 2.5462, 36240, 0.0005, 0.0000
current_data: 2.5484, 223304, 24.9760, 45562.1357
current_data: 2.3620, 2754276, 8.9944, 12284.4453
current_data: 1.1245, 6265541, 4.1654, 3401.8945
current_data: 0.4362, 22022351, 78.0501, 19606.9872
current_data: 2.5477, 30528, 0.0003, 0.0000
current_data: 2.5462, 207315, 24.9722, 45627.7611
current_data: 2.3661, 2781339, 8.9589, 12355.0707
current_data: 1.1237, 6277078, 4.1653, 3385.0194
current_data: 0.4364, 21987496, 78.0460, 19526.9867
current_data: 2.5477, 31613, 0.0003, 0.6250
current_data: 2.5239, 212164, 24.9746, 45135.8833
current_data: 2.3714, 2753180, 8.9834, 12246.3201
current_data: 1.1199, 6299063, 4.2520, 3296.2689
current_data: 0.4362, 22057744, 78.0325, 19646.3624
current_data: 2.5474, 30690, 0.0003, 0.0000
current_data: 2.5519, 211918, 24.9762, 45770.2619
current_data: 2.3711, 2767412, 8.9611, 12280.0703
current_data: 1.1228, 6264012, 4.1623, 3381.2693
current_data: 0.4362, 21977782, 78.0625, 19630.1123
current_data: 2.5472, 29668, 0.0003, 0.0000
current_data: 2.5461, 210792, 24.9746, 45530.2605
current_data: 2.3629, 2751665, 8.9797, 12351.9457
current_data: 1.1211, 6242996, 4.2241, 3421.2696
current_data: 0.4362, 22050173, 78.0435, 19514.4867
current_data: 2.5478, 30022, 0.0003, 0.0000
current_data: 2.5338, 203420, 24.9744, 45418.3849
current_data: 2.3725, 2734949, 8.9516, 12293.1953
current_data: 1.1209, 6264513, 4.1747, 3317.5190
current_data: 0.4347, 21997062, 78.0198, 19539.4868
current_data: 2.5476, 30061, 0.0003, 0.0000
current_data: 2.2713, 230658, 30.9076, 49602.7838
current_data: 2.3633, 2751893, 8.9879, 12333.1956
current_data: 1.1205, 6242250, 4.1852, 3288.7688
current_data: 0.4369, 20125918, 76.0497, 19118.8594
current_data: 2.5469, 29922, 0.0002, 0.0000
current_data: 2.4576, 204065, 31.9670, 54032.1842
current_data: 2.3659, 2731050, 8.9705, 12324.4455
current_data: 1.1209, 6296763, 4.2132, 3386.8944
current_data: 0.4335, 21943815, 78.0282, 19624.4873
current_data: 2.5472, 28944, 0.0002, 0.0000
current_data: 2.4535, 202708, 31.9663, 54129.6847
current_data: 2.3624, 2730441, 8.9893, 12276.9452
current_data: 1.1200, 6285130, 4.1941, 3433.1446
current_data: 0.4336, 21912371, 78.0452, 19502.6116
current_data: 2.5477, 28736, 0.0003, 0.0000
current_data: 2.4590, 199922, 31.9657, 54162.1849
current_data: 2.3628, 2718404, 8.9844, 12271.9452
current_data: 1.1190, 6228505, 4.1490, 3307.5189
current_data: 0.4335, 21881884, 78.0416, 19418.2361
current_data: 2.5468, 33677, 0.0004, 0.0000
current_data: 2.4567, 209572, 31.9663, 54116.5597
current_data: 2.3638, 2746404, 9.0183, 11960.6934
current_data: 1.1171, 6225567, 4.2231, 3433.1446
current_data: 0.4334, 21869920, 78.0176, 19410.7361
current_data: 2.5465, 33133, 0.0003, 0.0000
current_data: 2.4584, 217946, 31.9675, 54050.3093
current_data: 2.3626, 2774342, 9.0249, 12315.0705
current_data: 1.1160, 6208421, 4.2192, 3380.0193
current_data: 0.4334, 21922651, 78.0111, 19415.1111
current_data: 2.5462, 33330, 0.0003, 0.0000
current_data: 2.4603, 220554, 31.9651, 54214.0602
current_data: 2.3546, 2767925, 9.0211, 12303.1954
current_data: 1.1138, 6185759, 4.2462, 3453.1448
current_data: 0.4330, 21871351, 78.0666, 19421.3611
current_data: 2.5463, 33262, 0.0004, 0.0000
current_data: 2.4477, 216591, 31.9635, 53924.0586
current_data: 2.3611, 2762794, 9.0002, 12240.0700
current_data: 1.1218, 6256523, 4.2091, 3376.8943
current_data: 0.4353, 21950912, 78.0629, 19469.4864
current_data: 2.5484, 28542, 0.0002, 0.0000
current_data: 2.1907, 217278, 33.5235, 50068.4115
current_data: 2.3673, 2712944, 8.9868, 12263.1952
current_data: 1.1288, 6275398, 4.1442, 3405.6445
current_data: 0.4402, 22218012, 78.0529, 19819.4884
current_data: 2.5454, 38090, 0.0005, 0.0000
current_data: 2.1746, 236048, 34.2668, 46094.6388
current_data: 2.3682, 2723961, 9.0074, 12295.6954
current_data: 1.1245, 6221460, 4.2386, 3471.8949
current_data: 0.4404, 22282940, 78.0443, 19833.8635
current_data: 2.5471, 31590, 0.0004, 0.0000
current_data: 2.1740, 233080, 34.2657, 46214.0144
current_data: 2.4066, 2953050, 8.4995, 11775.6924
current_data: 1.1295, 6376747, 4.2601, 3424.3946
current_data: 0.4408, 22263533, 78.0279, 19752.6130
current_data: 2.5474, 29097, 0.0002, 0.0000
current_data: 2.1064, 257726, 34.3272, 45060.8828
current_data: 2.3780, 2848294, 9.0082, 12415.6960
current_data: 1.0988, 6110745, 4.1824, 3375.0193
current_data: 0.4193, 21190148, 78.0326, 18768.2324
current_data: 2.5466, 30133, 0.0003, 0.0000
current_data: 1.6914, 5228060, 32.2457, 56877.8255
current_data: 2.3278, 2685715, 8.9690, 12065.6940
current_data: 1.1196, 6272886, 4.1664, 3326.8940
current_data: 0.4361, 19831027, 76.3565, 19195.7348
current_data: 2.5474, 29042, 0.0002, 0.6250
current_data: 2.7620, 281870, 25.5939, 50899.0412
current_data: 2.3651, 2748839, 8.9923, 12280.6953
current_data: 1.1217, 6290641, 4.2217, 3439.3947
current_data: 0.4324, 21672376, 78.3184, 19905.7389
current_data: 2.5474, 28684, 0.0003, 0.0000
current_data: 2.6531, 257326, 25.1906, 49902.7855
current_data: 2.3671, 2765342, 8.9839, 12316.9455
current_data: 1.0936, 6148827, 4.2178, 3311.2689
current_data: 0.4154, 20866164, 78.3069, 19222.6100
current_data: 2.5468, 29424, 0.0004, 0.6250
current_data: 2.2038, 204475, 26.4911, 60355.9704
current_data: 2.3271, 2672573, 8.9776, 12150.0695
current_data: 1.0947, 6113629, 4.1438, 3256.2686
current_data: 0.4157, 20861689, 78.2798, 19138.8595
current_data: 2.5476, 28779, 0.0003, 0.0000
current_data: 2.2045, 211263, 26.4864, 60333.4702
current_data: 2.3210, 2759039, 9.0045, 12208.1949
current_data: 1.1025, 6172716, 4.2494, 3383.7694
current_data: 0.4207, 21094789, 78.3018, 19451.9863
current_data: 2.5470, 28637, 0.0003, 0.0000
current_data: 2.2756, 224535, 28.4047, 58006.5819
current_data: 2.3572, 2756690, 9.0378, 11661.3167
current_data: 1.1218, 6272090, 4.1335, 3416.8946
current_data: 0.4325, 21650282, 78.2845, 19917.6140
current_data: 2.5471, 30639, 0.0004, 0.0000
current_data: 2.4588, 210269, 31.9694, 54064.0594
current_data: 2.3662, 2796370, 8.9922, 12290.6953
current_data: 1.1160, 6213352, 4.2059, 3420.6446
current_data: 0.4325, 21697793, 78.2848, 20029.4896
current_data: 2.5460, 31925, 0.0003, 0.0000
current_data: 2.4525, 218895, 31.9658, 54085.3095
current_data: 2.3589, 2793435, 9.0056, 12300.6954
current_data: 1.1195, 6221852, 4.2244, 3441.2697
current_data: 0.4324, 21647136, 78.2719, 19944.4891
current_data: 2.5460, 31613, 0.0005, 0.0000
current_data: 2.4573, 215362, 31.9655, 54046.5593
current_data: 2.3632, 2778936, 8.9939, 12311.3204
[32m[info] [src/pairwise_allocator.cpp:allocating:1174] Will begin allocating cache, allocation_ready_queue size 1, allocation_complete_queue size 4
[mcurrent_data: 1.0805, 1100005, 5.3335, 1080.6312
current_data: 0.4177, 5133483, 69.5555, 3616.2707
current_data: 2.5452, 6963, 0.0006, 0.0000
current_data: 0.9293, 23519, 32.0127, 4094.3984
current_data: 1.9935, 482451, 6.7582, 1527.5087
[32m[info] [src/pairwise_allocator.cpp:binary_serch_cache_roofline:462] descriptor COLS 3, find_cache_roofline_times: 1, roofline ipc: 2.5452, current ipc 2.5452, gap: 0.0000, lway: 1, rway: 14
[mcurrent_data: 1.0543, 852573, 5.6502, 1043.7560
current_data: 0.4238, 4892746, 69.1612, 3440.0197
current_data: 2.5457, 5850, 0.0002, 0.0000
current_data: 0.9297, 17986, 32.0190, 4074.3983
current_data: 2.0913, 403961, 7.0645, 1576.8840
[32m[info] [src/pairwise_allocator.cpp:binary_serch_cache_roofline:462] descriptor COLS 3, find_cache_roofline_times: 2, roofline ipc: 2.5457, current ipc 2.5457, gap: 0.0000, lway: 1, rway: 7
[mcurrent_data: 1.0465, 818860, 5.9851, 1036.8809
current_data: 0.4348, 5099099, 67.3501, 3382.5194
current_data: 2.5461, 5843, 0.0002, 0.0000
current_data: 0.9290, 17990, 32.0169, 4020.6480
current_data: 1.6009, 328575, 10.1484, 2088.1369
[32m[info] [src/pairwise_allocator.cpp:binary_serch_cache_roofline:462] descriptor COLS 3, find_cache_roofline_times: 3, roofline ipc: 2.5461, current ipc 2.5461, gap: 0.0000, lway: 1, rway: 4
[mcurrent_data: 1.0468, 833471, 6.0494, 1043.1310
current_data: 0.4240, 4890510, 69.1562, 3478.1449
current_data: 2.5487, 5850, 0.0002, 0.0000
current_data: 0.9289, 20946, 32.0082, 4078.1483
current_data: 2.1281, 450008, 6.4956, 1730.6349
[32m[info] [src/pairwise_allocator.cpp:binary_serch_cache_roofline:462] descriptor COLS 3, find_cache_roofline_times: 4, roofline ipc: 2.5487, current ipc 2.5487, gap: 0.0000, lway: 1, rway: 2
[mcurrent_data: 1.0432, 824145, 5.9871, 1069.3811
current_data: 0.4333, 5078311, 67.5382, 3406.8945
current_data: 2.5454, 5800, 0.0002, 0.0000
current_data: 0.9279, 18149, 32.0175, 4029.3981
current_data: 1.1161, 251028, 18.9256, 2410.0138
[32m[info] [src/pairwise_allocator.cpp:binary_serch_cache_roofline:462] descriptor COLS 3, find_cache_roofline_times: 5, roofline ipc: 2.5487, current ipc 2.5454, gap: 0.0013, lway: 1, rway: 1
[mcurrent_data: 1.0436, 833271, 6.2066, 1107.5063
current_data: 0.4248, 4905045, 68.9459, 3415.6445
current_data: 2.5466, 6677, 0.0003, 0.0000
current_data: 0.9298, 18788, 32.0130, 4028.7731
current_data: 2.1132, 401534, 6.7877, 1627.5093
[32m[info] [src/pairwise_allocator.cpp:found_cache_roofline:405] Found_cache_roofline, obj_id 771466, roofline cache way: 1, roofline remain cache: 14, roofline cache bitmask: 0x7ffe
[m[32m[info] [src/pairwise_allocator.cpp:binary_serch_cache_roofline:462] descriptor COLS 3, find_cache_roofline_times: 6, roofline ipc: 2.5487, current ipc 2.5466, gap: 0.0008, lway: 1, rway: 1
[m[32m[info] [src/pairwise_allocator.cpp:allocating_cache:846] binary_serch_cache_roofline first pair success
[m[32m[info] [src/pairwise_allocator.cpp:pair_allocating_cache:770] pair_allocating_cache begin, allocating time: 0, descriptor roofline cache way: 1, system remain cache way: 4, complete queue size: 4
[m[32m[info] [src/pairwise_allocator.cpp:allocating_cache:852] Complete pair_allocating_cache, allocate cache ways: 1
[m[34m[critical] [src/pairwise_allocator.cpp:print_allocating_cache_results:815] print_allocating_cache_results: system remain cache: 3
[m[34m[critical] [src/pairwise_allocator.cpp:print_allocating_cache_results:818] obj: 774192, cache_way: 2, roofline cache way: 2
[m[34m[critical] [src/pairwise_allocator.cpp:print_allocating_cache_results:818] obj: 774182, cache_way: 1, roofline cache way: 1
[m[34m[critical] [src/pairwise_allocator.cpp:print_allocating_cache_results:818] obj: 771452, cache_way: 7, roofline cache way: 7
[m[34m[critical] [src/pairwise_allocator.cpp:print_allocating_cache_results:818] obj: 771457, cache_way: 1, roofline cache way: 1
[m[34m[critical] [src/pairwise_allocator.cpp:print_allocating_cache_results:823] obj: 771466, cache_way: 1, roofline cache way: 1
[mSKT0: MBA COS6 => 100% requested, 100% applied
current_data: 1.0780, 1099474, 5.3279, 1091.2562
current_data: 0.4239, 5265102, 68.4254, 3519.3951
current_data: 2.5473, 6386, 0.0005, 0.0000
current_data: 1.1199, 24565, 25.0223, 3973.1477
current_data: 2.1355, 442842, 6.5024, 1596.2591
SKT0: MBA COS6 => 60% requested, 60% applied
[32m[info] [src/pairwise_allocator.cpp:binary_serch_mb_roofline:937] descriptor1 COLS 3, find_mb_roofline_time: 1, roofline mb: 0.0000, current mb 0.0000, gap: -nan, lmb_throttle: 20, rmb_throttle: 100
[mcurrent_data: 1.0494, 870811, 5.7438, 975.6306
current_data: 0.4396, 5254188, 66.4018, 3277.5188
current_data: 2.5452, 6444, 0.0004, 0.0000
current_data: 1.1192, 22161, 25.0228, 3928.7725
current_data: 1.8519, 361892, 7.3562, 1742.5100
SKT0: MBA COS6 => 40% requested, 40% applied
[32m[info] [src/pairwise_allocator.cpp:binary_serch_mb_roofline:937] descriptor1 COLS 3, find_mb_roofline_time: 2, roofline mb: 0.0000, current mb 0.0000, gap: -nan, lmb_throttle: 20, rmb_throttle: 60
[mcurrent_data: 1.0472, 826047, 5.8516, 997.5057
current_data: 0.4343, 5099260, 67.3991, 3239.3935
current_data: 2.5478, 7220, 0.0008, 0.0000
current_data: 1.1198, 21200, 25.0229, 3942.5226
current_data: 2.1384, 439645, 6.4410, 1673.7596
SKT0: MBA COS6 => 30% requested, 30% applied
[32m[info] [src/pairwise_allocator.cpp:binary_serch_mb_roofline:937] descriptor1 COLS 3, find_mb_roofline_time: 3, roofline mb: 0.0000, current mb 0.0000, gap: -nan, lmb_throttle: 20, rmb_throttle: 40
[mcurrent_data: 1.0460, 821601, 6.0095, 1086.8812
current_data: 0.4458, 5393897, 65.7246, 3310.6439
current_data: 2.5470, 6170, 0.0003, 0.0000
current_data: 1.1189, 24744, 25.0161, 3928.1475
current_data: 1.2304, 233642, 16.4314, 2444.3890
SKT0: MBA COS6 => 20% requested, 20% applied
[32m[info] [src/pairwise_allocator.cpp:binary_serch_mb_roofline:937] descriptor1 COLS 3, find_mb_roofline_time: 4, roofline mb: 0.0000, current mb 0.0000, gap: -nan, lmb_throttle: 20, rmb_throttle: 30
[mcurrent_data: 1.0426, 806084, 6.1486, 948.7554
current_data: 0.4341, 4991073, 67.3850, 3198.7683
current_data: 2.5460, 7212, 0.0007, 0.0000
current_data: 1.1198, 22628, 25.0160, 3858.7721
current_data: 2.0764, 442486, 7.2225, 1588.1341
SKT0: MBA COS6 => 20% requested, 20% applied
[32m[info] [src/pairwise_allocator.cpp:binary_serch_mb_roofline:937] descriptor1 COLS 3, find_mb_roofline_time: 5, roofline mb: 0.0000, current mb 0.0000, gap: -nan, lmb_throttle: 20, rmb_throttle: 20
[mcurrent_data: 1.0405, 833840, 5.9704, 1045.6310
current_data: 0.4411, 5407720, 66.3163, 3337.5191
current_data: 2.5476, 8023, 0.0010, 0.0000
current_data: 1.1191, 23182, 25.0160, 4031.2731
current_data: 1.1153, 272897, 18.9587, 2434.3889
[32m[info] [src/pairwise_allocator.cpp:found_mb_roofline:887] Fast found mb roofline, obj_id 771466, roofline mb: 0.00 MB/s, roofline mb throttle: 20
[m[32m[info] [src/pairwise_allocator.cpp:binary_serch_mb_roofline:937] descriptor1 COLS 3, find_mb_roofline_time: 6, roofline mb: 0.0000, current mb 0.0000, gap: -nan, lmb_throttle: 20, rmb_throttle: 20
[m[32m[info] [src/pairwise_allocator.cpp:allocating_mb:1147] binary_serch_mb_roofline first pair success
[m[32m[info] [src/pairwise_allocator.cpp:pair_allocating_mb:1088] pair_allocating_mb begin, allocating times: 0, descriptor roofline mb throttle: 20, system remain mb: 92591.16 MB/s
[mSKT0: MBA COS3 => 20% requested, 20% applied
current_data: 1.0681, 1185204, 5.2265, 945.0054
current_data: 0.4347, 4680782, 77.9561, 4126.8986
current_data: 2.5460, 6544, 0.0005, 0.0000
current_data: 2.5532, 43373, 24.9692, 8550.6739
current_data: 2.2022, 364136, 10.9183, 2846.8913
[32m[info] [src/pairwise_allocator.cpp:pair_allocating_mb:1088] pair_allocating_mb begin, allocating times: 1, descriptor roofline mb throttle: 20, system remain mb: 92591.16 MB/s
[m[32m[info] [src/pairwise_allocator.cpp:allocating_fit_mb:958] Will allocating_fit_mb mb throttle: 20
[mSKT0: MBA COS3 => 20% requested, 20% applied
current_data: 1.1097, 930662, 4.4323, 543.1281
current_data: 0.4383, 3482378, 77.9383, 3088.7677
current_data: 2.5473, 4774, 0.0002, 0.0000
current_data: 2.3965, 34235, 24.9715, 6758.7887
current_data: 2.5892, 510186, 6.5483, 1586.8841
[32m[info] [src/pairwise_allocator.cpp:allocating_mb:1121] Allocate mb: 0.00 MB/s, mb_throttle: 20
[mcurrent_data: 1.1115, 947074, 4.2746, 532.5030
current_data: 0.4343, 3458669, 77.9186, 3110.6428
current_data: 2.5450, 4904, 0.0005, 0.0000
current_data: 2.5354, 37128, 24.9717, 7186.9161
current_data: 1.9777, 378092, 14.9838, 2780.0159
current_data: 1.1260, 6075599, 4.1505, 3202.5183
current_data: 0.4360, 21304616, 78.0306, 18963.2335
current_data: 2.5483, 28060, 0.0005, 0.0000
current_data: 2.5554, 202728, 24.9749, 44297.1285
current_data: 2.3707, 2670367, 9.1073, 11976.9435
current_data: 1.1253, 6096466, 4.2232, 3310.6439
current_data: 0.4360, 21311595, 78.0202, 18930.7333
current_data: 2.5475, 29493, 0.0004, 0.0000
current_data: 2.5490, 200986, 24.9789, 44195.2529
current_data: 2.3666, 2727163, 9.0894, 11961.9434
current_data: 1.1272, 6054625, 4.1043, 3261.2687
current_data: 0.4362, 21315141, 78.0355, 18917.6082
current_data: 2.5478, 27697, 0.0003, 0.0000
current_data: 2.5229, 197446, 24.9760, 43729.6252
current_data: 2.3661, 2691087, 9.0155, 11983.8186
current_data: 1.1206, 6052199, 4.2583, 3264.3937
current_data: 0.4417, 20046065, 76.0665, 18975.7336
current_data: 2.5467, 28415, 0.0003, 0.0000
current_data: 2.3263, 221756, 26.3761, 43122.1217
current_data: 2.3749, 2645593, 8.9679, 12093.8192
current_data: 1.1197, 6067569, 4.2460, 3323.7690
current_data: 0.4329, 21269780, 78.0446, 19005.7338
current_data: 2.5473, 28685, 0.0003, 0.6250
current_data: 2.4572, 207759, 31.9648, 52624.0511
current_data: 2.3680, 2675341, 8.9420, 12110.0693
current_data: 1.1195, 6029766, 4.1957, 3275.6437
current_data: 0.4331, 21162433, 78.0095, 18808.2326
current_data: 2.5474, 27964, 0.0003, 0.0000
current_data: 2.4519, 203231, 31.9650, 52230.2989
current_data: 2.3653, 2639680, 8.9950, 11983.8186
current_data: 1.1200, 6062961, 4.1641, 3260.6437
current_data: 0.4331, 21207850, 78.0872, 18898.2331
current_data: 2.5450, 35949, 0.0006, 0.6250
current_data: 2.4550, 214654, 31.9665, 52483.4253
current_data: 2.3606, 2685550, 9.0074, 12055.6940
current_data: 1.1213, 6105579, 4.2261, 3269.3937
current_data: 0.4335, 21279694, 78.0458, 18860.7329
current_data: 2.5471, 28651, 0.0003, 0.6250
current_data: 2.4570, 203803, 31.9650, 52647.1762
current_data: 2.3658, 2752394, 9.0254, 12117.5693
current_data: 1.1213, 6097183, 4.1401, 3286.8938
current_data: 0.4335, 21375667, 78.0357, 18996.9837
current_data: 2.5474, 27010, 0.0002, 0.0000
current_data: 2.4548, 205538, 31.9665, 52814.6772
current_data: 2.3696, 2658914, 8.9902, 12132.5694
current_data: 1.1170, 6046888, 4.2321, 3343.7691
current_data: 0.4333, 21381134, 78.0324, 19002.6087
current_data: 2.5462, 32502, 0.0005, 0.0000
current_data: 2.4576, 227875, 31.9652, 52917.1778
current_data: 2.3599, 2709227, 9.0869, 11997.5687
current_data: 1.1168, 6082852, 4.2453, 3445.0197
current_data: 0.4333, 21471879, 78.0383, 19071.3591
current_data: 2.5470, 31881, 0.0003, 0.0000
current_data: 2.4583, 219306, 31.9664, 53105.3039
current_data: 2.3605, 2733078, 9.0833, 12036.9439
current_data: 1.1195, 6138699, 4.1732, 3292.5188
current_data: 0.4334, 21497023, 78.0395, 19164.4847
current_data: 2.5480, 27751, 0.0002, 0.0000
current_data: 2.4511, 204097, 31.9660, 53019.6784
current_data: 2.3668, 2709795, 9.0259, 12129.4444
current_data: 1.1244, 6137956, 4.1611, 3281.8938
current_data: 0.4360, 21695400, 78.0124, 19288.8604
current_data: 2.5466, 28998, 0.0003, 0.0000
current_data: 2.1649, 231012, 33.6766, 48651.5284
current_data: 2.3851, 2619428, 8.8635, 12155.0696
current_data: 1.1303, 6186915, 4.1577, 3195.6433
current_data: 0.4404, 21892779, 78.0539, 19605.1122
current_data: 2.5468, 28464, 0.0002, 0.0000
current_data: 2.1768, 221779, 34.2667, 45420.2599
current_data: 2.4108, 2872653, 8.8602, 11490.6908
current_data: 1.1267, 6184044, 4.3110, 3381.2693
current_data: 0.4401, 21914003, 78.0442, 19497.6116
current_data: 2.5473, 30968, 0.0003, 0.0000
current_data: 2.1741, 224574, 34.2659, 45486.5103
current_data: 2.3847, 2808113, 8.9527, 12265.6952
current_data: 1.1256, 6160400, 4.2607, 3450.0197
current_data: 0.4404, 22003977, 78.0467, 19466.3614
current_data: 2.5483, 30678, 0.0003, 1.8750
current_data: 2.1182, 247023, 34.3046, 44721.5059
current_data: 2.3769, 2742629, 9.0472, 12316.3205
current_data: 1.0998, 6115872, 4.3035, 3369.3943
current_data: 0.4251, 19431058, 76.0886, 18551.9812
current_data: 2.5473, 28765, 0.0002, 0.6250
current_data: 1.7004, 5375877, 31.7629, 55604.0682
current_data: 2.3325, 2696582, 9.0137, 12056.3190
current_data: 1.1183, 6191290, 4.2727, 3390.6444
current_data: 0.4335, 21682023, 78.0255, 19365.1108
current_data: 2.5460, 28690, 0.0003, 1.2500
current_data: 2.7652, 250762, 25.6439, 50620.2897
current_data: 2.3694, 2787366, 8.9528, 12305.0704
current_data: 1.1220, 6250501, 4.1803, 3331.2691
current_data: 0.4348, 21784301, 78.0438, 19365.7358
current_data: 2.5466, 28232, 0.0002, 0.0000
current_data: 2.6924, 254921, 25.0708, 48414.6520
current_data: 2.3699, 2735166, 9.0548, 12220.6949
current_data: 1.0954, 6097571, 4.1986, 3192.5183
current_data: 0.4168, 20929471, 78.0652, 18566.3562
current_data: 2.5472, 28957, 0.0003, 0.0000
current_data: 2.2034, 197829, 26.4942, 59904.0928
current_data: 2.3341, 2709576, 9.0144, 12153.1945
current_data: 1.1003, 6120929, 4.1421, 3255.6436
current_data: 0.4167, 20955187, 78.0172, 18552.6062
current_data: 2.5487, 28463, 0.0002, 0.0000
current_data: 2.2050, 202068, 26.4870, 60012.8434
current_data: 2.3268, 2703332, 8.9723, 12083.1941
[32m[info] [src/pairwise_allocator.cpp:allocating:1174] Will begin allocating cache, allocation_ready_queue size 1, allocation_complete_queue size 4
[mcurrent_data: 1.0732, 1069669, 5.3474, 958.7555
current_data: 0.4233, 5334984, 68.6771, 3710.6462
current_data: 2.5442, 7447, 0.0007, 0.0000
current_data: 0.9270, 24091, 32.0049, 4101.2735
current_data: 2.1395, 456997, 6.3241, 1692.5097
[32m[info] [src/pairwise_allocator.cpp:binary_serch_cache_roofline:462] descriptor COLS 3, find_cache_roofline_times: 1, roofline ipc: 2.5442, current ipc 2.5442, gap: 0.0000, lway: 1, rway: 14
[mcurrent_data: 1.0483, 848292, 5.7192, 894.3801
current_data: 0.4402, 5396685, 66.5076, 3500.0200
current_data: 2.5455, 6999, 0.0004, 0.0000
current_data: 0.9280, 24698, 32.0152, 4116.2736
current_data: 1.1550, 256803, 17.9054, 2499.3893
[32m[info] [src/pairwise_allocator.cpp:binary_serch_cache_roofline:462] descriptor COLS 3, find_cache_roofline_times: 2, roofline ipc: 2.5455, current ipc 2.5455, gap: 0.0000, lway: 1, rway: 7
[mcurrent_data: 1.0450, 841759, 6.0095, 905.6302
current_data: 0.4325, 5089445, 67.7493, 3423.7696
current_data: 2.5463, 6464, 0.0005, 0.0000
current_data: 0.9273, 21614, 32.0084, 4045.6481
current_data: 2.1320, 397560, 6.5668, 1661.2595
[32m[info] [src/pairwise_allocator.cpp:binary_serch_cache_roofline:462] descriptor COLS 3, find_cache_roofline_times: 3, roofline ipc: 2.5463, current ipc 2.5463, gap: 0.0000, lway: 1, rway: 4
[mcurrent_data: 1.0437, 824429, 5.8584, 919.3803
current_data: 0.4372, 5192817, 67.0451, 3403.1445
current_data: 2.5472, 6442, 0.0004, 0.0000
current_data: 0.9255, 23118, 32.0039, 4043.7731
current_data: 1.1338, 235941, 18.6122, 2483.1392
[32m[info] [src/pairwise_allocator.cpp:binary_serch_cache_roofline:462] descriptor COLS 3, find_cache_roofline_times: 4, roofline ipc: 2.5472, current ipc 2.5472, gap: 0.0000, lway: 1, rway: 2
[mcurrent_data: 1.0417, 829058, 5.8984, 892.5051
current_data: 0.4327, 5161450, 67.7381, 3449.3947
current_data: 2.5477, 5948, 0.0003, 0.0000
current_data: 0.9297, 19957, 32.0103, 4056.2732
current_data: 2.0737, 401902, 7.2481, 1572.5090
[32m[info] [src/pairwise_allocator.cpp:binary_serch_cache_roofline:462] descriptor COLS 3, find_cache_roofline_times: 5, roofline ipc: 2.5477, current ipc 2.5477, gap: 0.0000, lway: 1, rway: 1
[mcurrent_data: 1.0451, 826477, 6.0303, 911.8802
current_data: 0.4330, 5130525, 67.6687, 3435.0197
current_data: 2.5466, 6861, 0.0006, 0.0000
current_data: 0.9282, 21762, 32.0176, 4050.6482
current_data: 1.5121, 330458, 13.4520, 2128.1372
[32m[info] [src/pairwise_allocator.cpp:found_cache_roofline:405] Found_cache_roofline, obj_id 771466, roofline cache way: 1, roofline remain cache: 14, roofline cache bitmask: 0x7ffe
[m[32m[info] [src/pairwise_allocator.cpp:binary_serch_cache_roofline:462] descriptor COLS 3, find_cache_roofline_times: 6, roofline ipc: 2.5477, current ipc 2.5466, gap: 0.0005, lway: 1, rway: 1
[m[32m[info] [src/pairwise_allocator.cpp:allocating_cache:846] binary_serch_cache_roofline first pair success
[m[32m[info] [src/pairwise_allocator.cpp:pair_allocating_cache:770] pair_allocating_cache begin, allocating time: 0, descriptor roofline cache way: 1, system remain cache way: 4, complete queue size: 4
[m[32m[info] [src/pairwise_allocator.cpp:allocating_cache:852] Complete pair_allocating_cache, allocate cache ways: 1
[m[34m[critical] [src/pairwise_allocator.cpp:print_allocating_cache_results:815] print_allocating_cache_results: system remain cache: 3
[m[34m[critical] [src/pairwise_allocator.cpp:print_allocating_cache_results:818] obj: 774192, cache_way: 2, roofline cache way: 2
[m[34m[critical] [src/pairwise_allocator.cpp:print_allocating_cache_results:818] obj: 774182, cache_way: 1, roofline cache way: 1
[m[34m[critical] [src/pairwise_allocator.cpp:print_allocating_cache_results:818] obj: 771452, cache_way: 7, roofline cache way: 7
[m[34m[critical] [src/pairwise_allocator.cpp:print_allocating_cache_results:818] obj: 771457, cache_way: 1, roofline cache way: 1
[m[34m[critical] [src/pairwise_allocator.cpp:print_allocating_cache_results:823] obj: 771466, cache_way: 1, roofline cache way: 1
[mSKT0: MBA COS6 => 100% requested, 100% applied
current_data: 1.0788, 1093636, 5.0814, 886.8801
current_data: 0.4256, 5404331, 68.1656, 3474.3949
current_data: 2.5442, 7485, 0.0008, 0.6250
current_data: 0.9289, 23377, 32.0017, 4120.0236
current_data: 1.1414, 281680, 18.4547, 2412.5138
SKT0: MBA COS6 => 60% requested, 60% applied
[32m[info] [src/pairwise_allocator.cpp:binary_serch_mb_roofline:937] descriptor1 COLS 3, find_mb_roofline_time: 1, roofline mb: 0.6250, current mb 0.6250, gap: 0.0000, lmb_throttle: 20, rmb_throttle: 100
[mcurrent_data: 1.0514, 868397, 5.9278, 916.2552
current_data: 0.4293, 5040595, 68.2521, 3237.5185
current_data: 2.5465, 6267, 0.0004, 0.0000
current_data: 0.9288, 22415, 32.0124, 4008.1479
current_data: 2.0839, 443891, 7.2079, 1593.1341
SKT0: MBA COS6 => 40% requested, 40% applied
[32m[info] [src/pairwise_allocator.cpp:binary_serch_mb_roofline:937] descriptor1 COLS 3, find_mb_roofline_time: 2, roofline mb: 0.0000, current mb 0.0000, gap: -nan, lmb_throttle: 20, rmb_throttle: 60
[mcurrent_data: 1.0466, 834237, 5.9504, 901.2552
current_data: 0.4363, 5114201, 67.1485, 3196.8933
current_data: 2.5458, 6518, 0.0004, 0.0000
current_data: 0.9279, 22126, 32.0021, 3923.7725
current_data: 1.0873, 255159, 19.7588, 2368.7636
SKT0: MBA COS6 => 30% requested, 30% applied
[32m[info] [src/pairwise_allocator.cpp:binary_serch_mb_roofline:937] descriptor1 COLS 3, find_mb_roofline_time: 3, roofline mb: 0.0000, current mb 0.0000, gap: -nan, lmb_throttle: 20, rmb_throttle: 40
[mcurrent_data: 1.0464, 813394, 6.0508, 910.6302
current_data: 0.4299, 4963661, 68.1114, 3227.5185
current_data: 2.5488, 6462, 0.0005, 0.0000
current_data: 0.9296, 20253, 32.0003, 3976.2728
current_data: 2.1071, 390616, 6.9359, 1612.5092
SKT0: MBA COS6 => 20% requested, 20% applied
[32m[info] [src/pairwise_allocator.cpp:binary_serch_mb_roofline:937] descriptor1 COLS 3, find_mb_roofline_time: 4, roofline mb: 0.0000, current mb 0.0000, gap: -nan, lmb_throttle: 20, rmb_throttle: 30
[mcurrent_data: 1.0423, 816887, 6.0711, 974.3806
current_data: 0.4331, 5083788, 67.7447, 3274.3937
current_data: 2.5474, 5735, 0.0002, 0.0000
current_data: 0.9274, 20455, 32.0166, 4041.2731
current_data: 1.2767, 249624, 17.3333, 2480.0142
SKT0: MBA COS6 => 20% requested, 20% applied
[32m[info] [src/pairwise_allocator.cpp:binary_serch_mb_roofline:937] descriptor1 COLS 3, find_mb_roofline_time: 5, roofline mb: 0.0000, current mb 0.0000, gap: -nan, lmb_throttle: 20, rmb_throttle: 20
[mcurrent_data: 1.0418, 822868, 6.2540, 910.6302
current_data: 0.4301, 5089281, 68.1538, 3232.5185
current_data: 2.5479, 5937, 0.0002, 0.0000
current_data: 0.9288, 20802, 32.0096, 4091.2734
current_data: 2.0815, 396236, 7.2283, 1571.8840
[32m[info] [src/pairwise_allocator.cpp:found_mb_roofline:887] Fast found mb roofline, obj_id 771466, roofline mb: 0.00 MB/s, roofline mb throttle: 20
[m[32m[info] [src/pairwise_allocator.cpp:binary_serch_mb_roofline:937] descriptor1 COLS 3, find_mb_roofline_time: 6, roofline mb: 0.0000, current mb 0.0000, gap: -nan, lmb_throttle: 20, rmb_throttle: 20
[m[32m[info] [src/pairwise_allocator.cpp:allocating_mb:1147] binary_serch_mb_roofline first pair success
[m[32m[info] [src/pairwise_allocator.cpp:pair_allocating_mb:1088] pair_allocating_mb begin, allocating times: 0, descriptor roofline mb throttle: 20, system remain mb: 92591.16 MB/s
[mSKT0: MBA COS3 => 20% requested, 20% applied
current_data: 1.0651, 1122414, 5.0918, 895.0051
current_data: 0.4346, 4658763, 77.9234, 4110.6485
current_data: 2.5480, 7972, 0.0014, 0.0000
current_data: 2.4626, 40179, 31.9694, 10123.8079
current_data: 2.5621, 520741, 6.8934, 1768.1351
[32m[info] [src/pairwise_allocator.cpp:pair_allocating_mb:1088] pair_allocating_mb begin, allocating times: 1, descriptor roofline mb throttle: 20, system remain mb: 92591.16 MB/s
[m[32m[info] [src/pairwise_allocator.cpp:allocating_fit_mb:958] Will allocating_fit_mb mb throttle: 20
[mSKT0: MBA COS3 => 20% requested, 20% applied
current_data: 1.1035, 931839, 4.4392, 536.2531
current_data: 0.4371, 3518819, 77.9503, 3140.0180
current_data: 2.5480, 5644, 0.0003, 0.0000
current_data: 1.6569, 31101, 36.6954, 7218.7913
current_data: 1.9899, 362783, 15.4033, 2815.0161
[32m[info] [src/pairwise_allocator.cpp:allocating_mb:1121] Allocate mb: 0.00 MB/s, mb_throttle: 20
[mcurrent_data: 1.1068, 967917, 4.6764, 617.5035
current_data: 0.4369, 3508471, 77.9776, 3091.8927
current_data: 2.5456, 5431, 0.0003, 0.0000
current_data: 2.5456, 35695, 24.9664, 7261.2915
current_data: 2.5771, 435095, 6.7692, 1579.3840
current_data: 1.1168, 5993621, 4.3254, 3450.6447
current_data: 0.4365, 21349932, 77.9929, 19016.3588
current_data: 2.5449, 32756, 0.0004, 0.6250
current_data: 2.5450, 214362, 24.9739, 44119.0025
current_data: 2.3711, 2693884, 9.1430, 12026.3188
current_data: 1.1220, 6087002, 4.2388, 3293.1438
current_data: 0.4367, 21387261, 78.0387, 19023.8589
current_data: 2.5477, 28086, 0.0003, 0.0000
current_data: 2.5224, 193410, 24.9799, 43810.2507
current_data: 2.3753, 2687119, 9.0864, 12020.6938
current_data: 1.1247, 6080022, 4.1543, 3268.1437
current_data: 0.4367, 21313508, 78.0281, 19020.7338
current_data: 2.5484, 27755, 0.0003, 0.0000
current_data: 2.5510, 195303, 24.9776, 44142.1276
current_data: 2.3727, 2725838, 9.0710, 12019.4438
current_data: 1.1231, 5786569, 4.1481, 3094.3927
current_data: 0.4363, 21355810, 78.0895, 18955.1085
current_data: 2.5456, 37713, 0.0006, 0.6250
current_data: 2.5449, 221199, 24.9713, 44207.7530
current_data: 2.3723, 2764917, 9.0284, 12120.6944
current_data: 1.1271, 6086578, 4.1687, 3226.8935
current_data: 0.4365, 21290040, 78.0347, 18916.3582
current_data: 2.5476, 29641, 0.0003, 0.0000
current_data: 2.5275, 200394, 24.9712, 43737.7503
current_data: 2.3804, 2655967, 8.9996, 12110.0693
current_data: 1.1242, 6088535, 4.1662, 3279.3938
current_data: 0.4402, 19821776, 76.0489, 18791.9825
current_data: 2.5467, 30023, 0.0004, 0.6250
current_data: 2.5510, 206840, 24.9737, 44290.8784
current_data: 2.3781, 2698024, 8.9725, 12151.9445
current_data: 1.1230, 6077906, 4.2135, 3337.5191
current_data: 0.4366, 21393695, 78.0296, 19209.4849
current_data: 2.5464, 31846, 0.0004, 0.0000
current_data: 2.5491, 205212, 24.9764, 44332.1287
current_data: 2.3749, 2746210, 9.0263, 12172.5697
current_data: 1.1256, 6142816, 4.0997, 3235.6435
current_data: 0.4369, 21522015, 78.0219, 19159.4846
current_data: 2.5475, 29243, 0.0002, 0.0000
current_data: 2.5241, 199447, 24.9726, 44114.6274
current_data: 2.3795, 2721862, 9.0556, 12119.4443
current_data: 1.1242, 6131376, 4.1637, 3188.7682
current_data: 0.4358, 21452792, 78.0663, 19069.4841
current_data: 2.5465, 29594, 0.0003, 0.0000
current_data: 2.2814, 231764, 29.2089, 46159.6391
current_data: 2.3812, 2719012, 9.0262, 12134.4444
current_data: 1.1168, 6098877, 4.2185, 3290.6438
current_data: 0.4334, 21374369, 78.0906, 18973.2336
current_data: 2.5465, 29218, 0.0003, 0.0000
current_data: 2.4560, 208211, 31.9701, 52900.3027
current_data: 2.4450, 2726130, 7.9573, 11498.1908
current_data: 1.1206, 6157677, 4.2219, 3423.7696
current_data: 0.4339, 21543140, 78.0430, 19038.8589
current_data: 2.5471, 28651, 0.0002, 0.0000
current_data: 2.4537, 208932, 31.9684, 53157.8042
current_data: 2.3980, 2702723, 9.0328, 11852.5678
current_data: 1.1217, 6127542, 4.1636, 3393.7694
current_data: 0.4339, 21549985, 78.0241, 19141.9845
current_data: 2.5475, 30039, 0.0003, 0.0000
current_data: 2.4561, 209484, 31.9653, 53142.8041
current_data: 2.3751, 2722969, 9.0309, 12176.3197
current_data: 1.1197, 6155743, 4.2591, 3348.7692
current_data: 0.4338, 21499564, 78.0186, 19116.3594
current_data: 2.5469, 29779, 0.0003, 0.0000
current_data: 2.4539, 207522, 31.9670, 53064.0536
current_data: 2.3749, 2743564, 9.0204, 12191.9448
current_data: 1.1140, 6133443, 4.2851, 3376.8943
current_data: 0.4335, 21546932, 78.0443, 19190.7348
current_data: 2.5467, 32243, 0.0003, 0.0000
current_data: 2.4551, 218843, 31.9667, 53211.5545
current_data: 2.3716, 2724066, 9.0424, 12190.6948
current_data: 1.1181, 6125358, 4.2188, 3222.5184
current_data: 0.4336, 21584467, 78.0317, 19258.8602
current_data: 2.5471, 30505, 0.0003, 0.0000
current_data: 2.4587, 213583, 31.9664, 53389.6805
current_data: 2.3725, 2754133, 8.9645, 12285.6953
current_data: 1.1228, 6157744, 4.0588, 3190.6433
current_data: 0.4337, 21632266, 78.0182, 19321.9856
current_data: 2.5477, 29242, 0.0002, 0.0000
current_data: 2.4509, 200680, 31.9668, 53325.3051
current_data: 2.3759, 2745374, 8.9655, 12248.8201
current_data: 1.1253, 6227514, 4.1643, 3495.0200
current_data: 0.4336, 21645694, 78.0522, 19213.8599
current_data: 2.5482, 28785, 0.0002, 0.0000
current_data: 2.4581, 194978, 31.9686, 53559.0565
current_data: 2.3704, 2745314, 8.9828, 12228.8200
current_data: 1.1307, 6267114, 4.1428, 3343.7691
current_data: 0.4395, 22047698, 78.0586, 19605.1122
current_data: 2.5479, 28349, 0.0003, 0.0000
current_data: 2.0232, 243771, 35.1177, 45063.3829
current_data: 2.3851, 2764284, 9.0190, 12407.5710
current_data: 1.1291, 6219086, 4.1776, 3344.3941
current_data: 0.4423, 20063115, 76.0573, 19183.8598
current_data: 2.5476, 29601, 0.0002, 0.0000
current_data: 2.1744, 220627, 34.2683, 45714.6366
current_data: 2.3961, 2843305, 8.9634, 12383.8209
current_data: 1.1307, 6279758, 4.1595, 3348.1442
current_data: 0.4403, 22117699, 78.0415, 19784.4882
current_data: 2.5472, 32139, 0.0004, 0.6250
current_data: 2.1747, 225884, 34.2669, 45822.1372
current_data: 2.4005, 2813022, 9.0297, 12233.1950
current_data: 1.1168, 6070591, 4.2779, 3425.6446
current_data: 0.4344, 21560444, 78.0304, 19245.1101
current_data: 2.5460, 35120, 0.0006, 0.0000
current_data: 2.0701, 5713001, 28.8842, 45582.7608
current_data: 2.3702, 2875603, 9.0322, 12286.9453
current_data: 1.1045, 6222883, 4.2373, 3275.0187
current_data: 0.4242, 21293438, 78.0768, 18956.9835
current_data: 2.5467, 28378, 0.0002, 0.0000
current_data: 2.2775, 388450, 28.3463, 55935.9451
current_data: 2.3546, 2714426, 9.0596, 12212.5699
current_data: 1.1190, 6253940, 4.2110, 3377.5193
current_data: 0.4343, 21814250, 78.0639, 19406.3610
current_data: 2.5481, 30175, 0.0004, 0.0000
current_data: 2.7382, 277471, 25.2904, 49603.4088
current_data: 2.3829, 2768750, 8.9212, 12298.8204
current_data: 1.1064, 6156462, 4.1528, 3336.8941
current_data: 0.4253, 21372815, 78.0034, 18904.4832
current_data: 2.5476, 29505, 0.0003, 0.0000
current_data: 2.3726, 242132, 25.9718, 54876.5640
current_data: 2.3524, 2820328, 9.0258, 12309.4454
current_data: 1.0951, 6112714, 4.2525, 3275.0187
current_data: 0.4171, 20931536, 78.0564, 18605.7315
current_data: 2.5481, 29448, 0.0003, 0.0000
current_data: 2.2043, 201082, 26.4887, 59902.8428
current_data: 2.3367, 2672151, 9.0697, 12036.9439
current_data: 1.0919, 6067895, 4.2758, 3436.2697
current_data: 0.4170, 20937348, 78.0224, 18627.6066
current_data: 2.5483, 29922, 0.0003, 0.0000
current_data: 2.2036, 210567, 26.4868, 59905.9678
current_data: 2.3314, 2744763, 9.0815, 12163.1946
current_data: 1.1057, 6138220, 4.3300, 3466.2698
current_data: 0.4297, 21591748, 78.0039, 19310.1105
current_data: 2.5466, 33581, 0.0004, 0.0000
current_data: 2.3827, 232859, 30.8532, 54804.6886
current_data: 2.3594, 2735742, 9.0568, 12244.4451
current_data: 1.1172, 6196997, 4.1695, 3340.0191
current_data: 0.4341, 21845393, 78.0162, 19416.9861
current_data: 2.5479, 31217, 0.0003, 0.0000
current_data: 2.4581, 208026, 31.9678, 54022.1841
current_data: 2.4272, 2900374, 8.0269, 11970.6935
current_data: 1.1190, 6250904, 4.2299, 3387.5194
current_data: 0.4342, 21873090, 78.0533, 19499.4866
current_data: 2.5477, 31267, 0.0004, 0.0000
current_data: 2.4550, 203387, 31.9670, 53920.9335
current_data: 2.3774, 2816835, 9.0474, 12315.6955
current_data: 1.1126, 6157146, 4.3522, 3587.5205
current_data: 0.4338, 21947740, 78.0006, 19463.2364
current_data: 2.5464, 33293, 0.0004, 0.0000
current_data: 2.4576, 221383, 31.9644, 54168.4350
current_data: 2.3733, 2894630, 9.0587, 12428.8211
current_data: 1.1179, 6236102, 4.2824, 3420.0196
current_data: 0.4251, 20900890, 77.4319, 18841.9828
current_data: 2.5484, 29566, 0.0003, 0.0000
current_data: 2.4578, 199576, 31.9668, 54117.1847
current_data: 2.3622, 2827512, 9.0659, 12313.1955
current_data: 1.1222, 6266728, 4.1280, 3453.7698
current_data: 0.4338, 21865735, 78.0532, 19460.1114
current_data: 2.5476, 30072, 0.0003, 0.0000
current_data: 2.4607, 198797, 31.9707, 54087.1845
current_data: 2.3510, 3058777, 9.0221, 12280.6953
current_data: 1.1199, 6252979, 4.2254, 3446.8947
current_data: 0.4337, 21921325, 78.0340, 19551.9869
current_data: 2.5475, 28637, 0.0003, 0.0000
current_data: 2.4619, 201541, 31.9689, 54235.3103
current_data: 2.3518, 3047841, 8.9909, 12278.8203
current_data: 1.1219, 6250016, 4.1299, 3328.1440
current_data: 0.4334, 21845907, 78.0757, 19440.7362
current_data: 2.5472, 28694, 0.0003, 0.0000
current_data: 2.4523, 194732, 31.9682, 53902.1834
current_data: 2.3519, 3128693, 9.0319, 12320.0705
current_data: 1.1217, 6265275, 4.1678, 3386.8944
current_data: 0.4351, 21991507, 78.0490, 19513.8617
current_data: 2.5470, 30645, 0.0003, 0.0000
current_data: 2.2844, 205655, 30.1028, 48919.0299
current_data: 2.3784, 2960394, 8.8753, 12291.3203
current_data: 1.1256, 6285817, 4.1769, 3365.0193
current_data: 0.4366, 22033912, 78.0649, 19562.6119
current_data: 2.5478, 29034, 0.0003, 0.0000
current_data: 2.5516, 207433, 24.9762, 45729.0117
current_data: 2.3656, 3094168, 9.0147, 12494.4465
current_data: 1.1237, 6248948, 4.2436, 3402.5195
current_data: 0.4370, 22030992, 78.0583, 19574.4870
current_data: 2.5466, 34961, 0.0005, 0.0000
current_data: 2.5172, 224735, 24.9763, 44990.2574
current_data: 2.3635, 3106836, 9.0868, 12334.4456
current_data: 1.1281, 6322969, 4.2197, 3350.6442
current_data: 0.4375, 22106805, 78.0155, 19628.2373
current_data: 2.5481, 28566, 0.0003, 0.0000
current_data: 2.5530, 213330, 24.9738, 45704.0115
current_data: 2.3733, 3168431, 8.9346, 12338.1956
current_data: 1.1196, 6246078, 4.2389, 3391.2694
current_data: 0.4370, 22047309, 78.0492, 19593.2371
current_data: 2.5477, 31828, 0.0003, 0.0000
current_data: 2.5342, 215983, 24.9743, 45434.6350
current_data: 2.3621, 3073987, 9.0849, 12297.5704
current_data: 1.1171, 5874891, 4.2827, 3343.7691
current_data: 0.4371, 22110774, 78.0461, 19661.9875
current_data: 2.5462, 33477, 0.0004, 0.0000
current_data: 2.5475, 227662, 24.9751, 45715.2616
current_data: 2.3602, 3201420, 8.9880, 12409.4460
current_data: 1.1226, 6275604, 4.1421, 3445.6447
current_data: 0.4372, 22132057, 78.0254, 19671.3626
current_data: 2.5470, 32085, 0.0003, 0.0000
current_data: 2.5444, 216942, 24.9779, 45659.0113
current_data: 2.3671, 3064796, 8.9852, 12278.1953
current_data: 1.1233, 6300941, 4.2298, 3397.5194
current_data: 0.4371, 22096590, 78.0576, 19625.1123
current_data: 2.5472, 29671, 0.0003, 0.0000
current_data: 2.5486, 212019, 24.9729, 45726.5116
current_data: 2.3648, 3069262, 9.0793, 12373.8208
current_data: 1.1235, 6214540, 4.1945, 3345.0191
current_data: 0.4376, 22082589, 78.0216, 19523.8617
current_data: 2.5468, 30069, 0.0002, 0.0000
current_data: 2.3323, 229300, 26.1535, 44210.8780
current_data: 2.4165, 3244003, 8.5532, 11108.1886
current_data: 1.1217, 6291665, 4.1945, 3415.0195
current_data: 0.4349, 19752764, 75.9440, 18912.6082
current_data: 2.5472, 29460, 0.0003, 0.0000
current_data: 2.4566, 218519, 31.9659, 54070.9344
current_data: 2.3580, 3098528, 8.9886, 12351.3207
current_data: 1.1190, 6240593, 4.1901, 3311.2689
current_data: 0.4341, 21911702, 78.0523, 19661.9875
current_data: 2.5473, 29911, 0.0003, 0.0000
current_data: 2.4519, 215798, 31.9638, 53950.3087
current_data: 2.3569, 3077537, 9.0655, 12289.4453
current_data: 1.1221, 6307637, 4.2613, 3438.1447
current_data: 0.4343, 21919674, 78.0373, 19571.3620
current_data: 2.5477, 28956, 0.0003, 0.0000
current_data: 2.4592, 208721, 31.9658, 54095.9345
current_data: 2.3643, 3084549, 8.9693, 12236.3200
current_data: 1.1206, 6249071, 4.1347, 3260.6437
current_data: 0.4341, 21919234, 78.0805, 19491.3615
current_data: 2.5468, 29093, 0.0003, 0.0000
current_data: 2.4567, 207747, 31.9655, 54168.4350
current_data: 2.3628, 3186068, 9.0303, 12396.9459
current_data: 1.1219, 6244178, 4.1362, 3366.2693
current_data: 0.4341, 21907967, 78.0511, 19438.8612
current_data: 2.5477, 31018, 0.0003, 0.0000
current_data: 2.4572, 211873, 31.9662, 54055.9343
current_data: 2.3625, 3058507, 8.9869, 12296.9454
current_data: 1.1218, 6305375, 4.1381, 3431.2696
current_data: 0.4343, 21943037, 78.0301, 19467.6114
current_data: 2.5471, 29477, 0.0003, 0.0000
current_data: 2.4609, 207979, 31.9660, 54177.1850
current_data: 2.3523, 3204666, 9.0139, 12394.4459
current_data: 1.1174, 6248729, 4.2376, 3505.6451
current_data: 0.4340, 21927954, 78.0567, 19452.6113
current_data: 2.5470, 29742, 0.0003, 0.0000
current_data: 2.4545, 213573, 31.9647, 54098.4346
current_data: 2.3673, 2956074, 8.9999, 12298.8204
current_data: 1.1194, 6217399, 4.1437, 3385.6444
current_data: 0.4342, 21935868, 78.0432, 19524.4867
current_data: 2.5481, 28818, 0.0002, 0.0000
current_data: 2.4609, 205889, 31.9657, 54240.9354
current_data: 2.3721, 3059323, 9.0226, 11940.0683
current_data: 1.1300, 6360592, 4.1777, 3330.6441
current_data: 0.4395, 22228385, 78.0336, 19843.2385
current_data: 2.5473, 32127, 0.0004, 0.0000
current_data: 2.0586, 253735, 34.7908, 46399.0155
current_data: 2.3702, 3208542, 9.0084, 12464.4463
current_data: 1.1222, 6160213, 4.2239, 3396.2694
current_data: 0.4407, 22274030, 78.0185, 19823.8634
current_data: 2.5451, 40683, 0.0006, 0.0000
current_data: 2.1733, 257609, 34.2631, 46061.5136
current_data: 2.3611, 3187156, 9.0210, 12348.8207
current_data: 1.1281, 6276087, 4.2511, 3382.5194
current_data: 0.4411, 22251423, 78.0643, 19823.2384
current_data: 2.5469, 30183, 0.0003, 0.0000
current_data: 2.1752, 232677, 34.2637, 46037.1384
current_data: 2.3684, 3168876, 8.9941, 12425.0711
current_data: 1.1185, 6266573, 4.2675, 3453.1448
current_data: 0.4364, 22078867, 78.0250, 19520.7367
current_data: 2.5467, 30663, 0.0003, 0.0000
current_data: 2.1593, 5665189, 28.1897, 45572.7608
current_data: 2.3573, 3047739, 8.9905, 12316.9455
current_data: 1.0996, 6189276, 4.2753, 3361.2692
current_data: 0.4235, 19445295, 75.7034, 18544.4811
current_data: 2.5461, 34560, 0.0004, 0.0000
current_data: 2.2022, 395895, 29.1028, 56735.9496
current_data: 2.3342, 3097229, 9.0481, 12299.4454
current_data: 1.1191, 6257718, 4.2043, 3475.6449
current_data: 0.4342, 21910194, 78.0479, 19535.1118
current_data: 2.5479, 32451, 0.0003, 0.0000
current_data: 2.7411, 273104, 25.3022, 49779.6598
current_data: 2.3642, 3049288, 9.0483, 12284.4453
current_data: 1.1048, 6159703, 4.2991, 3461.2698
current_data: 0.4250, 21350752, 78.0320, 19071.3591
current_data: 2.5462, 30748, 0.0003, 0.0000
current_data: 2.3844, 242612, 25.9626, 54981.5646
current_data: 2.3895, 2954993, 8.1848, 11858.1929
current_data: 1.0937, 6039338, 4.1778, 3295.0189
current_data: 0.4169, 20914546, 78.0428, 18491.3558
current_data: 2.5479, 29498, 0.0003, 0.0000
current_data: 2.2079, 207365, 26.4843, 59905.9678
current_data: 2.3897, 3214926, 8.1244, 10881.3123
current_data: 1.0967, 6131588, 4.2094, 3314.3940
current_data: 0.4176, 20958569, 78.0467, 18631.9816
current_data: 2.5483, 29498, 0.0002, 0.0000
current_data: 2.2083, 213088, 26.4851, 60028.4685
current_data: 2.3211, 3039254, 9.0708, 12131.9444
current_data: 1.1108, 6133944, 4.2799, 3492.5200
current_data: 0.4295, 21594552, 78.0382, 19133.8595
current_data: 2.5462, 32449, 0.0003, 0.0000
current_data: 2.3807, 216061, 30.7904, 54892.8141
current_data: 2.3489, 3122249, 9.0082, 12255.0701
current_data: 1.1194, 6230886, 4.1600, 3385.6444
current_data: 0.4339, 21831846, 78.0145, 19328.2356
current_data: 2.5475, 29624, 0.0003, 0.0000
current_data: 2.4587, 197574, 31.9692, 53926.5586
current_data: 2.3629, 3029995, 9.0221, 12156.3196
current_data: 1.1219, 6223145, 4.1392, 3259.3937
current_data: 0.4336, 21807056, 78.0536, 19322.6106
current_data: 2.5476, 28987, 0.0002, 0.0000
current_data: 2.4568, 197495, 31.9665, 53947.8087
current_data: 2.3600, 3091797, 8.9831, 12305.6954
current_data: 1.1197, 6263193, 4.2069, 3303.7689
current_data: 0.4337, 21865485, 78.0749, 19489.4865
current_data: 2.5475, 29429, 0.0003, 0.0000
current_data: 2.4608, 193662, 31.9675, 54109.0596
current_data: 2.3582, 3156480, 9.0333, 12302.5704
current_data: 1.1190, 6257551, 4.1821, 3325.6440
current_data: 0.4338, 21924070, 78.0184, 19613.2372
current_data: 2.5474, 30625, 0.0003, 0.0000
current_data: 2.4572, 199441, 31.9676, 54177.1850
current_data: 2.3644, 3030222, 9.0379, 12280.6953
current_data: 1.1161, 6215138, 4.2340, 3459.3948
current_data: 0.4335, 21947576, 78.0392, 19548.8619
current_data: 2.5466, 32532, 0.0003, 0.0000
current_data: 2.4607, 218108, 31.9690, 54294.6857
current_data: 2.3552, 3146045, 9.0230, 12323.8205
current_data: 1.1144, 6173272, 4.1597, 3296.8939
current_data: 0.4336, 21898041, 78.0538, 19437.6112
current_data: 2.5477, 31073, 0.0003, 0.0000
current_data: 2.4624, 203807, 31.9670, 54249.6854
current_data: 2.3614, 3098237, 9.0858, 12356.3207
current_data: 1.1198, 6252420, 4.1374, 3265.6437
current_data: 0.4337, 21880422, 78.0284, 19466.3614
current_data: 2.5478, 29457, 0.0002, 0.0000
current_data: 2.4540, 194673, 31.9672, 53967.8088
current_data: 2.4329, 3328345, 8.0580, 11010.0630
current_data: 1.1208, 6257761, 4.3235, 3420.0196
current_data: 0.4374, 20204041, 75.9775, 19248.8601
current_data: 2.5478, 29890, 0.0003, 0.0000
current_data: 2.2828, 205997, 30.2314, 49039.6556
current_data: 2.3672, 3012963, 9.0182, 12285.0703
current_data: 1.1214, 6233911, 4.1919, 3361.2692
current_data: 0.4364, 21975756, 78.0705, 19665.7375
current_data: 2.5454, 38077, 0.0005, 0.0000
current_data: 2.5483, 236870, 24.9729, 45556.5107
current_data: 2.3732, 3111440, 8.9933, 12277.5703
current_data: 1.1258, 6285704, 4.1505, 3346.8942
current_data: 0.4371, 22094818, 78.0314, 19673.2376
current_data: 2.5478, 30034, 0.0003, 0.0000
current_data: 2.5227, 216541, 24.9760, 45226.5088
current_data: 2.3720, 3097213, 9.0736, 12379.4458
current_data: 1.1276, 6276703, 4.1577, 3308.1439
current_data: 0.4369, 22049181, 78.0538, 19570.1120
current_data: 2.5472, 28127, 0.0002, 0.6250
current_data: 2.5513, 215720, 24.9730, 45661.5113
current_data: 2.3703, 3075201, 8.9886, 12296.3204
current_data: 1.1243, 6301492, 4.1157, 3320.0190
current_data: 0.4367, 22029550, 78.0803, 19621.3623
current_data: 2.5471, 29850, 0.0002, 0.0000
current_data: 2.5391, 210801, 24.9728, 45505.2604
current_data: 2.3676, 3171541, 9.0642, 12391.3209
current_data: 1.1250, 6323386, 4.1343, 3335.6441
current_data: 0.4368, 22066594, 78.0495, 19458.2363
current_data: 2.5483, 28984, 0.0003, 0.0000
current_data: 2.5494, 210515, 24.9763, 45719.6366
current_data: 2.3727, 3087200, 8.9689, 12325.6955
current_data: 1.1226, 6239588, 4.1819, 3333.7691
current_data: 0.4368, 22010301, 78.0564, 19636.9874
current_data: 2.5463, 29087, 0.0002, 0.0000
current_data: 2.5470, 211903, 24.9758, 45544.0106
current_data: 2.3676, 3166438, 9.0166, 12461.9463
current_data: 1.1252, 6273681, 4.1882, 3265.6437
current_data: 0.4368, 22082033, 78.0378, 19620.1123
current_data: 2.5480, 29261, 0.0002, 0.0000
current_data: 2.5468, 209741, 24.9738, 45637.7611
current_data: 2.3891, 3148850, 9.0650, 11902.5681
current_data: 1.1272, 6283562, 4.1624, 3551.8953
current_data: 0.4369, 22024875, 78.0651, 19690.1127
current_data: 2.5474, 28779, 0.0002, 0.0000
current_data: 2.3460, 232967, 26.0325, 44404.0041
current_data: 2.3695, 3105091, 8.9935, 12313.1955
current_data: 1.1203, 6277575, 4.1815, 3407.5195
current_data: 0.4340, 21941540, 78.0259, 19495.7366
current_data: 2.5481, 31210, 0.0003, 0.0000
current_data: 2.4579, 220931, 31.9634, 54187.8101
current_data: 2.3652, 3246863, 9.0330, 12456.9463
current_data: 1.1166, 6207244, 4.1993, 3443.7697
current_data: 0.4335, 21901290, 78.0545, 19456.3613
current_data: 2.5465, 32849, 0.0003, 0.0000
current_data: 2.4503, 225778, 31.9641, 53974.0588
current_data: 2.3640, 3140555, 8.9888, 12268.1952
current_data: 1.1112, 6125256, 4.1852, 3441.2697
current_data: 0.4337, 21935101, 78.0296, 19452.6113
current_data: 2.5475, 31245, 0.0003, 0.0000
current_data: 2.4583, 221209, 31.9619, 54160.9349
current_data: 2.3650, 3222608, 9.0236, 12499.4465
current_data: 1.1202, 6280061, 4.2085, 3469.3949
current_data: 0.4314, 21652876, 77.8919, 19321.3606
current_data: 2.5477, 29327, 0.0002, 0.0000
current_data: 2.4573, 202636, 31.9651, 54094.0595
current_data: 2.3659, 3086008, 8.9982, 12283.1953
current_data: 1.1204, 6293162, 4.1966, 3471.8949
current_data: 0.4385, 21494543, 77.3639, 19855.7386
current_data: 2.5457, 28409, 0.0002, 0.0000
current_data: 2.4578, 202493, 31.9673, 54054.6843
current_data: 2.3611, 3083653, 9.0197, 12301.3204
current_data: 1.1201, 6209711, 4.1265, 3228.1435
current_data: 0.4339, 21894387, 78.0280, 19559.4869
current_data: 2.5473, 30119, 0.0002, 0.0000
current_data: 2.4617, 206817, 31.9658, 54158.4349
current_data: 2.4002, 3008104, 8.5084, 12286.9453
current_data: 1.1197, 6257420, 4.1674, 3285.6438
current_data: 0.4341, 21950006, 78.0508, 19410.1111
current_data: 2.5471, 30823, 0.0003, 0.0000
current_data: 2.4569, 202358, 31.9681, 54204.0602
current_data: 2.3671, 3120898, 9.0371, 12306.3204
current_data: 1.1186, 6271962, 4.1814, 3317.5190
current_data: 0.4336, 21888442, 78.0763, 19503.8616
current_data: 2.5471, 30316, 0.0004, 0.0000
current_data: 2.4597, 205610, 31.9651, 54146.5598
current_data: 2.3615, 3160798, 9.0339, 12356.3207
current_data: 1.1252, 6284396, 4.2074, 3491.8950
current_data: 0.4388, 22101269, 78.0608, 19553.2369
current_data: 2.5453, 38296, 0.0005, 0.0000
current_data: 2.0594, 238386, 34.7391, 46299.0149
current_data: 2.3790, 3092297, 9.0609, 12323.8205
current_data: 1.1319, 6306882, 4.1976, 3355.0192
current_data: 0.4409, 22292953, 78.0412, 19808.2383
current_data: 2.5470, 30847, 0.0003, 0.0000
current_data: 2.1767, 217459, 34.2635, 46164.6392
current_data: 2.3767, 3183222, 8.9713, 12470.6964
current_data: 1.1303, 6275660, 4.1441, 3338.7691
current_data: 0.4409, 22257788, 78.0230, 19709.4878
current_data: 2.5469, 30998, 0.0004, 0.0000
current_data: 2.1753, 222120, 34.2651, 46063.3886
current_data: 2.3797, 3065724, 9.0255, 12335.6956
current_data: 1.1242, 6308111, 4.1279, 3233.1435
current_data: 0.4366, 22064187, 78.0695, 19722.6129
current_data: 2.5477, 30561, 0.0003, 0.0000
current_data: 2.2019, 5647180, 27.8236, 45223.3838
current_data: 2.3595, 3179415, 9.0210, 12353.8207
current_data: 1.1017, 6207702, 4.2631, 3276.2687
current_data: 0.4232, 21399518, 78.0214, 19076.3592
current_data: 2.5464, 29277, 0.0003, 0.0000
current_data: 2.1290, 395261, 29.9057, 56873.4504
current_data: 2.3413, 3021903, 9.0290, 12083.1941
current_data: 1.1156, 6222995, 4.3493, 3547.5203
current_data: 0.4342, 21930796, 78.0459, 19640.1124
current_data: 2.5467, 32896, 0.0003, 0.0000
current_data: 2.7405, 286229, 25.3150, 49979.6610
current_data: 2.4121, 3169690, 8.3623, 12376.9458
current_data: 1.1026, 6105180, 4.2431, 3332.5191
current_data: 0.4257, 21475399, 78.0468, 19035.1089
current_data: 2.5459, 32668, 0.0003, 0.0000
current_data: 2.3892, 260416, 25.9177, 54777.1884
current_data: 2.3506, 3292527, 9.1070, 11985.6936
current_data: 1.0965, 6106033, 4.1206, 3304.3939
current_data: 0.4172, 21068835, 78.0336, 18706.3570
current_data: 2.5474, 30876, 0.0003, 0.0000
current_data: 2.2027, 217390, 26.4849, 60181.5944
current_data: 2.3216, 3089675, 9.0182, 12170.6946
current_data: 1.0950, 6125495, 4.1760, 3278.1438
current_data: 0.4190, 19054792, 75.8681, 18300.1047
current_data: 2.5479, 28889, 0.0003, 0.0000
current_data: 2.2037, 219810, 26.4845, 60292.8450
current_data: 2.3207, 3080364, 9.1423, 12203.1948
current_data: 1.1135, 6220273, 4.2306, 3468.1448
current_data: 0.4298, 21682863, 78.0784, 19379.4859
current_data: 2.5472, 29114, 0.0003, 0.6250
current_data: 2.3854, 221143, 30.8463, 55124.0654
current_data: 2.3611, 3142120, 9.0157, 12336.9456
current_data: 1.1216, 6271305, 4.1982, 3395.0194
current_data: 0.4340, 21943194, 78.0501, 19572.6120
current_data: 2.5481, 28976, 0.0003, 0.0000
current_data: 2.4572, 200052, 31.9697, 54175.3100
current_data: 2.3587, 3174986, 9.0407, 12340.6956
current_data: 1.1232, 6303736, 4.1938, 3423.1446
current_data: 0.4338, 21901882, 78.0579, 19405.1110
current_data: 2.5476, 28904, 0.0003, 0.0000
current_data: 2.4559, 203215, 31.9678, 54039.6842
current_data: 2.3600, 3202247, 9.0325, 12333.8206
current_data: 1.1221, 6241677, 4.1735, 3385.0194
current_data: 0.4338, 21862794, 78.0659, 19363.8608
current_data: 2.5475, 29166, 0.0003, 0.0000
current_data: 2.4591, 198224, 31.9673, 54051.5593
current_data: 2.3653, 3304295, 9.0309, 12413.8210
current_data: 1.1197, 6248642, 4.1322, 3383.7694
current_data: 0.4339, 21944453, 78.0495, 19406.3610
current_data: 2.5474, 29074, 0.0002, 0.0000
current_data: 2.4563, 200142, 31.9686, 54187.1851
current_data: 2.3656, 3261835, 9.0584, 12291.3203
current_data: 1.1216, 6245279, 4.1513, 3369.3943
current_data: 0.4340, 21905131, 78.0358, 19475.7364
current_data: 2.5489, 28752, 0.0003, 0.0000
current_data: 2.4601, 201149, 31.9699, 54113.4346
current_data: 2.4351, 3164667, 8.0260, 11955.6934
current_data: 1.1182, 6268614, 4.2152, 3483.7699
current_data: 0.4342, 21935466, 78.0409, 19410.1111
current_data: 2.5470, 30624, 0.0004, 0.0000
current_data: 2.4621, 199720, 31.9688, 54250.9354
current_data: 2.3666, 3209106, 9.0371, 12433.1961
current_data: 1.1137, 6114455, 4.1904, 3468.1448
current_data: 0.4334, 21837935, 78.0329, 19443.2363
current_data: 2.5460, 38499, 0.0006, 1.2500
current_data: 2.4491, 218833, 31.9658, 53770.3077
current_data: 2.3572, 3361983, 9.0369, 12358.8207
current_data: 1.1223, 6277069, 4.2061, 3400.6445
current_data: 0.4351, 21961717, 78.0824, 19633.2373
current_data: 2.5464, 28042, 0.0002, 0.0000
current_data: 2.2858, 212499, 30.0684, 48825.9044
current_data: 2.3697, 3294539, 9.0101, 12347.5707
current_data: 1.1232, 6253508, 4.1910, 3496.2700
current_data: 0.4366, 21996291, 78.0479, 19686.3626
current_data: 2.5465, 32626, 0.0003, 0.0000
current_data: 2.5479, 228923, 24.9743, 45552.7607
current_data: 2.3716, 3287660, 9.0235, 12335.0706
current_data: 1.1212, 6238310, 4.2245, 3446.2697
current_data: 0.4368, 22090951, 78.0081, 19567.6120
current_data: 2.5466, 33247, 0.0004, 0.0000
current_data: 2.5182, 231699, 24.9748, 45144.6333
current_data: 2.3669, 3331921, 9.0590, 12456.9463
current_data: 1.1211, 6241494, 4.2368, 3421.2696
current_data: 0.4366, 22104618, 78.0104, 19660.7375
current_data: 2.5468, 30461, 0.0003, 0.0000
current_data: 2.5521, 214256, 24.9760, 45752.7618
current_data: 2.3691, 3284144, 9.0075, 12375.0708
current_data: 1.1243, 6276646, 4.1606, 3430.0196
current_data: 0.4398, 20180324, 76.1076, 19236.9851
current_data: 2.5479, 31222, 0.0003, 0.0000
current_data: 2.5277, 212584, 24.9750, 45286.5091
current_data: 2.3754, 3289542, 8.9981, 12393.8209
current_data: 1.1228, 6262735, 4.1908, 3443.1447
current_data: 0.4366, 22073796, 78.0345, 19748.8630
current_data: 2.5475, 30316, 0.0003, 0.0000
current_data: 2.5480, 217132, 24.9739, 45714.6366
current_data: 2.4354, 3222613, 8.2217, 12285.0703
current_data: 1.1240, 6264185, 4.1413, 3320.0190
current_data: 0.4370, 22029032, 78.0586, 19507.6116
current_data: 2.5466, 30365, 0.0003, 0.0000
current_data: 2.5446, 212572, 24.9782, 45517.7605
current_data: 2.3826, 3245260, 8.9805, 12418.8211
current_data: 1.1234, 6277422, 4.2598, 3471.8949
current_data: 0.4366, 22043667, 78.0624, 19581.9870
current_data: 2.5470, 32610, 0.0004, 0.0000
current_data: 2.5433, 219443, 24.9748, 45590.2609
current_data: 2.3740, 3365910, 9.0567, 12565.0719
current_data: 1.1260, 6303614, 4.1751, 3324.3940
current_data: 0.4368, 22025726, 78.0614, 19503.2366
current_data: 2.5478, 29959, 0.0003, 0.0000
current_data: 2.3350, 224919, 26.1138, 44143.3776
current_data: 2.3828, 3225246, 9.0155, 12373.8208
current_data: 1.1218, 6293888, 4.1878, 3406.8945
current_data: 0.4338, 21921317, 78.0260, 19415.7361
current_data: 2.5478, 29272, 0.0003, 0.0000
current_data: 2.4556, 210008, 31.9719, 54089.0595
current_data: 2.3698, 3286056, 8.9949, 12418.1961
current_data: 1.1186, 6304033, 4.2285, 3412.5195
current_data: 0.4338, 21925269, 78.0283, 19460.7364
current_data: 2.5475, 30022, 0.0002, 0.0000
current_data: 2.4499, 207548, 31.9696, 54002.8090
current_data: 2.3715, 3206438, 9.0856, 12351.3207
current_data: 1.1208, 6277706, 4.1509, 3294.3939
current_data: 0.4338, 21872479, 78.0637, 19522.6117
current_data: 2.5475, 29914, 0.0003, 0.0000
current_data: 2.4574, 209414, 31.9689, 54049.6843
current_data: 2.3664, 3279669, 9.0546, 12386.9459
current_data: 1.1197, 6280818, 4.1879, 3390.6444
current_data: 0.4338, 21936353, 78.0263, 19598.8621
current_data: 2.5472, 29654, 0.0003, 0.0000
current_data: 2.4553, 208879, 31.9674, 54175.9350
current_data: 2.3705, 3314017, 9.0087, 12489.4465
current_data: 1.1180, 6264993, 4.2458, 3351.8942
current_data: 0.4337, 21931623, 78.0540, 19553.8619
current_data: 2.5485, 29215, 0.0003, 0.0000
current_data: 2.4567, 207090, 31.9684, 54202.8102
current_data: 2.4408, 3550610, 8.0638, 11345.6899
current_data: 1.1172, 6244636, 4.1873, 3398.1444
current_data: 0.4340, 21924505, 78.0604, 19520.7367
current_data: 2.5464, 33429, 0.0004, 0.6250
current_data: 2.4585, 230236, 31.9651, 54169.0600
current_data: 2.3687, 3218960, 9.0746, 12412.5710
current_data: 1.1139, 6161402, 4.3206, 3522.5202
current_data: 0.4335, 21856149, 78.0231, 19428.8612
current_data: 2.5464, 36062, 0.0005, 0.0000
current_data: 2.4518, 232466, 31.9640, 54014.0591
current_data: 2.3629, 3311411, 9.0424, 12371.3208
current_data: 1.1189, 6188303, 4.1751, 3347.5192
current_data: 0.4340, 19631238, 75.8345, 18802.6076
current_data: 2.5458, 33774, 0.0004, 0.0000
current_data: 2.4550, 219744, 31.9617, 53662.1821
current_data: 2.3707, 3359658, 9.0730, 12391.9459
current_data: 1.1234, 6259325, 4.2593, 3568.1454
current_data: 0.4385, 22118357, 78.0598, 19768.8631
current_data: 2.5467, 31347, 0.0004, 0.0000
current_data: 2.0677, 248498, 34.7332, 46577.7665
current_data: 2.3723, 3301671, 9.0450, 12400.6960
current_data: 1.1281, 6293801, 4.2347, 3498.7700
current_data: 0.4407, 22250430, 78.0446, 19863.2387
current_data: 2.5471, 31605, 0.0003, 0.0000
current_data: 2.1757, 231967, 34.2645, 46089.0137
current_data: 2.3736, 3291868, 9.0360, 12413.1960
current_data: 1.1312, 6320277, 4.1040, 3408.1445
current_data: 0.4408, 22279382, 78.0480, 19772.6131
current_data: 2.5470, 30003, 0.0003, 0.0000
current_data: 2.1752, 219143, 34.2666, 46163.3891
current_data: 2.3812, 3302701, 9.1232, 12476.3214
current_data: 1.1231, 6293096, 4.1725, 3299.3939
current_data: 0.4362, 22064895, 78.0851, 19600.1122
current_data: 2.5470, 29502, 0.0003, 0.0000
current_data: 2.1962, 5664604, 27.9218, 45457.1351
current_data: 2.3745, 3351429, 9.0070, 12516.9466
current_data: 1.0994, 6125146, 4.2365, 3378.7693
current_data: 0.4223, 21354140, 78.0581, 18899.4831
current_data: 2.5472, 30141, 0.0003, 0.0000
current_data: 2.1374, 389806, 29.7842, 56716.5745
current_data: 2.4374, 3363615, 7.8384, 11295.6896
current_data: 1.1206, 6291091, 4.1558, 3398.7694
current_data: 0.4349, 22014770, 78.0088, 19556.9869
current_data: 2.5472, 29343, 0.0002, 0.0000
current_data: 2.7395, 280541, 25.3158, 50045.2864
current_data: 2.3848, 3382059, 9.0742, 12569.4469
current_data: 1.1047, 6149281, 4.2591, 3496.2700
current_data: 0.4250, 21406986, 78.0594, 19074.4841
current_data: 2.5489, 29686, 0.0003, 0.0000
current_data: 2.3948, 248744, 25.9297, 54915.3142
current_data: 2.3445, 3296227, 9.1157, 12361.9457
current_data: 1.0947, 6122817, 4.1805, 3330.0191
current_data: 0.4168, 21053625, 78.0658, 18791.3575
current_data: 2.5472, 29040, 0.0003, 0.0000
current_data: 2.2041, 202432, 26.4876, 60287.8450
current_data: 2.3256, 3292247, 9.0672, 12295.0704
current_data: 1.0888, 6128672, 4.3174, 3494.3950
current_data: 0.4166, 21063880, 78.0429, 18796.3576
current_data: 2.5468, 28347, 0.0002, 0.0000
current_data: 2.2044, 208069, 26.4865, 60368.4704
current_data: 2.3243, 3346632, 9.1339, 12317.5705
current_data: 1.1137, 6217374, 4.2138, 3459.3948
current_data: 0.4300, 21756516, 78.0446, 19410.7361
current_data: 2.5463, 31001, 0.0004, 0.0000
current_data: 2.3894, 223115, 30.9083, 55202.8159
current_data: 2.3673, 3348743, 9.0641, 12455.0713
current_data: 1.1185, 6222487, 4.1811, 3381.8944
current_data: 0.4336, 21861171, 78.0367, 19373.2359
current_data: 2.5468, 31476, 0.0003, 0.0000
current_data: 2.4557, 214486, 31.9707, 53995.3090
current_data: 2.3663, 3377976, 9.0858, 12421.3211
current_data: 1.1148, 6190030, 4.2687, 3453.7698
current_data: 0.4334, 21897252, 78.0292, 19376.3609
current_data: 2.5471, 33278, 0.0004, 0.0000
current_data: 2.4523, 218648, 31.9672, 53966.5588
current_data: 2.3709, 3406951, 9.0460, 12431.9461
current_data: 1.1161, 6214362, 4.2330, 3432.5196
current_data: 0.4350, 19954744, 75.8892, 19005.7338
current_data: 2.5461, 29543, 0.0003, 0.0000
current_data: 2.4575, 197241, 31.9690, 54087.8095
current_data: 2.3715, 3386656, 9.0814, 12503.1965
current_data: 1.1204, 6270776, 4.2181, 3310.0189
current_data: 0.4337, 21885482, 78.0206, 19510.1116
current_data: 2.5474, 29245, 0.0002, 0.0000
current_data: 2.4579, 196725, 31.9701, 54041.5592
current_data: 2.4474, 3601955, 8.1290, 11235.6893
current_data: 1.1238, 6240228, 4.1006, 3413.1445
current_data: 0.4341, 21928841, 78.0546, 19458.2363
current_data: 2.5468, 29025, 0.0002, 0.0000
current_data: 2.4598, 204164, 31.9686, 54209.6852
current_data: 2.3857, 3302006, 9.0536, 12465.0713
current_data: 1.1229, 6261289, 4.0935, 3313.7690
current_data: 0.4334, 21822133, 78.1007, 19403.2360
current_data: 2.5459, 36110, 0.0005, 0.0000
current_data: 2.4595, 213249, 31.9698, 54050.3093
current_data: 2.3658, 3403699, 9.0725, 12425.6961
current_data: 1.1200, 6271961, 4.2143, 3550.0203
current_data: 0.4335, 21922294, 78.0386, 19411.9861
current_data: 2.5464, 29239, 0.0003, 0.0000
current_data: 2.4513, 204590, 31.9668, 54044.0592
current_data: 2.3762, 3364768, 9.0252, 12456.3213
current_data: 1.1222, 6288425, 4.1882, 3387.5194
current_data: 0.4353, 22001095, 78.0179, 19505.1116
current_data: 2.5471, 28396, 0.0003, 0.0000
current_data: 2.2917, 199127, 29.9441, 48850.2795
current_data: 2.3765, 3454135, 9.0534, 12545.0718
current_data: 1.1253, 6293931, 4.2076, 3568.1454
current_data: 0.4366, 22017420, 78.0387, 19553.8619
current_data: 2.5452, 29206, 0.0003, 0.6250
current_data: 2.5487, 202096, 24.9780, 45593.3859
current_data: 2.3804, 3349650, 9.1145, 12437.5712
current_data: 1.1251, 6293254, 4.2049, 3448.7697
current_data: 0.4366, 22058831, 78.0733, 19643.8624
current_data: 2.5467, 29355, 0.0003, 0.0000
current_data: 2.5236, 202173, 24.9805, 45256.5090
current_data: 2.3830, 3426979, 8.9944, 12494.4465
current_data: 1.1265, 6245468, 4.1654, 3410.0195
current_data: 0.4367, 22009013, 78.0280, 19582.6121
current_data: 2.5471, 29593, 0.0004, 0.0000
current_data: 2.5542, 202676, 24.9757, 45652.7612
current_data: 2.3825, 3332405, 9.1040, 12471.9464
current_data: 1.1240, 6297244, 4.1468, 3410.0195
current_data: 0.4367, 22049408, 78.0560, 19704.4877
current_data: 2.5466, 28409, 0.0003, 0.0000
current_data: 2.5229, 202768, 24.9744, 45235.2588
current_data: 2.4430, 3567901, 8.3675, 11187.5640
current_data: 1.1181, 6181737, 4.3262, 3505.0201
current_data: 0.4365, 21996068, 78.0546, 19535.1118
current_data: 2.5467, 31908, 0.0004, 0.0000
current_data: 2.5529, 209847, 24.9763, 45667.1363
current_data: 2.3782, 3402949, 9.0447, 12485.6964
current_data: 1.1210, 6277084, 4.2206, 3496.2700
current_data: 0.4366, 22080297, 78.0099, 19568.8620
current_data: 2.5459, 32707, 0.0004, 0.0000
current_data: 2.5441, 215786, 24.9765, 45624.6361
current_data: 2.3796, 3506724, 9.0503, 12579.4470
current_data: 1.1207, 6218183, 4.1697, 3408.7695
current_data: 0.4372, 20044068, 75.8876, 19046.3590
current_data: 2.5461, 34224, 0.0005, 0.0000
current_data: 2.5424, 215698, 24.9741, 45609.0110
current_data: 2.3777, 3420964, 9.1129, 12477.5714
current_data: 1.1276, 6273763, 4.0862, 3318.1440
current_data: 0.4367, 22035347, 78.0721, 19673.2376
current_data: 2.5462, 29209, 0.0003, 0.0000
current_data: 2.3214, 237535, 26.2618, 44024.0019
current_data: 2.3837, 3403258, 9.0201, 12483.1964
current_data: 1.1211, 6290702, 4.1124, 3231.2685
current_data: 0.4338, 21911501, 78.0101, 19560.1119
current_data: 2.5481, 28955, 0.0002, 0.0000
current_data: 2.4578, 210606, 31.9649, 54079.6844
current_data: 2.3724, 3427708, 9.0785, 12569.4469
current_data: 1.1211, 6289742, 4.1785, 3309.3939
current_data: 0.4336, 21923159, 78.0539, 19443.8613
current_data: 2.5460, 29004, 0.0003, 0.0000
current_data: 2.4522, 203152, 31.9652, 54092.8095
current_data: 2.3754, 3374637, 9.0315, 12467.5713
current_data: 1.1196, 6230195, 4.1413, 3384.3944
current_data: 0.4335, 21932676, 78.0625, 19411.3611
current_data: 2.5476, 28808, 0.0002, 0.0000
current_data: 2.4587, 203721, 31.9642, 54260.3105
current_data: 2.3755, 3372046, 9.0201, 12460.0713
current_data: 1.1192, 6329658, 4.1983, 3375.6443
current_data: 0.4336, 21917780, 78.0544, 19415.7361
current_data: 2.5474, 29828, 0.0004, 0.6250
current_data: 2.4593, 197577, 31.9658, 54182.1850
current_data: 2.4125, 3632169, 8.7778, 11516.9409
current_data: 1.1218, 6254014, 4.1296, 3368.1443
current_data: 0.4339, 21890811, 78.0343, 19434.4862
current_data: 2.5474, 30740, 0.0003, 0.0000
current_data: 2.4572, 204218, 31.9675, 54000.9340
current_data: 2.3745, 3441196, 9.0767, 12537.5717
current_data: 1.1165, 6206126, 4.2444, 3398.1444
current_data: 0.4332, 21897539, 78.0379, 19503.2366
current_data: 2.5454, 40281, 0.0006, 3.1250
current_data: 2.4576, 226233, 31.9669, 54112.1846
current_data: 2.3709, 3534258, 9.1129, 12500.6965
current_data: 1.1147, 6175374, 4.2082, 3308.1439
current_data: 0.4335, 21940976, 78.0446, 19541.9868
current_data: 2.5463, 31856, 0.0004, 0.0000
current_data: 2.4524, 208632, 31.9670, 54204.0602
current_data: 2.3468, 3524506, 9.0349, 12288.1953
current_data: 1.1226, 6270235, 4.1646, 3355.0192
current_data: 0.4337, 21881884, 78.0395, 19481.9865
current_data: 2.5468, 29822, 0.0004, 0.0000
current_data: 2.4588, 198959, 31.9666, 54107.8096
current_data: 2.3519, 3618822, 9.1205, 12437.5712
current_data: 1.1276, 6284561, 4.1682, 3389.3944
current_data: 0.4389, 22140804, 78.0632, 19726.3629
current_data: 2.5470, 30706, 0.0003, 0.0000
current_data: 2.0504, 237141, 34.8470, 46024.6384
current_data: 2.3612, 3639622, 8.9986, 12388.8209
current_data: 1.1332, 6372737, 4.1832, 3391.8944
current_data: 0.4405, 22285328, 78.0612, 19790.1132
current_data: 2.5470, 30294, 0.0003, 0.0000
current_data: 2.1753, 220324, 34.2679, 46185.2643
current_data: 2.3660, 3610488, 9.0314, 12383.8209
current_data: 1.1243, 6231364, 4.2663, 3506.2701
current_data: 0.4403, 22251672, 78.0324, 19744.4880
current_data: 2.5460, 34720, 0.0004, 0.0000
current_data: 2.1722, 237167, 34.2657, 46059.6386
current_data: 2.3658, 3621025, 9.0277, 12456.9463
current_data: 1.1184, 6190427, 4.2297, 3442.5197
current_data: 0.4354, 20024358, 75.8670, 19096.3593
current_data: 2.5461, 34354, 0.0004, 0.0000
current_data: 2.1169, 5698371, 28.5774, 45989.6382
current_data: 2.3609, 3470272, 8.9958, 12336.9456
current_data: 1.1040, 6149097, 4.1581, 3410.6445
current_data: 0.4235, 21421325, 78.0377, 19111.9844
current_data: 2.5471, 30812, 0.0003, 0.0000
current_data: 2.2459, 390816, 28.6866, 56403.4477
current_data: 2.4272, 3731169, 7.8568, 11032.5631
current_data: 1.1214, 6260187, 4.1839, 3433.1446
current_data: 0.4346, 21915898, 78.0461, 19412.6111
current_data: 2.5469, 29633, 0.0003, 0.0000
current_data: 2.7392, 266874, 25.2950, 49849.0352
current_data: 2.3609, 3639310, 9.0697, 12515.0716
current_data: 1.1075, 6193101, 4.2580, 3418.7696
current_data: 0.4241, 21414447, 78.0677, 19119.4844
current_data: 2.5463, 30689, 0.0003, 0.0000
current_data: 2.3685, 241512, 25.9895, 55272.8163
current_data: 2.3259, 3541594, 9.0992, 12313.1955
current_data: 1.0865, 5989540, 4.2814, 3310.6439
current_data: 0.4164, 21062049, 78.0549, 18693.2320
current_data: 2.5468, 32530, 0.0004, 0.0000
current_data: 2.2037, 217090, 26.4835, 60329.7202
current_data: 2.3100, 3619073, 9.0817, 12185.0697
current_data: 1.0929, 6146072, 4.2160, 3316.8940
current_data: 0.4167, 21085046, 78.0130, 18628.2316
current_data: 2.5473, 29540, 0.0003, 0.0000
current_data: 2.2052, 212846, 26.4856, 60365.9704
current_data: 2.3123, 3590803, 9.0347, 12188.8197
current_data: 1.1138, 6224935, 4.1740, 3402.5195
current_data: 0.4305, 21746738, 78.0397, 19273.8603
current_data: 2.5462, 29291, 0.0002, 0.0000
current_data: 2.3980, 211101, 31.1033, 54878.4390
current_data: 2.3572, 3520201, 9.0428, 12221.3199
current_data: 1.1166, 6235698, 4.2224, 3458.1448
current_data: 0.4334, 21903497, 78.0537, 19515.7367
current_data: 2.5467, 29619, 0.0003, 0.0000
current_data: 2.4569, 199314, 31.9691, 54199.6851
current_data: 2.3542, 3628575, 9.1153, 12357.5707
current_data: 1.1194, 6282763, 4.2160, 3405.6445
current_data: 0.4335, 21880538, 78.0512, 19568.2370
current_data: 2.5477, 28756, 0.0002, 0.0000
current_data: 2.4568, 195324, 31.9683, 54049.6843
current_data: 2.3553, 3690917, 9.0968, 12428.8211
current_data: 1.1186, 6243043, 4.1673, 3382.5194
current_data: 0.4335, 21872223, 78.0572, 19473.8614
current_data: 2.5479, 29287, 0.0003, 0.0000
current_data: 2.4600, 197460, 31.9670, 54133.4348
current_data: 2.3620, 3505288, 9.0208, 12265.6952
current_data: 1.1202, 6287366, 4.2123, 3405.0195
current_data: 0.4335, 21892420, 78.0688, 19473.8614
current_data: 2.5471, 28574, 0.0002, 0.0000
current_data: 2.4577, 194044, 31.9732, 54184.6850
current_data: 2.3487, 3630269, 9.1438, 12327.5705
current_data: 1.1211, 6182456, 4.1183, 3215.0184
current_data: 0.4340, 21706130, 78.0407, 19236.3601
current_data: 2.5469, 30491, 0.0004, 0.0000
current_data: 2.4622, 202781, 31.9666, 53834.0580
current_data: 2.3548, 3561292, 9.0519, 12278.8203
current_data: 1.1142, 6132603, 4.2680, 3330.6441
current_data: 0.4358, 19993013, 75.9601, 19034.4839
current_data: 2.5465, 35074, 0.0005, 1.2500
current_data: 2.4594, 217698, 31.9670, 53954.0587
current_data: 2.4291, 3688458, 7.8768, 11614.4415
current_data: 1.1139, 6167524, 4.2725, 3458.1448
current_data: 0.4333, 21795354, 78.0754, 19439.4862
current_data: 2.5468, 34230, 0.0005, 1.2500
current_data: 2.4538, 213026, 31.9676, 53908.4335
current_data: 2.3890, 3854912, 8.7570, 11421.9404
current_data: 1.1238, 6276528, 4.1829, 3436.8947
current_data: 0.4355, 21966366, 78.0446, 19633.2373
current_data: 2.5468, 28908, 0.0004, 0.0000
current_data: 2.2924, 204771, 29.8700, 48689.0286
current_data: 2.3682, 3593496, 9.1008, 12446.9462
current_data: 1.1238, 6305000, 4.1619, 3366.8943
current_data: 0.4366, 22065497, 78.0589, 19580.7370
current_data: 2.5471, 29195, 0.0003, 0.0000
current_data: 2.5488, 207910, 24.9773, 45735.2617
current_data: 2.3642, 3622234, 9.0857, 12441.9462
current_data: 1.1238, 6286557, 4.1552, 3336.2691
current_data: 0.4367, 22079421, 78.0613, 19673.8626
current_data: 2.5470, 29309, 0.0002, 0.0000
current_data: 2.5217, 211060, 24.9764, 45229.6338
current_data: 2.3656, 3713565, 9.0135, 12415.0710
current_data: 1.1242, 6272856, 4.2366, 3475.6449
current_data: 0.4365, 22030479, 78.0543, 19520.1117
current_data: 2.5476, 30325, 0.0004, 0.6250
current_data: 2.5525, 208769, 24.9750, 45672.1363
current_data: 2.3693, 3586252, 9.0320, 12430.0711
current_data: 1.1247, 6286703, 4.1529, 3431.2696
current_data: 0.4368, 22024577, 78.0385, 19578.2370
current_data: 2.5477, 28710, 0.0002, 0.0000
current_data: 2.5214, 208636, 24.9721, 45107.7581
current_data: 2.3652, 3532195, 9.0761, 12273.1952
current_data: 1.1251, 6283844, 4.1155, 3285.6438
current_data: 0.4365, 22034785, 78.0539, 19595.1121
current_data: 2.5485, 30048, 0.0003, 0.0000
current_data: 2.5555, 209150, 24.9756, 45779.6370
current_data: 2.3667, 3608894, 9.0828, 12380.0708
current_data: 1.1236, 6311049, 4.2259, 3465.0198
current_data: 0.4365, 22135928, 78.0381, 19672.6126
current_data: 2.5472, 32007, 0.0003, 0.0000
current_data: 2.5445, 212226, 24.9781, 45815.8872
current_data: 2.3696, 3654728, 9.0263, 12485.0714
current_data: 1.1216, 6231677, 4.2118, 3438.1447
current_data: 0.4366, 22075057, 78.0037, 19602.6122
current_data: 2.5464, 32767, 0.0004, 0.0000
current_data: 2.5340, 222907, 24.9734, 45452.7601
current_data: 2.3622, 3577206, 9.1090, 12363.1957
current_data: 1.1273, 6301343, 4.1465, 3300.6439
current_data: 0.4366, 22051199, 78.0567, 19707.6128
current_data: 2.5476, 28498, 0.0002, 0.0000
current_data: 2.3410, 227217, 26.5704, 45182.7585
current_data: 2.4396, 3911391, 8.1024, 11151.3138
current_data: 1.1168, 6207134, 4.2298, 3333.7691
current_data: 0.4342, 21900458, 78.0618, 19398.2360
current_data: 2.5473, 29431, 0.0003, 0.0000
current_data: 2.4589, 203157, 31.9656, 54147.1848
current_data: 2.3638, 3548044, 9.0739, 12420.6961
current_data: 1.1189, 6225947, 4.1441, 3270.6437
current_data: 0.4336, 21904340, 78.0553, 19428.8612
current_data: 2.5482, 29275, 0.0002, 0.0000
current_data: 2.4519, 206266, 31.9638, 54005.9340
current_data: 2.3550, 3620262, 9.1184, 12462.5713
current_data: 1.1150, 6174120, 4.2092, 3438.1447
current_data: 0.4342, 19973432, 75.8343, 18970.1085
current_data: 2.5464, 35070, 0.0005, 1.2500
current_data: 2.4570, 228151, 31.9630, 54160.3099
current_data: 2.3560, 3694125, 9.0263, 12364.4457
current_data: 1.1098, 6096174, 4.3550, 3458.7698
current_data: 0.4330, 21921393, 78.0292, 19620.7373
current_data: 2.5468, 34152, 0.0005, 2.5000
current_data: 2.4561, 217446, 31.9626, 54215.9352
current_data: 2.3577, 3567996, 9.1193, 12321.9455
current_data: 1.1214, 6279308, 4.0961, 3326.2690
current_data: 0.4336, 21938028, 78.0350, 19548.2369
current_data: 2.5472, 35254, 0.0005, 1.8750
current_data: 2.4585, 218953, 31.9644, 54210.3102
current_data: 2.3522, 3705227, 9.0750, 12471.9464
current_data: 1.1205, 6290262, 4.1959, 3389.3944
current_data: 0.4333, 21909372, 78.0872, 19565.1120
current_data: 2.5477, 29152, 0.0003, 0.0000
current_data: 2.4624, 207442, 31.9651, 54337.8109
current_data: 2.3604, 3575021, 9.0109, 12336.3206
current_data: 1.1207, 6269905, 4.1575, 3243.1436
current_data: 0.4332, 21846387, 78.0807, 19435.1112
current_data: 2.5474, 28470, 0.0003, 0.0000
current_data: 2.4541, 208151, 31.9644, 54014.0591
current_data: 2.3580, 3604993, 9.1277, 12426.9461
current_data: 1.1209, 6275973, 4.2315, 3480.0199
current_data: 0.4337, 21870028, 78.0192, 19353.2357
current_data: 2.5461, 29932, 0.0004, 0.0000
current_data: 2.4597, 201354, 31.9670, 54070.9344
current_data: 2.3583, 3660186, 9.0095, 12416.9461
current_data: 1.1266, 6259787, 4.1761, 3395.0194
current_data: 0.4390, 22176469, 78.0692, 19645.7374
current_data: 2.5466, 28736, 0.0002, 0.0000
current_data: 2.0336, 223644, 34.9782, 45730.2617
current_data: 2.3817, 3524869, 8.9841, 12340.0706
current_data: 1.1303, 6288536, 4.1747, 3381.8944
current_data: 0.4403, 22220723, 78.0885, 19796.9883
current_data: 2.5471, 29434, 0.0003, 0.0000
current_data: 2.1789, 211079, 34.2677, 46182.1393
current_data: 2.4234, 3903208, 8.5906, 11320.6898
current_data: 1.1303, 6287789, 4.1326, 3362.5192
current_data: 0.4409, 22221263, 78.0315, 19793.2383
current_data: 2.5468, 29497, 0.0003, 0.0000
current_data: 2.1759, 212401, 34.2678, 46023.3883
current_data: 2.3696, 3675921, 9.0817, 12450.0712
current_data: 1.1207, 6263047, 4.1338, 3308.7689
current_data: 0.4337, 21901736, 78.0690, 19542.6118
current_data: 2.5474, 30768, 0.0004, 0.0000
current_data: 2.0279, 5668038, 29.3526, 46461.5159
current_data: 2.3549, 3598507, 9.0156, 12257.5701
current_data: 1.1036, 6217034, 4.2100, 3246.2686
current_data: 0.4244, 21416246, 78.0326, 19084.4842
current_data: 2.5474, 27725, 0.0002, 0.0000
current_data: 2.3544, 397931, 27.6566, 55889.6948
current_data: 2.3405, 3572244, 9.0784, 12226.3200
current_data: 1.1213, 6274498, 4.1629, 3362.5192
current_data: 0.4341, 21932500, 78.0492, 19425.1112
current_data: 2.5470, 28872, 0.0002, 0.0000
current_data: 2.7368, 274107, 25.2712, 49837.1602
current_data: 2.3648, 3645708, 9.1037, 12440.6962
current_data: 1.1074, 6166487, 4.1441, 3304.3939
current_data: 0.4282, 19664189, 75.9734, 18736.9822
current_data: 2.5477, 28928, 0.0003, 0.0000
current_data: 2.3423, 228891, 26.0576, 55510.9426
current_data: 2.3366, 3575843, 9.1004, 12298.1954
current_data: 1.0899, 6053508, 4.2311, 3321.8940
current_data: 0.4163, 21047026, 78.0411, 18738.8572
current_data: 2.5453, 33412, 0.0003, 0.0000
current_data: 2.2024, 224536, 26.4847, 60304.7201
current_data: 2.3077, 3614045, 9.1704, 12333.8206
current_data: 1.0867, 6032344, 4.2793, 3376.8943
current_data: 0.4165, 21078264, 77.9939, 18866.3580
current_data: 2.5457, 31910, 0.0003, 0.0000
current_data: 2.2036, 220731, 26.4841, 60301.5950
current_data: 2.3141, 3643704, 9.0666, 12291.3203
current_data: 1.1138, 6263885, 4.3072, 3401.8945
current_data: 0.4309, 21785545, 78.0475, 19335.1106
current_data: 2.5467, 28977, 0.0003, 0.0000
current_data: 2.4091, 212580, 31.2631, 54791.5635
current_data: 2.3564, 3536784, 9.0974, 12363.8207
current_data: 1.1220, 6258240, 4.1234, 3369.3943
current_data: 0.4338, 21919707, 78.0060, 19403.2360
current_data: 2.5487, 29334, 0.0003, 0.0000
current_data: 2.4573, 197662, 31.9695, 54152.1849
current_data: 2.3612, 3666458, 9.0961, 12485.0714
current_data: 1.1227, 6270834, 4.1461, 3370.6443
current_data: 0.4337, 21878451, 78.0301, 19363.2358
current_data: 2.5477, 28950, 0.0003, 0.0000
current_data: 2.4569, 193107, 31.9703, 54014.6841
current_data: 2.3773, 3463740, 8.9404, 12366.3208
current_data: 1.1215, 6290602, 4.1480, 3401.2695
current_data: 0.4335, 21926013, 78.0326, 19491.3615
current_data: 2.5449, 36411, 0.0005, 0.6250
current_data: 2.4616, 206949, 31.9682, 54256.5605
current_data: 2.4309, 3956901, 8.1903, 11193.1890
current_data: 1.1164, 6180802, 4.1814, 3419.3946
current_data: 0.4339, 21925420, 78.0151, 19491.3615
current_data: 2.5466, 32199, 0.0004, 0.0000
current_data: 2.4575, 203467, 31.9679, 54190.3101
current_data: 2.3607, 3554018, 9.0850, 12344.4456
current_data: 1.1189, 6265734, 4.1666, 3360.0192
current_data: 0.4335, 21858557, 78.0760, 19461.3614
current_data: 2.5480, 28910, 0.0003, 0.0000
current_data: 2.4616, 200833, 31.9696, 54152.8099
current_data: 2.3601, 3669685, 9.0344, 12408.1960
current_data: 1.1193, 6241670, 4.2288, 3360.0192
current_data: 0.4335, 21938480, 78.0187, 19515.1117
current_data: 2.5467, 28578, 0.0002, 0.0000
current_data: 2.4616, 197521, 31.9692, 54300.9357
current_data: 2.3609, 3580450, 9.0877, 12305.0704
current_data: 1.1213, 6275367, 4.0977, 3438.7697
current_data: 0.4335, 21902473, 78.0338, 19520.1117
current_data: 2.5478, 29312, 0.0003, 0.0000
current_data: 2.4540, 192300, 31.9691, 54096.5595
current_data: 2.3591, 3727139, 9.0801, 12443.8212
current_data: 1.1221, 6237348, 4.1817, 3340.6441
current_data: 0.4353, 22009086, 78.0546, 19529.4867
current_data: 2.5467, 29000, 0.0002, 0.0000
current_data: 2.2872, 206613, 29.2989, 47891.5240
current_data: 2.3669, 3643604, 8.9937, 12335.0706
current_data: 1.1272, 6312248, 4.1054, 3426.8946
current_data: 0.4363, 22053294, 78.0440, 19561.3619
current_data: 2.5481, 28187, 0.0002, 0.0000
current_data: 2.5536, 212683, 24.9761, 45844.0123
current_data: 2.3767, 3593685, 9.0605, 12370.6958
current_data: 1.1260, 6296847, 4.1430, 3335.0191
current_data: 0.4390, 20247564, 76.0489, 19320.1106
current_data: 2.5463, 29884, 0.0003, 0.0000
current_data: 2.5198, 210904, 24.9783, 45197.1336
current_data: 2.3738, 3625114, 9.0819, 12420.6961
current_data: 1.1212, 6225094, 4.1794, 3338.7691
current_data: 0.4362, 22050798, 78.0439, 19800.7383
current_data: 2.5473, 33442, 0.0004, 0.0000
current_data: 2.5520, 224920, 24.9737, 45716.5116
current_data: 2.3664, 3718578, 9.1488, 12450.0712
current_data: 1.1229, 6258729, 4.1616, 3506.8951
current_data: 0.4367, 22054291, 78.0374, 19683.2376
current_data: 2.5462, 30321, 0.0003, 0.0000
current_data: 2.5163, 216531, 24.9733, 45069.6329
current_data: 2.4018, 3689676, 8.6965, 12498.1965
current_data: 1.1240, 6241615, 4.1308, 3297.5189
current_data: 0.4364, 22058773, 78.0442, 19640.1124
current_data: 2.5472, 29617, 0.0003, 0.0000
current_data: 2.5518, 213849, 24.9771, 45747.7618
current_data: 2.4171, 3969440, 8.5654, 11216.3142
current_data: 1.1276, 6339940, 4.1802, 3425.0196
current_data: 0.4368, 22015037, 78.0635, 19546.3618
current_data: 2.5471, 28564, 0.0003, 0.0000
current_data: 2.5453, 208258, 24.9784, 45530.8855
current_data: 2.3670, 3718891, 9.0267, 12440.6962
current_data: 1.1261, 6318795, 4.1735, 3384.3944
current_data: 0.4366, 22053365, 78.0546, 19541.9868
current_data: 2.5468, 28702, 0.0003, 0.0000
current_data: 2.5251, 208344, 24.9754, 45256.5090
current_data: 2.3743, 3631130, 9.0831, 12367.5708
current_data: 1.1218, 6257149, 4.2294, 3457.5198
current_data: 0.4363, 22062715, 78.0443, 19570.1120
current_data: 2.5466, 29240, 0.0002, 0.0000
current_data: 2.3281, 238632, 26.9927, 45429.6350
current_data: 2.3791, 3705526, 9.0755, 12486.3214
current_data: 1.1245, 6319716, 4.1953, 3433.1446
current_data: 0.4335, 21910753, 78.0745, 19495.1116
current_data: 2.5485, 30192, 0.0004, 0.6250
current_data: 2.4583, 215948, 31.9673, 54185.3101
current_data: 2.3656, 3671162, 9.1293, 12441.9462
current_data: 1.1203, 6224000, 4.1522, 3342.5191
current_data: 0.4335, 21772731, 78.0537, 19465.1114
current_data: 2.5467, 29908, 0.0003, 0.0000
current_data: 2.4507, 212581, 31.9656, 53661.5571
current_data: 2.3682, 3717160, 9.0070, 12461.9463
current_data: 1.1211, 6275136, 4.1524, 3375.6443
current_data: 0.4337, 21923769, 78.0282, 19451.3613
current_data: 2.5469, 32194, 0.0003, 0.0000
current_data: 2.4569, 214891, 31.9671, 53960.9338
current_data: 2.3592, 3666988, 9.1360, 12396.3209
current_data: 1.1219, 6151957, 4.1939, 3248.1436
current_data: 0.4343, 21484738, 78.0420, 19126.3594
current_data: 2.5467, 31334, 0.0004, 0.0000
current_data: 2.4565, 209469, 31.9634, 53208.4295
current_data: 2.3643, 3649208, 9.1163, 12253.8201
current_data: 1.1200, 6223070, 4.2265, 3380.6443
current_data: 0.4343, 21682169, 78.0326, 19223.2350
current_data: 2.5481, 30890, 0.0003, 0.0000
current_data: 2.4561, 210384, 31.9661, 53464.6809
current_data: 2.3640, 3650287, 9.1176, 12358.8207
current_data: 1.1183, 6223844, 4.2838, 3430.6446
current_data: 0.4358, 19732001, 75.9059, 18750.7323
current_data: 2.5460, 30940, 0.0003, 0.0000
current_data: 2.4609, 207347, 31.9674, 53675.9321
current_data: 2.3635, 3706337, 9.0945, 12396.3209
current_data: 1.1195, 6235128, 4.1500, 3374.3943
current_data: 0.4338, 21759569, 78.0522, 19400.1110
current_data: 2.5480, 30748, 0.0003, 0.0000
current_data: 2.4544, 206577, 31.9667, 53697.1823
current_data: 2.3639, 3710843, 9.0770, 12423.1961
current_data: 1.1119, 6143541, 4.3308, 3568.1454
current_data: 0.4336, 21760180, 78.0202, 19421.3611
current_data: 2.5480, 35227, 0.0004, 0.0000
current_data: 2.4555, 224679, 31.9632, 53760.3076
current_data: 2.3966, 3696020, 8.5799, 12493.8215
current_data: 1.1219, 6179813, 4.2406, 3488.7700
current_data: 0.4388, 22053565, 78.0470, 19582.6121
current_data: 2.5472, 33491, 0.0004, 0.0000
current_data: 2.0683, 248731, 34.7866, 46370.8903
current_data: 2.4511, 3992960, 8.1687, 11255.6894
current_data: 1.1254, 6165622, 4.2484, 3434.3947
current_data: 0.4408, 22083438, 78.0707, 19621.3623
current_data: 2.5473, 32987, 0.0004, 0.0000
current_data: 2.1747, 223339, 34.2668, 45772.1369
current_data: 2.3816, 3727871, 9.1515, 12535.0717
current_data: 1.1316, 6301003, 4.1442, 3285.0188
current_data: 0.4408, 22111286, 78.0368, 19648.2374
current_data: 2.5474, 29681, 0.0003, 0.0000
current_data: 2.1751, 217520, 34.2671, 45755.2618
current_data: 2.3834, 3633696, 9.1155, 12316.3205
current_data: 1.1257, 6261181, 4.1647, 3386.2694
current_data: 0.4375, 21997175, 78.0160, 19460.1114
current_data: 2.5476, 29855, 0.0003, 0.0000
current_data: 2.2588, 5656698, 27.3724, 44735.2560
current_data: 2.3728, 3759414, 9.0266, 12538.8217
current_data: 1.1026, 6198732, 4.1678, 3348.1442
current_data: 0.4225, 21354896, 78.0437, 18906.9832
current_data: 2.5472, 30315, 0.0004, 0.0000
current_data: 2.0575, 380881, 30.7204, 57102.8267
current_data: 2.3396, 3690556, 9.1122, 12291.3203
current_data: 1.1229, 6289057, 4.1130, 3342.5191
current_data: 0.4343, 21899460, 78.0657, 19463.2364
current_data: 2.5483, 29804, 0.0003, 0.0000
current_data: 2.7435, 282089, 25.3310, 50001.5361
current_data: 2.3772, 3631809, 9.0608, 12370.6958
current_data: 1.1152, 6211503, 4.0923, 3298.7689
current_data: 0.4261, 21493014, 78.0509, 19242.6101
current_data: 2.5472, 28080, 0.0002, 0.0000
current_data: 2.4086, 236658, 25.8797, 54617.8125
current_data: 2.3467, 3745237, 9.1287, 12443.8212
current_data: 1.0919, 6110655, 4.2172, 3255.0186
current_data: 0.4169, 21098380, 78.0300, 18798.8576
current_data: 2.5473, 28778, 0.0002, 0.0000
current_data: 2.2034, 201644, 26.4875, 60357.2204
current_data: 2.3265, 3689316, 9.0762, 12303.1954
current_data: 1.0975, 6164890, 4.1267, 3126.8929
current_data: 0.4170, 21109180, 78.0525, 18796.3576
current_data: 2.5475, 28899, 0.0002, 0.0000
current_data: 2.2045, 209569, 26.4873, 60444.0959
current_data: 2.3207, 3622855, 9.0691, 12270.6952
current_data: 1.1125, 6249260, 4.2317, 3441.2697
current_data: 0.4295, 21731911, 78.0325, 19195.7348
current_data: 2.5472, 29669, 0.0003, 0.0000
current_data: 2.3821, 215389, 30.7836, 55349.0667
current_data: 2.3627, 3638936, 9.1369, 12363.8207
current_data: 1.1193, 6300735, 4.1455, 3358.1442
current_data: 0.4330, 19731513, 75.7174, 18940.1084
current_data: 2.5481, 30171, 0.0003, 0.0000
current_data: 2.4570, 199760, 31.9706, 54152.8099
current_data: 2.3653, 3817864, 9.1135, 12541.3218
current_data: 1.1200, 6232650, 4.0897, 3336.8941
current_data: 0.4335, 21892144, 78.0744, 19614.4872
current_data: 2.5454, 37249, 0.0006, 1.2500
current_data: 2.4537, 221809, 31.9661, 53905.3084
current_data: 2.4418, 3892542, 7.9451, 11176.3140
current_data: 1.1157, 6185397, 4.2289, 3430.6446
current_data: 0.4343, 21911363, 78.0409, 19575.7370
current_data: 2.5465, 34106, 0.0005, 0.0000
current_data: 2.4595, 223153, 31.9651, 54117.1847
current_data: 2.3698, 3729702, 9.1190, 12229.4450
current_data: 1.1164, 6226385, 4.2414, 3411.8945
current_data: 0.4340, 21868718, 78.0542, 19478.8615
current_data: 2.5464, 31276, 0.0003, 0.0000
current_data: 2.4558, 214699, 31.9662, 53926.5586
current_data: 2.3598, 3796586, 9.0671, 12496.3215
current_data: 1.1207, 6246718, 4.1126, 3388.7694
current_data: 0.4340, 21893160, 78.0254, 19413.2361
current_data: 2.5478, 29684, 0.0003, 0.0000
current_data: 2.4602, 209672, 31.9680, 54080.3095
current_data: 2.3672, 3692739, 9.1405, 12401.9460
current_data: 1.1178, 6247300, 4.2606, 3494.3950
current_data: 0.4340, 21999621, 78.0197, 19530.1118
current_data: 2.5470, 29875, 0.0003, 0.0000
current_data: 2.4598, 208202, 31.9679, 54344.0610
current_data: 2.3677, 3749677, 9.1324, 12548.1968
current_data: 1.1208, 6295822, 4.1016, 3336.8941
current_data: 0.4339, 21944242, 78.0359, 19452.6113
current_data: 2.5469, 28929, 0.0002, 0.0000
current_data: 2.4504, 197962, 31.9684, 54065.9344
current_data: 2.3644, 3784018, 9.0267, 12430.6961
current_data: 1.1228, 6303174, 4.1022, 3486.2699
current_data: 0.4353, 22027833, 78.0405, 19561.9869
current_data: 2.5459, 29110, 0.0003, 0.0000
current_data: 2.2977, 201297, 30.0671, 49218.4066
current_data: 2.3710, 3674064, 9.0994, 12395.6959
current_data: 1.1239, 6285106, 4.1240, 3407.5195
current_data: 0.4370, 22081917, 78.0178, 19650.7374
current_data: 2.5475, 29196, 0.0003, 0.0000
current_data: 2.5490, 208270, 24.9771, 45696.5115
current_data: 2.3746, 3756104, 9.1194, 12551.3218
current_data: 1.1267, 6311936, 4.1580, 3326.2690
current_data: 0.4371, 22116302, 78.0296, 19665.7375
current_data: 2.5471, 29301, 0.0003, 0.0000
current_data: 2.5204, 208528, 24.9790, 45248.3839
current_data: 2.3714, 3784456, 9.1179, 12565.6969
current_data: 1.1184, 6202909, 4.2998, 3376.2693
current_data: 0.4366, 22080548, 78.0608, 19678.8626
current_data: 2.5470, 30477, 0.0003, 0.0000
current_data: 2.5499, 218044, 24.9736, 45752.1368
current_data: 2.3755, 3776942, 9.1172, 12573.8219
current_data: 1.1242, 6291459, 4.2187, 3418.1446
current_data: 0.4371, 22100271, 78.0140, 19543.8618
current_data: 2.5476, 29322, 0.0003, 0.0000
current_data: 2.5222, 206597, 24.9734, 45282.7591
current_data: 2.4575, 4014972, 8.0662, 11285.6896
current_data: 1.1256, 6302582, 4.2053, 3527.5202
current_data: 0.4326, 21409774, 77.9345, 19225.7350
current_data: 2.5476, 28366, 0.0002, 0.0000
current_data: 2.5601, 210160, 24.9730, 45854.0124
current_data: 2.3812, 3687399, 9.0885, 12462.5713
current_data: 1.1225, 6243287, 4.1743, 3321.8940
current_data: 0.4364, 22044874, 78.0463, 19649.4874
current_data: 2.5469, 29170, 0.0003, 0.0000
current_data: 2.5465, 205834, 24.9775, 45621.5110
current_data: 2.3744, 3765697, 9.1380, 12586.9470
current_data: 1.1281, 6301013, 4.1488, 3261.8937
current_data: 0.4367, 22073929, 78.0308, 19820.1134
current_data: 2.5470, 28679, 0.0003, 0.0000
current_data: 2.5434, 206009, 24.9772, 45624.6361
current_data: 2.3757, 3890086, 9.0682, 12575.0720
current_data: 1.1182, 6209825, 4.2799, 3348.7692
current_data: 0.4367, 22104060, 78.0116, 19624.4873
current_data: 2.5462, 33453, 0.0004, 0.0000
current_data: 2.3313, 248143, 26.3501, 44414.6291
current_data: 2.3793, 3808153, 9.0518, 12518.1966
current_data: 1.1173, 6220682, 4.2754, 3395.0194
current_data: 0.4337, 21899745, 78.0509, 19423.2361
current_data: 2.5476, 30575, 0.0004, 0.0000
current_data: 2.4570, 222775, 31.9638, 54141.5598
current_data: 2.3612, 3783797, 9.1993, 12511.9466
current_data: 1.1176, 6297549, 4.2306, 3380.6443
current_data: 0.4335, 21868689, 78.0513, 19375.7359
current_data: 2.5467, 35518, 0.0005, 1.2500
current_data: 2.4498, 225532, 31.9631, 53839.0581
current_data: 2.3596, 3782835, 9.1043, 12402.5710
current_data: 1.1186, 6273895, 4.2276, 3422.5196
current_data: 0.4340, 21925117, 77.9989, 19432.6112
current_data: 2.5479, 30725, 0.0004, 0.0000
current_data: 2.4584, 221848, 31.9630, 54123.4347
current_data: 2.3611, 3886713, 9.1563, 12558.1969
current_data: 1.1195, 6229603, 4.0923, 3323.7690
current_data: 0.4337, 21930322, 78.0531, 19439.4862
current_data: 2.5472, 29759, 0.0003, 0.0000
current_data: 2.4568, 208289, 31.9643, 54190.9351
current_data: 2.3633, 3777712, 9.0706, 12391.9459
current_data: 1.1204, 6299352, 4.1443, 3280.6438
current_data: 0.4338, 21934600, 78.0591, 19443.8613
current_data: 2.5470, 29124, 0.0003, 0.0000
current_data: 2.4584, 202961, 31.9673, 54203.4352
current_data: 2.3694, 3717326, 9.1683, 12433.1961
current_data: 1.1185, 6239165, 4.2149, 3386.8944
current_data: 0.4338, 21883827, 78.0286, 19505.7366
current_data: 2.5470, 30239, 0.0003, 0.0000
current_data: 2.4633, 203680, 31.9646, 54154.0599
current_data: 2.4483, 3886635, 7.9097, 11160.6889
current_data: 1.1178, 6199740, 4.1860, 3346.8942
current_data: 0.4341, 21905785, 78.0395, 19532.6118
current_data: 2.5474, 28204, 0.0002, 0.0000
current_data: 2.4557, 199891, 31.9668, 54125.9347
current_data: 2.3705, 3825914, 9.0728, 12563.1969
current_data: 1.1216, 6269031, 4.2466, 3465.0198
current_data: 0.4336, 21911341, 78.0522, 19511.3616
current_data: 2.5474, 29674, 0.0002, 0.0000
current_data: 2.4589, 196062, 31.9664, 54168.4350
current_data: 2.3723, 3672375, 9.0952, 12400.6960
current_data: 1.1279, 6310349, 4.1633, 3436.2697
current_data: 0.4393, 22157867, 78.0228, 19665.7375
current_data: 2.5468, 29041, 0.0003, 0.0000
current_data: 2.0470, 233551, 34.8699, 45967.7630
current_data: 2.3839, 3779822, 9.1359, 12586.3220
current_data: 1.1327, 6329693, 4.1634, 3363.1442
current_data: 0.4410, 20119693, 76.0057, 19189.4848
current_data: 2.5467, 29139, 0.0003, 0.0000
current_data: 2.1758, 220646, 34.2656, 46165.8892
current_data: 2.3867, 3821393, 9.1094, 12575.6970
current_data: 1.1294, 6345769, 4.2041, 3465.0198
current_data: 0.4406, 22223040, 78.0307, 19869.4887
current_data: 2.5468, 28142, 0.0002, 0.0000
current_data: 2.1752, 211275, 34.2681, 46009.6383
current_data: 2.3858, 3869461, 9.0532, 12583.8220
current_data: 1.1228, 6309529, 4.1514, 3376.2693
current_data: 0.4351, 22014548, 78.0385, 19645.1124
current_data: 2.5470, 29499, 0.0003, 0.0000
current_data: 2.1120, 5655786, 28.6372, 46010.8883
current_data: 2.3697, 3744610, 9.0624, 12436.9462
current_data: 1.0987, 6092447, 4.2010, 3279.3938
current_data: 0.4234, 21423938, 78.0233, 19019.4838
current_data: 2.5459, 33400, 0.0004, 0.0000
current_data: 2.2493, 410275, 28.6147, 56346.5724
current_data: 2.3426, 3870624, 9.1485, 12399.4460
current_data: 1.1168, 6179063, 4.2091, 3380.0193
current_data: 0.4339, 21984167, 78.0219, 19509.4866
current_data: 2.5469, 30547, 0.0003, 0.0000
current_data: 2.7350, 287828, 25.2898, 49880.9104
current_data: 2.3749, 3721986, 9.0926, 12397.5709
current_data: 1.1048, 6152490, 4.1608, 3280.0188
current_data: 0.4244, 21502775, 78.0360, 19040.7340
current_data: 2.5474, 28418, 0.0002, 0.0000
current_data: 2.3665, 249972, 26.0039, 55555.9429
current_data: 2.3499, 3817348, 9.1453, 12483.8214
current_data: 1.0918, 6079358, 4.2688, 3304.3939
current_data: 0.4164, 21045172, 78.0499, 18681.9819
current_data: 2.5472, 30137, 0.0003, 0.0000
current_data: 2.2034, 212110, 26.4848, 60267.2199
current_data: 2.4246, 3930552, 7.9129, 11244.4393
current_data: 1.0885, 6030621, 4.2589, 3395.6444
current_data: 0.4170, 21105909, 77.9861, 18714.4821
current_data: 2.5471, 29837, 0.0003, 0.0000
current_data: 2.2078, 224817, 26.4832, 60433.4708
current_data: 2.3901, 4010143, 8.4377, 11226.3142
current_data: 1.1173, 6266726, 4.2136, 3284.3938
current_data: 0.4312, 21807368, 78.0378, 19437.6112
current_data: 2.5471, 28285, 0.0003, 0.0000
current_data: 2.4000, 221422, 31.1412, 54972.8146
current_data: 2.3716, 3799637, 9.0497, 12475.0714
current_data: 1.1209, 6301962, 4.2075, 3365.6443
current_data: 0.4336, 21908534, 78.0554, 19558.2369
current_data: 2.5469, 33160, 0.0004, 0.0000
current_data: 2.4557, 210651, 31.9681, 54070.3094
current_data: 2.3708, 3800095, 9.1873, 12544.4468
current_data: 1.1199, 6228118, 4.1411, 3289.3938
current_data: 0.4338, 21864991, 78.0411, 19513.2367
current_data: 2.5470, 29970, 0.0003, 0.6250
current_data: 2.4559, 204446, 31.9661, 53989.0589
current_data: 2.3742, 3782332, 9.0296, 12398.1959
current_data: 1.1205, 6275033, 4.1426, 3392.5194
current_data: 0.4339, 21926797, 78.0447, 19390.7360
current_data: 2.5473, 28851, 0.0002, 0.0000
current_data: 2.4595, 203206, 31.9670, 54228.4353
current_data: 2.3689, 3796053, 9.1826, 12501.9465
current_data: 1.1178, 6235962, 4.2704, 3468.7698
current_data: 0.4337, 21883002, 78.0306, 19450.7363
current_data: 2.5471, 29751, 0.0003, 0.0000
current_data: 2.4553, 201674, 31.9689, 54015.9341
current_data: 2.3790, 3799023, 9.0352, 12533.1967
current_data: 1.1207, 6263692, 4.1803, 3261.8937
current_data: 0.4381, 20167695, 76.6247, 19668.8625
current_data: 2.5467, 29338, 0.0003, 0.0000
current_data: 2.4585, 206537, 31.9683, 54190.3101
current_data: 2.3764, 3770262, 9.1391, 12455.0713
current_data: 1.1198, 6260643, 4.1901, 3326.2690
current_data: 0.4323, 21690825, 78.2858, 19965.7392
current_data: 2.5474, 28552, 0.0003, 0.0000
current_data: 2.4609, 197926, 31.9700, 54210.3102
current_data: 2.3739, 3876689, 9.1338, 12605.0721
current_data: 1.1215, 6252969, 4.1295, 3341.2691
current_data: 0.4321, 21640242, 78.2887, 19796.9883
current_data: 2.5472, 31800, 0.0004, 0.0000
current_data: 2.4506, 203328, 31.9675, 53934.0586
current_data: 2.3752, 3817663, 9.0559, 12448.8212
current_data: 1.1031, 5966084, 4.4720, 3611.2707
current_data: 0.4332, 21734583, 78.2782, 20087.6149
current_data: 2.5470, 35218, 0.0007, 1.2500
current_data: 2.2958, 227190, 29.5630, 48382.7768
current_data: 2.3738, 3809137, 9.1885, 12486.3214
current_data: 1.1221, 6266440, 4.2281, 3445.0197
current_data: 0.4352, 21846187, 78.2668, 19992.6144
current_data: 2.5470, 31166, 0.0004, 0.0000
current_data: 2.5484, 221713, 24.9754, 45696.5115
current_data: 2.4543, 3869015, 7.9289, 11165.0639
current_data: 1.1240, 6319172, 4.1875, 3333.7691
current_data: 0.4359, 21812286, 78.2937, 20062.6148
current_data: 2.5477, 28142, 0.0003, 0.0000
current_data: 2.5259, 211980, 24.9773, 45175.2585
current_data: 2.3797, 3649991, 9.0229, 11679.4418
current_data: 1.1257, 6298621, 4.0951, 3279.3938
current_data: 0.4358, 21854177, 78.2828, 20092.6150
current_data: 2.5475, 29487, 0.0003, 0.0000
current_data: 2.5512, 213583, 24.9733, 45714.0116
current_data: 2.3569, 3595099, 9.0750, 12417.5711
current_data: 1.1224, 6210572, 4.2049, 3444.3947
current_data: 0.4355, 21795874, 78.2578, 20012.6145
current_data: 2.5476, 29328, 0.0003, 0.0000
current_data: 2.5195, 212216, 24.9727, 45047.7578
current_data: 2.3567, 3577763, 9.0814, 12280.0703
current_data: 1.1222, 6268384, 4.2311, 3442.5197
current_data: 0.4352, 21836255, 78.2862, 20127.6152
current_data: 2.5469, 28902, 0.0003, 0.0000
current_data: 2.5489, 212924, 24.9755, 45721.5116
current_data: 2.3564, 3630516, 9.0739, 12375.6958
current_data: 1.1225, 6218425, 4.2412, 3440.0197
current_data: 0.4353, 21817511, 78.2930, 20026.9896
current_data: 2.5466, 31236, 0.0004, 0.6250
current_data: 2.5438, 218199, 24.9759, 45561.5107
current_data: 2.3554, 3644347, 9.0809, 12359.4457
current_data: 1.1233, 6310847, 4.3070, 3436.8947
current_data: 0.4352, 21801034, 78.3235, 20075.1149
current_data: 2.5460, 30735, 0.0004, 0.0000
current_data: 2.5308, 209916, 24.9768, 45341.5094
current_data: 2.3612, 3608874, 9.0760, 12345.0706
current_data: 1.1243, 6300552, 4.1675, 3213.1434
current_data: 0.4353, 21796563, 78.3031, 20088.8649
current_data: 2.5468, 28312, 0.0003, 0.0000
current_data: 2.3334, 246114, 26.6479, 44924.6321
current_data: 2.3642, 3641735, 9.1166, 12368.8208
current_data: 1.1130, 6149617, 4.2238, 3371.2693
current_data: 0.4278, 18741167, 76.4526, 18975.7336
current_data: 2.5451, 41131, 0.0007, 1.8750
current_data: 2.4518, 246605, 31.9661, 53890.3084
current_data: 2.3473, 3700098, 9.0655, 12348.1957
current_data: 1.1193, 6285829, 4.1924, 3383.7694
current_data: 0.4329, 21911023, 78.0551, 19537.6118
current_data: 2.5481, 29708, 0.0003, 0.6250
current_data: 2.4498, 218430, 31.9679, 54039.0592
current_data: 2.3532, 3584949, 9.0843, 12405.0710
current_data: 1.1226, 6263680, 4.1135, 3277.5188
current_data: 0.4331, 21905050, 78.0350, 19563.8619
current_data: 2.5481, 28711, 0.0003, 0.0000
current_data: 2.4563, 213885, 31.9654, 54156.5599
current_data: 2.3491, 3610799, 9.0666, 12411.3210
current_data: 1.1165, 6228668, 4.3056, 3342.5191
current_data: 0.4328, 21858809, 78.0550, 19383.8609
current_data: 2.5472, 30499, 0.0003, 0.0000
current_data: 2.4543, 215088, 31.9647, 54096.5595
current_data: 2.3496, 3624080, 9.0571, 12324.4455
current_data: 1.1123, 6143005, 4.2464, 3490.0200
current_data: 0.4327, 21830800, 78.0504, 19356.3608
current_data: 2.5473, 32952, 0.0004, 0.0000
current_data: 2.4543, 226797, 31.9644, 53969.0588
current_data: 2.3543, 3581228, 9.0908, 12255.0701
current_data: 1.1174, 6212292, 4.2297, 3360.0192
current_data: 0.4329, 21882026, 78.0134, 19393.8610
current_data: 2.5471, 31724, 0.0003, 0.0000
current_data: 2.4599, 216745, 31.9656, 54145.9348
current_data: 2.4357, 3736624, 7.8865, 11343.8149
current_data: 1.1217, 6303068, 4.1524, 3464.3948
current_data: 0.4331, 21904918, 78.0416, 19483.8615
current_data: 2.5474, 30032, 0.0003, 0.0000
current_data: 2.4551, 208965, 31.9653, 54206.5602
current_data: 2.4050, 3850465, 8.4679, 11175.6889
current_data: 1.1197, 6246057, 4.1963, 3351.8942
current_data: 0.4333, 21900067, 78.0388, 19433.2362
current_data: 2.5478, 30889, 0.0003, 0.0000
current_data: 2.4571, 209720, 31.9661, 54190.3101
current_data: 2.3543, 3646519, 9.0750, 12427.5711
current_data: 1.1192, 6165590, 4.3198, 3520.6451
current_data: 0.4386, 22202986, 78.0268, 19777.6132
current_data: 2.5471, 32876, 0.0004, 0.6250
current_data: 2.0324, 256116, 34.9704, 45727.7617
current_data: 2.3674, 3663264, 9.0454, 12386.9459
current_data: 1.1273, 6260930, 4.2145, 3397.5194
current_data: 0.4401, 22202153, 78.0399, 19725.1129
current_data: 2.5477, 29536, 0.0003, 0.0000
current_data: 2.1761, 223550, 34.2666, 46071.5136
current_data: 2.3626, 3629955, 9.0950, 12412.5710
current_data: 1.1313, 6343793, 4.1703, 3455.0198
current_data: 0.4400, 22224378, 78.0396, 19820.1134
current_data: 2.5472, 29713, 0.0003, 0.0000
current_data: 2.1744, 215945, 34.2690, 46089.6387
current_data: 2.3704, 3633981, 9.0386, 12460.0713
current_data: 1.1197, 6222534, 4.2478, 3403.7695
current_data: 0.4333, 21928724, 78.0310, 19435.1112
current_data: 2.5468, 30790, 0.0003, 0.0000
current_data: 2.0288, 5680679, 29.4184, 46685.8921
current_data: 2.3540, 3643137, 9.0649, 12368.8208
current_data: 1.1018, 6173858, 4.1779, 3215.6434
current_data: 0.4237, 21401333, 78.0286, 19001.9837
current_data: 2.5474, 31167, 0.0003, 0.0000
current_data: 2.3587, 398502, 27.5936, 55921.5700
current_data: 2.3302, 3635200, 9.1677, 12315.0705
current_data: 1.1192, 6314810, 4.2166, 3423.1446
current_data: 0.4405, 20567056, 76.3140, 19460.7364
current_data: 2.5470, 31119, 0.0003, 0.0000
current_data: 2.7319, 277225, 25.2689, 49749.0347
current_data: 2.3586, 3622162, 9.0831, 12386.3209
current_data: 1.1057, 6178243, 4.1749, 3294.3939
current_data: 0.4235, 21421321, 78.0470, 19190.1098
current_data: 2.5466, 29404, 0.0003, 0.0000
current_data: 2.3454, 237757, 26.0595, 55777.1942
current_data: 2.3260, 3588747, 9.0597, 12198.8198
current_data: 1.0948, 6132819, 4.2313, 3360.6442
current_data: 0.4162, 21015874, 78.0586, 18593.8564
current_data: 2.5470, 29097, 0.0003, 0.0000
current_data: 2.2045, 200694, 26.4873, 60275.3449
current_data: 2.3096, 3544924, 9.0906, 12216.3199
current_data: 1.0920, 6104137, 4.2205, 3405.0195
current_data: 0.4159, 21044571, 78.0736, 18672.6068
current_data: 2.5461, 41280, 0.0006, 0.0000
current_data: 2.2034, 232660, 26.4855, 60444.7209
current_data: 2.2996, 3684077, 9.1417, 12246.3201
current_data: 1.1078, 6167772, 4.3796, 3582.5205
current_data: 0.4305, 21896802, 78.0550, 19438.2362
current_data: 2.5460, 35937, 0.0004, 0.0000
current_data: 2.4106, 236581, 31.3544, 54754.0633
current_data: 2.3423, 3720546, 9.0750, 12334.4456
current_data: 1.1169, 6226069, 4.2851, 3497.5200
current_data: 0.4336, 21963210, 77.9877, 19453.2363
current_data: 2.5471, 31285, 0.0003, 0.0000
current_data: 2.4559, 202394, 31.9677, 54162.1849
current_data: 2.3511, 3618482, 9.0683, 12390.0709
current_data: 1.1180, 6253701, 4.1925, 3331.8941
current_data: 0.4337, 21933046, 78.0096, 19483.2365
current_data: 2.5482, 29506, 0.0003, 0.0000
current_data: 2.4575, 193454, 31.9679, 54184.6850
current_data: 2.4092, 3593837, 8.1738, 12240.0700
current_data: 1.1200, 6241555, 4.2669, 3396.8944
current_data: 0.4335, 21870137, 78.0396, 19397.6110
current_data: 2.5474, 29417, 0.0003, 0.0000
current_data: 2.4620, 195354, 31.9673, 54117.1847
current_data: 2.4483, 3761074, 7.9060, 11121.9386
current_data: 1.1190, 6275923, 4.2134, 3437.5197
current_data: 0.4340, 21927438, 78.0372, 19551.9869
current_data: 2.5476, 30561, 0.0003, 0.0000
current_data: 2.4603, 193354, 31.9703, 54233.4353
current_data: 2.3728, 3671132, 9.0631, 11840.6928
current_data: 1.1156, 6166715, 4.2466, 3446.8947
current_data: 0.4337, 21931677, 78.0114, 19505.1116
current_data: 2.5468, 34153, 0.0004, 0.0000
current_data: 2.4601, 214782, 31.9675, 54225.3103
current_data: 2.3575, 3707542, 9.0746, 12401.3210
current_data: 1.1229, 6320998, 4.1455, 3321.8940
current_data: 0.4334, 21860583, 78.0526, 19446.3613
current_data: 2.5489, 29126, 0.0003, 0.0000
current_data: 2.4614, 197948, 31.9669, 54094.6845
current_data: 2.3538, 3532713, 9.0575, 12278.8203
current_data: 1.1218, 6275599, 4.1437, 3433.1446
current_data: 0.4334, 21919496, 78.0153, 19468.2364
current_data: 2.5476, 29036, 0.0002, 0.0000
current_data: 2.4546, 191626, 31.9671, 54105.9346
current_data: 2.3490, 3563416, 9.1049, 12254.4451
current_data: 1.1204, 6284942, 4.2175, 3401.2695
current_data: 0.4384, 20131926, 76.0883, 19135.7345
current_data: 2.5474, 29753, 0.0003, 0.6250
current_data: 2.3029, 209894, 29.1742, 47877.7740
current_data: 2.3595, 3640606, 9.0941, 12368.1958
current_data: 1.1236, 6323392, 4.1679, 3396.8944
current_data: 0.4362, 22018872, 78.0790, 19698.8627
current_data: 2.5467, 28511, 0.0002, 0.0000
current_data: 2.5490, 210535, 24.9758, 45665.8863
current_data: 2.3633, 3636785, 9.0683, 12348.8207
current_data: 1.1236, 6331986, 4.2022, 3381.2693
current_data: 0.4366, 22035935, 78.0320, 19681.9876
current_data: 2.5478, 29838, 0.0003, 0.0000
current_data: 2.5235, 208036, 24.9785, 45182.7585
current_data: 2.3604, 3667805, 9.0944, 12396.3209
current_data: 1.1239, 6282652, 4.2187, 3443.7697
current_data: 0.4364, 22044650, 78.0640, 19585.1121
current_data: 2.5472, 29541, 0.0002, 0.0000
current_data: 2.5522, 208099, 24.9753, 45705.8865
current_data: 2.3599, 3665338, 9.0760, 12411.3210
current_data: 1.1235, 6271380, 4.2077, 3390.6444
current_data: 0.4363, 21998331, 78.0529, 19533.2368
current_data: 2.5467, 33108, 0.0005, 0.6250
current_data: 2.5210, 214248, 24.9746, 45091.5080
current_data: 2.3576, 3630437, 9.0381, 12355.6957
current_data: 1.1171, 6178012, 4.2385, 3495.6450
current_data: 0.4360, 22035433, 78.0094, 19535.1118
current_data: 2.5465, 35499, 0.0005, 0.0000
current_data: 2.5463, 221240, 24.9745, 45611.5110
current_data: 2.3564, 3621008, 9.1044, 12311.9454
current_data: 1.1224, 6276262, 4.2916, 3445.0197
current_data: 0.4362, 22073737, 78.0480, 19566.3620
current_data: 2.5470, 31323, 0.0003, 0.0000
current_data: 2.5438, 210774, 24.9773, 45654.0112
current_data: 2.3620, 3688023, 9.0995, 12449.4462
current_data: 1.1243, 6305121, 4.1677, 3333.1441
current_data: 0.4366, 22074619, 78.0260, 19568.8620
current_data: 2.5467, 31196, 0.0003, 0.0000
current_data: 2.5227, 208283, 24.9771, 45139.6333
current_data: 2.3626, 3600497, 9.1042, 12274.4452
current_data: 1.1217, 5877185, 4.1856, 3180.6432
current_data: 0.4364, 21773762, 78.0535, 19406.9860
current_data: 2.5469, 31229, 0.0004, 0.0000
current_data: 2.3362, 235189, 26.9446, 45166.5084
current_data: 2.3641, 3568306, 9.0894, 12266.3202
current_data: 1.1187, 6242319, 4.2177, 3353.7692
current_data: 0.4339, 21786698, 78.0334, 19373.2359
current_data: 2.5475, 29445, 0.0003, 0.0000
current_data: 2.4583, 204330, 31.9649, 53840.3081
current_data: 2.4253, 3717834, 7.9214, 11796.9425
current_data: 1.1203, 6225191, 4.1687, 3386.2694
current_data: 0.4339, 21772590, 78.0296, 19513.2367
current_data: 2.5463, 29447, 0.0003, 0.6250
current_data: 2.4549, 207060, 31.9624, 53699.6823
current_data: 2.4534, 3827848, 7.9208, 11117.5636
current_data: 1.1175, 6164655, 4.2107, 3345.0191
current_data: 0.4340, 21786648, 78.0602, 19362.6108
current_data: 2.5467, 30971, 0.0003, 0.0000
current_data: 2.4613, 210482, 31.9628, 53884.0583
current_data: 2.4272, 3933729, 8.2471, 11215.6892
current_data: 1.1210, 6255641, 4.2432, 3370.6443
current_data: 0.4342, 21787030, 78.0456, 19301.9854
current_data: 2.5462, 28415, 0.0002, 0.0000
current_data: 2.4615, 199862, 31.9647, 53877.1833
current_data: 2.3744, 3690576, 9.1225, 12073.8191
current_data: 1.1201, 6217968, 4.1626, 3346.2691
current_data: 0.4361, 19789989, 76.0928, 18910.1082
current_data: 2.5468, 28827, 0.0003, 0.0000
current_data: 2.4579, 199327, 31.9668, 53874.6833
current_data: 2.3600, 3514545, 9.0843, 12301.9454
current_data: 1.1209, 6236423, 4.1957, 3414.3945
current_data: 0.4335, 21807926, 78.0176, 19495.7366
current_data: 2.5466, 29964, 0.0003, 0.0000
current_data: 2.4621, 202046, 31.9669, 54007.1840
current_data: 2.3609, 3744836, 9.0653, 12336.3206
current_data: 1.1184, 6224234, 4.1140, 3283.1438
current_data: 0.4334, 21882106, 78.0244, 19530.1118
current_data: 2.5475, 30351, 0.0003, 0.0000
current_data: 2.4546, 211915, 31.9621, 54045.3092
current_data: 2.3559, 3652786, 9.0427, 12408.1960
current_data: 1.1153, 6181405, 4.2067, 3370.0193
current_data: 0.4332, 21907409, 78.0601, 19531.9868
current_data: 2.5459, 32772, 0.0004, 0.0000
current_data: 2.4583, 210471, 31.9639, 54224.0603
current_data: 2.3626, 3694436, 9.0733, 12426.3211
current_data: 1.1259, 6308285, 4.1595, 3350.0192
current_data: 0.4388, 22159471, 78.0430, 19668.2375
current_data: 2.5467, 30425, 0.0003, 0.0000
current_data: 2.0476, 235184, 34.9007, 46001.5132
current_data: 2.3735, 3650807, 9.0714, 12417.5711
current_data: 1.1256, 6210377, 4.2518, 3519.3951
current_data: 0.4402, 22123796, 78.0047, 19599.4871
current_data: 2.5461, 33016, 0.0004, 0.0000
current_data: 2.1760, 226649, 34.2639, 45925.8878
current_data: 2.3713, 3735304, 9.0737, 12405.0710
current_data: 1.1243, 6221651, 4.2242, 3457.5198
current_data: 0.4402, 22202618, 78.0478, 19671.3626
current_data: 2.5462, 31121, 0.0003, 0.0000
current_data: 2.1754, 219281, 34.2643, 46067.1386
current_data: 2.3734, 3711088, 9.0578, 12538.1967
current_data: 1.1217, 6272730, 4.2134, 3320.0190
current_data: 0.4351, 21998381, 78.0390, 19525.7367
current_data: 2.5473, 28574, 0.0003, 0.0000
current_data: 2.1079, 5652959, 28.6311, 45917.7627
current_data: 2.3594, 3656291, 9.0810, 12356.3207
current_data: 1.1016, 6180849, 4.2807, 3338.1441
current_data: 0.4234, 21411960, 78.0200, 19085.7342
current_data: 2.5473, 29974, 0.0003, 0.0000
current_data: 2.2510, 393876, 28.6181, 56349.6974
current_data: 2.3341, 3578335, 9.1765, 12323.1955
current_data: 1.1189, 6231961, 4.1905, 3454.3948
current_data: 0.4339, 21946930, 78.0461, 19570.1120
current_data: 2.5471, 29183, 0.0002, 0.0000
current_data: 2.7358, 302284, 25.2774, 49885.9104
current_data: 2.3586, 3650165, 9.1051, 12466.9463
current_data: 1.1067, 6197266, 4.1541, 3256.2686
current_data: 0.4243, 21444227, 78.0484, 19006.3588
current_data: 2.5463, 29484, 0.0003, 0.0000
current_data: 2.3702, 236618, 26.0088, 55604.6932
current_data: 2.3364, 3684177, 9.0395, 12299.4454
current_data: 1.0895, 6085915, 4.2472, 3353.1442
current_data: 0.4164, 21060503, 78.0394, 18703.2320
current_data: 2.5457, 39316, 0.0006, 0.0000
current_data: 2.2021, 238840, 26.4839, 60235.3447
current_data: 2.3116, 3711097, 9.1504, 12239.4450
current_data: 1.0954, 6132304, 4.2773, 3423.1446
current_data: 0.4196, 19194610, 75.9042, 18314.4798
current_data: 2.5470, 30253, 0.0003, 0.0000
current_data: 2.2020, 222868, 26.4824, 60199.7195
current_data: 2.3617, 3579413, 8.4284, 12231.9450
current_data: 1.1147, 6260098, 4.2223, 3447.5197
current_data: 0.4302, 21734708, 78.0447, 19388.8609
current_data: 2.5469, 29594, 0.0003, 0.0000
current_data: 2.3994, 222283, 31.1249, 54824.6887
current_data: 2.4452, 3764025, 7.9008, 11326.9398
current_data: 1.1191, 6222654, 4.1867, 3401.2695
current_data: 0.4338, 21923383, 78.0117, 19653.2375
current_data: 2.5470, 31049, 0.0004, 0.0000
current_data: 2.4594, 201324, 31.9691, 54161.5599
current_data: 2.4265, 3960922, 8.2933, 11246.3144
current_data: 1.1206, 6261792, 4.1345, 3260.0187
current_data: 0.4340, 21938347, 78.0563, 19471.3614
current_data: 2.5476, 29946, 0.0003, 0.0000
current_data: 2.4574, 199727, 31.9688, 54234.6853
current_data: 2.3629, 3774192, 9.0623, 12521.9467
[32m[info] [src/pairwise_allocator.cpp:allocating:1174] Will begin allocating cache, allocation_ready_queue size 1, allocation_complete_queue size 4
[mcurrent_data: 1.0566, 996211, 5.4464, 1013.1308
current_data: 0.4259, 5632320, 68.6673, 3790.0217
current_data: 2.5301, 9458, 0.0062, 0.6250
current_data: 0.9469, 152290, 31.3117, 4278.7745
current_data: 2.0899, 717255, 6.8770, 1798.1353
[32m[info] [src/pairwise_allocator.cpp:binary_serch_cache_roofline:462] descriptor COLS 4, find_cache_roofline_times: 1, roofline ipc: 0.9469, current ipc 0.9469, gap: 0.0000, lway: 1, rway: 14
[mcurrent_data: 1.0185, 786156, 6.2041, 906.2552
current_data: 0.4414, 5212281, 66.5842, 3348.1442
current_data: 2.5317, 8624, 0.0061, 0.0000
current_data: 0.9677, 332618, 30.2561, 3914.3974
current_data: 1.9433, 562316, 6.8067, 1560.0089
[32m[info] [src/pairwise_allocator.cpp:binary_serch_cache_roofline:462] descriptor COLS 4, find_cache_roofline_times: 2, roofline ipc: 0.9677, current ipc 0.9677, gap: 0.0000, lway: 1, rway: 7
[mcurrent_data: 0.9947, 764421, 6.1832, 948.1304
current_data: 0.4246, 4765698, 69.2590, 3270.0187
current_data: 2.5196, 12097, 0.0107, 0.0000
current_data: 0.9493, 197379, 30.9758, 3876.8972
current_data: 2.1022, 561109, 6.7900, 1641.8844
[32m[info] [src/pairwise_allocator.cpp:binary_serch_cache_roofline:462] descriptor COLS 4, find_cache_roofline_times: 3, roofline ipc: 0.9677, current ipc 0.9493, gap: 0.0189, lway: 1, rway: 4
[mcurrent_data: 0.9870, 759200, 6.2452, 842.5048
current_data: 0.4182, 4562162, 70.2954, 3271.8937
current_data: 2.5280, 9146, 0.0078, 0.0000
current_data: 0.9339, 84637, 31.6206, 3819.3969
current_data: 1.0260, 332646, 21.2389, 2334.3884
[32m[info] [src/pairwise_allocator.cpp:binary_serch_cache_roofline:462] descriptor COLS 4, find_cache_roofline_times: 4, roofline ipc: 0.9677, current ipc 0.9339, gap: 0.0349, lway: 1, rway: 2
[mcurrent_data: 0.9913, 745456, 6.1543, 840.0048
current_data: 0.4047, 4254607, 72.7797, 3188.1432
current_data: 2.5188, 13244, 0.0106, 0.0000
current_data: 0.9318, 66845, 31.7272, 3803.7718
current_data: 2.0538, 554606, 7.2154, 1559.3839
[32m[info] [src/pairwise_allocator.cpp:binary_serch_cache_roofline:462] descriptor COLS 4, find_cache_roofline_times: 5, roofline ipc: 0.9677, current ipc 0.9318, gap: 0.0371, lway: 1, rway: 1
[mcurrent_data: 0.9915, 735965, 6.3415, 908.7552
current_data: 0.4053, 4234010, 72.6902, 3166.8931
current_data: 2.5081, 15411, 0.0135, 0.0000
current_data: 0.9261, 29924, 31.9495, 3782.5216
current_data: 1.8427, 549738, 8.9270, 1729.3849
[32m[info] [src/pairwise_allocator.cpp:found_cache_roofline:405] Found_cache_roofline, obj_id 774182, roofline cache way: 1, roofline remain cache: 14, roofline cache bitmask: 0x7ffe
[m[32m[info] [src/pairwise_allocator.cpp:binary_serch_cache_roofline:462] descriptor COLS 4, find_cache_roofline_times: 6, roofline ipc: 0.9677, current ipc 0.9261, gap: 0.0430, lway: 1, rway: 1
[m[32m[info] [src/pairwise_allocator.cpp:allocating_cache:846] binary_serch_cache_roofline first pair success
[m[32m[info] [src/pairwise_allocator.cpp:pair_allocating_cache:770] pair_allocating_cache begin, allocating time: 0, descriptor roofline cache way: 1, system remain cache way: 4, complete queue size: 4
[m[32m[info] [src/pairwise_allocator.cpp:allocating_cache:852] Complete pair_allocating_cache, allocate cache ways: 1
[m[34m[critical] [src/pairwise_allocator.cpp:print_allocating_cache_results:815] print_allocating_cache_results: system remain cache: 3
[m[34m[critical] [src/pairwise_allocator.cpp:print_allocating_cache_results:818] obj: 771466, cache_way: 1, roofline cache way: 1
[m[34m[critical] [src/pairwise_allocator.cpp:print_allocating_cache_results:818] obj: 774192, cache_way: 2, roofline cache way: 2
[m[34m[critical] [src/pairwise_allocator.cpp:print_allocating_cache_results:818] obj: 771452, cache_way: 7, roofline cache way: 7
[m[34m[critical] [src/pairwise_allocator.cpp:print_allocating_cache_results:818] obj: 771457, cache_way: 1, roofline cache way: 1
[m[34m[critical] [src/pairwise_allocator.cpp:print_allocating_cache_results:823] obj: 774182, cache_way: 1, roofline cache way: 1
[mSKT0: MBA COS6 => 100% requested, 100% applied
current_data: 1.0575, 1084485, 5.2290, 931.8803
current_data: 0.3846, 2725286, 72.6910, 3773.7716
current_data: 2.5463, 5859, 0.0039, 0.0000
current_data: 1.9418, 38547, 34.7271, 9735.0557
current_data: 1.8116, 534396, 7.7416, 1865.0107
SKT0: MBA COS6 => 60% requested, 60% applied
[32m[info] [src/pairwise_allocator.cpp:binary_serch_mb_roofline:937] descriptor1 COLS 4, find_mb_roofline_time: 1, roofline mb: 9735.0557, current mb 9735.0557, gap: 0.0000, lmb_throttle: 20, rmb_throttle: 100
[mcurrent_data: 1.0326, 859109, 5.7674, 940.6304
current_data: 0.3503, 3089655, 84.0731, 3361.8942
current_data: 2.5458, 4831, 0.0046, 0.0000
current_data: 2.5681, 45135, 24.9766, 9103.1771
current_data: 2.0976, 581988, 6.9843, 1600.6342
SKT0: MBA COS6 => 40% requested, 40% applied
[32m[info] [src/pairwise_allocator.cpp:binary_serch_mb_roofline:937] descriptor1 COLS 4, find_mb_roofline_time: 2, roofline mb: 9103.1771, current mb 9103.1771, gap: 0.0000, lmb_throttle: 20, rmb_throttle: 60
[mcurrent_data: 1.0270, 789032, 5.8920, 882.5050
current_data: 0.3600, 3203353, 81.8105, 3271.2687
current_data: 2.5465, 4464, 0.0041, 0.6250
current_data: 2.2256, 40087, 24.9667, 7591.9184
current_data: 1.0348, 328682, 20.8740, 2296.8881
SKT0: MBA COS6 => 55% requested, 60% applied
[32m[info] [src/pairwise_allocator.cpp:binary_serch_mb_roofline:937] descriptor1 COLS 4, find_mb_roofline_time: 3, roofline mb: 9103.1771, current mb 7591.9184, gap: 0.1660, lmb_throttle: 50, rmb_throttle: 60
[mcurrent_data: 1.0246, 773604, 5.9924, 897.5051
current_data: 0.3508, 2949886, 84.0743, 3218.1434
current_data: 2.5454, 5174, 0.0034, 0.0000
current_data: 2.6056, 44381, 24.9702, 8811.3004
current_data: 2.1022, 577081, 6.8065, 1620.0093
SKT0: MBA COS6 => 50% requested, 50% applied
[32m[info] [src/pairwise_allocator.cpp:binary_serch_mb_roofline:937] descriptor1 COLS 4, find_mb_roofline_time: 4, roofline mb: 8811.3004, current mb 8811.3004, gap: 0.0000, lmb_throttle: 50, rmb_throttle: 60
[mcurrent_data: 1.0270, 752187, 5.7167, 861.8799
current_data: 0.3539, 2992899, 83.5022, 3173.1432
current_data: 2.5470, 5162, 0.0032, 0.0000
current_data: 2.5573, 42497, 24.9708, 8670.6746
current_data: 1.7347, 537324, 10.2866, 1795.6353
SKT0: MBA COS6 => 50% requested, 50% applied
[32m[info] [src/pairwise_allocator.cpp:binary_serch_mb_roofline:937] descriptor1 COLS 4, find_mb_roofline_time: 5, roofline mb: 8811.3004, current mb 8670.6746, gap: 0.0160, lmb_throttle: 50, rmb_throttle: 50
[mcurrent_data: 1.0224, 765061, 6.0088, 911.8802
current_data: 0.3524, 3029309, 83.4825, 3247.5186
current_data: 2.5465, 4554, 0.0029, 0.0000
current_data: 2.5550, 39886, 24.9782, 8688.7997
current_data: 1.9937, 560992, 6.8835, 1544.3838
[32m[info] [src/pairwise_allocator.cpp:found_mb_roofline:887] Fast found mb roofline, obj_id 774182, roofline mb: 8811.30 MB/s, roofline mb throttle: 50
[m[32m[info] [src/pairwise_allocator.cpp:binary_serch_mb_roofline:937] descriptor1 COLS 4, find_mb_roofline_time: 6, roofline mb: 8811.3004, current mb 8688.7997, gap: 0.0139, lmb_throttle: 50, rmb_throttle: 50
[m[32m[info] [src/pairwise_allocator.cpp:allocating_mb:1147] binary_serch_mb_roofline first pair success
[m[32m[info] [src/pairwise_allocator.cpp:pair_allocating_mb:1088] pair_allocating_mb begin, allocating times: 0, descriptor roofline mb throttle: 50, system remain mb: 101789.34 MB/s
[mSKT0: MBA COS4 => 20% requested, 20% applied
current_data: 1.1120, 1281168, 4.6299, 897.5051
current_data: 0.4481, 4721415, 78.0463, 4205.0241
current_data: 2.5470, 6451, 0.0006, 0.0000
current_data: 1.1167, 32747, 24.9743, 3930.0225
current_data: 2.5896, 790206, 6.7966, 1859.3856
[32m[info] [src/pairwise_allocator.cpp:pair_allocating_mb:1088] pair_allocating_mb begin, allocating times: 1, descriptor roofline mb throttle: 50, system remain mb: 101789.34 MB/s
[mSKT0: MBA COS4 => 30% requested, 30% applied
current_data: 1.1199, 1057455, 4.3184, 669.3788
current_data: 0.4418, 3831049, 78.0734, 3417.5196
current_data: 2.5451, 6474, 0.0008, 0.0000
current_data: 1.6017, 32159, 24.9637, 4932.5282
current_data: 2.0295, 585544, 14.0687, 3021.8923
[32m[info] [src/pairwise_allocator.cpp:pair_allocating_mb:1088] pair_allocating_mb begin, allocating times: 2, descriptor roofline mb throttle: 50, system remain mb: 101789.34 MB/s
[mSKT0: MBA COS4 => 40% requested, 40% applied
current_data: 1.1184, 1069318, 4.3541, 600.6284
current_data: 0.4392, 3866277, 78.0797, 3434.3947
current_data: 2.5457, 5804, 0.0004, 0.0000
current_data: 2.2274, 36525, 24.9626, 6995.0400
current_data: 2.5563, 720345, 7.1705, 1711.8848
[32m[info] [src/pairwise_allocator.cpp:pair_allocating_mb:1088] pair_allocating_mb begin, allocating times: 3, descriptor roofline mb throttle: 50, system remain mb: 101789.34 MB/s
[mSKT0: MBA COS4 => 50% requested, 50% applied
current_data: 1.1112, 1051454, 4.2451, 608.7535
current_data: 0.4343, 3813407, 77.9748, 3385.6444
current_data: 2.5463, 6077, 0.0005, 0.0000
current_data: 2.5435, 38964, 24.9716, 7887.5451
current_data: 2.0063, 573198, 14.2732, 2931.8918
[32m[info] [src/pairwise_allocator.cpp:pair_allocating_mb:1088] pair_allocating_mb begin, allocating times: 4, descriptor roofline mb throttle: 50, system remain mb: 101789.34 MB/s
[m[32m[info] [src/pairwise_allocator.cpp:allocating_fit_mb:958] Will allocating_fit_mb mb throttle: 50
[mSKT0: MBA COS4 => 50% requested, 50% applied
current_data: 1.1128, 1060957, 4.5045, 590.6284
current_data: 0.4366, 3789215, 78.0645, 3357.5192
current_data: 2.5461, 6213, 0.0004, 0.0000
current_data: 2.5467, 41883, 24.9688, 7911.2953
current_data: 2.5315, 718052, 7.3980, 1694.3847
[32m[info] [src/pairwise_allocator.cpp:allocating_mb:1121] Allocate mb: 7911.30 MB/s, mb_throttle: 50
[mcurrent_data: 1.1134, 1028735, 4.3862, 604.3785
current_data: 0.4355, 3757920, 77.9102, 3296.2689
current_data: 2.5452, 7093, 0.0009, 0.0000
current_data: 2.5355, 40387, 24.9742, 7865.6700
current_data: 1.9954, 559351, 14.9525, 2843.1413
current_data: 1.1184, 6024658, 4.2315, 3342.5191
current_data: 0.4364, 21630155, 78.0177, 19169.4847
current_data: 2.5467, 32572, 0.0004, 0.0000
current_data: 2.5413, 220597, 24.9747, 44765.8812
current_data: 2.3662, 3857433, 9.1840, 12228.8200
current_data: 1.1211, 6160161, 4.2230, 3341.8941
current_data: 0.4364, 21619855, 78.0449, 19240.7351
current_data: 2.5478, 28872, 0.0003, 0.0000
current_data: 2.5479, 204364, 24.9746, 44839.0066
current_data: 2.3686, 3793143, 9.1390, 12178.1947
current_data: 1.1227, 6138317, 4.0901, 3211.2684
current_data: 0.4367, 21652766, 78.0397, 19255.1102
current_data: 2.5473, 30283, 0.0003, 0.0000
current_data: 2.5249, 209241, 24.9716, 44429.0042
current_data: 2.3679, 3858469, 9.1448, 12191.9448
current_data: 1.1222, 6165417, 4.1714, 3338.7691
current_data: 0.4341, 21559309, 78.0525, 19256.9852
current_data: 2.5472, 29583, 0.0003, 0.0000
current_data: 2.2718, 207491, 32.7518, 51269.6684
current_data: 2.3596, 3848270, 9.1575, 12235.0700
current_data: 1.1197, 6170384, 4.2734, 3420.0196
current_data: 0.4336, 21482194, 78.0701, 19223.8600
current_data: 2.5475, 29232, 0.0004, 0.0000
current_data: 2.4573, 195300, 31.9686, 53175.3043
current_data: 2.3641, 3828024, 9.1458, 12181.3197
current_data: 1.1209, 6138616, 4.1634, 3297.5189
current_data: 0.4337, 21452379, 78.0550, 19058.2341
current_data: 2.5470, 30000, 0.0004, 0.0000
current_data: 2.4561, 194317, 31.9676, 53039.6785
current_data: 2.3580, 3833111, 9.1541, 12193.8198
current_data: 1.1220, 6160434, 4.1498, 3228.1435
current_data: 0.4339, 21534810, 78.0323, 19056.9840
current_data: 2.5467, 28919, 0.0002, 0.0000
current_data: 2.4601, 197244, 31.9643, 53323.4301
current_data: 2.3581, 3860415, 9.1638, 12147.5695
current_data: 1.1185, 6118633, 4.2425, 3409.3945
current_data: 0.4365, 19876471, 75.9672, 18948.2334
current_data: 2.5478, 29432, 0.0003, 0.0000
current_data: 2.4552, 210281, 31.9613, 53277.1799
current_data: 2.3615, 3847632, 9.1141, 12232.5700
current_data: 1.1192, 6182307, 4.2331, 3318.1440
current_data: 0.4334, 21629800, 78.0479, 19337.6107
current_data: 2.5474, 30908, 0.0004, 0.0000
current_data: 2.4599, 196831, 31.9688, 53493.4311
current_data: 2.3570, 3888763, 9.1931, 12202.5698
current_data: 1.1194, 6161643, 4.1532, 3338.1441
current_data: 0.4334, 21646854, 78.0125, 19338.8607
current_data: 2.5469, 31006, 0.0004, 0.0000
current_data: 2.4613, 195872, 31.9672, 53642.8069
current_data: 2.3667, 3877193, 9.0835, 12420.0711
current_data: 1.1177, 6163390, 4.2475, 3421.8946
current_data: 0.4331, 21646471, 78.0611, 19220.7350
current_data: 2.5470, 29881, 0.0003, 0.0000
current_data: 2.4507, 189952, 31.9668, 53558.4315
current_data: 2.3650, 3893616, 9.0540, 12340.0706
current_data: 1.1226, 6239838, 4.2483, 3381.2693
current_data: 0.4352, 21792016, 78.0320, 19298.8604
current_data: 2.5466, 28570, 0.0003, 0.0000
current_data: 2.2018, 198964, 33.5332, 50394.0384
current_data: 2.3682, 3906546, 9.0769, 12375.0708
current_data: 1.1252, 6045703, 4.2339, 3371.8943
current_data: 0.4401, 21763828, 78.0186, 19232.6100
current_data: 2.5469, 32759, 0.0004, 0.0000
current_data: 2.1752, 214832, 34.2701, 45126.5082
current_data: 2.3699, 3896894, 9.1597, 12264.4452
current_data: 1.1198, 6009029, 4.3436, 3588.7705
current_data: 0.4399, 21750555, 78.0435, 19237.6101
current_data: 2.5444, 41161, 0.0008, 0.0000
current_data: 2.1728, 242468, 34.2643, 45143.3833
current_data: 2.3633, 3980464, 9.2090, 12210.0699
current_data: 1.1294, 6185061, 4.2263, 3296.2689
current_data: 0.4403, 21992825, 78.0154, 19521.3617
current_data: 2.5475, 31608, 0.0004, 0.0000
current_data: 2.1162, 231360, 34.3472, 44718.3809
current_data: 2.3737, 3977981, 9.1626, 12359.4457
current_data: 1.1035, 6103796, 4.1903, 3295.0189
current_data: 0.4227, 21083040, 78.0398, 18783.8575
current_data: 2.5479, 28963, 0.0003, 0.0000
current_data: 1.6869, 5663340, 31.8200, 53052.1786
current_data: 2.3343, 3834283, 9.1518, 12172.5697
current_data: 1.1123, 6088764, 4.2595, 3366.8943
current_data: 0.4315, 21505304, 78.0204, 19235.7351
current_data: 2.5476, 30262, 0.0003, 0.0000
current_data: 2.7705, 267044, 25.4885, 51420.2942
current_data: 2.3653, 3889569, 9.0809, 12263.1952
current_data: 1.1196, 6225525, 4.2611, 3215.6434
current_data: 0.4345, 21735296, 78.0633, 19446.9863
current_data: 2.5479, 28558, 0.0002, 0.6250
current_data: 2.7268, 256370, 25.0450, 48580.2780
current_data: 2.3700, 3824579, 9.0848, 12243.1951
current_data: 1.0971, 6040496, 4.1576, 3219.3934
current_data: 0.4170, 20824232, 78.0525, 18575.1063
current_data: 2.5477, 28891, 0.0003, 0.0000
current_data: 2.2033, 208272, 26.4892, 59508.4655
current_data: 2.3197, 3742934, 9.1625, 12010.6937
current_data: 1.0957, 6074010, 4.2466, 3315.0190
current_data: 0.4166, 20834746, 78.0270, 18457.6056
current_data: 2.5478, 29345, 0.0002, 0.0000
current_data: 2.2039, 199848, 26.4885, 59717.8417
current_data: 2.3242, 3797107, 9.1672, 12068.1941
current_data: 1.0980, 6078679, 4.1206, 3236.8935
current_data: 0.4209, 19121039, 75.9280, 18280.7296
current_data: 2.5472, 29753, 0.0003, 0.0000
current_data: 2.2083, 223101, 26.9242, 59084.0881
current_data: 2.3277, 3928728, 9.1130, 12200.0698
current_data: 1.1195, 6260684, 4.1349, 3375.0193
current_data: 0.4333, 21809619, 78.0428, 19468.2364
current_data: 2.5475, 32273, 0.0004, 0.0000
current_data: 2.4573, 204195, 31.9700, 53917.8085
current_data: 2.3673, 3923785, 9.1835, 12294.4453
current_data: 1.1198, 6254641, 4.2011, 3373.7693
current_data: 0.4336, 21768530, 77.9949, 19427.6112
current_data: 2.5465, 30389, 0.0003, 0.0000
current_data: 2.4509, 196760, 31.9685, 53629.0569
current_data: 2.3649, 3848461, 9.1049, 12206.3198
current_data: 1.1213, 6261626, 4.1540, 3285.0188
current_data: 0.4334, 21755918, 78.0787, 19338.8607
current_data: 2.5461, 31102, 0.0003, 0.0000
current_data: 2.4596, 200665, 31.9670, 53887.8083
current_data: 2.3665, 3995457, 9.0954, 12373.8208
current_data: 1.1190, 6164011, 4.1499, 3370.0193
current_data: 0.4332, 21763372, 78.0681, 19351.3607
current_data: 2.5470, 30150, 0.0002, 0.0000
current_data: 2.4580, 189954, 31.9697, 53842.8081
current_data: 2.3682, 3949057, 9.1927, 12340.0706
current_data: 1.1244, 6266948, 4.1328, 3332.5191
current_data: 0.4334, 21785700, 78.0428, 19238.2351
current_data: 2.5469, 31697, 0.0004, 0.0000
current_data: 2.4581, 198812, 31.9701, 53936.5586
current_data: 2.3673, 3920350, 9.1154, 12318.1955
current_data: 1.1132, 6188831, 4.3624, 3555.6453
current_data: 0.4332, 21900795, 78.0026, 19352.6107
current_data: 2.5467, 35851, 0.0005, 0.0000
current_data: 2.4590, 212366, 31.9676, 54180.3100
current_data: 2.3684, 4031181, 9.1602, 12396.9459
current_data: 1.1155, 6233600, 4.2562, 3386.8944
current_data: 0.4333, 21876612, 78.0092, 19411.9861
current_data: 2.5475, 31671, 0.0003, 0.6250
current_data: 2.4556, 205489, 31.9668, 53990.3089
current_data: 2.3607, 4001947, 9.2010, 12441.3212
current_data: 1.1208, 6275883, 4.1701, 3274.3937
current_data: 0.4335, 21904585, 78.0628, 19495.7366
current_data: 2.5475, 30421, 0.0004, 0.0000
current_data: 2.4586, 195898, 31.9671, 54206.5602
current_data: 2.3625, 4019424, 9.1266, 12417.5711
current_data: 1.1216, 6294170, 4.1545, 3399.3945
current_data: 0.4358, 22022643, 78.0455, 19650.1124
current_data: 2.5459, 38143, 0.0005, 0.0000
current_data: 2.3174, 224820, 27.3397, 45804.6371
current_data: 2.3889, 4021920, 9.0088, 12526.9467
current_data: 1.1266, 6287430, 4.1645, 3431.8946
current_data: 0.4364, 22048817, 78.0679, 19709.4878
current_data: 2.5474, 30731, 0.0003, 0.0000
current_data: 2.5213, 212483, 24.9730, 45219.6337
current_data: 2.4740, 4154140, 7.9876, 11166.9389
current_data: 1.1221, 6256908, 4.2211, 3363.7692
current_data: 0.4365, 21977846, 78.0797, 19567.6120
current_data: 2.5467, 33178, 0.0004, 0.0000
current_data: 2.5523, 208675, 24.9776, 45601.5109
current_data: 2.4125, 4240758, 8.8103, 11402.5652
current_data: 1.1212, 6220992, 4.2470, 3373.7693
current_data: 0.4367, 22067323, 78.0455, 19513.2367
current_data: 2.5472, 31927, 0.0003, 0.0000
current_data: 2.5485, 213678, 24.9717, 45704.0115
current_data: 2.3759, 3976126, 9.0998, 12448.8212
current_data: 1.1224, 6279595, 4.1996, 3365.6443
current_data: 0.4397, 20230506, 76.1225, 19277.6103
current_data: 2.5466, 31244, 0.0003, 0.0000
current_data: 2.5257, 207925, 24.9725, 45169.6335
current_data: 2.3797, 4013032, 9.1243, 12421.3211
current_data: 1.1187, 6209969, 4.2448, 3519.3951
current_data: 0.4359, 22000793, 78.0513, 19720.7378
current_data: 2.5467, 33752, 0.0003, 0.0000
current_data: 2.5490, 215299, 24.9748, 45664.0113
current_data: 2.3783, 4043700, 9.1231, 12481.3214
current_data: 1.1236, 6248467, 4.2490, 3435.6447
current_data: 0.4363, 22017705, 78.0378, 19541.9868
current_data: 2.5474, 30616, 0.0003, 0.0000
current_data: 2.5457, 210942, 24.9762, 45545.8856
current_data: 2.3789, 4009053, 9.0982, 12443.1962
current_data: 1.1244, 6279262, 4.1532, 3436.2697
current_data: 0.4364, 22026216, 78.0568, 19591.3621
current_data: 2.5474, 29223, 0.0003, 0.6250
current_data: 2.5232, 209495, 24.9735, 45174.0085
current_data: 2.3749, 4013769, 9.1237, 12438.1962
current_data: 1.1204, 6270366, 4.1867, 3428.7696
current_data: 0.4351, 21984842, 78.0446, 19520.1117
current_data: 2.5474, 29057, 0.0003, 0.0000
current_data: 2.3084, 229306, 28.9108, 47708.3980
current_data: 2.3726, 3983417, 9.1435, 12441.3212
current_data: 1.1244, 6286216, 4.1762, 3296.2689
current_data: 0.4335, 21903269, 77.9970, 19338.8607
current_data: 2.5470, 30497, 0.0003, 0.0000
current_data: 2.4586, 204028, 31.9669, 54135.9348
current_data: 2.3741, 4027724, 9.1188, 12406.3210
current_data: 1.1151, 6191562, 4.2721, 3447.5197
current_data: 0.4332, 21907850, 78.0217, 19440.1112
current_data: 2.5461, 33825, 0.0005, 0.0000
current_data: 2.4513, 217284, 31.9642, 54082.8095
current_data: 2.3692, 4061421, 9.1447, 12488.1965
current_data: 1.1147, 6185241, 4.2460, 3471.8949
current_data: 0.4331, 21872880, 78.0541, 19489.4865
current_data: 2.5471, 31459, 0.0003, 0.0000
current_data: 2.4580, 212451, 31.9626, 54092.8095
current_data: 2.3712, 4069727, 9.1526, 12451.9463
current_data: 1.1195, 6286987, 4.2721, 3429.3946
current_data: 0.4335, 21948016, 78.0183, 19569.4870
current_data: 2.5476, 30079, 0.0003, 0.0000
current_data: 2.4571, 200324, 31.9637, 54199.0601
current_data: 2.3666, 4039228, 9.1371, 12406.3210
current_data: 1.1196, 6238611, 4.1525, 3291.2688
current_data: 0.4332, 21854034, 78.0628, 19562.6119
current_data: 2.5478, 30180, 0.0003, 0.0000
current_data: 2.4596, 204661, 31.9664, 54130.9347
current_data: 2.3690, 3976929, 9.0950, 12450.6962
current_data: 1.1162, 6189048, 4.2759, 3430.0196
current_data: 0.4330, 21862475, 78.0524, 19428.8612
current_data: 2.5465, 34477, 0.0005, 0.0000
current_data: 2.4600, 217754, 31.9642, 54184.0600
current_data: 2.4172, 3988712, 8.3589, 12305.0704
current_data: 1.1128, 6163995, 4.2927, 3456.2698
current_data: 0.4328, 21883432, 78.0160, 19367.6108
current_data: 2.5480, 32672, 0.0004, 0.0000
current_data: 2.4518, 214542, 31.9630, 53955.3087
current_data: 2.4652, 4221967, 7.9781, 11195.0641
current_data: 1.1207, 6289484, 4.1560, 3330.0191
current_data: 0.4374, 20218035, 76.0586, 19185.7348
current_data: 2.5479, 32295, 0.0004, 0.0000
current_data: 2.2649, 219225, 32.9235, 52295.9242
current_data: 2.3963, 4134196, 9.0948, 11860.6929
current_data: 1.1293, 6305373, 4.1875, 3433.1446
current_data: 0.4408, 22171145, 78.0387, 19781.3632
current_data: 2.5473, 32317, 0.0003, 0.0000
current_data: 2.1762, 212811, 34.2685, 45965.2630
current_data: 2.3832, 4095239, 9.1140, 12503.1965
current_data: 1.1310, 6333723, 4.0966, 3327.5190
current_data: 0.4404, 22217391, 78.0208, 19831.9885
current_data: 2.5473, 30052, 0.0003, 0.6250
current_data: 2.1762, 213867, 34.2668, 46057.1385
current_data: 2.3826, 4036118, 9.1402, 12466.9463
current_data: 1.1295, 6251809, 4.1959, 3384.3944
current_data: 0.4403, 22234105, 78.0600, 19726.9879
current_data: 2.5467, 29932, 0.0002, 0.0000
current_data: 2.1133, 225058, 34.4040, 45184.0085
current_data: 2.3835, 4125280, 9.1296, 12581.3220
current_data: 1.1064, 6142996, 4.1683, 3322.5190
current_data: 0.4251, 21450525, 78.0924, 18997.6087
current_data: 2.5472, 30008, 0.0003, 0.0000
current_data: 1.6896, 5692717, 32.9055, 51945.2972
current_data: 2.3433, 3943432, 9.2100, 12322.5705
current_data: 1.1130, 6241522, 4.2316, 3473.1449
current_data: 0.4299, 21726422, 78.0328, 19194.4848
current_data: 2.5473, 30781, 0.0003, 0.0000
current_data: 2.7205, 293745, 25.5510, 53044.6785
current_data: 2.3503, 3944777, 9.0661, 12220.6949
current_data: 1.1213, 6298380, 4.1741, 3458.7698
current_data: 0.4346, 21946590, 78.0064, 19432.6112
current_data: 2.5466, 30969, 0.0003, 0.6250
current_data: 2.7179, 264921, 25.0867, 49047.7807
current_data: 2.3552, 3955233, 9.0772, 12278.8203
current_data: 1.0924, 6063740, 4.2578, 3332.5191
current_data: 0.4179, 21143234, 78.0167, 18728.2322
current_data: 2.5454, 33588, 0.0004, 0.0000
current_data: 2.1769, 248718, 26.6639, 59230.3389
current_data: 2.3016, 3870234, 9.2517, 12168.1946
current_data: 1.0831, 5659746, 4.3264, 3189.3932
current_data: 0.4162, 21068627, 78.0357, 18686.3569
current_data: 2.5473, 32042, 0.0004, 0.0000
current_data: 2.2026, 212953, 26.4859, 60339.7203
current_data: 2.3032, 3886995, 9.0992, 12100.0692
current_data: 1.0941, 6135437, 4.2236, 3290.6438
current_data: 0.4176, 21130248, 78.0044, 18845.7328
current_data: 2.5471, 29822, 0.0003, 0.6250
current_data: 2.2068, 226400, 26.8819, 59495.9654
current_data: 2.3029, 3920812, 9.1686, 12202.5698
current_data: 1.1206, 6250089, 4.2047, 3438.7697
current_data: 0.4335, 21809631, 78.0441, 19426.3612
current_data: 2.5471, 29265, 0.0003, 0.0000
current_data: 2.4587, 198138, 31.9682, 54022.1841
current_data: 2.3515, 4032727, 9.1141, 12381.3208
current_data: 1.1156, 6251473, 4.2902, 3516.8951
current_data: 0.4333, 21862182, 78.0568, 19367.6108
current_data: 2.5477, 30098, 0.0003, 0.0000
current_data: 2.4523, 194547, 31.9701, 53974.0588
current_data: 2.3545, 3893347, 9.2012, 12311.3204
current_data: 1.1223, 6261705, 4.1475, 3445.0197
current_data: 0.4336, 21885972, 78.0395, 19429.4862
current_data: 2.5468, 29314, 0.0003, 0.0000
current_data: 2.4593, 195969, 31.9689, 54122.1847
current_data: 2.3571, 3931657, 9.0776, 12242.5701
[32m[info] [src/pairwise_allocator.cpp:allocating:1174] Will begin allocating cache, allocation_ready_queue size 1, allocation_complete_queue size 4
[mcurrent_data: 1.0803, 1091422, 5.0744, 988.7557
current_data: 0.4223, 5296079, 68.7217, 3494.3950
current_data: 2.5460, 6964, 0.0004, 0.0000
current_data: 0.9300, 21141, 32.0174, 4149.3987
current_data: 1.6639, 533532, 9.3318, 1986.2614
[32m[info] [src/pairwise_allocator.cpp:binary_serch_cache_roofline:462] descriptor COLS 3, find_cache_roofline_times: 1, roofline ipc: 2.5460, current ipc 2.5460, gap: 0.0000, lway: 1, rway: 14
[mcurrent_data: 1.0554, 865610, 5.7063, 933.7553
current_data: 0.4221, 4880493, 69.4609, 3326.8940
current_data: 2.5474, 6008, 0.0002, 0.0000
current_data: 0.9313, 18831, 32.0200, 4130.6486
current_data: 2.0942, 629981, 6.9758, 1655.0095
[32m[info] [src/pairwise_allocator.cpp:binary_serch_cache_roofline:462] descriptor COLS 3, find_cache_roofline_times: 2, roofline ipc: 2.5474, current ipc 2.5474, gap: 0.0000, lway: 1, rway: 7
[mcurrent_data: 1.0428, 844879, 5.9621, 921.8803
current_data: 0.4353, 5161119, 67.3678, 3323.1440
current_data: 2.5474, 6799, 0.0005, 0.0000
current_data: 0.9290, 22091, 32.0122, 4087.5234
current_data: 1.1092, 339268, 19.4167, 2396.8887
[32m[info] [src/pairwise_allocator.cpp:binary_serch_cache_roofline:462] descriptor COLS 3, find_cache_roofline_times: 3, roofline ipc: 2.5474, current ipc 2.5474, gap: 0.0000, lway: 1, rway: 4
[mcurrent_data: 1.0493, 821239, 5.7266, 965.0055
current_data: 0.4238, 4848293, 69.2569, 3276.2687
current_data: 2.5484, 5667, 0.0002, 0.0000
current_data: 0.9316, 18508, 32.0186, 4063.7733
current_data: 2.0827, 617620, 6.9591, 1670.6346
[32m[info] [src/pairwise_allocator.cpp:binary_serch_cache_roofline:462] descriptor COLS 3, find_cache_roofline_times: 4, roofline ipc: 2.5484, current ipc 2.5484, gap: 0.0000, lway: 1, rway: 2
[mcurrent_data: 1.0368, 846205, 6.0896, 991.2557
current_data: 0.4233, 4906784, 69.2682, 3328.1440
current_data: 2.5464, 6993, 0.0004, 0.0000
current_data: 0.9307, 21559, 32.0203, 4146.2737
current_data: 1.2901, 403820, 17.1050, 2468.7641
[32m[info] [src/pairwise_allocator.cpp:binary_serch_cache_roofline:462] descriptor COLS 3, find_cache_roofline_times: 5, roofline ipc: 2.5484, current ipc 2.5464, gap: 0.0008, lway: 1, rway: 1
[mcurrent_data: 1.0383, 821464, 6.1037, 1018.1308
current_data: 0.4223, 4891921, 69.4613, 3325.6440
current_data: 2.5492, 7031, 0.0006, 0.0000
current_data: 0.9306, 20059, 32.0082, 4126.2736
current_data: 2.0795, 637994, 7.0460, 1647.5094
[32m[info] [src/pairwise_allocator.cpp:found_cache_roofline:405] Found_cache_roofline, obj_id 771466, roofline cache way: 1, roofline remain cache: 14, roofline cache bitmask: 0x7ffe
[m[32m[info] [src/pairwise_allocator.cpp:binary_serch_cache_roofline:462] descriptor COLS 3, find_cache_roofline_times: 6, roofline ipc: 2.5492, current ipc 2.5492, gap: 0.0000, lway: 1, rway: 1
[m[32m[info] [src/pairwise_allocator.cpp:allocating_cache:846] binary_serch_cache_roofline first pair success
[m[32m[info] [src/pairwise_allocator.cpp:pair_allocating_cache:770] pair_allocating_cache begin, allocating time: 0, descriptor roofline cache way: 1, system remain cache way: 4, complete queue size: 4
[m[32m[info] [src/pairwise_allocator.cpp:allocating_cache:852] Complete pair_allocating_cache, allocate cache ways: 1
[m[34m[critical] [src/pairwise_allocator.cpp:print_allocating_cache_results:815] print_allocating_cache_results: system remain cache: 3
[m[34m[critical] [src/pairwise_allocator.cpp:print_allocating_cache_results:818] obj: 774192, cache_way: 2, roofline cache way: 2
[m[34m[critical] [src/pairwise_allocator.cpp:print_allocating_cache_results:818] obj: 774182, cache_way: 1, roofline cache way: 1
[m[34m[critical] [src/pairwise_allocator.cpp:print_allocating_cache_results:818] obj: 771452, cache_way: 7, roofline cache way: 7
[m[34m[critical] [src/pairwise_allocator.cpp:print_allocating_cache_results:818] obj: 771457, cache_way: 1, roofline cache way: 1
[m[34m[critical] [src/pairwise_allocator.cpp:print_allocating_cache_results:823] obj: 771466, cache_way: 1, roofline cache way: 1
[mSKT0: MBA COS6 => 100% requested, 100% applied
current_data: 1.0826, 1085765, 5.0643, 983.1306
current_data: 0.4243, 5331480, 68.3142, 3579.3955
current_data: 2.5452, 6565, 0.0005, 0.0000
current_data: 1.0724, 24468, 25.0201, 3880.6472
current_data: 1.8711, 579061, 7.0492, 1784.3852
SKT0: MBA COS6 => 60% requested, 60% applied
[32m[info] [src/pairwise_allocator.cpp:binary_serch_mb_roofline:937] descriptor1 COLS 3, find_mb_roofline_time: 1, roofline mb: 0.0000, current mb 0.0000, gap: -nan, lmb_throttle: 20, rmb_throttle: 100
[mcurrent_data: 1.0486, 862602, 5.8630, 995.6307
current_data: 0.4235, 4926981, 69.0331, 3408.1445
current_data: 2.5470, 5761, 0.0002, 0.0000
current_data: 1.1219, 22193, 25.0292, 4011.8980
current_data: 2.1037, 622216, 6.9444, 1641.2594
SKT0: MBA COS6 => 40% requested, 40% applied
[32m[info] [src/pairwise_allocator.cpp:binary_serch_mb_roofline:937] descriptor1 COLS 3, find_mb_roofline_time: 2, roofline mb: 0.0000, current mb 0.0000, gap: -nan, lmb_throttle: 20, rmb_throttle: 60
[mcurrent_data: 1.0451, 828120, 5.8530, 962.5055
current_data: 0.4366, 5158956, 67.0631, 3375.6443
current_data: 2.5463, 5669, 0.0003, 0.0000
current_data: 1.1186, 21574, 25.0212, 3961.2727
current_data: 1.0975, 370639, 19.3228, 2476.2642
SKT0: MBA COS6 => 30% requested, 30% applied
[32m[info] [src/pairwise_allocator.cpp:binary_serch_mb_roofline:937] descriptor1 COLS 3, find_mb_roofline_time: 3, roofline mb: 0.0000, current mb 0.0000, gap: -nan, lmb_throttle: 20, rmb_throttle: 40
[mcurrent_data: 1.0388, 778960, 5.9860, 913.1302
current_data: 0.4247, 4695106, 68.9678, 3244.3936
current_data: 2.5466, 6547, 0.0004, 0.0000
current_data: 1.1224, 20909, 25.0224, 3891.2723
current_data: 2.0747, 636334, 7.1323, 1680.6346
SKT0: MBA COS6 => 20% requested, 20% applied
[32m[info] [src/pairwise_allocator.cpp:binary_serch_mb_roofline:937] descriptor1 COLS 3, find_mb_roofline_time: 4, roofline mb: 0.0000, current mb 0.0000, gap: -nan, lmb_throttle: 20, rmb_throttle: 30
[mcurrent_data: 1.0385, 820389, 6.0367, 1031.8809
current_data: 0.4274, 5017894, 68.5397, 3384.3944
current_data: 2.5471, 5732, 0.0003, 0.0000
current_data: 1.1216, 20640, 25.0274, 4033.7731
current_data: 1.2394, 393209, 17.9077, 2498.1393
SKT0: MBA COS6 => 20% requested, 20% applied
[32m[info] [src/pairwise_allocator.cpp:binary_serch_mb_roofline:937] descriptor1 COLS 3, find_mb_roofline_time: 5, roofline mb: 0.0000, current mb 0.0000, gap: -nan, lmb_throttle: 20, rmb_throttle: 20
[mcurrent_data: 1.0418, 825477, 5.9074, 985.0056
current_data: 0.4245, 4953187, 68.9629, 3410.6445
current_data: 2.5465, 7363, 0.0006, 0.0000
current_data: 1.1223, 23281, 25.0229, 4040.0231
current_data: 2.0918, 649195, 6.9704, 1665.6345
[32m[info] [src/pairwise_allocator.cpp:found_mb_roofline:887] Fast found mb roofline, obj_id 771466, roofline mb: 0.00 MB/s, roofline mb throttle: 20
[m[32m[info] [src/pairwise_allocator.cpp:binary_serch_mb_roofline:937] descriptor1 COLS 3, find_mb_roofline_time: 6, roofline mb: 0.0000, current mb 0.0000, gap: -nan, lmb_throttle: 20, rmb_throttle: 20
[m[32m[info] [src/pairwise_allocator.cpp:allocating_mb:1147] binary_serch_mb_roofline first pair success
[m[32m[info] [src/pairwise_allocator.cpp:pair_allocating_mb:1088] pair_allocating_mb begin, allocating times: 0, descriptor roofline mb throttle: 20, system remain mb: 93878.05 MB/s
[mSKT0: MBA COS3 => 20% requested, 20% applied
current_data: 1.0669, 1082127, 5.2290, 860.0049
current_data: 0.4347, 4364413, 77.9584, 3881.8972
current_data: 2.5470, 6355, 0.0005, 0.0000
current_data: 2.5603, 37005, 24.9730, 7984.4207
current_data: 2.5403, 713674, 7.1744, 1562.5089
[32m[info] [src/pairwise_allocator.cpp:pair_allocating_mb:1088] pair_allocating_mb begin, allocating times: 1, descriptor roofline mb throttle: 20, system remain mb: 93878.05 MB/s
[m[32m[info] [src/pairwise_allocator.cpp:allocating_fit_mb:958] Will allocating_fit_mb mb throttle: 20
[mSKT0: MBA COS3 => 20% requested, 20% applied
current_data: 1.1014, 916571, 4.5326, 550.6282
current_data: 0.4370, 3490369, 78.0304, 3099.3927
current_data: 2.5488, 4753, 0.0002, 0.0000
current_data: 2.5638, 35498, 24.9709, 7275.0416
current_data: 2.5532, 698027, 6.8798, 1608.7592
[32m[info] [src/pairwise_allocator.cpp:allocating_mb:1121] Allocate mb: 0.00 MB/s, mb_throttle: 20
[mcurrent_data: 1.1127, 964872, 4.2446, 561.2532
current_data: 0.4359, 3481361, 78.0552, 3073.1426
current_data: 2.5475, 4501, 0.0001, 0.0000
current_data: 2.3849, 32825, 24.9738, 6770.0387
current_data: 1.9637, 492052, 15.2859, 2735.6407
current_data: 1.1267, 6050976, 4.1009, 3294.3939
current_data: 0.4364, 21294826, 78.0903, 18826.9827
current_data: 2.5469, 28585, 0.0003, 0.6250
current_data: 2.5590, 203190, 24.9742, 44325.2536
current_data: 2.3534, 3846090, 9.2216, 11983.8186
current_data: 1.1205, 5990506, 4.2429, 3338.1441
current_data: 0.4363, 21319275, 78.0367, 18960.1085
current_data: 2.5473, 30242, 0.0004, 0.6250
current_data: 2.5469, 199148, 24.9790, 44150.2526
current_data: 2.3517, 3831741, 9.2301, 12023.1938
current_data: 1.1207, 5990601, 4.2374, 3339.3941
current_data: 0.4369, 21398147, 78.0220, 18991.9837
current_data: 2.5477, 30532, 0.0004, 1.2500
current_data: 2.5483, 200384, 24.9759, 44248.3782
current_data: 2.3697, 3895148, 9.2428, 12111.9443
current_data: 1.1261, 6120695, 4.1823, 3369.3943
current_data: 0.4372, 21400487, 78.0279, 18983.8586
current_data: 2.5477, 28162, 0.0003, 1.2500
current_data: 2.5268, 195712, 24.9742, 43895.2512
current_data: 2.4394, 4063286, 8.1487, 10872.5622
current_data: 1.1204, 6023487, 4.1913, 3253.1436
current_data: 0.4342, 21214297, 78.0028, 18768.8574
current_data: 2.5464, 29805, 0.0003, 0.6250
current_data: 2.3387, 226357, 32.8399, 51920.2971
current_data: 2.4239, 4035360, 8.0753, 10670.6861
current_data: 1.1140, 5996658, 4.2541, 3328.1440
current_data: 0.4333, 21340525, 78.0408, 18946.9834
current_data: 2.5461, 40158, 0.0007, 4.3750
current_data: 2.4537, 232844, 31.9663, 52667.1764
current_data: 2.4210, 4106898, 8.0001, 11237.5643
current_data: 1.1187, 6083299, 4.2494, 3345.6441
current_data: 0.4335, 21275006, 78.0230, 18933.8583
current_data: 2.5465, 30477, 0.0004, 0.6250
current_data: 2.4543, 204268, 31.9655, 52552.1757
current_data: 2.3465, 3946096, 9.1970, 12081.9441
current_data: 1.1157, 6082888, 4.2455, 3318.1440
current_data: 0.4335, 21362953, 78.0307, 19042.6090
current_data: 2.5472, 29470, 0.0004, 0.0000
current_data: 2.4579, 197744, 31.9649, 52847.1774
current_data: 2.3498, 3912771, 9.1932, 12144.4445
current_data: 1.1181, 6085299, 4.1553, 3258.7686
current_data: 0.4335, 21345977, 78.0422, 18970.1085
current_data: 2.5469, 29197, 0.0003, 0.0000
current_data: 2.4548, 199224, 31.9650, 52766.5519
current_data: 2.3495, 3937197, 9.1745, 12053.8190
current_data: 1.1186, 6090343, 4.1705, 3190.6433
current_data: 0.4335, 21459375, 78.0553, 19053.2340
current_data: 2.5477, 28721, 0.0003, 1.2500
current_data: 2.4592, 197743, 31.9677, 53174.0543
current_data: 2.3474, 3959685, 9.1460, 12165.6946
current_data: 1.1183, 6123317, 4.2555, 3369.3943
current_data: 0.4355, 19500682, 75.9556, 18606.9815
current_data: 2.5469, 30971, 0.0004, 0.6250
current_data: 2.4601, 205974, 31.9647, 53145.3041
current_data: 2.3486, 4024009, 9.1549, 12246.3201
current_data: 1.1197, 6167203, 4.1999, 3249.3936
current_data: 0.4331, 21554273, 78.0651, 19216.3600
current_data: 2.5467, 28889, 0.0003, 0.6250
current_data: 2.4500, 198285, 31.9649, 53210.9295
current_data: 2.3539, 3930646, 9.1945, 12165.0696
current_data: 1.1225, 6183759, 4.1665, 3250.6436
current_data: 0.4349, 21662662, 78.0344, 19415.1111
current_data: 2.5476, 29012, 0.0003, 0.0000
current_data: 2.2140, 216219, 33.3052, 50079.6616
current_data: 2.3549, 3980656, 9.2472, 12145.6945
current_data: 1.1302, 6238544, 4.1944, 3399.3945
current_data: 0.4403, 21976933, 78.0475, 19560.1119
current_data: 2.5469, 29363, 0.0003, 0.6250
current_data: 2.1759, 208684, 34.2706, 45609.0110
current_data: 2.3685, 4002568, 9.1379, 12313.1955
current_data: 1.1321, 6268757, 4.1701, 3277.5188
current_data: 0.4403, 22004524, 78.0489, 19536.9868
current_data: 2.5479, 28778, 0.0002, 0.0000
current_data: 2.1750, 211674, 34.2686, 45667.1363
current_data: 2.3644, 4045190, 9.1532, 12285.6953
current_data: 1.1307, 6271260, 4.1729, 3431.8946
current_data: 0.4403, 22018933, 78.0432, 19497.6116
current_data: 2.5471, 28482, 0.0003, 1.8750
current_data: 2.1155, 229902, 34.3625, 44812.7564
current_data: 2.3704, 4010904, 9.1037, 12358.8207
current_data: 1.1028, 6157371, 4.2691, 3378.1443
current_data: 0.4234, 21292819, 78.0130, 18911.3582
current_data: 2.5474, 28899, 0.0003, 0.6250
current_data: 1.6925, 5686309, 32.0672, 53034.0535
current_data: 2.3234, 4104587, 9.1615, 12324.4455
current_data: 1.1198, 6233758, 4.0470, 3246.8936
current_data: 0.4314, 21675295, 78.0096, 19166.3597
current_data: 2.5467, 30840, 0.0004, 1.8750
current_data: 2.7655, 283479, 25.4970, 51982.7974
current_data: 2.3564, 4044248, 9.1472, 12304.4454
current_data: 1.1148, 6149090, 4.2233, 3300.6439
current_data: 0.4343, 21839781, 78.0164, 19348.8607
current_data: 2.5458, 34719, 0.0005, 1.8750
current_data: 2.7224, 283170, 25.0429, 48679.6535
current_data: 2.3525, 4067053, 9.1868, 12303.1954
current_data: 1.0915, 6033720, 4.2317, 3328.1440
current_data: 0.4170, 20987501, 77.9915, 18670.7318
current_data: 2.5471, 31871, 0.0004, 0.6250
current_data: 2.2037, 213459, 26.4899, 60062.2187
current_data: 2.3140, 3926931, 9.1903, 12141.9445
current_data: 1.0925, 6112539, 4.1744, 3362.5192
current_data: 0.4164, 21045125, 78.0520, 18781.3575
current_data: 2.5465, 30477, 0.0003, 1.2500
current_data: 2.2047, 211172, 26.4852, 60320.3452
current_data: 2.3072, 4011825, 9.1594, 12295.0704
current_data: 1.0915, 6049967, 4.2792, 3340.6441
current_data: 0.4180, 21132154, 78.0470, 18804.4826
current_data: 2.5464, 31606, 0.0004, 0.6250
current_data: 2.2205, 228569, 27.2148, 59229.7139
current_data: 2.3163, 3940754, 9.2186, 12121.3194
current_data: 1.1182, 6248908, 4.2093, 3431.2696
current_data: 0.4333, 21911093, 78.0221, 19393.2360
current_data: 2.5456, 39695, 0.0006, 3.7500
current_data: 2.4568, 220297, 31.9672, 54159.6849
current_data: 2.3514, 4144754, 9.1635, 12345.6956
current_data: 1.1177, 6235237, 4.1792, 3300.6439
current_data: 0.4361, 20124872, 76.0440, 19146.3596
current_data: 2.5459, 30417, 0.0003, 0.6250
current_data: 2.4516, 201960, 31.9629, 54115.3097
current_data: 2.3912, 4016515, 8.6070, 12436.9462
current_data: 1.1209, 6233074, 4.1713, 3373.7693
current_data: 0.4331, 21894787, 78.0824, 19650.1124
current_data: 2.5461, 30286, 0.0003, 0.6250
current_data: 2.4589, 201944, 31.9633, 54239.6854
current_data: 2.4365, 4286381, 7.9633, 11373.1901
current_data: 1.1179, 6222866, 4.1325, 3353.7692
current_data: 0.4335, 21920482, 78.0136, 19565.7370
current_data: 2.5471, 29769, 0.0003, 0.0000
current_data: 2.4610, 191711, 31.9672, 54229.6853
current_data: 2.4484, 4174853, 8.0458, 11227.5642
current_data: 1.1188, 6235479, 4.1812, 3519.3951
current_data: 0.4339, 21885228, 78.0570, 19475.1114
current_data: 2.5471, 30397, 0.0003, 1.2500
current_data: 2.4615, 191014, 31.9705, 54183.4350
current_data: 2.4205, 4287236, 8.3951, 11115.6886
current_data: 1.1218, 6247758, 4.2332, 3374.3943
current_data: 0.4337, 21876688, 78.0558, 19396.9860
current_data: 2.5461, 30060, 0.0003, 0.6250
current_data: 2.4643, 191415, 31.9709, 54277.8106
current_data: 2.3726, 4050382, 9.1517, 11710.0670
current_data: 1.1207, 6287683, 4.2041, 3497.5200
current_data: 0.4336, 21883678, 78.0459, 19363.8608
current_data: 2.5474, 28323, 0.0002, 0.0000
current_data: 2.4555, 186743, 31.9706, 54060.9343
current_data: 2.3605, 3980881, 9.1834, 12370.0708
current_data: 1.1172, 6245626, 4.2472, 3410.6445
current_data: 0.4335, 21898618, 78.0537, 19379.4859
current_data: 2.5471, 31880, 0.0004, 1.2500
current_data: 2.4584, 191912, 31.9704, 54170.9350
current_data: 2.3553, 4039399, 9.1247, 12272.5702
current_data: 1.1220, 6291599, 4.2535, 3470.0199
current_data: 0.4360, 22014324, 78.0195, 19514.4867
current_data: 2.5478, 30518, 0.0004, 0.0000
current_data: 2.3313, 196548, 26.5488, 44974.6323
current_data: 2.3619, 4094746, 9.1080, 12302.5704
current_data: 1.1170, 6203211, 4.2831, 3420.0196
current_data: 0.4362, 22052884, 78.0311, 19720.7378
current_data: 2.5459, 34311, 0.0005, 0.6250
current_data: 2.5206, 212944, 24.9771, 45207.7587
current_data: 2.3594, 4231978, 9.1426, 12490.6965
current_data: 1.1171, 6197625, 4.3177, 3506.8951
current_data: 0.4361, 22074419, 78.0007, 19640.1124
current_data: 2.5476, 31940, 0.0004, 0.6250
current_data: 2.5579, 208986, 24.9758, 45823.3872
current_data: 2.3700, 4065060, 9.1709, 12364.4457
current_data: 1.1245, 6271450, 4.1955, 3297.5189
current_data: 0.4363, 22072484, 78.0306, 19672.6126
current_data: 2.5477, 28527, 0.0002, 0.0000
current_data: 2.5464, 202476, 24.9716, 45691.5114
current_data: 2.3629, 4115805, 9.0705, 12405.0710
current_data: 1.1239, 6257443, 4.2256, 3357.5192
current_data: 0.4364, 22027326, 78.0183, 19510.7366
current_data: 2.5479, 29651, 0.0003, 0.0000
current_data: 2.5278, 203631, 24.9725, 45264.6340
current_data: 2.3742, 4120917, 9.1651, 12467.5713
current_data: 1.1269, 6312915, 4.1138, 3326.2690
current_data: 0.4324, 21657945, 77.8193, 19328.2356
current_data: 2.5468, 29554, 0.0002, 0.0000
current_data: 2.5514, 204749, 24.9751, 45724.0116
current_data: 2.3727, 4105301, 9.0762, 12402.5710
current_data: 1.1232, 6284577, 4.1350, 3312.5190
current_data: 0.4363, 22058982, 78.0317, 19640.7374
current_data: 2.5463, 29812, 0.0002, 0.0000
current_data: 2.5560, 205683, 24.9746, 45794.0120
current_data: 2.3710, 4148871, 9.2146, 12499.4465
current_data: 1.1255, 6292998, 4.1860, 3478.7699
current_data: 0.4366, 22075678, 78.0427, 19842.6135
current_data: 2.5471, 30453, 0.0002, 0.0000
current_data: 2.5244, 199512, 24.9741, 45237.1338
current_data: 2.3713, 4217198, 9.0780, 12475.6964
current_data: 1.1226, 6275086, 4.1107, 3301.8939
current_data: 0.4350, 21930387, 78.0806, 19498.2366
current_data: 2.5450, 40581, 0.0006, 3.7500
current_data: 2.2793, 249495, 29.8614, 48235.2760
current_data: 2.3575, 4323837, 9.2264, 12484.4464
current_data: 1.1183, 6268426, 4.2327, 3378.7693
current_data: 0.4336, 21900747, 78.0297, 19461.9864
current_data: 2.5483, 30696, 0.0003, 0.6250
current_data: 2.4572, 210527, 31.9645, 54117.8097
current_data: 2.3584, 4079236, 9.2199, 12357.5707
current_data: 1.1171, 6238431, 4.2507, 3427.5196
current_data: 0.4336, 21947708, 78.0143, 19449.4863
current_data: 2.5472, 30418, 0.0003, 0.0000
current_data: 2.4523, 208452, 31.9631, 54045.3092
current_data: 2.3553, 4135539, 9.1440, 12400.6960
current_data: 1.1219, 6271744, 4.2085, 3425.6446
current_data: 0.4338, 21930397, 78.0385, 19441.9862
current_data: 2.5472, 29379, 0.0003, 0.6250
current_data: 2.4581, 208308, 31.9635, 54207.8102
current_data: 2.3602, 4159049, 9.1105, 12423.8211
current_data: 1.1156, 6228788, 4.2518, 3445.6447
current_data: 0.4336, 21865529, 78.0596, 19399.4860
current_data: 2.5469, 31310, 0.0003, 0.6250
current_data: 2.4553, 204045, 31.9653, 54073.4344
current_data: 2.3576, 4262838, 9.1814, 12475.0714
current_data: 1.1145, 5883283, 4.2997, 3289.3938
current_data: 0.4336, 21883126, 78.0587, 19459.4863
current_data: 2.5465, 32705, 0.0005, 1.2500
current_data: 2.4581, 209629, 31.9655, 54065.3094
current_data: 2.3652, 4137774, 9.2064, 12352.5707
current_data: 1.1185, 6220525, 4.1768, 3441.8947
current_data: 0.4335, 21922859, 78.0169, 19500.1116
current_data: 2.5465, 33507, 0.0004, 0.6250
current_data: 2.4595, 217626, 31.9642, 54206.5602
current_data: 2.4167, 4197903, 8.1911, 12042.5689
current_data: 1.1168, 6242057, 4.2711, 3504.3951
current_data: 0.4333, 21921957, 78.0253, 19605.1122
current_data: 2.5476, 31707, 0.0004, 0.6250
current_data: 2.4511, 208677, 31.9633, 54042.1842
current_data: 2.4397, 4312959, 7.9851, 11120.0636
[32m[info] [src/pairwise_allocator.cpp:allocating:1174] Will begin allocating cache, allocation_ready_queue size 1, allocation_complete_queue size 4
[mcurrent_data: 1.0857, 1071317, 5.2836, 1079.3812
current_data: 0.3432, 3171000, 85.6168, 3588.7705
current_data: 2.5450, 7106, 0.0007, 0.0000
current_data: 0.9446, 25242, 34.3073, 3978.7728
current_data: 2.0954, 680721, 6.9921, 1676.8846
[32m[info] [src/pairwise_allocator.cpp:binary_serch_cache_roofline:462] descriptor COLS 3, find_cache_roofline_times: 1, roofline ipc: 2.5450, current ipc 2.5450, gap: 0.0000, lway: 1, rway: 14
[mcurrent_data: 1.0503, 873046, 5.8842, 978.1306
current_data: 0.3482, 3068471, 84.8748, 3388.1444
current_data: 2.5472, 5694, 0.0002, 0.0000
current_data: 0.9434, 23591, 34.3072, 4009.3979
current_data: 1.2976, 410886, 17.1066, 2456.8891
[32m[info] [src/pairwise_allocator.cpp:binary_serch_cache_roofline:462] descriptor COLS 3, find_cache_roofline_times: 2, roofline ipc: 2.5472, current ipc 2.5472, gap: 0.0000, lway: 1, rway: 7
[mcurrent_data: 1.0461, 834037, 5.9000, 1017.5058
current_data: 0.3487, 3057228, 84.8101, 3386.8944
current_data: 2.5474, 6231, 0.0002, 0.0000
current_data: 0.9441, 25402, 34.3043, 3965.6477
current_data: 2.0780, 662137, 7.2164, 1703.1347
[32m[info] [src/pairwise_allocator.cpp:binary_serch_cache_roofline:462] descriptor COLS 3, find_cache_roofline_times: 3, roofline ipc: 2.5474, current ipc 2.5474, gap: 0.0000, lway: 1, rway: 4
[mcurrent_data: 1.0450, 818390, 6.1608, 923.7553
current_data: 0.3505, 3053672, 84.4265, 3337.5191
current_data: 2.5501, 6421, 0.0006, 0.0000
current_data: 0.9442, 22407, 34.3059, 3905.0223
current_data: 2.1037, 652032, 7.0235, 1661.2595
[32m[info] [src/pairwise_allocator.cpp:binary_serch_cache_roofline:462] descriptor COLS 3, find_cache_roofline_times: 4, roofline ipc: 2.5501, current ipc 2.5501, gap: 0.0000, lway: 1, rway: 2
[mcurrent_data: 1.0428, 803793, 5.9343, 974.3806
current_data: 0.3569, 3240641, 82.7320, 3323.7690
current_data: 2.5477, 5844, 0.0002, 0.0000
current_data: 0.9438, 23931, 34.3060, 3944.3976
current_data: 2.0276, 630894, 7.0508, 1527.5087
[32m[info] [src/pairwise_allocator.cpp:binary_serch_cache_roofline:462] descriptor COLS 3, find_cache_roofline_times: 5, roofline ipc: 2.5501, current ipc 2.5477, gap: 0.0010, lway: 1, rway: 1
[mcurrent_data: 1.0497, 816304, 5.9211, 991.8807
current_data: 0.3532, 3123889, 83.9298, 3378.1443
current_data: 2.5472, 5478, 0.0002, 0.0000
current_data: 0.9446, 21823, 34.3099, 3926.8975
current_data: 2.1056, 624088, 7.0415, 1625.0093
[32m[info] [src/pairwise_allocator.cpp:found_cache_roofline:405] Found_cache_roofline, obj_id 771466, roofline cache way: 1, roofline remain cache: 14, roofline cache bitmask: 0x7ffe
[m[32m[info] [src/pairwise_allocator.cpp:binary_serch_cache_roofline:462] descriptor COLS 3, find_cache_roofline_times: 6, roofline ipc: 2.5501, current ipc 2.5472, gap: 0.0011, lway: 1, rway: 1
[m[32m[info] [src/pairwise_allocator.cpp:allocating_cache:846] binary_serch_cache_roofline first pair success
[m[32m[info] [src/pairwise_allocator.cpp:pair_allocating_cache:770] pair_allocating_cache begin, allocating time: 0, descriptor roofline cache way: 1, system remain cache way: 4, complete queue size: 4
[m[32m[info] [src/pairwise_allocator.cpp:allocating_cache:852] Complete pair_allocating_cache, allocate cache ways: 1
[m[34m[critical] [src/pairwise_allocator.cpp:print_allocating_cache_results:815] print_allocating_cache_results: system remain cache: 3
[m[34m[critical] [src/pairwise_allocator.cpp:print_allocating_cache_results:818] obj: 774192, cache_way: 2, roofline cache way: 2
[m[34m[critical] [src/pairwise_allocator.cpp:print_allocating_cache_results:818] obj: 774182, cache_way: 1, roofline cache way: 1
[m[34m[critical] [src/pairwise_allocator.cpp:print_allocating_cache_results:818] obj: 771452, cache_way: 7, roofline cache way: 7
[m[34m[critical] [src/pairwise_allocator.cpp:print_allocating_cache_results:818] obj: 771457, cache_way: 1, roofline cache way: 1
[m[34m[critical] [src/pairwise_allocator.cpp:print_allocating_cache_results:823] obj: 771466, cache_way: 1, roofline cache way: 1
[mSKT0: MBA COS6 => 100% requested, 100% applied
current_data: 1.0754, 1077911, 5.1293, 1064.3811
current_data: 0.4141, 5095161, 69.4676, 3626.2707
current_data: 2.5449, 7961, 0.0012, 0.6250
current_data: 0.7331, 25821, 26.5622, 3967.5227
current_data: 2.0924, 712146, 6.9794, 1645.6344
SKT0: MBA COS6 => 60% requested, 60% applied
[32m[info] [src/pairwise_allocator.cpp:binary_serch_mb_roofline:937] descriptor1 COLS 3, find_mb_roofline_time: 1, roofline mb: 0.6250, current mb 0.6250, gap: 0.0000, lmb_throttle: 20, rmb_throttle: 100
[mcurrent_data: 1.0425, 857261, 5.8190, 971.8806
current_data: 0.4259, 4968059, 68.0609, 3415.0195
current_data: 2.5459, 6349, 0.0003, 0.0000
current_data: 0.7302, 23497, 26.5515, 3922.5224
current_data: 1.2216, 393288, 17.6870, 2629.3900
SKT0: MBA COS6 => 40% requested, 40% applied
[32m[info] [src/pairwise_allocator.cpp:binary_serch_mb_roofline:937] descriptor1 COLS 3, find_mb_roofline_time: 2, roofline mb: 0.0000, current mb 0.0000, gap: -nan, lmb_throttle: 20, rmb_throttle: 60
[mcurrent_data: 1.0386, 799269, 5.9651, 958.1305
current_data: 0.4216, 4653053, 68.7322, 3236.2685
current_data: 2.5457, 6062, 0.0003, 0.0000
current_data: 0.7328, 24102, 26.5525, 3792.5217
current_data: 2.0448, 596398, 7.5392, 1586.2591
SKT0: MBA COS6 => 30% requested, 30% applied
[32m[info] [src/pairwise_allocator.cpp:binary_serch_mb_roofline:937] descriptor1 COLS 3, find_mb_roofline_time: 3, roofline mb: 0.0000, current mb 0.0000, gap: -nan, lmb_throttle: 20, rmb_throttle: 40
[mcurrent_data: 1.0367, 784354, 6.2006, 946.2554
current_data: 0.4239, 4702566, 68.3981, 3273.1437
current_data: 2.5452, 6535, 0.0009, 0.0000
current_data: 0.7328, 24845, 26.5483, 3801.2718
current_data: 2.1339, 651946, 6.5889, 1643.7594
SKT0: MBA COS6 => 20% requested, 20% applied
[32m[info] [src/pairwise_allocator.cpp:binary_serch_mb_roofline:937] descriptor1 COLS 3, find_mb_roofline_time: 4, roofline mb: 0.0000, current mb 0.0000, gap: -nan, lmb_throttle: 20, rmb_throttle: 30
[mcurrent_data: 1.0347, 775380, 6.0882, 916.8802
current_data: 0.4347, 4790472, 66.6009, 3158.1431
current_data: 2.5455, 6504, 0.0004, 0.0000
current_data: 0.7304, 24016, 26.5447, 3596.8956
current_data: 1.8301, 519721, 7.4742, 1548.7589
SKT0: MBA COS6 => 20% requested, 20% applied
[32m[info] [src/pairwise_allocator.cpp:binary_serch_mb_roofline:937] descriptor1 COLS 3, find_mb_roofline_time: 5, roofline mb: 0.0000, current mb 0.0000, gap: -nan, lmb_throttle: 20, rmb_throttle: 20
[mcurrent_data: 1.0350, 782889, 5.9824, 935.0054
current_data: 0.4224, 4721829, 68.6108, 3311.2689
current_data: 2.5478, 6511, 0.0006, 0.6250
current_data: 0.7324, 24669, 26.5471, 3775.6466
current_data: 2.0688, 615045, 7.4024, 1567.5090
[32m[info] [src/pairwise_allocator.cpp:found_mb_roofline:887] Fast found mb roofline, obj_id 771466, roofline mb: 0.63 MB/s, roofline mb throttle: 20
[m[32m[info] [src/pairwise_allocator.cpp:binary_serch_mb_roofline:937] descriptor1 COLS 3, find_mb_roofline_time: 6, roofline mb: 0.6250, current mb 0.6250, gap: 0.0000, lmb_throttle: 20, rmb_throttle: 20
[m[32m[info] [src/pairwise_allocator.cpp:allocating_mb:1147] binary_serch_mb_roofline first pair success
[m[32m[info] [src/pairwise_allocator.cpp:pair_allocating_mb:1088] pair_allocating_mb begin, allocating times: 0, descriptor roofline mb throttle: 20, system remain mb: 93878.05 MB/s
[mSKT0: MBA COS3 => 20% requested, 20% applied
current_data: 1.0390, 1127130, 5.2995, 903.7552
current_data: 0.4173, 4487740, 77.9814, 4015.6480
current_data: 2.5473, 6730, 0.0005, 0.0000
current_data: 2.2075, 40933, 26.4936, 11280.0645
current_data: 2.5075, 820798, 6.9869, 1683.1346
[32m[info] [src/pairwise_allocator.cpp:pair_allocating_mb:1088] pair_allocating_mb begin, allocating times: 1, descriptor roofline mb throttle: 20, system remain mb: 93878.05 MB/s
[m[32m[info] [src/pairwise_allocator.cpp:allocating_fit_mb:958] Will allocating_fit_mb mb throttle: 20
[mSKT0: MBA COS3 => 20% requested, 20% applied
current_data: 1.0762, 908457, 4.4833, 610.6285
current_data: 0.4179, 3368618, 77.9906, 2976.2670
current_data: 2.5470, 5754, 0.0009, 0.0000
current_data: 2.2130, 33534, 26.4882, 9671.3053
current_data: 2.4698, 798851, 7.1363, 1633.7593
[32m[info] [src/pairwise_allocator.cpp:allocating_mb:1121] Allocate mb: 0.00 MB/s, mb_throttle: 20
[mcurrent_data: 1.0763, 947484, 4.5929, 603.1285
current_data: 0.4169, 3331013, 78.0195, 2955.0169
current_data: 2.5486, 5098, 0.0003, 0.0000
current_data: 2.2074, 37814, 26.4800, 9599.4299
current_data: 2.5217, 716257, 6.8767, 1672.5096
current_data: 1.1029, 5913466, 4.3201, 3245.0186
current_data: 0.4324, 19632306, 75.8777, 18553.8562
current_data: 2.5477, 31007, 0.0005, 0.0000
current_data: 2.3213, 213873, 30.1391, 53309.6800
current_data: 2.3370, 4025561, 9.3184, 11982.5686
current_data: 1.1208, 6036729, 4.1103, 3148.1430
current_data: 0.4333, 21180516, 78.0496, 18923.2333
current_data: 2.5470, 27292, 0.0003, 0.0000
current_data: 2.4570, 193484, 31.9694, 52355.9246
current_data: 2.3585, 4035606, 9.2868, 11983.1936
current_data: 1.1209, 6098132, 4.1636, 3222.5184
current_data: 0.4334, 21235542, 77.9958, 18975.1086
current_data: 2.5471, 29119, 0.0003, 0.0000
current_data: 2.4514, 194645, 31.9680, 52369.0497
current_data: 2.3593, 4057635, 9.2567, 12100.0692
current_data: 1.1216, 6078670, 4.2259, 3315.0190
current_data: 0.4335, 21245570, 78.0442, 18898.8581
current_data: 2.5465, 28916, 0.0004, 0.0000
current_data: 2.4569, 198438, 31.9668, 52466.5502
current_data: 2.3604, 4010968, 9.2528, 12151.9445
current_data: 1.1176, 6037750, 4.2169, 3320.6440
current_data: 0.4337, 21184543, 78.0510, 18860.1079
current_data: 2.5472, 28959, 0.0003, 0.6250
current_data: 2.4587, 192186, 31.9685, 52424.0500
current_data: 2.4023, 4218085, 9.0148, 11511.9409
current_data: 1.1216, 6082061, 4.1581, 3247.5186
current_data: 0.4335, 21181366, 78.0656, 18763.2324
current_data: 2.5480, 27919, 0.0003, 0.0000
current_data: 2.4599, 194037, 31.9697, 52447.1751
current_data: 2.4588, 4256360, 8.0888, 11000.0629
current_data: 1.1192, 6065981, 4.2026, 3215.6434
current_data: 0.4337, 21240754, 78.0071, 18812.6076
current_data: 2.5477, 27933, 0.0002, 0.0000
current_data: 2.4635, 196556, 31.9678, 52598.4260
current_data: 2.4341, 4202253, 8.0993, 10822.5619
current_data: 1.1210, 6118255, 4.1928, 3330.6441
current_data: 0.4331, 21416259, 78.0523, 19014.4838
current_data: 2.5479, 29945, 0.0003, 0.0000
current_data: 2.4517, 194295, 31.9666, 52954.6780
current_data: 2.4032, 4117821, 8.5610, 12034.4439
current_data: 1.1242, 6127354, 4.1136, 3251.8936
current_data: 0.4333, 21340848, 78.0285, 18973.8586
current_data: 2.5468, 29180, 0.0003, 0.0000
current_data: 2.4588, 194368, 31.9679, 52894.6777
current_data: 2.3553, 4099396, 9.2643, 12212.5699
current_data: 1.1171, 6051383, 4.2981, 3393.1444
current_data: 0.4357, 21501535, 77.9956, 19089.4842
current_data: 2.5463, 33769, 0.0006, 0.0000
current_data: 2.3325, 213814, 26.7078, 44213.3780
current_data: 2.3662, 4228716, 9.3162, 12257.5701
current_data: 1.1207, 6103592, 4.2344, 3321.2690
current_data: 0.4361, 21602406, 78.0524, 19291.3604
current_data: 2.5463, 38306, 0.0007, 0.6250
current_data: 2.5164, 226134, 24.9763, 44240.2531
current_data: 2.3618, 4244165, 9.2143, 12310.0704
current_data: 1.1237, 6159330, 4.1717, 3261.2687
current_data: 0.4360, 21711541, 78.0624, 19272.6103
current_data: 2.5468, 29843, 0.0004, 0.6250
current_data: 2.5500, 205733, 24.9754, 45027.7577
current_data: 2.3680, 4150926, 9.2244, 12369.4458
[32m[info] [src/pairwise_allocator.cpp:allocating:1174] Will begin allocating cache, allocation_ready_queue size 1, allocation_complete_queue size 4
[mcurrent_data: 1.0819, 1081617, 5.2052, 1028.7559
current_data: 0.4215, 5221008, 68.8060, 3580.6455
current_data: 2.5473, 6322, 0.0003, 0.0000
current_data: 1.1240, 23792, 25.0138, 4006.8979
current_data: 2.1065, 722306, 7.0332, 1739.3850
[32m[info] [src/pairwise_allocator.cpp:binary_serch_cache_roofline:462] descriptor COLS 3, find_cache_roofline_times: 1, roofline ipc: 2.5473, current ipc 2.5473, gap: 0.0000, lway: 1, rway: 14
[mcurrent_data: 1.0539, 860489, 5.7376, 957.5055
current_data: 0.4280, 5078156, 68.4630, 3440.0197
current_data: 2.5470, 5785, 0.0002, 0.0000
current_data: 1.1237, 20773, 25.0177, 4033.1481
current_data: 2.1168, 647663, 7.0417, 1735.6349
[32m[info] [src/pairwise_allocator.cpp:binary_serch_cache_roofline:462] descriptor COLS 3, find_cache_roofline_times: 2, roofline ipc: 2.5473, current ipc 2.5470, gap: 0.0001, lway: 1, rway: 7
[mcurrent_data: 1.0446, 843945, 5.8019, 1001.2557
current_data: 0.4398, 5366821, 66.5151, 3423.1446
current_data: 2.5453, 5905, 0.0002, 0.0000
current_data: 1.1224, 20752, 25.0223, 4031.8981
current_data: 1.6188, 488281, 10.0968, 2136.8872
[32m[info] [src/pairwise_allocator.cpp:binary_serch_cache_roofline:462] descriptor COLS 3, find_cache_roofline_times: 3, roofline ipc: 2.5473, current ipc 2.5453, gap: 0.0008, lway: 1, rway: 4
[mcurrent_data: 1.0484, 818704, 5.8841, 945.0054
current_data: 0.4293, 5063217, 68.3049, 3474.3949
current_data: 2.5486, 5654, 0.0002, 0.0000
current_data: 1.1233, 19984, 25.0177, 3986.8978
current_data: 2.1085, 663415, 7.0835, 1724.3849
[32m[info] [src/pairwise_allocator.cpp:binary_serch_cache_roofline:462] descriptor COLS 3, find_cache_roofline_times: 4, roofline ipc: 2.5486, current ipc 2.5486, gap: 0.0000, lway: 1, rway: 2
[mcurrent_data: 1.0402, 828209, 5.8653, 956.2555
current_data: 0.4385, 5275521, 66.7448, 3390.6444
current_data: 2.5476, 6037, 0.0003, 0.0000
current_data: 1.1210, 20737, 25.0202, 3985.6478
current_data: 1.1263, 346445, 19.0241, 2431.8889
[32m[info] [src/pairwise_allocator.cpp:binary_serch_cache_roofline:462] descriptor COLS 3, find_cache_roofline_times: 5, roofline ipc: 2.5486, current ipc 2.5476, gap: 0.0004, lway: 1, rway: 1
[mcurrent_data: 1.0429, 830322, 6.1272, 990.0057
current_data: 0.4263, 4982782, 68.7016, 3360.0192
current_data: 2.5471, 6069, 0.0002, 0.0000
current_data: 1.1232, 21257, 25.0181, 4002.5229
current_data: 2.0823, 678162, 7.3745, 1688.7597
[32m[info] [src/pairwise_allocator.cpp:found_cache_roofline:405] Found_cache_roofline, obj_id 771466, roofline cache way: 1, roofline remain cache: 14, roofline cache bitmask: 0x7ffe
[m[32m[info] [src/pairwise_allocator.cpp:binary_serch_cache_roofline:462] descriptor COLS 3, find_cache_roofline_times: 6, roofline ipc: 2.5486, current ipc 2.5471, gap: 0.0006, lway: 1, rway: 1
[m[32m[info] [src/pairwise_allocator.cpp:allocating_cache:846] binary_serch_cache_roofline first pair success
[m[32m[info] [src/pairwise_allocator.cpp:pair_allocating_cache:770] pair_allocating_cache begin, allocating time: 0, descriptor roofline cache way: 1, system remain cache way: 4, complete queue size: 4
[m[32m[info] [src/pairwise_allocator.cpp:allocating_cache:852] Complete pair_allocating_cache, allocate cache ways: 1
[m[34m[critical] [src/pairwise_allocator.cpp:print_allocating_cache_results:815] print_allocating_cache_results: system remain cache: 3
[m[34m[critical] [src/pairwise_allocator.cpp:print_allocating_cache_results:818] obj: 774192, cache_way: 2, roofline cache way: 2
[m[34m[critical] [src/pairwise_allocator.cpp:print_allocating_cache_results:818] obj: 774182, cache_way: 1, roofline cache way: 1
[m[34m[critical] [src/pairwise_allocator.cpp:print_allocating_cache_results:818] obj: 771452, cache_way: 7, roofline cache way: 7
[m[34m[critical] [src/pairwise_allocator.cpp:print_allocating_cache_results:818] obj: 771457, cache_way: 1, roofline cache way: 1
[m[34m[critical] [src/pairwise_allocator.cpp:print_allocating_cache_results:823] obj: 771466, cache_way: 1, roofline cache way: 1
[mSKT0: MBA COS6 => 100% requested, 100% applied
current_data: 1.0770, 1094950, 5.2786, 957.5055
current_data: 0.4201, 5189728, 69.1746, 3590.0205
current_data: 2.5466, 7447, 0.0007, 0.0000
current_data: 0.9311, 22767, 32.0102, 4099.3985
current_data: 2.0979, 718051, 7.0758, 1751.2600
SKT0: MBA COS6 => 60% requested, 60% applied
[32m[info] [src/pairwise_allocator.cpp:binary_serch_mb_roofline:937] descriptor1 COLS 3, find_mb_roofline_time: 1, roofline mb: 0.0000, current mb 0.0000, gap: -nan, lmb_throttle: 20, rmb_throttle: 100
[mcurrent_data: 1.0509, 875833, 5.9287, 968.1305
current_data: 0.4263, 5042855, 68.6758, 3465.0198
current_data: 2.5449, 6698, 0.0004, 0.6250
current_data: 0.9296, 23450, 32.0057, 4089.3984
current_data: 2.1198, 640072, 7.0418, 1682.5096
SKT0: MBA COS6 => 40% requested, 40% applied
[32m[info] [src/pairwise_allocator.cpp:binary_serch_mb_roofline:937] descriptor1 COLS 3, find_mb_roofline_time: 2, roofline mb: 0.0000, current mb 0.6250, gap: inf, lmb_throttle: 20, rmb_throttle: 60
[mcurrent_data: 1.0406, 847841, 5.8525, 961.8805
current_data: 0.4386, 5383264, 66.6402, 3520.6451
current_data: 2.5466, 6837, 0.0007, 0.0000
current_data: 0.9285, 22437, 32.0078, 4153.7738
current_data: 1.9257, 629034, 7.1394, 1768.1351
SKT0: MBA COS6 => 30% requested, 30% applied
[32m[info] [src/pairwise_allocator.cpp:binary_serch_mb_roofline:937] descriptor1 COLS 3, find_mb_roofline_time: 3, roofline mb: 0.0000, current mb 0.0000, gap: -nan, lmb_throttle: 20, rmb_throttle: 40
[mcurrent_data: 1.0415, 839253, 5.9751, 986.2556
current_data: 0.4270, 5075977, 68.5313, 3471.2699
current_data: 2.5460, 8111, 0.0008, 0.6250
current_data: 0.9310, 23916, 32.0104, 4099.3985
current_data: 2.1248, 701256, 6.8612, 1793.1353
SKT0: MBA COS6 => 20% requested, 20% applied
[32m[info] [src/pairwise_allocator.cpp:binary_serch_mb_roofline:937] descriptor1 COLS 3, find_mb_roofline_time: 4, roofline mb: 0.0000, current mb 0.6250, gap: inf, lmb_throttle: 20, rmb_throttle: 30
[mcurrent_data: 1.0403, 844914, 5.9809, 1001.2557
current_data: 0.4404, 5377779, 66.3999, 3451.8948
current_data: 2.5459, 6217, 0.0004, 0.0000
current_data: 0.9279, 22782, 32.0026, 4076.8983
current_data: 1.1933, 372316, 17.3131, 2512.5144
SKT0: MBA COS6 => 20% requested, 20% applied
[32m[info] [src/pairwise_allocator.cpp:binary_serch_mb_roofline:937] descriptor1 COLS 3, find_mb_roofline_time: 5, roofline mb: 0.0000, current mb 0.0000, gap: -nan, lmb_throttle: 20, rmb_throttle: 20
[mcurrent_data: 1.0412, 846131, 5.9648, 991.2557
current_data: 0.4266, 5122385, 68.6745, 3543.1453
current_data: 2.5459, 7087, 0.0006, 0.0000
current_data: 0.9287, 21837, 32.0072, 4140.0237
current_data: 2.1143, 690974, 6.9749, 1786.8852
[32m[info] [src/pairwise_allocator.cpp:found_mb_roofline:887] Fast found mb roofline, obj_id 771466, roofline mb: 0.00 MB/s, roofline mb throttle: 20
[m[32m[info] [src/pairwise_allocator.cpp:binary_serch_mb_roofline:937] descriptor1 COLS 3, find_mb_roofline_time: 6, roofline mb: 0.0000, current mb 0.0000, gap: -nan, lmb_throttle: 20, rmb_throttle: 20
[m[32m[info] [src/pairwise_allocator.cpp:allocating_mb:1147] binary_serch_mb_roofline first pair success
[m[32m[info] [src/pairwise_allocator.cpp:pair_allocating_mb:1088] pair_allocating_mb begin, allocating times: 0, descriptor roofline mb throttle: 20, system remain mb: 93878.05 MB/s
[mSKT0: MBA COS3 => 20% requested, 20% applied
current_data: 1.0642, 1174352, 5.0358, 901.2552
current_data: 0.4332, 4677953, 78.1293, 4105.6485
current_data: 2.5412, 14355, 0.0020, 0.0000
current_data: 2.4546, 55441, 31.9662, 10231.9335
current_data: 2.5341, 931712, 7.2430, 1784.3852
[32m[info] [src/pairwise_allocator.cpp:pair_allocating_mb:1088] pair_allocating_mb begin, allocating times: 1, descriptor roofline mb throttle: 20, system remain mb: 93878.05 MB/s
[m[32m[info] [src/pairwise_allocator.cpp:allocating_fit_mb:958] Will allocating_fit_mb mb throttle: 20
[mSKT0: MBA COS3 => 20% requested, 20% applied
current_data: 1.1073, 941192, 4.2639, 537.5031
current_data: 0.4346, 3489308, 78.0406, 3136.8929
current_data: 2.5450, 5943, 0.0013, 0.0000
current_data: 2.4580, 33770, 31.9680, 8590.0492
current_data: 2.5717, 751019, 7.0472, 1638.1344
[32m[info] [src/pairwise_allocator.cpp:allocating_mb:1121] Allocate mb: 0.00 MB/s, mb_throttle: 20
[mcurrent_data: 1.1084, 980000, 4.4949, 600.6284
current_data: 0.4323, 3476636, 78.0167, 3110.0178
current_data: 2.5473, 4988, 0.0002, 0.0000
current_data: 2.4568, 35414, 31.9636, 8678.7997
current_data: 2.4466, 783165, 7.0608, 1531.8838
current_data: 1.1188, 6050770, 4.1723, 3211.2684
current_data: 0.4337, 21156684, 78.0274, 18942.6084
current_data: 2.5474, 28846, 0.0003, 0.0000
current_data: 2.4578, 194231, 31.9667, 52314.0493
current_data: 2.3635, 4153290, 9.2012, 12153.1945
current_data: 1.1164, 6020801, 4.2326, 3240.0185
current_data: 0.4336, 21205411, 78.0491, 18843.8578
current_data: 2.5472, 29185, 0.0003, 0.0000
current_data: 2.4605, 191260, 31.9689, 52474.6753
current_data: 2.3590, 4168385, 9.2479, 12180.0697
current_data: 1.1211, 6100442, 4.0898, 3199.3933
current_data: 0.4335, 21192496, 78.0639, 18805.7326
current_data: 2.5469, 28209, 0.0002, 0.0000
current_data: 2.4577, 188750, 31.9677, 52427.1750
current_data: 2.3604, 4126425, 9.2770, 12200.0698
current_data: 1.1200, 6046396, 4.1676, 3331.8941
current_data: 0.4337, 21243809, 78.0290, 18874.4830
current_data: 2.5467, 31232, 0.0004, 0.0000
current_data: 2.4532, 195409, 31.9663, 52351.5496
current_data: 2.3660, 4069560, 9.2659, 12164.4446
current_data: 1.1202, 5982949, 4.2354, 3270.0187
current_data: 0.4373, 21413571, 77.9933, 18937.6084
current_data: 2.5467, 32670, 0.0004, 0.6250
current_data: 2.1401, 221927, 34.1236, 47164.0199
current_data: 2.4309, 4385392, 8.6849, 11183.1890
current_data: 1.1246, 6016723, 4.2833, 3328.7690
current_data: 0.4409, 21604817, 78.0384, 19166.9847
current_data: 2.5476, 29825, 0.0003, 0.6250
current_data: 2.1768, 211936, 34.2686, 44864.6317
current_data: 2.4758, 4432662, 8.1165, 11024.4381
current_data: 1.1307, 6119232, 4.2042, 3204.3933
current_data: 0.4408, 21620363, 78.0314, 19206.9849
current_data: 2.5482, 27907, 0.0003, 0.0000
current_data: 2.1772, 204236, 34.2702, 44843.3816
current_data: 2.4584, 4244963, 8.0489, 11032.5631
current_data: 1.1299, 6170590, 4.2150, 3257.5186
current_data: 0.4408, 21656902, 78.0283, 19389.4859
current_data: 2.5471, 29857, 0.0003, 0.0000
current_data: 2.1090, 380535, 34.0782, 43644.6247
current_data: 2.4485, 4218607, 8.1062, 11651.9417
current_data: 1.0926, 5913636, 4.2559, 3283.7688
current_data: 0.4192, 20695276, 78.0243, 18533.8561
current_data: 2.5463, 32741, 0.0004, 0.0000
current_data: 1.6673, 5185152, 32.6025, 55421.5671
current_data: 2.3458, 4133698, 8.9391, 12240.6950
current_data: 1.1153, 6061905, 4.1776, 3290.6438
current_data: 0.4333, 21545482, 78.0280, 19087.6092
current_data: 2.5457, 32705, 0.0004, 0.6250
current_data: 2.7648, 275270, 25.6360, 50276.5377
current_data: 2.3605, 4289101, 9.2907, 12346.9456
current_data: 1.1213, 6133907, 4.2347, 3420.0196
current_data: 0.4348, 21551790, 78.0085, 19095.1093
current_data: 2.5471, 28395, 0.0003, 0.6250
current_data: 2.7066, 247014, 25.0356, 47898.3991
current_data: 2.3677, 4116506, 9.2275, 12263.1952
current_data: 1.0925, 6017924, 4.2551, 3245.6436
current_data: 0.4147, 20532530, 77.9004, 18276.3546
current_data: 2.5472, 30118, 0.0003, 0.0000
current_data: 2.2041, 192399, 26.4947, 59334.0895
current_data: 2.3263, 4123315, 9.2603, 12195.0698
current_data: 1.0962, 6015662, 4.1438, 3150.0180
current_data: 0.4236, 19351383, 76.0791, 18328.2299
current_data: 2.5471, 27555, 0.0002, 0.6250
current_data: 2.2015, 199690, 26.4870, 59189.0887
current_data: 2.3184, 4158565, 9.2634, 12214.4449
current_data: 1.0968, 6070648, 4.2085, 3253.1436
current_data: 0.4182, 20859394, 78.0391, 18657.6068
current_data: 2.5471, 28856, 0.0002, 0.0000
current_data: 2.2187, 222877, 27.2183, 58337.2088
current_data: 2.3319, 4144548, 9.2516, 12201.3198
current_data: 1.1130, 6058439, 4.2661, 3368.1443
current_data: 0.4330, 21635186, 78.0207, 19250.1102
current_data: 2.5470, 32286, 0.0004, 0.6250
current_data: 2.4566, 203254, 31.9696, 53530.3063
current_data: 2.3695, 4269049, 9.2585, 12388.1959
current_data: 1.1211, 6172134, 4.0854, 3258.1436
current_data: 0.4332, 21680783, 78.0535, 19289.4854
current_data: 2.5471, 28955, 0.0003, 0.6250
current_data: 2.4516, 194636, 31.9698, 53509.0562
current_data: 2.3688, 4148687, 9.1835, 12328.8205
current_data: 1.1205, 6187408, 4.1462, 3305.0189
current_data: 0.4336, 21680917, 78.0739, 19276.9853
current_data: 2.5462, 34997, 0.0005, 0.6250
current_data: 2.4586, 207643, 31.9685, 53612.8068
current_data: 2.3624, 4327456, 9.1517, 12414.4460
current_data: 1.1193, 6174638, 4.2154, 3358.7692
current_data: 0.4343, 21731718, 78.0081, 19253.8602
current_data: 2.5468, 29543, 0.0003, 0.0000
current_data: 2.4586, 195605, 31.9675, 53707.1823
current_data: 2.3719, 4249306, 9.1992, 12440.0712
current_data: 1.1184, 6189564, 4.1816, 3354.3942
current_data: 0.4343, 21788667, 78.0501, 19334.4856
current_data: 2.5472, 29154, 0.0003, 0.6250
current_data: 2.4578, 193146, 31.9683, 53763.4326
current_data: 2.3664, 4245006, 9.2045, 12453.1963
current_data: 1.1201, 6237485, 4.1047, 3297.5189
current_data: 0.4342, 21822001, 78.0405, 19343.2357
current_data: 2.5459, 29902, 0.0003, 0.0000
current_data: 2.4628, 195070, 31.9690, 53925.3086
current_data: 2.3644, 4247147, 9.2149, 12455.0713
current_data: 1.1212, 6236087, 4.1980, 3402.5195
current_data: 0.4342, 21828376, 78.0327, 19489.4865
current_data: 2.5475, 28612, 0.0003, 0.0000
current_data: 2.4555, 194634, 31.9674, 53824.6830
current_data: 2.3647, 4299396, 9.1538, 12465.6963
current_data: 1.1163, 6213557, 4.2488, 3490.0200
current_data: 0.4339, 21779146, 78.0384, 19377.6109
current_data: 2.5470, 32425, 0.0004, 0.0000
current_data: 2.4568, 209940, 31.9675, 53794.6828
current_data: 2.3579, 4351234, 9.2710, 12428.1961
current_data: 1.1193, 6202764, 4.2656, 3385.6444
current_data: 0.4364, 21947183, 78.0393, 19570.1120
current_data: 2.5469, 31649, 0.0003, 0.0000
current_data: 2.3089, 229022, 27.5844, 45674.0113
current_data: 2.3674, 4360221, 9.2230, 12485.6964
current_data: 1.1238, 6267694, 4.1646, 3464.3948
current_data: 0.4372, 22044791, 78.0101, 19538.2368
current_data: 2.5484, 30919, 0.0004, 0.6250
current_data: 2.5323, 214431, 24.9773, 45277.1341
current_data: 2.3766, 4352926, 9.2434, 12477.5714
current_data: 1.1240, 6244967, 4.1732, 3288.7688
current_data: 0.4364, 19699652, 75.8482, 18808.8576
current_data: 2.5479, 29459, 0.0003, 0.0000
current_data: 2.5482, 207387, 24.9799, 45372.7596
current_data: 2.3463, 4092341, 9.2449, 12267.5702
current_data: 1.1220, 6203075, 4.1400, 3311.8940
current_data: 0.4366, 21962506, 78.0617, 19529.4867
current_data: 2.5473, 29328, 0.0003, 0.0000
current_data: 2.5423, 213350, 24.9722, 45423.3849
current_data: 2.3539, 4107601, 9.1954, 12279.4453
current_data: 1.1245, 6215134, 4.1557, 3362.5192
current_data: 0.4371, 22071668, 78.0092, 19705.7378
current_data: 2.5463, 30105, 0.0003, 0.0000
current_data: 2.5258, 205329, 24.9748, 45205.8837
current_data: 2.3827, 4037317, 8.8875, 12368.1958
current_data: 1.1262, 6311642, 4.1471, 3400.6445
current_data: 0.4367, 22067483, 78.0682, 19576.9870
current_data: 2.5478, 30285, 0.0004, 0.6250
current_data: 2.5488, 211457, 24.9769, 45690.8864
current_data: 2.4153, 4132183, 8.1972, 12131.9444
current_data: 1.1236, 6251316, 4.1688, 3422.5196
current_data: 0.4367, 22081573, 78.0290, 19494.4865
current_data: 2.5473, 31702, 0.0004, 0.0000
current_data: 2.5447, 211274, 24.9776, 45672.1363
current_data: 2.4478, 4288457, 7.9546, 11256.9394
current_data: 1.1262, 6284609, 4.1259, 3319.3940
current_data: 0.4368, 22038976, 78.0282, 19546.3618
current_data: 2.5474, 28463, 0.0002, 0.6250
current_data: 2.5295, 204122, 24.9740, 45225.2588
current_data: 2.4548, 4280724, 7.9896, 11123.8137
current_data: 1.1196, 6282362, 4.2849, 3438.7697
current_data: 0.4363, 22095646, 77.9985, 19596.9871
current_data: 2.5477, 31213, 0.0003, 0.0000
current_data: 2.3091, 247277, 28.4111, 46755.2675
current_data: 2.4543, 4296978, 7.9798, 11157.5638
current_data: 1.1171, 6264639, 4.2481, 3500.6450
current_data: 0.4343, 22023532, 78.0473, 19566.9870
current_data: 2.5456, 33495, 0.0004, 0.0000
current_data: 2.4570, 221200, 31.9708, 54292.8107
current_data: 2.4214, 4480868, 8.1999, 11159.4389
current_data: 1.1205, 6239759, 4.1408, 3323.7690
current_data: 0.4342, 21863213, 78.0543, 19483.2365
current_data: 2.5460, 36067, 0.0006, 0.0000
current_data: 2.4517, 223292, 31.9666, 53840.9331
current_data: 2.4035, 4407525, 8.4888, 11050.0632
current_data: 1.1235, 6269888, 4.1191, 3361.2692
current_data: 0.4352, 21947551, 78.0246, 19535.1118
current_data: 2.5463, 28810, 0.0003, 0.0000
current_data: 2.4591, 214805, 31.9653, 54097.8096
current_data: 2.3888, 4282888, 8.7984, 11241.3143
current_data: 1.1127, 6162042, 4.3003, 3515.0201
current_data: 0.4347, 21935738, 78.0285, 19538.8618
current_data: 2.5476, 34653, 0.0004, 0.0000
current_data: 2.4542, 223135, 31.9657, 53994.0590
current_data: 2.3694, 4263820, 9.1858, 11855.6928
current_data: 1.1137, 6215057, 4.2581, 3456.2698
current_data: 0.4347, 21934091, 78.0634, 19458.2363
current_data: 2.5460, 31481, 0.0003, 0.0000
current_data: 2.4557, 226251, 31.9674, 54053.4343
current_data: 2.3545, 4133903, 9.1944, 12243.8201
current_data: 1.1136, 6168405, 4.2644, 3484.3949
current_data: 0.4347, 21969614, 78.0293, 19566.3620
current_data: 2.5472, 32238, 0.0004, 0.0000
current_data: 2.4586, 221317, 31.9661, 54194.6851
current_data: 2.3411, 4207809, 9.2244, 12463.8213
current_data: 1.1217, 6254306, 4.1365, 3326.2690
current_data: 0.4344, 19703139, 75.8647, 18799.4826
current_data: 2.5478, 30060, 0.0003, 0.6250
current_data: 2.4488, 209991, 31.9654, 53930.9336
current_data: 2.3547, 4064569, 9.1673, 12232.5700
current_data: 1.1252, 6303039, 4.1204, 3315.6440
current_data: 0.4344, 21962876, 78.0631, 19730.7379
current_data: 2.5479, 29106, 0.0003, 0.6250
current_data: 2.4223, 202431, 31.9375, 53480.9310
current_data: 2.3534, 4096633, 9.1953, 12375.6958
current_data: 1.1308, 6316845, 4.1296, 3393.7694
current_data: 0.4409, 22295838, 78.0404, 19910.7389
current_data: 2.5474, 29049, 0.0002, 0.0000
current_data: 2.1739, 218239, 34.2697, 46125.2639
current_data: 2.3680, 4137233, 9.1619, 12406.3210
current_data: 1.1304, 6342108, 4.1506, 3303.7689
current_data: 0.4407, 22228558, 78.0914, 19790.1132
current_data: 2.5471, 29711, 0.0003, 0.0000
current_data: 2.1746, 216475, 34.2691, 46072.7636
current_data: 2.3629, 4114510, 9.1435, 12417.5711
current_data: 1.1279, 6300561, 4.2381, 3439.3947
current_data: 0.4408, 22311294, 78.0388, 19758.8631
current_data: 2.5474, 29108, 0.0003, 0.0000
current_data: 2.1147, 232022, 34.4398, 45339.0094
current_data: 2.3693, 4157708, 9.1575, 12412.5710
current_data: 1.1081, 6165678, 4.2171, 3330.0191
current_data: 0.4273, 21641047, 78.0387, 19197.6098
current_data: 2.5477, 28880, 0.0003, 0.6250
current_data: 1.6845, 5684848, 33.6078, 51025.9170
current_data: 2.3296, 4047467, 9.2286, 12209.4449
current_data: 1.1116, 6244150, 4.2469, 3418.7696
current_data: 0.4292, 21698690, 78.0519, 19303.8605
current_data: 2.5477, 28740, 0.0002, 0.6250
current_data: 2.6835, 328349, 25.5901, 53693.4322
current_data: 2.3460, 4142601, 9.0899, 12243.8201
current_data: 1.1217, 6251215, 4.1899, 3388.1444
current_data: 0.4347, 21998672, 78.0737, 19485.7365
current_data: 2.5478, 30307, 0.0003, 0.0000
current_data: 2.7266, 271998, 25.1251, 49447.7829
current_data: 2.3640, 4146096, 9.1399, 12372.5708
current_data: 1.0993, 6163718, 4.1916, 3413.7695
current_data: 0.4196, 21203207, 78.0323, 18948.8584
current_data: 2.5467, 30402, 0.0004, 0.6250
current_data: 2.2120, 218343, 26.5477, 58487.8347
current_data: 2.3073, 4061306, 9.1975, 12186.9447
current_data: 1.0950, 6136826, 4.1677, 3331.2691
current_data: 0.4170, 21070905, 78.0523, 18780.7325
current_data: 2.5479, 28873, 0.0003, 0.6250
current_data: 2.2040, 202769, 26.4890, 60309.7201
current_data: 2.3094, 4076925, 9.1948, 12131.9444
current_data: 1.0922, 6084068, 4.2641, 3401.2695
current_data: 0.4167, 21087991, 78.0556, 18715.7321
current_data: 2.5473, 32529, 0.0003, 0.6250
current_data: 2.1882, 235275, 26.5010, 59969.0931
current_data: 2.3044, 4139461, 9.1839, 12155.6946
current_data: 1.1158, 6187289, 4.2597, 3476.2699
current_data: 0.4340, 21955104, 78.0051, 19470.7364
current_data: 2.5463, 31351, 0.0003, 0.6250
current_data: 2.4575, 208612, 31.9686, 54185.9351
current_data: 2.3519, 4181298, 9.2038, 12278.1953
current_data: 1.1227, 6269985, 4.1221, 3399.3945
current_data: 0.4355, 20010970, 75.9639, 19092.6092
current_data: 2.5456, 36463, 0.0005, 0.6250
current_data: 2.4518, 217574, 31.9653, 54069.6844
current_data: 2.3482, 4380819, 9.1972, 12424.4461
current_data: 1.1183, 6173468, 4.1469, 3393.1444
current_data: 0.4335, 21893641, 78.0525, 19516.3617
current_data: 2.5472, 29696, 0.0003, 0.0000
current_data: 2.4586, 200913, 31.9652, 54164.6849
current_data: 2.3571, 4051458, 9.1658, 12241.9450
current_data: 1.1226, 6264213, 4.1837, 3356.2692
current_data: 0.4337, 21905184, 78.0330, 19615.1122
current_data: 2.5475, 28986, 0.0003, 0.6250
current_data: 2.4593, 195962, 31.9668, 54147.8098
current_data: 2.3494, 4213658, 9.1516, 12383.1959
current_data: 1.1242, 6257887, 4.1011, 3328.7690
current_data: 0.4338, 21933042, 78.0461, 19497.6116
current_data: 2.5474, 30124, 0.0003, 0.6250
current_data: 2.4581, 184291, 31.9742, 54190.9351
current_data: 2.3584, 4084828, 9.1494, 12232.5700
current_data: 1.1248, 6302964, 4.1728, 3429.3946
current_data: 0.4338, 21917418, 78.0595, 19490.1115
current_data: 2.5472, 28959, 0.0002, 0.0000
current_data: 2.4618, 191665, 31.9712, 54243.4354
current_data: 2.3548, 4124533, 9.1818, 12391.3209
current_data: 1.1263, 6317044, 4.1165, 3366.8943
current_data: 0.4335, 21862999, 78.0446, 19367.6108
current_data: 2.5472, 28098, 0.0003, 0.0000
current_data: 2.4557, 190727, 31.9671, 54012.8091
current_data: 2.3569, 4139568, 9.0937, 12305.6954
current_data: 1.1153, 6198785, 4.2482, 3483.1449
current_data: 0.4337, 21934100, 78.0077, 19394.4860
current_data: 2.5473, 30734, 0.0004, 0.6250
current_data: 2.4599, 195153, 31.9695, 54266.5605
current_data: 2.3481, 4158951, 9.2370, 12323.8205
current_data: 1.1235, 6305709, 4.1610, 3438.1447
current_data: 0.4360, 22055531, 78.0779, 19636.9874
current_data: 2.5471, 30202, 0.0003, 0.6250
current_data: 2.3223, 199134, 27.3743, 46071.5136
current_data: 2.3607, 4178289, 9.1638, 12384.4459
current_data: 1.1254, 6297009, 4.1758, 3346.2691
current_data: 0.4368, 22095512, 78.0505, 19706.9878
current_data: 2.5482, 30855, 0.0003, 0.0000
current_data: 2.5205, 201550, 24.9767, 45246.5089
current_data: 2.3594, 4246843, 9.1182, 12400.0710
current_data: 1.1217, 6241629, 4.2567, 3416.8946
current_data: 0.4365, 22032538, 78.0570, 19577.6120
current_data: 2.5459, 31588, 0.0003, 0.6250
current_data: 2.5492, 201846, 24.9767, 45573.3858
current_data: 2.3603, 4094243, 9.1730, 12253.8201
current_data: 1.1269, 6291617, 4.1477, 3362.5192
current_data: 0.4365, 22050388, 78.0844, 19666.3625
current_data: 2.5477, 30629, 0.0003, 0.0000
current_data: 2.5461, 203885, 24.9729, 45646.5112
current_data: 2.3700, 4208459, 9.1517, 12381.9459
current_data: 1.1193, 6215769, 4.2548, 3441.2697
current_data: 0.4364, 22083831, 78.0534, 19605.1122
current_data: 2.5471, 33876, 0.0004, 0.0000
current_data: 2.5249, 217196, 24.9719, 45308.3843
current_data: 2.3515, 4279323, 9.2252, 12377.5708
current_data: 1.1231, 6231531, 4.1225, 3351.8942
current_data: 0.4365, 22104505, 78.0419, 19686.3626
current_data: 2.5468, 32050, 0.0004, 0.0000
current_data: 2.5502, 215046, 24.9750, 45837.7623
current_data: 2.3566, 4238508, 9.1949, 12406.9460
current_data: 1.1258, 6298227, 4.1725, 3370.0193
current_data: 0.4381, 20240279, 75.9625, 19278.8603
current_data: 2.5469, 30642, 0.0003, 0.6250
current_data: 2.5489, 203920, 24.9769, 45740.8867
current_data: 2.3572, 4247224, 9.1245, 12369.4458
current_data: 1.1241, 6267827, 4.1830, 3374.3943
current_data: 0.4368, 22104651, 78.0499, 19756.9881
current_data: 2.5472, 32626, 0.0004, 0.6250
current_data: 2.5278, 207647, 24.9729, 45347.7595
current_data: 2.3584, 4144927, 9.1766, 12248.1951
current_data: 1.1244, 6318749, 4.0972, 3440.6447
current_data: 0.4362, 22072026, 78.0308, 19635.7374
current_data: 2.5477, 29924, 0.0003, 0.6250
current_data: 2.2890, 236294, 29.0401, 47176.5199
current_data: 2.3608, 4160025, 9.1945, 12424.4461
current_data: 1.1169, 6169504, 4.1913, 3313.1440
current_data: 0.4334, 21856328, 78.0845, 19483.2365
current_data: 2.5462, 38049, 0.0006, 0.6250
current_data: 2.4551, 225519, 31.9671, 54015.3091
current_data: 2.3534, 4281112, 9.1391, 12319.4455
current_data: 1.1177, 6205870, 4.2671, 3445.0197
current_data: 0.4335, 21889502, 78.0801, 19386.9859
current_data: 2.5479, 29223, 0.0003, 0.6250
current_data: 2.4525, 213047, 31.9635, 54012.1841
current_data: 2.3418, 4241095, 9.2584, 12408.1960
current_data: 1.1192, 6281116, 4.2046, 3373.1443
current_data: 0.4338, 21981568, 78.0286, 19420.1111
current_data: 2.5473, 29444, 0.0002, 0.0000
current_data: 2.4584, 213507, 31.9638, 54241.5604
current_data: 2.3548, 4092032, 9.1189, 12346.3206
current_data: 1.1201, 6260798, 4.2138, 3406.2695
current_data: 0.4338, 21946284, 78.0515, 19444.4863
current_data: 2.5481, 28602, 0.0002, 0.6250
current_data: 2.4565, 204244, 31.9655, 54233.4353
current_data: 2.3422, 4156398, 9.2493, 12306.3204
current_data: 1.1205, 6298352, 4.2299, 3396.2694
current_data: 0.4337, 21927739, 78.0842, 19489.4865
current_data: 2.5475, 28816, 0.0002, 0.0000
current_data: 2.4577, 210329, 31.9683, 54219.6852
current_data: 2.3562, 4128375, 9.0998, 12289.4453
current_data: 1.1204, 6281273, 4.0972, 3360.6442
current_data: 0.4339, 21951904, 78.0297, 19545.7368
current_data: 2.5471, 29734, 0.0003, 0.6250
current_data: 2.4605, 206309, 31.9669, 54262.8105
current_data: 2.3457, 4214827, 9.2141, 12312.5705
current_data: 1.1205, 6265590, 4.1709, 3337.5191
current_data: 0.4336, 21944719, 78.0641, 19566.9870
current_data: 2.5466, 30389, 0.0003, 0.0000
current_data: 2.4493, 202024, 31.9677, 54085.9345
current_data: 2.3790, 4070987, 8.9030, 12416.3210
current_data: 1.1198, 6285256, 4.2225, 3378.7693
current_data: 0.4344, 21963998, 78.0437, 19454.4863
current_data: 2.5480, 28950, 0.0003, 0.0000
current_data: 2.2479, 216216, 32.9525, 51648.4205
current_data: 2.4246, 4120492, 8.1472, 11961.9434
current_data: 1.1250, 6217266, 4.1923, 3469.3949
current_data: 0.4406, 22161436, 78.0151, 19595.1121
current_data: 2.5471, 32995, 0.0004, 0.0000
current_data: 2.1739, 241829, 34.2648, 45901.5127
current_data: 2.4415, 4382353, 8.0566, 11814.4426
current_data: 1.1244, 6204486, 4.2335, 3430.6446
current_data: 0.4419, 20304168, 75.9663, 19386.3609
current_data: 2.5474, 30266, 0.0003, 0.0000
current_data: 2.1749, 231029, 34.2665, 46073.3886
current_data: 2.4713, 4484453, 8.0402, 11213.1892
current_data: 1.1249, 6343734, 4.3061, 3531.2702
current_data: 0.4408, 22268644, 78.0577, 19840.7385
current_data: 2.5476, 28664, 0.0003, 0.6250
current_data: 2.1168, 234722, 34.3984, 45236.5088
current_data: 2.4640, 4429473, 8.0131, 11275.6895
current_data: 1.1043, 6139587, 4.2313, 3352.5192
current_data: 0.4261, 21458963, 78.0390, 19196.3598
current_data: 2.5475, 31409, 0.0003, 0.0000
current_data: 1.6908, 5678615, 32.8551, 51989.0475
current_data: 2.4285, 4345385, 7.9834, 11159.4389
current_data: 1.1084, 6180303, 4.2546, 3477.5199
current_data: 0.4302, 21709729, 78.0577, 19277.6103
current_data: 2.5471, 32227, 0.0004, 0.0000
current_data: 2.7235, 313036, 25.5429, 52960.3030
current_data: 2.4445, 4417687, 8.0302, 11251.3144
current_data: 1.1210, 6287933, 4.1321, 3365.6443
current_data: 0.4350, 21891842, 78.0678, 19458.8613
current_data: 2.5475, 27988, 0.0002, 0.6250
current_data: 2.7269, 259607, 25.0887, 49057.1557
current_data: 2.4551, 4315306, 8.0239, 11180.6890
current_data: 1.0982, 6146050, 4.2444, 3415.6445
current_data: 0.4191, 21164791, 78.0628, 18766.9824
current_data: 2.5473, 28431, 0.0002, 0.0000
current_data: 2.1748, 230015, 26.6629, 59062.8380
current_data: 2.4136, 4233830, 8.0087, 11033.8131
current_data: 1.0948, 6099527, 4.1581, 3288.1438
current_data: 0.4175, 21034072, 78.0129, 18711.3571
current_data: 2.5471, 28946, 0.0003, 0.0000
current_data: 2.2080, 203335, 26.4891, 60172.8443
current_data: 2.4135, 4306410, 8.0226, 11116.3136
current_data: 1.0951, 6110525, 4.2377, 3333.1441
current_data: 0.4177, 21060796, 78.0562, 18699.4820
current_data: 2.5459, 37387, 0.0004, 0.0000
current_data: 2.2072, 246678, 26.8094, 59503.4655
current_data: 2.4129, 4425977, 8.0689, 11054.4383
current_data: 1.1180, 6226731, 4.1975, 3404.3945
current_data: 0.4341, 21846774, 78.0452, 19423.2361
current_data: 2.5477, 29274, 0.0003, 0.0000
current_data: 2.4603, 197928, 31.9677, 54007.8090
current_data: 2.4566, 4278162, 8.0059, 11078.1884
current_data: 1.1207, 6246784, 4.1860, 3349.3942
current_data: 0.4342, 21907306, 78.0318, 19529.4867
current_data: 2.5482, 29505, 0.0003, 0.6250
current_data: 2.4546, 196780, 31.9689, 53992.8089
current_data: 2.4567, 4358569, 8.0219, 11236.9393
current_data: 1.1183, 6230364, 4.2193, 3503.1450
current_data: 0.4343, 21877706, 78.0702, 19558.8619
current_data: 2.5466, 29490, 0.0003, 0.0000
current_data: 2.4610, 198344, 31.9679, 54099.0596
current_data: 2.4602, 4334940, 8.0123, 11187.5640
current_data: 1.1192, 6238021, 4.1774, 3421.2696
current_data: 0.4345, 21906337, 78.0597, 19462.6114
current_data: 2.5466, 32339, 0.0004, 0.0000
current_data: 2.4603, 208101, 31.9666, 54115.9347
current_data: 2.4384, 4623816, 8.1972, 11238.8143
current_data: 1.1174, 6199972, 4.2113, 3395.6444
current_data: 0.4344, 21908498, 78.0179, 19434.4862
current_data: 2.5460, 33678, 0.0003, 0.0000
current_data: 2.4585, 214238, 31.9666, 54004.0590
current_data: 2.4134, 4584917, 8.5989, 11139.4387
current_data: 1.1190, 6231420, 4.1423, 3352.5192
current_data: 0.4348, 19715797, 76.3343, 19280.1103
current_data: 2.5468, 30471, 0.0003, 0.6250
current_data: 2.4627, 210425, 31.9681, 54214.0602
current_data: 2.3896, 4549521, 8.9759, 11535.0660
current_data: 1.1230, 6250768, 4.1293, 3323.1440
current_data: 0.4330, 21668117, 78.3087, 19874.4887
current_data: 2.5483, 30345, 0.0004, 0.0000
current_data: 2.4584, 200005, 31.9664, 54007.1840
current_data: 2.3750, 4315580, 9.2083, 11873.8179
current_data: 1.1225, 6245444, 4.1547, 3343.1441
current_data: 0.4331, 21717206, 78.2942, 19956.3642
current_data: 2.5468, 29302, 0.0003, 0.6250
current_data: 2.4608, 195998, 31.9703, 54214.6852
current_data: 2.3663, 4189214, 9.1735, 12458.1963
current_data: 1.1236, 6281613, 4.2074, 3383.1444
current_data: 0.4356, 21753291, 78.3008, 20036.3646
current_data: 2.5476, 29458, 0.0003, 0.6250
current_data: 2.3167, 220258, 27.1747, 45336.5094
current_data: 2.3667, 4324908, 9.1992, 12467.5713
current_data: 1.1225, 6255340, 4.1698, 3364.3943
current_data: 0.4360, 21778889, 78.3229, 19966.3642
current_data: 2.5479, 29248, 0.0003, 0.6250
current_data: 2.5178, 214856, 24.9770, 44995.8825
current_data: 2.3699, 4239917, 9.1945, 12294.4453
current_data: 1.1239, 6283228, 4.1817, 3448.7697
current_data: 0.4358, 21818952, 78.2913, 20077.6149
current_data: 2.5475, 31096, 0.0004, 1.2500
current_data: 2.5503, 213265, 24.9782, 45584.0108
current_data: 2.3661, 4384423, 9.1716, 12416.3210
current_data: 1.1241, 6320800, 4.2354, 3337.5191
current_data: 0.4357, 21866747, 78.2952, 20143.8653
current_data: 2.5466, 30052, 0.0003, 0.0000
current_data: 2.5430, 212630, 24.9742, 45606.5110
current_data: 2.3676, 4270378, 9.1586, 12342.5706
current_data: 1.1264, 6285951, 4.1818, 3383.1444
current_data: 0.4357, 21829474, 78.2975, 20071.3648
current_data: 2.5478, 28468, 0.0003, 0.6250
current_data: 2.5249, 206313, 24.9750, 45217.1337
current_data: 2.3582, 4367314, 9.2564, 12426.9461
current_data: 1.1193, 6201900, 4.3071, 3512.5201
current_data: 0.4353, 21763207, 78.2584, 20088.2399
current_data: 2.5471, 31708, 0.0004, 0.0000
current_data: 2.5501, 217523, 24.9768, 45528.3855
current_data: 2.3653, 4337280, 9.1679, 12337.5706
current_data: 1.1220, 6248349, 4.2416, 3373.7693
current_data: 0.4354, 21809748, 78.3051, 20165.1154
current_data: 2.5475, 31826, 0.0004, 0.0000
current_data: 2.5424, 214058, 24.9790, 45505.8854
current_data: 2.3669, 4456990, 9.2309, 12470.6964
current_data: 1.1256, 6324859, 4.2508, 3460.6448
current_data: 0.4358, 21784821, 78.2903, 19927.6140
current_data: 2.5474, 28457, 0.0003, 0.6250
current_data: 2.5216, 203745, 24.9755, 45023.3826
current_data: 2.3683, 4469395, 9.1139, 12453.1963
current_data: 1.1204, 6245242, 4.2376, 3321.2690
current_data: 0.4344, 21726889, 78.3034, 19943.2391
current_data: 2.5455, 40040, 0.0006, 0.0000
current_data: 2.2972, 260096, 28.8887, 47237.1453
current_data: 2.3522, 4602800, 9.3024, 12429.4461
current_data: 1.1123, 6101055, 4.3122, 3472.5199
current_data: 0.4200, 19810063, 77.6628, 18676.9819
current_data: 2.5471, 35198, 0.0004, 0.6250
current_data: 2.4559, 225951, 31.9668, 53910.3085
current_data: 2.3612, 4464182, 9.2226, 12346.9456
current_data: 1.1194, 6195197, 4.1551, 3399.3945
current_data: 0.4327, 21835295, 78.0601, 19448.8613
current_data: 2.5475, 32110, 0.0003, 0.6250
current_data: 2.4509, 217989, 31.9642, 53904.0584
current_data: 2.3602, 4577502, 9.1962, 12511.3216
current_data: 1.1212, 6281061, 4.0784, 3278.7688
current_data: 0.4332, 21884354, 78.0323, 19538.2368
current_data: 2.5481, 30310, 0.0003, 0.6250
current_data: 2.4583, 208495, 31.9662, 54082.8095
current_data: 2.3662, 4403556, 9.2054, 12263.1952
current_data: 1.1225, 6280243, 4.1410, 3326.2690
current_data: 0.4333, 21815824, 78.0427, 19378.8609
current_data: 2.5477, 29392, 0.0003, 0.0000
current_data: 2.4543, 210265, 31.9657, 53883.4333
current_data: 2.3630, 4530509, 9.1427, 12503.8215
current_data: 1.1214, 6283281, 4.1703, 3338.7691
current_data: 0.4331, 21857287, 78.0503, 19391.3610
current_data: 2.5483, 28951, 0.0002, 0.0000
current_data: 2.4568, 206689, 31.9699, 54070.9344
current_data: 2.3635, 4447389, 9.2335, 12383.1959
current_data: 1.1211, 6265420, 4.1550, 3388.1444
current_data: 0.4332, 21830049, 78.0330, 19331.3606
current_data: 2.5470, 31104, 0.0003, 0.6250
current_data: 2.4602, 206791, 31.9688, 53989.0589
current_data: 2.3609, 4526091, 9.1044, 12475.0714
current_data: 1.1210, 6284098, 4.2125, 3449.3947
current_data: 0.4330, 21876679, 78.0175, 19440.1112
current_data: 2.5471, 29300, 0.0002, 0.6250
current_data: 2.4492, 203259, 31.9666, 53892.1834
current_data: 2.3616, 4464629, 9.2355, 12421.3211
current_data: 1.1198, 6211151, 4.1391, 3343.7691
current_data: 0.4337, 21843178, 78.0431, 19360.7358
current_data: 2.5473, 29535, 0.0003, 0.0000
current_data: 2.3230, 206404, 32.4318, 52182.1736
current_data: 2.3625, 4421255, 9.1490, 12314.4455
current_data: 1.1274, 6290029, 4.2016, 3465.0198
current_data: 0.4399, 22212693, 78.0281, 19770.1131
current_data: 2.5474, 29262, 0.0003, 0.6250
current_data: 2.1731, 219801, 34.2725, 46037.7634
current_data: 2.3716, 4473687, 9.2202, 12473.8214
current_data: 1.1321, 6331760, 4.1286, 3364.3943
current_data: 0.4400, 22218082, 78.0348, 19812.6134
current_data: 2.5480, 28975, 0.0002, 0.6250
current_data: 2.1748, 216719, 34.2703, 46099.6388
current_data: 2.3731, 4498533, 9.1340, 12495.0715
current_data: 1.1295, 6317218, 4.1888, 3445.0197
current_data: 0.4400, 22215780, 78.0427, 19761.3631
current_data: 2.5467, 29275, 0.0003, 0.0000
current_data: 2.1165, 228042, 34.4235, 45285.2591
current_data: 2.3766, 4466780, 9.1776, 12431.3211
current_data: 1.1086, 6225751, 4.2628, 3341.2691
current_data: 0.4256, 21457766, 78.0852, 19065.1091
current_data: 2.5477, 29584, 0.0003, 0.0000
current_data: 1.6876, 5678956, 33.2197, 51510.9197
current_data: 2.3360, 4396485, 9.1849, 12328.1955
current_data: 1.1130, 6230458, 4.1304, 3396.2694
current_data: 0.4290, 21680631, 78.0217, 19203.8599
current_data: 2.5471, 31386, 0.0003, 0.6250
current_data: 2.7031, 318705, 25.5684, 53329.6802
current_data: 2.3537, 4528984, 9.2661, 12471.3214
current_data: 1.1191, 6231628, 4.2022, 3378.1443
current_data: 0.4406, 20665847, 76.2484, 19561.9869
current_data: 2.5473, 33425, 0.0004, 0.0000
current_data: 2.7197, 271712, 25.1066, 49117.1561
current_data: 2.3642, 4504854, 9.1619, 12371.3208
current_data: 1.0944, 6086729, 4.2274, 3365.6443
current_data: 0.4182, 21102550, 78.0341, 18823.2327
current_data: 2.5470, 32283, 0.0003, 0.6250
current_data: 2.1923, 235577, 26.6017, 58640.9605
current_data: 2.3125, 4429422, 9.2935, 12295.0704
current_data: 1.0939, 6122335, 4.1854, 3221.8934
current_data: 0.4164, 21033600, 78.0249, 18731.3572
current_data: 2.5463, 37220, 0.0005, 1.2500
current_data: 2.2029, 226009, 26.4850, 60174.7193
current_data: 2.3143, 4417869, 9.2162, 12218.8199
current_data: 1.0900, 6060687, 4.2857, 3303.7689
current_data: 0.4168, 21031520, 78.0478, 18790.1075
current_data: 2.5478, 32568, 0.0004, 0.0000
current_data: 2.1954, 240108, 26.6323, 59695.3416
current_data: 2.3206, 4422570, 9.2382, 12211.3199
current_data: 1.1218, 6254093, 4.1435, 3334.3941
current_data: 0.4337, 21845234, 78.0471, 19368.8608
current_data: 2.5465, 31027, 0.0003, 0.0000
current_data: 2.4581, 205388, 31.9686, 53979.6839
current_data: 2.3619, 4511271, 9.1220, 12400.0710
current_data: 1.1145, 6116960, 4.2643, 3510.6451
current_data: 0.4333, 21873607, 78.0440, 19375.7359
current_data: 2.5466, 34812, 0.0005, 0.0000
current_data: 2.4518, 214598, 31.9667, 53956.5587
current_data: 2.3549, 4583839, 9.2757, 12455.6963
current_data: 1.1248, 6288985, 4.1775, 3406.2695
current_data: 0.4338, 21857496, 78.0305, 19435.1112
current_data: 2.5468, 29618, 0.0003, 0.0000
current_data: 2.4591, 203929, 31.9667, 54019.6841
current_data: 2.3669, 4436872, 9.2100, 12351.3207
current_data: 1.1213, 6287510, 4.1972, 3321.2690
current_data: 0.4337, 21909543, 78.0534, 19507.6116
current_data: 2.5470, 29947, 0.0003, 0.0000
current_data: 2.4581, 202719, 31.9678, 54153.4349
current_data: 2.3605, 4594455, 9.2568, 12530.0717
current_data: 1.1220, 6225128, 4.1484, 3286.2688
current_data: 0.4337, 21842701, 78.0576, 19525.7367
current_data: 2.5462, 29852, 0.0003, 0.6250
current_data: 2.4591, 198941, 31.9706, 53979.6839
current_data: 2.3633, 4427192, 9.2411, 12340.0706
current_data: 1.1247, 6308156, 4.1435, 3410.0195
current_data: 0.4338, 21890798, 78.0345, 19538.2368
current_data: 2.5470, 29515, 0.0003, 0.0000
current_data: 2.4619, 200197, 31.9693, 54128.4347
current_data: 2.3628, 4571016, 9.1674, 12535.0717
current_data: 1.1185, 6239622, 4.2635, 3317.5190
current_data: 0.4332, 21819010, 78.0894, 19504.4866
current_data: 2.5478, 31861, 0.0003, 0.0000
current_data: 2.4555, 201102, 31.9685, 54093.4345
current_data: 2.3660, 4453307, 9.2512, 12391.3209
current_data: 1.1178, 6202157, 4.1722, 3466.2698
current_data: 0.4335, 21842526, 78.0348, 19409.4861
current_data: 2.5487, 31350, 0.0003, 0.0000
current_data: 2.4572, 197070, 31.9683, 53965.3088
current_data: 2.3647, 4502440, 9.1365, 12409.4460
current_data: 1.1222, 6262472, 4.1524, 3371.8943
current_data: 0.4360, 22011151, 78.0121, 19474.4864
current_data: 2.5468, 32983, 0.0004, 0.6250
current_data: 2.3272, 214149, 27.3917, 46042.7635
current_data: 2.3682, 4578245, 9.2561, 12535.0717
current_data: 1.1188, 6189902, 4.2618, 3410.6445
current_data: 0.4419, 20556086, 76.2181, 19435.1112
current_data: 2.5471, 35848, 0.0005, 0.0000
current_data: 2.5201, 223745, 24.9749, 45086.5080
current_data: 2.3656, 4584748, 9.1511, 12441.3212
current_data: 1.1159, 6132144, 4.2438, 3378.7693
current_data: 0.4360, 22059719, 78.0313, 19768.8631
current_data: 2.5458, 34620, 0.0004, 0.0000
current_data: 2.5481, 224862, 24.9747, 45664.6363
current_data: 2.3615, 4669813, 9.3026, 12510.0716
current_data: 1.1205, 6257606, 4.3040, 3535.0202
current_data: 0.4367, 22069791, 78.0416, 19647.6124
current_data: 2.5483, 30268, 0.0004, 0.0000
current_data: 2.5443, 214028, 24.9714, 45567.7607
current_data: 2.3715, 4637434, 9.2119, 12584.4470
current_data: 1.1265, 6282800, 4.1597, 3388.1444
current_data: 0.4365, 21986464, 78.0880, 19633.2373
current_data: 2.5479, 29186, 0.0002, 0.0000
current_data: 2.5275, 209109, 24.9733, 45169.0085
current_data: 2.3706, 4469013, 9.2222, 12381.9459
current_data: 1.1250, 6316904, 4.1819, 3536.2702
current_data: 0.4364, 22050274, 78.0698, 19617.6123
current_data: 2.5470, 28650, 0.0002, 0.6250
current_data: 2.5513, 207816, 24.9748, 45737.7617
current_data: 2.3648, 4554273, 9.2423, 12555.6968
current_data: 1.1242, 6268663, 4.1614, 3445.0197
current_data: 0.4363, 21963499, 78.0482, 19430.7362
current_data: 2.5464, 36655, 0.0005, 0.6250
current_data: 2.5496, 223484, 24.9750, 45477.1352
current_data: 2.3736, 4573212, 9.1967, 12449.4462
current_data: 1.1236, 6222655, 4.1762, 3360.0192
current_data: 0.4364, 22024747, 78.0582, 19591.3621
current_data: 2.5475, 30158, 0.0003, 0.0000
current_data: 2.5259, 209072, 24.9713, 45202.7587
current_data: 2.3696, 4538024, 9.2394, 12487.5715
current_data: 1.1235, 6268763, 4.1589, 3375.0193
current_data: 0.4358, 21960259, 78.0535, 19596.3621
current_data: 2.5473, 30077, 0.0003, 0.0000
current_data: 2.2975, 239508, 28.8672, 47187.7700
current_data: 2.3710, 4545473, 9.1346, 12497.5715
current_data: 1.1211, 6283706, 4.1931, 3387.5194
current_data: 0.4335, 21885421, 78.0518, 19502.6116
current_data: 2.5486, 29731, 0.0003, 0.0000
current_data: 2.4565, 209309, 31.9685, 54070.3094
current_data: 2.3689, 4548542, 9.2278, 12443.8212
current_data: 1.1194, 6293014, 4.2677, 3423.1446
current_data: 0.4334, 21827050, 78.0396, 19514.4867
current_data: 2.5472, 30208, 0.0002, 0.0000
current_data: 2.4514, 209141, 31.9670, 53814.0579
current_data: 2.3645, 4473056, 9.1492, 12411.9460
current_data: 1.1134, 6205390, 4.2515, 3402.5195
current_data: 0.4333, 21879730, 78.0336, 19438.8612
current_data: 2.5467, 30638, 0.0003, 0.6250
current_data: 2.4559, 210058, 31.9666, 54020.3091
current_data: 2.3642, 4539235, 9.2627, 12538.1967
current_data: 1.1151, 6146187, 4.2015, 3439.3947
current_data: 0.4335, 21859465, 78.0259, 19378.8609
current_data: 2.5463, 32991, 0.0005, 0.6250
current_data: 2.4538, 212291, 31.9655, 53982.1839
current_data: 2.3864, 4442052, 9.0366, 12410.6960
current_data: 1.1180, 6288535, 4.2100, 3496.2700
current_data: 0.4364, 20205074, 76.0294, 19216.9850
current_data: 2.5472, 32264, 0.0004, 0.6250
current_data: 2.4544, 217775, 31.9671, 54072.1844
current_data: 2.4010, 4509114, 8.6764, 12556.3218
[32m[info] [src/pairwise_allocator.cpp:allocating:1174] Will begin allocating cache, allocation_ready_queue size 1, allocation_complete_queue size 4
[mcurrent_data: 1.0802, 1099561, 5.2432, 1018.1308
current_data: 0.4087, 4981303, 71.2514, 3631.2708
current_data: 2.5469, 6208, 0.0004, 0.0000
current_data: 0.9316, 22595, 32.0146, 4196.8990
current_data: 2.1090, 766363, 7.0564, 1703.7597
[32m[info] [src/pairwise_allocator.cpp:binary_serch_cache_roofline:462] descriptor COLS 3, find_cache_roofline_times: 1, roofline ipc: 2.5469, current ipc 2.5469, gap: 0.0000, lway: 1, rway: 14
[mcurrent_data: 1.0489, 875487, 5.9372, 980.6306
current_data: 0.4156, 4803520, 70.4946, 3412.5195
current_data: 2.5467, 6877, 0.0008, 0.0000
current_data: 0.9308, 20184, 32.0201, 4163.7738
current_data: 2.0199, 731932, 7.6601, 1700.6347
[32m[info] [src/pairwise_allocator.cpp:binary_serch_cache_roofline:462] descriptor COLS 3, find_cache_roofline_times: 2, roofline ipc: 2.5469, current ipc 2.5467, gap: 0.0001, lway: 1, rway: 7
[mcurrent_data: 1.0458, 846503, 5.9210, 970.0056
current_data: 0.4230, 4937755, 69.2710, 3458.1448
current_data: 2.5456, 5913, 0.0003, 0.0000
current_data: 0.9313, 21061, 32.0135, 4155.0238
current_data: 2.0568, 709877, 7.4787, 1637.5094
[32m[info] [src/pairwise_allocator.cpp:binary_serch_cache_roofline:462] descriptor COLS 3, find_cache_roofline_times: 3, roofline ipc: 2.5469, current ipc 2.5456, gap: 0.0005, lway: 1, rway: 4
[mcurrent_data: 1.0406, 829021, 5.9482, 925.6303
current_data: 0.4170, 4776085, 70.3268, 3427.5196
current_data: 2.5472, 5930, 0.0002, 0.0000
current_data: 0.8762, 19891, 31.6045, 3869.3971
current_data: 2.1104, 719256, 7.1658, 1687.5097
[32m[info] [src/pairwise_allocator.cpp:binary_serch_cache_roofline:462] descriptor COLS 3, find_cache_roofline_times: 4, roofline ipc: 2.5472, current ipc 2.5472, gap: 0.0000, lway: 1, rway: 2
[mcurrent_data: 1.0395, 824565, 5.9673, 910.0052
current_data: 0.4247, 4926762, 68.6985, 3365.0193
current_data: 2.5472, 6722, 0.0004, 0.0000
current_data: 0.2044, 38477, 89.9497, 2708.7655
current_data: 1.3484, 454229, 14.2205, 2296.8881
[32m[info] [src/pairwise_allocator.cpp:binary_serch_cache_roofline:462] descriptor COLS 3, find_cache_roofline_times: 5, roofline ipc: 2.5472, current ipc 2.5472, gap: 0.0000, lway: 1, rway: 1
[mcurrent_data: 1.0484, 818593, 5.8896, 973.7556
current_data: 0.4199, 4825806, 70.1023, 3432.5196
current_data: 2.5461, 5764, 0.0002, 0.0000
current_data: 0.9413, 29678, 34.3299, 4034.3981
current_data: 2.1032, 694276, 7.2688, 1667.5095
[32m[info] [src/pairwise_allocator.cpp:found_cache_roofline:405] Found_cache_roofline, obj_id 771466, roofline cache way: 1, roofline remain cache: 14, roofline cache bitmask: 0x7ffe
[m[32m[info] [src/pairwise_allocator.cpp:binary_serch_cache_roofline:462] descriptor COLS 3, find_cache_roofline_times: 6, roofline ipc: 2.5472, current ipc 2.5461, gap: 0.0004, lway: 1, rway: 1
[m[32m[info] [src/pairwise_allocator.cpp:allocating_cache:846] binary_serch_cache_roofline first pair success
[m[32m[info] [src/pairwise_allocator.cpp:pair_allocating_cache:770] pair_allocating_cache begin, allocating time: 0, descriptor roofline cache way: 1, system remain cache way: 4, complete queue size: 4
[m[32m[info] [src/pairwise_allocator.cpp:allocating_cache:852] Complete pair_allocating_cache, allocate cache ways: 1
[m[34m[critical] [src/pairwise_allocator.cpp:print_allocating_cache_results:815] print_allocating_cache_results: system remain cache: 3
[m[34m[critical] [src/pairwise_allocator.cpp:print_allocating_cache_results:818] obj: 774192, cache_way: 2, roofline cache way: 2
[m[34m[critical] [src/pairwise_allocator.cpp:print_allocating_cache_results:818] obj: 774182, cache_way: 1, roofline cache way: 1
[m[34m[critical] [src/pairwise_allocator.cpp:print_allocating_cache_results:818] obj: 771452, cache_way: 7, roofline cache way: 7
[m[34m[critical] [src/pairwise_allocator.cpp:print_allocating_cache_results:818] obj: 771457, cache_way: 1, roofline cache way: 1
[m[34m[critical] [src/pairwise_allocator.cpp:print_allocating_cache_results:823] obj: 771466, cache_way: 1, roofline cache way: 1
[mSKT0: MBA COS6 => 100% requested, 100% applied
current_data: 1.0780, 1066875, 5.1644, 992.5057
current_data: 0.4188, 5256819, 68.5834, 3544.3953
current_data: 2.5445, 6762, 0.0006, 0.0000
current_data: 0.7435, 27154, 26.3985, 4085.6484
current_data: 2.0695, 795640, 7.3112, 1705.6348
SKT0: MBA COS6 => 60% requested, 60% applied
[32m[info] [src/pairwise_allocator.cpp:binary_serch_mb_roofline:937] descriptor1 COLS 3, find_mb_roofline_time: 1, roofline mb: 0.0000, current mb 0.0000, gap: -nan, lmb_throttle: 20, rmb_throttle: 100
[mcurrent_data: 1.0399, 858754, 5.8887, 990.6307
current_data: 0.4218, 4979869, 68.5661, 3380.0193
current_data: 2.5471, 6983, 0.0008, 0.0000
current_data: 0.7430, 28334, 26.3762, 4057.5232
current_data: 2.0598, 678162, 7.5402, 1565.0090
SKT0: MBA COS6 => 40% requested, 40% applied
[32m[info] [src/pairwise_allocator.cpp:binary_serch_mb_roofline:937] descriptor1 COLS 3, find_mb_roofline_time: 2, roofline mb: 0.0000, current mb 0.0000, gap: -nan, lmb_throttle: 20, rmb_throttle: 60
[mcurrent_data: 1.0358, 800373, 6.0353, 900.0051
current_data: 0.4387, 5050307, 66.1002, 3175.0182
current_data: 2.5461, 5919, 0.0003, 0.0000
current_data: 0.6779, 20972, 25.7850, 3484.3949
current_data: 1.3751, 435437, 13.6261, 2155.0123
SKT0: MBA COS6 => 30% requested, 30% applied
[32m[info] [src/pairwise_allocator.cpp:binary_serch_mb_roofline:937] descriptor1 COLS 3, find_mb_roofline_time: 3, roofline mb: 0.0000, current mb 0.0000, gap: -nan, lmb_throttle: 20, rmb_throttle: 40
[mcurrent_data: 1.0451, 777591, 5.8883, 904.3802
current_data: 0.4268, 4697337, 68.5037, 3163.1431
current_data: 2.5477, 5334, 0.0002, 0.0000
current_data: 1.1034, 25815, 25.5152, 3810.6468
current_data: 2.1289, 671750, 6.8695, 1637.5094
SKT0: MBA COS6 => 20% requested, 20% applied
[32m[info] [src/pairwise_allocator.cpp:binary_serch_mb_roofline:937] descriptor1 COLS 3, find_mb_roofline_time: 4, roofline mb: 0.0000, current mb 0.0000, gap: -nan, lmb_throttle: 20, rmb_throttle: 30
[mcurrent_data: 1.0392, 779458, 6.1742, 875.0050
current_data: 0.4253, 4733663, 68.5514, 3151.8930
current_data: 2.5471, 6494, 0.0008, 0.0000
current_data: 1.1095, 29011, 25.4900, 3834.3969
current_data: 1.3958, 467686, 15.5079, 2267.5130
SKT0: MBA COS6 => 20% requested, 20% applied
[32m[info] [src/pairwise_allocator.cpp:binary_serch_mb_roofline:937] descriptor1 COLS 3, find_mb_roofline_time: 5, roofline mb: 0.0000, current mb 0.0000, gap: -nan, lmb_throttle: 20, rmb_throttle: 20
[mcurrent_data: 1.0365, 789129, 6.0283, 940.0054
current_data: 0.4265, 4770970, 68.6148, 3208.1434
current_data: 2.5465, 5643, 0.0002, 0.0000
current_data: 1.1021, 24652, 25.5227, 3858.1471
current_data: 2.1147, 730549, 6.9230, 1617.5093
[32m[info] [src/pairwise_allocator.cpp:found_mb_roofline:887] Fast found mb roofline, obj_id 771466, roofline mb: 0.00 MB/s, roofline mb throttle: 20
[m[32m[info] [src/pairwise_allocator.cpp:binary_serch_mb_roofline:937] descriptor1 COLS 3, find_mb_roofline_time: 6, roofline mb: 0.0000, current mb 0.0000, gap: -nan, lmb_throttle: 20, rmb_throttle: 20
[m[32m[info] [src/pairwise_allocator.cpp:allocating_mb:1147] binary_serch_mb_roofline first pair success
[m[32m[info] [src/pairwise_allocator.cpp:pair_allocating_mb:1088] pair_allocating_mb begin, allocating times: 0, descriptor roofline mb throttle: 20, system remain mb: 93878.05 MB/s
[mSKT0: MBA COS3 => 20% requested, 20% applied
current_data: 1.0656, 1096952, 5.1127, 830.6298
current_data: 0.4339, 4420387, 77.9985, 3938.1475
current_data: 2.5475, 7321, 0.0009, 0.0000
current_data: 2.1614, 58871, 26.4376, 7945.6705
current_data: 2.1345, 658722, 11.3095, 2768.1408
[32m[info] [src/pairwise_allocator.cpp:pair_allocating_mb:1088] pair_allocating_mb begin, allocating times: 1, descriptor roofline mb throttle: 20, system remain mb: 93878.05 MB/s
[m[32m[info] [src/pairwise_allocator.cpp:allocating_fit_mb:958] Will allocating_fit_mb mb throttle: 20
[mSKT0: MBA COS3 => 20% requested, 20% applied
current_data: 1.0666, 901914, 4.3809, 556.2532
current_data: 0.4179, 3403518, 77.9998, 3026.2673
current_data: 2.5460, 5711, 0.0004, 1.2500
current_data: 2.2086, 35739, 26.4951, 9810.0561
current_data: 2.5244, 873514, 6.9458, 1714.3848
[32m[info] [src/pairwise_allocator.cpp:allocating_mb:1121] Allocate mb: 1.25 MB/s, mb_throttle: 20
[mcurrent_data: 1.0748, 976083, 4.4794, 554.3782
current_data: 0.4135, 3455822, 78.0053, 3021.2673
current_data: 2.5464, 5737, 0.0003, 0.0000
current_data: 2.1863, 34262, 26.5046, 9797.5561
current_data: 1.8936, 667353, 15.7426, 2756.2658
current_data: 1.0955, 5887729, 4.1396, 3252.5186
current_data: 0.4173, 20403772, 78.0339, 18129.4787
current_data: 2.5471, 30090, 0.0004, 0.0000
current_data: 2.2069, 200489, 26.4913, 58394.0841
current_data: 2.3762, 4687162, 8.3613, 10930.6875
current_data: 1.0972, 5953412, 4.1752, 3211.2684
current_data: 0.4172, 20355332, 78.0564, 18065.1034
current_data: 2.5473, 27359, 0.0003, 0.0000
current_data: 2.2083, 195718, 26.4906, 58178.4579
current_data: 2.3995, 4706067, 8.1265, 10917.5625
current_data: 1.1072, 5960784, 4.2137, 3407.5195
current_data: 0.4254, 20789005, 78.0262, 18401.3553
current_data: 2.5462, 28398, 0.0003, 0.0000
current_data: 2.3208, 208181, 29.5801, 54642.1877
current_data: 2.3185, 4561706, 9.3293, 12110.0693
current_data: 1.1203, 6032992, 4.1653, 3260.0187
current_data: 0.4336, 21165985, 78.0257, 18782.6075
current_data: 2.5463, 31600, 0.0004, 1.2500
current_data: 2.4562, 200303, 31.9722, 52290.9242
current_data: 2.3335, 4679762, 9.4066, 12173.8197
current_data: 1.1118, 5880764, 4.3097, 3343.1441
current_data: 0.4332, 21145266, 78.0301, 18771.3574
current_data: 2.5467, 33063, 0.0005, 0.6250
current_data: 2.4509, 201955, 31.9679, 52145.2984
current_data: 2.3399, 4647685, 9.2736, 12368.8208
current_data: 1.1108, 5939314, 4.3601, 3253.1436
current_data: 0.4333, 21181981, 78.0478, 18873.2330
current_data: 2.5480, 31557, 0.0004, 2.5000
current_data: 2.4567, 207852, 31.9641, 52377.7997
current_data: 2.3395, 4582979, 9.3052, 12233.8200
[32m[info] [src/pairwise_allocator.cpp:allocating:1174] Will begin allocating cache, allocation_ready_queue size 1, allocation_complete_queue size 4
[mcurrent_data: 1.0754, 1081518, 5.3869, 989.3807
current_data: 0.4113, 5053373, 70.7765, 3576.2705
current_data: 2.5466, 7052, 0.0008, 1.8750
current_data: 0.9314, 22921, 32.0132, 4168.7739
current_data: 2.1021, 798290, 6.9044, 1715.6348
[32m[info] [src/pairwise_allocator.cpp:binary_serch_cache_roofline:462] descriptor COLS 3, find_cache_roofline_times: 1, roofline ipc: 2.5466, current ipc 2.5466, gap: 0.0000, lway: 1, rway: 14
[mcurrent_data: 1.0493, 853151, 5.6520, 889.3801
current_data: 0.4309, 5047334, 67.9108, 3273.7687
current_data: 2.5484, 5842, 0.0002, 0.0000
current_data: 0.9296, 19362, 32.0126, 4045.6481
current_data: 1.1451, 395623, 18.3565, 2505.6393
[32m[info] [src/pairwise_allocator.cpp:binary_serch_cache_roofline:462] descriptor COLS 3, find_cache_roofline_times: 2, roofline ipc: 2.5484, current ipc 2.5484, gap: 0.0000, lway: 1, rway: 7
[mcurrent_data: 1.0464, 826878, 5.8799, 934.3803
current_data: 0.4173, 4675779, 70.2307, 3280.0188
current_data: 2.5463, 5542, 0.0001, 0.0000
current_data: 0.9327, 19766, 32.0089, 4064.3983
current_data: 2.0420, 735529, 7.6129, 1596.8841
[32m[info] [src/pairwise_allocator.cpp:binary_serch_cache_roofline:462] descriptor COLS 3, find_cache_roofline_times: 3, roofline ipc: 2.5484, current ipc 2.5463, gap: 0.0008, lway: 1, rway: 4
[mcurrent_data: 1.0408, 856216, 5.8272, 966.8805
current_data: 0.4194, 4889140, 69.7866, 3363.1442
current_data: 2.5458, 6087, 0.0002, 0.0000
current_data: 0.9302, 21829, 31.9909, 4150.6488
current_data: 1.1916, 455679, 18.8134, 2545.6396
[32m[info] [src/pairwise_allocator.cpp:binary_serch_cache_roofline:462] descriptor COLS 3, find_cache_roofline_times: 4, roofline ipc: 2.5484, current ipc 2.5458, gap: 0.0010, lway: 1, rway: 2
[mcurrent_data: 1.0406, 824850, 5.9084, 950.6304
current_data: 0.4182, 4809564, 70.1372, 3381.2693
current_data: 2.5467, 6559, 0.0004, 0.0000
current_data: 0.9309, 19858, 32.0066, 4100.0235
current_data: 2.0436, 771200, 7.5878, 1646.8844
[32m[info] [src/pairwise_allocator.cpp:binary_serch_cache_roofline:462] descriptor COLS 3, find_cache_roofline_times: 5, roofline ipc: 2.5484, current ipc 2.5467, gap: 0.0007, lway: 1, rway: 1
[mcurrent_data: 1.0409, 814737, 5.9662, 933.7553
current_data: 0.4183, 4761198, 70.0969, 3304.3939
current_data: 2.5459, 6246, 0.0003, 0.0000
current_data: 0.9321, 19736, 32.0118, 4086.8984
current_data: 2.0650, 769246, 7.3268, 1637.5094
[32m[info] [src/pairwise_allocator.cpp:found_cache_roofline:405] Found_cache_roofline, obj_id 771466, roofline cache way: 1, roofline remain cache: 14, roofline cache bitmask: 0x7ffe
[m[32m[info] [src/pairwise_allocator.cpp:binary_serch_cache_roofline:462] descriptor COLS 3, find_cache_roofline_times: 6, roofline ipc: 2.5484, current ipc 2.5459, gap: 0.0010, lway: 1, rway: 1
[m[32m[info] [src/pairwise_allocator.cpp:allocating_cache:846] binary_serch_cache_roofline first pair success
[m[32m[info] [src/pairwise_allocator.cpp:pair_allocating_cache:770] pair_allocating_cache begin, allocating time: 0, descriptor roofline cache way: 1, system remain cache way: 4, complete queue size: 4
[m[32m[info] [src/pairwise_allocator.cpp:allocating_cache:852] Complete pair_allocating_cache, allocate cache ways: 1
[m[34m[critical] [src/pairwise_allocator.cpp:print_allocating_cache_results:815] print_allocating_cache_results: system remain cache: 3
[m[34m[critical] [src/pairwise_allocator.cpp:print_allocating_cache_results:818] obj: 774192, cache_way: 2, roofline cache way: 2
[m[34m[critical] [src/pairwise_allocator.cpp:print_allocating_cache_results:818] obj: 774182, cache_way: 1, roofline cache way: 1
[m[34m[critical] [src/pairwise_allocator.cpp:print_allocating_cache_results:818] obj: 771452, cache_way: 7, roofline cache way: 7
[m[34m[critical] [src/pairwise_allocator.cpp:print_allocating_cache_results:818] obj: 771457, cache_way: 1, roofline cache way: 1
[m[34m[critical] [src/pairwise_allocator.cpp:print_allocating_cache_results:823] obj: 771466, cache_way: 1, roofline cache way: 1
[mSKT0: MBA COS6 => 100% requested, 100% applied
current_data: 1.0828, 1097077, 5.4021, 1015.0058
current_data: 0.4156, 5147219, 70.0010, 3606.8956
current_data: 2.5465, 6795, 0.0004, 0.0000
current_data: 1.1240, 22870, 25.0290, 4056.2732
current_data: 2.0490, 806875, 7.4235, 1715.0098
SKT0: MBA COS6 => 60% requested, 60% applied
[32m[info] [src/pairwise_allocator.cpp:binary_serch_mb_roofline:937] descriptor1 COLS 3, find_mb_roofline_time: 1, roofline mb: 0.0000, current mb 0.0000, gap: -nan, lmb_throttle: 20, rmb_throttle: 100
[mcurrent_data: 1.0490, 879002, 5.7740, 865.6300
current_data: 0.4211, 4897710, 69.4654, 3417.5196
current_data: 2.5478, 6645, 0.0006, 0.0000
current_data: 1.1240, 20609, 25.0214, 4033.7731
current_data: 1.7103, 660169, 10.7471, 1955.0112
SKT0: MBA COS6 => 40% requested, 40% applied
[32m[info] [src/pairwise_allocator.cpp:binary_serch_mb_roofline:937] descriptor1 COLS 3, find_mb_roofline_time: 2, roofline mb: 0.0000, current mb 0.0000, gap: -nan, lmb_throttle: 20, rmb_throttle: 60
[mcurrent_data: 1.0451, 829728, 5.9352, 930.0053
current_data: 0.4245, 4880029, 68.8617, 3304.3939
current_data: 2.5466, 6041, 0.0003, 0.0000
current_data: 1.1245, 19820, 25.0332, 3989.3978
current_data: 2.0612, 780503, 7.2252, 1707.5098
SKT0: MBA COS6 => 30% requested, 30% applied
[32m[info] [src/pairwise_allocator.cpp:binary_serch_mb_roofline:937] descriptor1 COLS 3, find_mb_roofline_time: 3, roofline mb: 0.0000, current mb 0.0000, gap: -nan, lmb_throttle: 20, rmb_throttle: 40
[mcurrent_data: 1.0461, 799629, 5.8875, 810.6296
current_data: 0.4230, 4895655, 69.2137, 3334.3941
current_data: 2.5471, 5377, 0.0004, 0.0000
current_data: 1.1247, 21080, 25.0163, 3997.5229
current_data: 2.0931, 733358, 7.1170, 1726.8849
SKT0: MBA COS6 => 20% requested, 20% applied
[32m[info] [src/pairwise_allocator.cpp:binary_serch_mb_roofline:937] descriptor1 COLS 3, find_mb_roofline_time: 4, roofline mb: 0.0000, current mb 0.0000, gap: -nan, lmb_throttle: 20, rmb_throttle: 30
[mcurrent_data: 1.0412, 818756, 6.0219, 858.7549
current_data: 0.4370, 5218906, 66.9457, 3361.8942
current_data: 2.5469, 6216, 0.0006, 0.0000
current_data: 1.1214, 20014, 25.0163, 3975.0227
current_data: 1.3356, 476526, 14.2552, 2328.7633
SKT0: MBA COS6 => 20% requested, 20% applied
[32m[info] [src/pairwise_allocator.cpp:binary_serch_mb_roofline:937] descriptor1 COLS 3, find_mb_roofline_time: 5, roofline mb: 0.0000, current mb 0.0000, gap: -nan, lmb_throttle: 20, rmb_throttle: 20
[mcurrent_data: 1.0425, 814075, 6.0238, 893.1301
current_data: 0.4232, 4905054, 69.2381, 3405.0195
current_data: 2.5465, 5733, 0.0002, 0.0000
current_data: 1.1251, 20685, 25.0259, 4045.0231
current_data: 2.0801, 778512, 7.3315, 1697.5097
[32m[info] [src/pairwise_allocator.cpp:found_mb_roofline:887] Fast found mb roofline, obj_id 771466, roofline mb: 0.00 MB/s, roofline mb throttle: 20
[m[32m[info] [src/pairwise_allocator.cpp:binary_serch_mb_roofline:937] descriptor1 COLS 3, find_mb_roofline_time: 6, roofline mb: 0.0000, current mb 0.0000, gap: -nan, lmb_throttle: 20, rmb_throttle: 20
[m[32m[info] [src/pairwise_allocator.cpp:allocating_mb:1147] binary_serch_mb_roofline first pair success
[m[32m[info] [src/pairwise_allocator.cpp:pair_allocating_mb:1088] pair_allocating_mb begin, allocating times: 0, descriptor roofline mb throttle: 20, system remain mb: 93878.05 MB/s
[mSKT0: MBA COS3 => 20% requested, 20% applied
current_data: 1.0690, 1090160, 5.0006, 817.5047
current_data: 0.4353, 4382416, 78.0680, 3876.2722
current_data: 2.5459, 6215, 0.0006, 0.0000
current_data: 2.5554, 39018, 24.9725, 7956.2955
current_data: 2.5236, 820073, 7.4198, 1581.2590
[32m[info] [src/pairwise_allocator.cpp:pair_allocating_mb:1088] pair_allocating_mb begin, allocating times: 1, descriptor roofline mb throttle: 20, system remain mb: 93878.05 MB/s
[m[32m[info] [src/pairwise_allocator.cpp:allocating_fit_mb:958] Will allocating_fit_mb mb throttle: 20
[mSKT0: MBA COS3 => 20% requested, 20% applied
current_data: 1.1064, 960454, 4.6460, 586.2534
current_data: 0.4387, 3498248, 78.0576, 3151.2680
current_data: 2.5478, 4906, 0.0003, 0.0000
current_data: 2.4050, 32916, 24.9735, 6853.7892
current_data: 2.5465, 843464, 7.2660, 1556.8839
[32m[info] [src/pairwise_allocator.cpp:allocating_mb:1121] Allocate mb: 0.00 MB/s, mb_throttle: 20
[mcurrent_data: 1.1097, 951244, 4.3243, 511.8779
current_data: 0.4346, 3458988, 78.1257, 3019.3923
current_data: 2.5445, 5552, 0.0010, 0.6250
current_data: 2.5379, 34550, 24.9743, 7195.6662
current_data: 1.9716, 647988, 14.8324, 2943.7668
current_data: 1.1247, 6075398, 4.1512, 3217.5184
current_data: 0.4370, 21306678, 78.0434, 18899.4831
current_data: 2.5476, 28873, 0.0003, 0.6250
current_data: 2.5499, 204138, 24.9745, 44107.1274
current_data: 2.3490, 4592308, 9.3658, 12240.6950
current_data: 1.1259, 6089201, 4.2403, 3303.1439
current_data: 0.4375, 21281692, 78.0474, 18818.2327
current_data: 2.5476, 27599, 0.0003, 0.0000
current_data: 2.5492, 193069, 24.9789, 43982.1267
current_data: 2.4184, 4865622, 8.5378, 11016.9380
current_data: 1.1159, 5899614, 4.3252, 3415.0195
current_data: 0.4392, 19843381, 75.6831, 18778.2324
current_data: 2.5473, 32817, 0.0005, 0.6250
current_data: 2.5270, 209400, 24.9733, 43711.5001
current_data: 2.4461, 4961651, 8.1601, 11236.9393
current_data: 1.1215, 6011314, 4.2077, 3312.5190
current_data: 0.4371, 21316903, 78.0219, 19008.8588
current_data: 2.5471, 33107, 0.0005, 0.0000
current_data: 2.3083, 247731, 26.4675, 42302.1171
current_data: 2.3668, 4758066, 9.0056, 12370.6958
current_data: 1.1250, 6087319, 4.1268, 3168.1431
current_data: 0.4342, 21214408, 78.0636, 18891.3581
current_data: 2.5477, 27517, 0.0002, 0.0000
current_data: 2.4566, 203046, 31.9674, 52319.6744
current_data: 2.3381, 4594941, 9.3181, 12303.1954
current_data: 1.1198, 6080228, 4.1705, 3136.8929
current_data: 0.4337, 21200828, 78.1011, 18926.9833
current_data: 2.5456, 36851, 0.0007, 1.2500
current_data: 2.4500, 220993, 31.9657, 52270.9241
current_data: 2.3343, 4805966, 9.4483, 12227.5700
current_data: 1.1195, 6059012, 4.2798, 3366.2693
current_data: 0.4342, 21249329, 78.0478, 18840.7328
current_data: 2.5470, 29904, 0.0003, 0.6250
current_data: 2.4551, 199346, 31.9677, 52394.0498
current_data: 2.3367, 4677108, 9.3847, 12191.3198
current_data: 1.1173, 6085194, 4.2628, 3298.7689
current_data: 0.4343, 21330567, 78.0450, 18966.3585
current_data: 2.5473, 28701, 0.0003, 0.6250
current_data: 2.4559, 197911, 31.9658, 52646.5512
current_data: 2.3470, 4675444, 9.3277, 12241.9450
current_data: 1.1221, 6073916, 4.1365, 3235.0185
current_data: 0.4343, 21351985, 78.0369, 18959.4835
current_data: 2.5481, 27864, 0.0003, 1.2500
current_data: 2.4551, 193164, 31.9675, 52657.8013
current_data: 2.3480, 4715226, 9.2861, 12368.8208
current_data: 1.1256, 6157647, 4.1136, 3345.6441
current_data: 0.4346, 21425765, 78.0568, 19053.8590
current_data: 2.5478, 28278, 0.0002, 0.6250
current_data: 2.4589, 198942, 31.9679, 52913.4278
current_data: 2.3486, 4711636, 9.2849, 12412.5710
current_data: 1.1220, 6174458, 4.1394, 3277.5188
current_data: 0.4349, 21587760, 78.0620, 19215.1099
current_data: 2.5471, 28903, 0.0003, 0.0000
current_data: 2.4631, 199112, 31.9674, 53345.3052
current_data: 2.3781, 4953577, 9.2446, 11920.0682
current_data: 1.1238, 6156870, 4.0976, 3328.7690
current_data: 0.4346, 21516571, 78.0751, 19185.7348
current_data: 2.5477, 30141, 0.0004, 0.6250
current_data: 2.4519, 200231, 31.9661, 52978.4281
current_data: 2.4436, 4988590, 8.1470, 11191.3140
current_data: 1.1237, 6220643, 4.2331, 3385.0194
current_data: 0.4370, 21758208, 78.0514, 19408.2361
current_data: 2.5472, 29188, 0.0003, 0.0000
current_data: 2.1688, 223584, 33.6832, 48834.0294
current_data: 2.4520, 4985377, 8.0494, 11401.9402
current_data: 1.1286, 6229717, 4.2160, 3311.8940
current_data: 0.4412, 21946095, 78.0537, 19473.8614
current_data: 2.5476, 28480, 0.0003, 0.6250
current_data: 2.1756, 219132, 34.2677, 45402.7598
current_data: 2.4355, 4968010, 8.0965, 11179.4390
current_data: 1.1267, 6152755, 4.2439, 3440.0197
current_data: 0.4411, 21946847, 78.0513, 19493.8615
current_data: 2.5476, 28127, 0.0003, 1.2500
current_data: 2.1735, 215706, 34.2677, 45449.0101
current_data: 2.3937, 4774903, 8.9052, 12625.6972
current_data: 1.1347, 6272894, 4.1075, 3340.0191
current_data: 0.4397, 19619938, 75.8584, 18813.2327
current_data: 2.5464, 31873, 0.0004, 0.6250
current_data: 2.1136, 248296, 34.2979, 44658.3805
current_data: 2.3661, 4911432, 9.2679, 12647.5724
current_data: 1.0912, 5979756, 4.2742, 3423.7696
current_data: 0.4194, 21051074, 78.0068, 18860.7329
current_data: 2.5466, 34421, 0.0005, 0.0000
current_data: 1.7047, 5411042, 31.6544, 55779.0692
current_data: 2.3055, 4833215, 9.3217, 12387.5709
current_data: 1.1159, 6148190, 4.1491, 3231.2685
current_data: 0.4330, 21694746, 78.0375, 19300.1104
current_data: 2.5478, 31085, 0.0003, 0.0000
current_data: 2.7643, 270405, 25.6372, 50635.2897
current_data: 2.3437, 4944167, 9.2294, 12591.9471
current_data: 1.1221, 6285970, 4.2327, 3508.1451
current_data: 0.4345, 21851509, 78.0854, 19508.2366
current_data: 2.5477, 28418, 0.0003, 0.0000
current_data: 2.6903, 263515, 25.0841, 48826.5294
current_data: 2.3498, 4825266, 9.2862, 12602.5721
current_data: 1.0948, 6103180, 4.1872, 3214.3934
current_data: 0.4164, 20913509, 78.0636, 18493.2308
current_data: 2.5482, 28781, 0.0003, 0.0000
current_data: 2.2036, 197396, 26.4932, 59948.4680
current_data: 2.3024, 4704440, 9.3220, 12311.3204
current_data: 1.0925, 6089825, 4.2447, 3360.6442
current_data: 0.4164, 20899845, 78.0412, 18533.2310
current_data: 2.5471, 29169, 0.0003, 0.0000
current_data: 2.2038, 204044, 26.4892, 59817.2173
current_data: 2.2971, 4838024, 9.2733, 12408.8210
current_data: 1.0995, 6136388, 4.1209, 3189.3932
current_data: 0.4197, 21029707, 78.0628, 18622.6066
current_data: 2.5475, 27559, 0.0003, 0.0000
current_data: 2.2435, 219937, 27.7301, 58221.5831
current_data: 2.3135, 4777582, 9.3077, 12403.1960
current_data: 1.1155, 5963799, 4.2498, 3228.1435
current_data: 0.4332, 21704851, 78.0654, 19356.9858
current_data: 2.5459, 38397, 0.0005, 1.8750
current_data: 2.4577, 213240, 31.9705, 53676.5571
current_data: 2.3467, 4875319, 9.2953, 12516.9466
current_data: 1.1159, 6194574, 4.2259, 3458.1448
current_data: 0.4335, 21715828, 78.0674, 19457.6113
current_data: 2.5475, 29039, 0.0003, 0.0000
current_data: 2.4526, 194188, 31.9662, 53632.1819
current_data: 2.3513, 4894749, 9.2509, 12617.5722
current_data: 1.1151, 6215898, 4.2668, 3456.8948
current_data: 0.4335, 21918927, 78.0266, 19540.1118
current_data: 2.5478, 32219, 0.0004, 0.6250
current_data: 2.4574, 204551, 31.9665, 54199.6851
current_data: 2.3460, 4900608, 9.2743, 12611.9472
current_data: 1.1171, 6163097, 4.1654, 3353.1442
current_data: 0.4334, 21815495, 78.0774, 19445.1113
current_data: 2.5476, 31315, 0.0004, 1.2500
current_data: 2.4574, 198978, 31.9684, 54062.1843
current_data: 2.3553, 4904302, 9.2440, 12625.0722
current_data: 1.1206, 6273325, 4.1504, 3377.5193
current_data: 0.4338, 21884836, 78.0200, 19446.3613
current_data: 2.5477, 29765, 0.0003, 0.0000
current_data: 2.4589, 195099, 31.9691, 54059.6843
current_data: 2.3527, 4865843, 9.2399, 12620.6972
current_data: 1.1195, 6303226, 4.2367, 3477.5199
current_data: 0.4358, 20095047, 75.9599, 19119.4844
current_data: 2.5470, 29854, 0.0002, 1.2500
current_data: 2.4617, 196501, 31.9683, 54344.6860
current_data: 2.3532, 4895242, 9.2412, 12583.8220
current_data: 1.1193, 6325333, 4.2067, 3451.2697
current_data: 0.4334, 21921625, 78.0393, 19591.3621
current_data: 2.5477, 29991, 0.0003, 0.0000
current_data: 2.4529, 192817, 31.9696, 54077.1844
current_data: 2.3503, 4907306, 9.2501, 12610.6972
current_data: 1.1192, 6197808, 4.1460, 3396.8944
current_data: 0.4335, 21875072, 77.9882, 19579.4870
current_data: 2.5465, 35422, 0.0005, 0.0000
current_data: 2.4589, 212408, 31.9668, 54055.9343
current_data: 2.3452, 4989188, 9.2559, 12646.3224
current_data: 1.1195, 6168837, 4.2218, 3456.2698
current_data: 0.4364, 22015417, 78.0661, 19552.6119
current_data: 2.5468, 32017, 0.0003, 0.6250
current_data: 2.3251, 226165, 26.1110, 44107.1274
current_data: 2.3531, 5006048, 9.2797, 12701.9477
current_data: 1.1263, 6261932, 4.1789, 3409.3945
current_data: 0.4364, 22048675, 78.0705, 19614.4872
current_data: 2.5470, 29523, 0.0003, 0.0000
current_data: 2.5226, 205276, 24.9766, 45229.6338
current_data: 2.3592, 4978762, 9.2884, 12720.0728
current_data: 1.1221, 6229406, 4.2167, 3418.7696
current_data: 0.4363, 22001876, 78.0404, 19541.9868
current_data: 2.5488, 29551, 0.0003, 0.6250
current_data: 2.5593, 204723, 24.9762, 45739.6367
current_data: 2.3553, 5012020, 9.2658, 12721.9478
current_data: 1.1258, 6294215, 4.2028, 3495.6450
current_data: 0.4366, 22071969, 78.0149, 19574.4870
current_data: 2.5466, 32464, 0.0004, 1.2500
current_data: 2.5455, 208619, 24.9736, 45657.1363
current_data: 2.3630, 5036488, 9.2978, 12763.8230
current_data: 1.1273, 6305491, 4.1459, 3399.3945
current_data: 0.4366, 22064339, 78.0362, 19656.3625
current_data: 2.5473, 28565, 0.0002, 0.0000
current_data: 2.5288, 207567, 24.9723, 45325.2594
current_data: 2.3633, 4885077, 9.3212, 12670.6975
current_data: 1.1254, 6251555, 4.1071, 3392.5194
current_data: 0.4365, 21996926, 78.0392, 19549.4869
current_data: 2.5477, 28115, 0.0002, 0.0000
current_data: 2.5499, 200709, 24.9774, 45558.3857
current_data: 2.3613, 4876685, 9.2658, 12619.4472
current_data: 1.1253, 6251599, 4.1069, 3312.5190
current_data: 0.4366, 22074298, 78.0217, 19704.4877
current_data: 2.5472, 29985, 0.0003, 1.2500
current_data: 2.5464, 202118, 24.9771, 45696.5115
current_data: 2.3590, 5018401, 9.2905, 12751.9480
current_data: 1.1252, 6241135, 4.0855, 3299.3939
current_data: 0.4366, 22033694, 78.0565, 19641.3624
current_data: 2.5475, 29046, 0.0003, 0.0000
current_data: 2.5284, 200216, 24.9754, 45249.6339
current_data: 2.3629, 4915499, 9.2850, 12626.3222
current_data: 1.1209, 6198110, 4.1567, 3282.5188
current_data: 0.4350, 21918549, 78.0628, 19460.7364
current_data: 2.5455, 37318, 0.0005, 1.2500
current_data: 2.2734, 261196, 30.1656, 48139.0255
current_data: 2.3359, 5020132, 9.3945, 12561.3219
current_data: 1.1209, 6254992, 4.2163, 3451.2697
current_data: 0.4337, 21908179, 78.0236, 19450.7363
current_data: 2.5479, 29173, 0.0003, 0.0000
current_data: 2.4558, 219714, 31.9648, 54082.1845
current_data: 2.3543, 4878541, 9.2757, 12621.9472
current_data: 1.1161, 6259424, 4.2726, 3466.2698
current_data: 0.4342, 19834218, 75.8748, 18988.2337
current_data: 2.5470, 29709, 0.0003, 0.6250
current_data: 2.4509, 210780, 31.9640, 53990.3089
current_data: 2.3591, 4891186, 9.2686, 12666.9475
current_data: 1.1184, 6272457, 4.1733, 3355.6442
current_data: 0.4336, 21886296, 78.0539, 19655.1125
current_data: 2.5470, 30816, 0.0003, 0.0000
current_data: 2.4569, 212365, 31.9651, 54042.1842
current_data: 2.3517, 4968549, 9.2606, 12662.5725
current_data: 1.1160, 6229741, 4.2034, 3438.1447
current_data: 0.4335, 21916982, 78.0350, 19508.8616
current_data: 2.5468, 33895, 0.0004, 0.0000
current_data: 2.4525, 226570, 31.9642, 54064.6844
current_data: 2.3575, 5042430, 9.2504, 12702.5727
current_data: 1.1095, 6080955, 4.3739, 3502.5200
current_data: 0.4334, 21906389, 78.0303, 19479.4865
current_data: 2.5470, 33775, 0.0005, 1.2500
current_data: 2.4552, 227820, 31.9655, 54095.9345
current_data: 2.3524, 5032218, 9.2763, 12692.5726
current_data: 1.1208, 6265184, 4.1527, 3320.6440
current_data: 0.4337, 21890107, 78.0508, 19400.7360
current_data: 2.5479, 28910, 0.0003, 0.0000
current_data: 2.4601, 209579, 31.9659, 54109.6846
current_data: 2.3535, 4904739, 9.2646, 12589.4470
current_data: 1.1246, 6297589, 4.1872, 3412.5195
current_data: 0.4335, 21905775, 78.0273, 19426.9862
current_data: 2.5464, 29493, 0.0002, 0.0000
current_data: 2.4480, 203702, 31.9649, 53940.9337
current_data: 2.3508, 4973364, 9.2604, 12666.3225
current_data: 1.1234, 6265144, 4.2313, 3360.6442
current_data: 0.4348, 21929596, 78.0334, 19467.6114
current_data: 2.5474, 30347, 0.0003, 0.0000
current_data: 2.2226, 233400, 33.2549, 50909.0413
current_data: 2.3618, 4929403, 9.2564, 12694.4476
current_data: 1.1309, 6330175, 4.2139, 3432.5196
current_data: 0.4406, 22278738, 78.0190, 19713.8628
current_data: 2.5476, 28399, 0.0003, 0.6250
current_data: 2.1747, 224148, 34.2673, 46108.3888
current_data: 2.3643, 4979050, 9.2360, 12723.8228
current_data: 1.1304, 6315589, 4.2122, 3386.8944
current_data: 0.4405, 22203570, 78.0528, 19832.6135
current_data: 2.5468, 31004, 0.0004, 1.2500
current_data: 2.1739, 227559, 34.2680, 46040.2634
current_data: 2.3719, 5013394, 9.2312, 12788.1982
current_data: 1.1320, 6347208, 4.1644, 3501.2700
current_data: 0.4407, 22270076, 78.0516, 19840.1135
current_data: 2.5467, 30170, 0.0003, 0.0000
current_data: 2.1147, 225025, 34.3535, 45179.0085
current_data: 2.3655, 5043209, 9.2545, 12793.8232
current_data: 1.1049, 6203605, 4.1410, 3229.3935
current_data: 0.4223, 21340312, 78.0656, 19043.2340
current_data: 2.5470, 28478, 0.0002, 0.6250
current_data: 1.6989, 5735338, 31.4567, 54219.6852
current_data: 2.3164, 4916367, 9.3692, 12552.5718
current_data: 1.1170, 6256535, 4.1458, 3285.0188
current_data: 0.4326, 21834695, 78.0216, 19313.2355
current_data: 2.5472, 30206, 0.0003, 0.6250
current_data: 2.8026, 256430, 25.4557, 51580.2951
current_data: 2.3541, 4903073, 9.2899, 12575.6970
current_data: 1.1213, 6256700, 4.1467, 3346.2691
current_data: 0.4363, 19885032, 75.9896, 19000.7337
current_data: 2.5472, 30240, 0.0003, 0.0000
current_data: 2.7392, 252185, 24.8557, 49032.1556
current_data: 2.3593, 4987020, 9.2459, 12713.1977
current_data: 1.0937, 6121159, 4.2169, 3239.3935
current_data: 0.4166, 21053894, 78.0491, 18816.3577
current_data: 2.5477, 29595, 0.0002, 0.0000
current_data: 2.2036, 207017, 26.4913, 60270.9699
current_data: 2.3074, 4862821, 9.2858, 12463.8213
current_data: 1.0922, 6096260, 4.2101, 3308.1439
current_data: 0.4164, 21077695, 78.0259, 18901.9832
current_data: 2.5470, 31572, 0.0003, 1.2500
current_data: 2.2028, 216563, 26.4859, 60309.7201
current_data: 2.3093, 4906555, 9.2818, 12548.1968
current_data: 1.0902, 6033260, 4.3086, 3386.2694
current_data: 0.4196, 21199305, 78.0199, 18783.2325
current_data: 2.5454, 42482, 0.0006, 1.2500
current_data: 2.2402, 260102, 27.7256, 58537.2100
current_data: 2.3152, 5174028, 9.3268, 12675.6975
current_data: 1.1162, 6213149, 4.2811, 3433.7696
current_data: 0.4332, 21915782, 78.0739, 19518.8617
current_data: 2.5476, 31541, 0.0003, 1.2500
current_data: 2.4581, 206385, 31.9685, 54199.6851
current_data: 2.3559, 4967584, 9.3171, 12618.8222
[32m[info] [src/pairwise_allocator.cpp:allocating:1174] Will begin allocating cache, allocation_ready_queue size 1, allocation_complete_queue size 4
[mcurrent_data: 1.0784, 1097419, 5.2862, 1060.0061
current_data: 0.4159, 5146279, 69.9151, 3606.8956
current_data: 2.5454, 6540, 0.0005, 0.0000
current_data: 0.9289, 22537, 32.0174, 4138.7737
current_data: 2.0862, 845002, 7.2669, 1760.6351
[32m[info] [src/pairwise_allocator.cpp:binary_serch_cache_roofline:462] descriptor COLS 3, find_cache_roofline_times: 1, roofline ipc: 2.5454, current ipc 2.5454, gap: 0.0000, lway: 1, rway: 14
[mcurrent_data: 1.0465, 859906, 5.7861, 997.5057
current_data: 0.4358, 5232861, 67.1288, 3304.3939
current_data: 2.5473, 6313, 0.0003, 0.0000
current_data: 0.9298, 23163, 32.0127, 4087.5234
current_data: 1.0784, 402409, 19.6651, 2380.0136
[32m[info] [src/pairwise_allocator.cpp:binary_serch_cache_roofline:462] descriptor COLS 3, find_cache_roofline_times: 2, roofline ipc: 2.5473, current ipc 2.5473, gap: 0.0000, lway: 1, rway: 7
[mcurrent_data: 1.0446, 798657, 6.1490, 983.1306
current_data: 0.4238, 4667037, 69.1176, 3165.6431
current_data: 2.5480, 5389, 0.0001, 0.0000
current_data: 0.9313, 18054, 32.0194, 3853.7721
current_data: 2.0850, 748111, 7.0569, 1565.6340
[32m[info] [src/pairwise_allocator.cpp:binary_serch_cache_roofline:462] descriptor COLS 3, find_cache_roofline_times: 3, roofline ipc: 2.5480, current ipc 2.5480, gap: 0.0000, lway: 1, rway: 4
[mcurrent_data: 1.0459, 776877, 6.1184, 986.2556
current_data: 0.4253, 4687091, 68.9454, 3200.6433
current_data: 2.5490, 5494, 0.0002, 0.0000
current_data: 0.9303, 17546, 32.0128, 3848.1470
current_data: 2.0745, 760225, 7.2676, 1538.7588
[32m[info] [src/pairwise_allocator.cpp:binary_serch_cache_roofline:462] descriptor COLS 3, find_cache_roofline_times: 4, roofline ipc: 2.5490, current ipc 2.5490, gap: 0.0000, lway: 1, rway: 2
[mcurrent_data: 1.0464, 760131, 5.8592, 930.6303
current_data: 0.4360, 4963658, 67.2371, 3231.8935
current_data: 2.5468, 6361, 0.0003, 0.0000
current_data: 0.9320, 18190, 32.0107, 3873.7722
current_data: 1.9985, 725518, 6.9598, 1520.0087
[32m[info] [src/pairwise_allocator.cpp:binary_serch_cache_roofline:462] descriptor COLS 3, find_cache_roofline_times: 5, roofline ipc: 2.5490, current ipc 2.5468, gap: 0.0009, lway: 1, rway: 1
[mcurrent_data: 1.0431, 778183, 5.9657, 953.1305
current_data: 0.4252, 4687248, 68.9222, 3183.1432
current_data: 2.5461, 6110, 0.0004, 0.6250
current_data: 0.9329, 20292, 32.0075, 3887.5222
current_data: 2.0582, 758337, 7.5023, 1553.1339
[32m[info] [src/pairwise_allocator.cpp:found_cache_roofline:405] Found_cache_roofline, obj_id 771466, roofline cache way: 1, roofline remain cache: 14, roofline cache bitmask: 0x7ffe
[m[32m[info] [src/pairwise_allocator.cpp:binary_serch_cache_roofline:462] descriptor COLS 3, find_cache_roofline_times: 6, roofline ipc: 2.5490, current ipc 2.5461, gap: 0.0011, lway: 1, rway: 1
[m[32m[info] [src/pairwise_allocator.cpp:allocating_cache:846] binary_serch_cache_roofline first pair success
[m[32m[info] [src/pairwise_allocator.cpp:pair_allocating_cache:770] pair_allocating_cache begin, allocating time: 0, descriptor roofline cache way: 1, system remain cache way: 4, complete queue size: 4
[m[32m[info] [src/pairwise_allocator.cpp:allocating_cache:852] Complete pair_allocating_cache, allocate cache ways: 1
[m[34m[critical] [src/pairwise_allocator.cpp:print_allocating_cache_results:815] print_allocating_cache_results: system remain cache: 3
[m[34m[critical] [src/pairwise_allocator.cpp:print_allocating_cache_results:818] obj: 774192, cache_way: 2, roofline cache way: 2
[m[34m[critical] [src/pairwise_allocator.cpp:print_allocating_cache_results:818] obj: 774182, cache_way: 1, roofline cache way: 1
[m[34m[critical] [src/pairwise_allocator.cpp:print_allocating_cache_results:818] obj: 771452, cache_way: 7, roofline cache way: 7
[m[34m[critical] [src/pairwise_allocator.cpp:print_allocating_cache_results:818] obj: 771457, cache_way: 1, roofline cache way: 1
[m[34m[critical] [src/pairwise_allocator.cpp:print_allocating_cache_results:823] obj: 771466, cache_way: 1, roofline cache way: 1
[mSKT0: MBA COS6 => 100% requested, 100% applied
current_data: 1.0797, 1072613, 5.1093, 1018.7558
current_data: 0.4140, 4996655, 70.1067, 3503.7700
current_data: 2.5436, 6335, 0.0005, 0.0000
current_data: 0.9320, 21069, 32.0187, 4072.5233
current_data: 2.0558, 858318, 7.4524, 1695.0097
SKT0: MBA COS6 => 60% requested, 60% applied
[32m[info] [src/pairwise_allocator.cpp:binary_serch_mb_roofline:937] descriptor1 COLS 3, find_mb_roofline_time: 1, roofline mb: 0.0000, current mb 0.0000, gap: -nan, lmb_throttle: 20, rmb_throttle: 100
[mcurrent_data: 1.0520, 864064, 5.6141, 1007.5058
current_data: 0.4150, 4670807, 70.5945, 3382.5194
current_data: 2.5463, 6293, 0.0007, 0.0000
current_data: 0.9324, 18796, 32.0195, 4082.5234
current_data: 2.0785, 805980, 7.2126, 1734.3849
SKT0: MBA COS6 => 40% requested, 40% applied
[32m[info] [src/pairwise_allocator.cpp:binary_serch_mb_roofline:937] descriptor1 COLS 3, find_mb_roofline_time: 2, roofline mb: 0.0000, current mb 0.0000, gap: -nan, lmb_throttle: 20, rmb_throttle: 60
[mcurrent_data: 1.0504, 840813, 5.8757, 996.2557
current_data: 0.4306, 5007295, 68.0285, 3307.5189
current_data: 2.5467, 5886, 0.0002, 0.0000
current_data: 0.5950, 20145, 39.0394, 2798.1410
current_data: 1.1955, 412399, 16.9608, 2493.1393
SKT0: MBA COS6 => 30% requested, 30% applied
[32m[info] [src/pairwise_allocator.cpp:binary_serch_mb_roofline:937] descriptor1 COLS 3, find_mb_roofline_time: 3, roofline mb: 0.0000, current mb 0.0000, gap: -nan, lmb_throttle: 20, rmb_throttle: 40
[mcurrent_data: 1.0426, 846727, 5.7643, 994.3807
current_data: 0.4142, 4737262, 70.6604, 3331.8941
current_data: 2.5481, 6533, 0.0003, 0.0000
current_data: 1.1213, 25767, 25.0231, 4006.8979
current_data: 2.1167, 804800, 6.9893, 1740.6350
SKT0: MBA COS6 => 20% requested, 20% applied
[32m[info] [src/pairwise_allocator.cpp:binary_serch_mb_roofline:937] descriptor1 COLS 3, find_mb_roofline_time: 4, roofline mb: 0.0000, current mb 0.0000, gap: -nan, lmb_throttle: 20, rmb_throttle: 30
[mcurrent_data: 1.0409, 810950, 6.0225, 1031.2559
current_data: 0.4194, 4753207, 69.8506, 3225.6435
current_data: 2.5490, 7201, 0.0008, 0.0000
current_data: 1.1148, 26205, 25.0144, 3926.2725
current_data: 1.1776, 421233, 18.6165, 2558.1396
SKT0: MBA COS6 => 20% requested, 20% applied
[32m[info] [src/pairwise_allocator.cpp:binary_serch_mb_roofline:937] descriptor1 COLS 3, find_mb_roofline_time: 5, roofline mb: 0.0000, current mb 0.0000, gap: -nan, lmb_throttle: 20, rmb_throttle: 20
[mcurrent_data: 1.0428, 834193, 5.7755, 979.3806
current_data: 0.4153, 4771586, 70.5402, 3357.5192
current_data: 2.5460, 6503, 0.0005, 0.0000
current_data: 1.1211, 24158, 25.0402, 4067.5233
current_data: 2.0880, 806389, 7.3139, 1753.7600
[32m[info] [src/pairwise_allocator.cpp:found_mb_roofline:887] Fast found mb roofline, obj_id 771466, roofline mb: 0.00 MB/s, roofline mb throttle: 20
[m[32m[info] [src/pairwise_allocator.cpp:binary_serch_mb_roofline:937] descriptor1 COLS 3, find_mb_roofline_time: 6, roofline mb: 0.0000, current mb 0.0000, gap: -nan, lmb_throttle: 20, rmb_throttle: 20
[m[32m[info] [src/pairwise_allocator.cpp:allocating_mb:1147] binary_serch_mb_roofline first pair success
[m[32m[info] [src/pairwise_allocator.cpp:pair_allocating_mb:1088] pair_allocating_mb begin, allocating times: 0, descriptor roofline mb throttle: 20, system remain mb: 93878.05 MB/s
[mSKT0: MBA COS3 => 20% requested, 20% applied
current_data: 1.0657, 1067304, 5.1715, 863.7549
current_data: 0.4345, 4344720, 78.0369, 3877.5222
current_data: 2.5455, 6504, 0.0005, 0.0000
current_data: 2.5331, 40504, 24.9742, 7865.0450
current_data: 1.9545, 626498, 15.2600, 2830.6412
[32m[info] [src/pairwise_allocator.cpp:pair_allocating_mb:1088] pair_allocating_mb begin, allocating times: 1, descriptor roofline mb throttle: 20, system remain mb: 93878.05 MB/s
[m[32m[info] [src/pairwise_allocator.cpp:allocating_fit_mb:958] Will allocating_fit_mb mb throttle: 20
[mSKT0: MBA COS3 => 20% requested, 20% applied
current_data: 1.1071, 932932, 4.3687, 536.8781
current_data: 0.4369, 3490855, 78.0582, 3105.0178
current_data: 2.5449, 5363, 0.0009, 0.0000
current_data: 2.5442, 36154, 24.9816, 7226.2913
current_data: 2.5512, 880598, 7.4261, 1583.7591
[32m[info] [src/pairwise_allocator.cpp:allocating_mb:1121] Allocate mb: 0.00 MB/s, mb_throttle: 20
[mcurrent_data: 1.1228, 976843, 4.2047, 537.5031
current_data: 0.4369, 3507168, 78.0457, 3075.6426
current_data: 2.5480, 4538, 0.0002, 0.0000
current_data: 2.5426, 36178, 24.9696, 7258.1665
current_data: 1.9637, 662727, 15.3044, 2888.7665
current_data: 1.1230, 6059822, 4.1844, 3260.0187
current_data: 0.4368, 21396247, 78.0313, 19036.9839
current_data: 2.5474, 29925, 0.0004, 0.0000
current_data: 2.5556, 210779, 24.9732, 44372.7539
current_data: 2.4668, 5102276, 8.1594, 11296.9396
current_data: 1.1256, 6127871, 4.1865, 3391.8944
current_data: 0.4367, 21371578, 78.0721, 19052.6090
current_data: 2.5469, 30767, 0.0004, 0.6250
current_data: 2.5182, 214951, 24.9715, 43749.0003
current_data: 2.4680, 5129508, 8.1582, 11250.6894
current_data: 1.1149, 5926036, 4.2506, 3400.0195
current_data: 0.4360, 21299967, 78.0170, 18959.4835
current_data: 2.5462, 33332, 0.0004, 0.0000
current_data: 2.5435, 222514, 24.9743, 44086.5023
current_data: 2.3565, 4948877, 9.4313, 12423.8211
current_data: 1.1237, 6086963, 4.1430, 3146.8930
current_data: 0.4364, 21330299, 78.0729, 18990.1087
current_data: 2.5473, 28685, 0.0002, 0.0000
current_data: 2.5405, 206905, 24.9775, 44110.8774
current_data: 2.3579, 4939094, 9.3796, 12464.4463
current_data: 1.1233, 6101097, 4.2151, 3328.1440
current_data: 0.4364, 21340077, 78.0511, 18883.8581
current_data: 2.5469, 30153, 0.0004, 0.0000
current_data: 2.5456, 205026, 24.9744, 44157.7527
current_data: 2.3609, 4944617, 9.3159, 12546.9468
current_data: 1.1261, 6087318, 4.1560, 3154.3930
current_data: 0.4365, 21313109, 78.0550, 18895.1081
current_data: 2.5470, 29140, 0.0003, 0.0000
current_data: 2.5254, 206500, 24.9730, 43775.2505
current_data: 2.3614, 4909538, 9.2805, 12490.6965
current_data: 1.1237, 6122590, 4.1651, 3290.0188
current_data: 0.4379, 19891595, 75.9699, 18896.3581
current_data: 2.5472, 29326, 0.0003, 0.0000
current_data: 2.2947, 243333, 32.8572, 50929.6664
current_data: 2.3591, 4923264, 9.2941, 12512.5716
current_data: 1.1188, 6033642, 4.2080, 3337.5191
current_data: 0.4335, 21345591, 78.0165, 19055.7340
current_data: 2.5482, 27636, 0.0003, 0.0000
current_data: 2.4537, 207116, 31.9695, 52667.1764
current_data: 2.3563, 4833236, 9.3212, 12496.3215
current_data: 1.1259, 6144977, 4.1539, 3252.5186
current_data: 0.4339, 21379300, 78.0285, 19046.3590
current_data: 2.5481, 30284, 0.0004, 2.5000
current_data: 2.4526, 220279, 31.9641, 52714.0516
current_data: 2.3528, 4956656, 9.3619, 12544.4468
current_data: 1.1155, 6080255, 4.2445, 3300.6439
current_data: 0.4335, 21452870, 78.0541, 19078.8592
current_data: 2.5449, 35301, 0.0004, 0.0000
current_data: 2.4577, 222909, 31.9666, 53041.5535
current_data: 2.4345, 5347713, 8.3758, 11375.0651
current_data: 1.1182, 6097613, 4.2132, 3390.6444
current_data: 0.4336, 21461648, 78.0645, 19080.1092
current_data: 2.5479, 30910, 0.0004, 0.0000
current_data: 2.4555, 215769, 31.9679, 53076.5537
current_data: 2.4529, 5266387, 8.2198, 11353.8150
current_data: 1.1187, 6139069, 4.2075, 3337.5191
current_data: 0.4335, 21549845, 78.0284, 19098.2343
current_data: 2.5476, 29820, 0.0003, 0.0000
current_data: 2.4584, 212383, 31.9692, 53284.0549
current_data: 2.4583, 5198390, 8.1697, 11276.9395
current_data: 1.1160, 6060795, 4.2045, 3436.8947
current_data: 0.4334, 21547259, 78.0365, 19114.4844
current_data: 2.5474, 31221, 0.0004, 1.2500
current_data: 2.4582, 218856, 31.9649, 53327.8051
current_data: 2.3898, 4981798, 8.8433, 12724.4478
current_data: 1.1210, 6213021, 4.2164, 3378.1443
current_data: 0.4332, 21563203, 78.0409, 19176.9847
current_data: 2.5466, 29316, 0.0003, 0.6250
current_data: 2.4486, 202629, 31.9687, 53150.3041
current_data: 2.3568, 4931426, 9.4066, 12563.8219
current_data: 1.1267, 6209582, 4.1527, 3275.6437
current_data: 0.4348, 21654842, 78.0371, 19371.3608
current_data: 2.5474, 28798, 0.0002, 0.0000
current_data: 2.2125, 226695, 33.3341, 50027.1613
current_data: 2.3600, 5050169, 9.2636, 12763.1980
current_data: 1.1287, 6239842, 4.1799, 3271.8937
current_data: 0.4404, 22051931, 78.0213, 19613.2372
current_data: 2.5473, 29399, 0.0003, 0.0000
current_data: 2.1742, 227883, 34.2697, 45692.1365
current_data: 2.3732, 5078545, 9.2731, 12760.0730
current_data: 1.1288, 5923715, 4.2306, 3055.0175
current_data: 0.4400, 21978218, 78.0852, 19576.3620
current_data: 2.5465, 36460, 0.0005, 0.0000
current_data: 2.1733, 235728, 34.2678, 45617.1360
current_data: 2.3690, 5127572, 9.3711, 12783.8231
current_data: 1.1322, 6240399, 4.1417, 3330.6441
current_data: 0.4405, 22028856, 78.0175, 19513.2367
current_data: 2.5474, 28124, 0.0002, 0.0000
current_data: 2.1153, 239038, 34.3551, 44764.6311
current_data: 2.3803, 5052652, 9.2990, 12748.1979
current_data: 1.1012, 6148080, 4.3056, 3350.6442
current_data: 0.4193, 20867901, 77.8112, 18763.2324
current_data: 2.5468, 30216, 0.0003, 0.6250
current_data: 1.6881, 5706010, 31.9383, 53067.1787
current_data: 2.3297, 4888516, 9.3798, 12531.9467
current_data: 1.1163, 6205387, 4.1860, 3330.0191
current_data: 0.4312, 21666510, 78.0582, 19341.3607
current_data: 2.5481, 28957, 0.0003, 1.2500
current_data: 2.7671, 273381, 25.4919, 51819.6715
current_data: 2.3615, 5033352, 9.3442, 12645.6974
current_data: 1.1213, 6240262, 4.1698, 3328.7690
current_data: 0.4346, 21820097, 78.0228, 19503.2366
current_data: 2.5470, 31187, 0.0003, 0.0000
current_data: 2.7392, 264882, 24.9631, 48794.6542
current_data: 2.3651, 5023381, 9.2545, 12723.1978
current_data: 1.0980, 6084140, 4.1400, 3274.3937
current_data: 0.4173, 20964666, 78.0279, 18667.6068
current_data: 2.5470, 28261, 0.0003, 0.6250
current_data: 2.2042, 197113, 26.4945, 59932.8429
current_data: 2.3166, 4940322, 9.3497, 12473.1964
current_data: 1.0923, 6092332, 4.2456, 3341.8941
current_data: 0.4164, 20957071, 78.0156, 18620.7315
current_data: 2.5472, 31798, 0.0003, 0.6250
current_data: 2.2018, 219499, 26.4868, 59910.9678
current_data: 2.3179, 5051326, 9.3537, 12567.5719
current_data: 1.0904, 6029026, 4.2405, 3304.3939
current_data: 0.4177, 21028022, 78.0296, 18646.3567
current_data: 2.5466, 32510, 0.0004, 0.0000
current_data: 2.2079, 234765, 27.0463, 59070.3380
current_data: 2.3295, 5061800, 9.2547, 12600.6971
current_data: 1.1187, 6235491, 4.1676, 3343.7691
current_data: 0.4336, 21945319, 78.0454, 19434.4862
current_data: 2.5469, 31275, 0.0004, 0.0000
current_data: 2.4572, 203125, 31.9689, 54212.8102
current_data: 2.3640, 5109686, 9.2485, 12780.0731
current_data: 1.1201, 6255002, 4.1706, 3414.3945
current_data: 0.4333, 21894166, 78.0420, 19400.7360
current_data: 2.5464, 30793, 0.0003, 0.6250
current_data: 2.4504, 198134, 31.9688, 53977.8089
current_data: 2.3680, 5080333, 9.2541, 12777.5731
current_data: 1.1181, 6204938, 4.2240, 3461.2698
current_data: 0.4337, 21873961, 78.0452, 19378.2359
current_data: 2.5474, 28680, 0.0002, 0.0000
current_data: 2.4588, 195083, 31.9684, 54040.3092
current_data: 2.3661, 5054662, 9.2741, 12751.9480
current_data: 1.1200, 6281334, 4.2093, 3431.2696
current_data: 0.4337, 21899758, 78.0287, 19558.2369
current_data: 2.5478, 29190, 0.0003, 0.0000
current_data: 2.4576, 192022, 31.9706, 54109.6846
current_data: 2.3680, 5084108, 9.2730, 12783.1981
current_data: 1.1168, 6219162, 4.2272, 3241.8936
current_data: 0.4336, 21933157, 78.0246, 19536.9868
current_data: 2.5469, 32644, 0.0003, 0.6250
current_data: 2.4562, 206189, 31.9691, 54299.6857
current_data: 2.3645, 5080005, 9.3132, 12754.4480
current_data: 1.1173, 6178776, 4.1904, 3427.5196
current_data: 0.4334, 21870732, 78.0862, 19463.2364
current_data: 2.5467, 33436, 0.0004, 0.6250
current_data: 2.4584, 216652, 31.9695, 54116.5597
current_data: 2.3666, 5106580, 9.2959, 12761.3230
current_data: 1.1192, 6263251, 4.2558, 3303.7689
current_data: 0.4336, 21918545, 78.0105, 19431.9862
current_data: 2.5473, 29746, 0.0004, 0.6250
current_data: 2.4516, 202674, 31.9684, 54039.6842
current_data: 2.3634, 5033135, 9.3125, 12770.6981
current_data: 1.1195, 6254709, 4.1960, 3334.3941
current_data: 0.4348, 19863638, 75.9854, 18976.9836
current_data: 2.5486, 30097, 0.0003, 0.6250
current_data: 2.4573, 197764, 31.9687, 54213.4352
current_data: 2.3643, 5075837, 9.2878, 12729.4478
current_data: 1.1257, 6319717, 4.2102, 3470.6449
current_data: 0.4360, 22050394, 78.0600, 19731.9879
current_data: 2.5470, 34555, 0.0004, 0.0000
current_data: 2.3138, 226633, 26.6835, 44881.5068
current_data: 2.3736, 5214984, 9.3439, 12782.5731
current_data: 1.1231, 6304964, 4.2026, 3436.2697
current_data: 0.4366, 22049801, 78.0448, 19676.3626
current_data: 2.5469, 30192, 0.0004, 0.6250
current_data: 2.5185, 215918, 24.9761, 45164.0084
current_data: 2.3715, 5094116, 9.3296, 12750.0730
current_data: 1.1191, 6163955, 4.2682, 3504.3951
current_data: 0.4362, 21984890, 78.0515, 19595.1121
current_data: 2.5466, 32359, 0.0004, 0.0000
current_data: 2.5497, 229174, 24.9728, 45533.3855
current_data: 2.3688, 5167035, 9.3108, 12827.5734
current_data: 1.1201, 6254153, 4.2484, 3455.6448
current_data: 0.4362, 22042188, 78.0471, 19495.7366
current_data: 2.5461, 32095, 0.0004, 0.0000
current_data: 2.5426, 234522, 24.9707, 45582.1358
current_data: 2.3682, 5257317, 9.3169, 12887.5737
current_data: 1.1243, 6266412, 4.2344, 3365.6443
current_data: 0.4364, 22025415, 78.0317, 19538.8618
current_data: 2.5469, 31877, 0.0004, 0.0000
current_data: 2.5224, 223226, 24.9715, 45151.5084
current_data: 2.3702, 5173852, 9.2799, 12867.5736
current_data: 1.1223, 6318060, 4.1388, 3300.6439
current_data: 0.4365, 22074057, 78.0584, 19679.4876
current_data: 2.5476, 29560, 0.0003, 0.6250
current_data: 2.5455, 213270, 24.9759, 45674.0113
current_data: 2.3756, 5108296, 9.2542, 12858.1986
current_data: 1.1252, 6312168, 4.1954, 3390.0194
current_data: 0.4364, 22047405, 78.0376, 19561.9869
current_data: 2.5477, 29073, 0.0003, 0.0000
current_data: 2.5452, 212614, 24.9759, 45572.1358
current_data: 2.3756, 5119102, 9.2536, 12808.1983
current_data: 1.1265, 6266404, 4.1449, 3338.7691
current_data: 0.4366, 22004616, 78.0484, 19614.4872
current_data: 2.5472, 28481, 0.0003, 0.0000
current_data: 2.5221, 211531, 24.9729, 45092.1330
current_data: 2.3716, 5062999, 9.2793, 12741.3229
current_data: 1.1230, 6276476, 4.1421, 3292.5188
current_data: 0.4354, 22015752, 78.0466, 19636.3624
current_data: 2.5471, 29637, 0.0003, 0.0000
current_data: 2.2849, 239422, 29.4804, 47939.0243
current_data: 2.3707, 5106807, 9.2545, 12749.4480
current_data: 1.1215, 6284245, 4.1843, 3345.0191
current_data: 0.4336, 21909922, 78.0541, 19570.7370
current_data: 2.5478, 31188, 0.0005, 1.2500
current_data: 2.4543, 216699, 31.9693, 54141.5598
current_data: 2.3676, 5101253, 9.2531, 12801.9483
current_data: 1.1181, 6272470, 4.2816, 3561.8954
current_data: 0.4336, 21915070, 78.0380, 19441.3612
current_data: 2.5464, 32745, 0.0004, 0.0000
current_data: 2.4503, 221950, 31.9630, 53979.0589
current_data: 2.3507, 5218605, 9.2713, 12810.6983
current_data: 1.1230, 6278867, 4.0810, 3279.3938
current_data: 0.4336, 21882509, 78.0395, 19385.1109
current_data: 2.5479, 29216, 0.0003, 0.0000
current_data: 2.4562, 216873, 31.9639, 54005.9340
current_data: 2.3398, 5307600, 9.3947, 12701.3227
current_data: 1.1218, 6267068, 4.1137, 3322.5190
current_data: 0.4377, 20113751, 76.1191, 19168.2347
current_data: 2.5468, 29639, 0.0002, 0.0000
current_data: 2.4528, 210041, 31.9654, 54065.9344
current_data: 2.3431, 5230758, 9.3866, 12656.9474
current_data: 1.1222, 6299332, 4.1600, 3356.8942
current_data: 0.4338, 21925868, 78.0068, 19610.1122
current_data: 2.5477, 29358, 0.0003, 0.6250
current_data: 2.4563, 216631, 31.9675, 54080.3095
current_data: 2.3451, 5244347, 9.2649, 12670.0725
current_data: 1.1226, 6288811, 4.1088, 3419.3946
current_data: 0.4338, 21956707, 78.0534, 19545.1118
current_data: 2.5473, 29390, 0.0003, 0.6250
current_data: 2.4580, 213663, 31.9674, 54226.5603
current_data: 2.3413, 5342038, 9.3236, 12781.3231
current_data: 1.1180, 6255547, 4.2560, 3364.3943
current_data: 0.4337, 21876677, 78.0556, 19460.7364
current_data: 2.5476, 29462, 0.0003, 0.0000
current_data: 2.4470, 211108, 31.9661, 53825.3080
current_data: 2.3437, 5303220, 9.4126, 12719.4478
current_data: 1.1147, 6155116, 4.2459, 3453.1448
current_data: 0.4341, 21909270, 78.0658, 19502.6116
current_data: 2.5455, 39254, 0.0006, 1.2500
current_data: 2.2441, 248983, 33.0699, 51589.0452
current_data: 2.3471, 5363371, 9.4037, 12704.4477
current_data: 1.1289, 6271861, 4.1796, 3388.7694
current_data: 0.4415, 22331256, 78.0208, 19791.3632
current_data: 2.5468, 31803, 0.0004, 0.0000
current_data: 2.1744, 233507, 34.2668, 46129.0140
current_data: 2.3571, 5382322, 9.2799, 12912.5739
current_data: 1.1278, 6321004, 4.2353, 3444.3947
current_data: 0.4416, 22363762, 78.0160, 19877.6137
current_data: 2.5475, 31070, 0.0004, 0.0000
current_data: 2.1762, 221818, 34.2659, 46257.7647
current_data: 2.3674, 5334771, 9.3766, 12621.3222
current_data: 1.1313, 6338625, 4.1688, 3394.3944
current_data: 0.4414, 22249037, 78.0629, 19785.7382
current_data: 2.5466, 28504, 0.0002, 0.0000
current_data: 2.1198, 234293, 34.3762, 45202.1336
current_data: 2.3925, 5561525, 9.1609, 11967.5685
current_data: 1.1043, 6147671, 4.2164, 3384.3944
current_data: 0.4250, 21507187, 78.0001, 19153.2346
current_data: 2.5460, 32399, 0.0004, 0.0000
current_data: 1.6958, 5734071, 32.1760, 53185.3043
current_data: 2.3989, 5624695, 8.2710, 11546.3161
current_data: 1.1190, 6246778, 4.1084, 3321.8940
current_data: 0.4323, 21840211, 78.0738, 19498.8616
current_data: 2.5482, 30188, 0.0003, 0.0000
current_data: 2.7627, 284506, 25.4992, 52407.7999
current_data: 2.4392, 5506189, 8.1870, 11586.3163
current_data: 1.1238, 6297436, 4.1656, 3461.8948
current_data: 0.4353, 21973517, 78.0808, 19603.8622
current_data: 2.5482, 30450, 0.0004, 0.6250
current_data: 2.7381, 251182, 25.0019, 49123.4061
current_data: 2.4407, 5502952, 8.2032, 11510.0659
current_data: 1.0932, 6130710, 4.1775, 3345.6441
current_data: 0.4175, 21103462, 78.0154, 18662.6068
current_data: 2.5465, 30206, 0.0003, 0.0000
current_data: 2.2075, 202139, 26.4928, 60407.2207
current_data: 2.3968, 5434570, 8.1770, 11424.4404
current_data: 1.0915, 6101492, 4.2337, 3313.7690
current_data: 0.4176, 18849375, 75.7750, 18146.3538
current_data: 2.5482, 29787, 0.0003, 0.0000
current_data: 2.2036, 204266, 26.4874, 60328.4702
current_data: 2.3866, 5354627, 8.1651, 11597.5664
current_data: 1.0977, 6170590, 4.1886, 3283.1438
current_data: 0.4187, 21170160, 78.0731, 18911.3582
current_data: 2.5478, 28987, 0.0003, 0.0000
current_data: 2.2253, 223794, 27.3470, 59090.3381
current_data: 2.3196, 5144900, 9.1953, 12583.8220
current_data: 1.1182, 6219489, 4.1890, 3379.3943
current_data: 0.4335, 21856948, 78.0445, 19466.3614
current_data: 2.5477, 29642, 0.0003, 0.6250
current_data: 2.4588, 192687, 31.9704, 54075.9344
current_data: 2.3387, 5366027, 9.3725, 12774.4481
current_data: 1.1196, 6276614, 4.1790, 3393.7694
current_data: 0.4335, 21933468, 78.0631, 19356.9858
current_data: 2.5480, 28214, 0.0002, 0.0000
current_data: 2.4522, 190375, 31.9715, 54098.4346
current_data: 2.3482, 5227122, 9.3854, 12641.9473
current_data: 1.1220, 6273106, 4.1157, 3355.0192
current_data: 0.4334, 21852403, 78.0587, 19354.4857
current_data: 2.5477, 29126, 0.0003, 0.0000
current_data: 2.4571, 196972, 31.9700, 54030.3092
current_data: 2.3413, 5252142, 9.3603, 12671.3225
current_data: 1.1136, 6201686, 4.2660, 3358.7692
current_data: 0.4332, 21928773, 78.0378, 19393.2360
current_data: 2.5457, 32964, 0.0004, 0.0000
current_data: 2.4540, 211035, 31.9685, 54122.1847
current_data: 2.3381, 5362602, 9.3196, 12661.3224
current_data: 1.1189, 6243360, 4.1947, 3426.2696
current_data: 0.4336, 21942658, 78.0071, 19508.2366
current_data: 2.5473, 31912, 0.0004, 0.0000
current_data: 2.4570, 207294, 31.9699, 54169.6850
current_data: 2.3406, 5343008, 9.3077, 12747.5729
current_data: 1.1185, 6279992, 4.2141, 3296.2689
current_data: 0.4334, 21942675, 78.0577, 19530.7368
current_data: 2.5484, 29785, 0.0003, 0.6250
current_data: 2.4611, 199234, 31.9701, 54313.4358
current_data: 2.3431, 5350170, 9.3805, 12750.0730
current_data: 1.1216, 6225976, 4.1666, 3286.2688
current_data: 0.4333, 21909966, 78.0583, 19509.4866
current_data: 2.5472, 30406, 0.0003, 0.0000
current_data: 2.4529, 195864, 31.9675, 54084.6845
current_data: 2.3457, 5230968, 9.3735, 12694.4476
current_data: 1.1182, 6253678, 4.2337, 3450.6447
current_data: 0.4337, 21907067, 78.0358, 19544.4868
current_data: 2.5466, 37881, 0.0006, 1.2500
current_data: 2.4567, 213844, 31.9684, 54062.1843
current_data: 2.3444, 5413294, 9.3389, 12682.5726
current_data: 1.1229, 6266783, 4.2040, 3254.3936
current_data: 0.4368, 22037438, 78.0488, 19607.6122
current_data: 2.5474, 29719, 0.0003, 0.0000
current_data: 2.3209, 207144, 26.3208, 44474.0045
current_data: 2.3528, 5316967, 9.3045, 12791.3232
current_data: 1.1260, 6315655, 4.1345, 3323.1440
current_data: 0.4370, 22068668, 78.0660, 19535.1118
current_data: 2.5471, 30396, 0.0004, 0.0000
current_data: 2.5209, 207010, 24.9773, 45184.0085
current_data: 2.3545, 5271460, 9.4039, 12763.1980
current_data: 1.1257, 6289125, 4.1691, 3371.8943
current_data: 0.4367, 22042888, 78.0610, 19516.9867
current_data: 2.5481, 28259, 0.0003, 0.0000
current_data: 2.5515, 204707, 24.9757, 45690.8864
current_data: 2.3589, 5329650, 9.2488, 12790.0732
current_data: 1.1261, 6291306, 4.1716, 3475.6449
current_data: 0.4375, 20076685, 75.8773, 19170.7347
current_data: 2.5472, 29158, 0.0003, 0.6250
current_data: 2.5469, 207520, 24.9717, 45585.8858
current_data: 2.3550, 5331583, 9.3990, 12865.6986
current_data: 1.1273, 6291954, 4.0797, 3426.8946
current_data: 0.4369, 22064455, 78.0485, 19720.1128
current_data: 2.5475, 28600, 0.0003, 0.6250
current_data: 2.5290, 198906, 24.9749, 45317.1343
current_data: 2.3599, 5239031, 9.3210, 12645.0724
current_data: 1.1244, 6303987, 4.1747, 3377.5193
current_data: 0.4368, 22064066, 78.0662, 19600.7372
current_data: 2.5474, 29759, 0.0003, 0.0000
current_data: 2.5546, 202947, 24.9766, 45789.0120
current_data: 2.3571, 5391221, 9.3004, 12801.9483
current_data: 1.1258, 6286124, 4.1819, 3340.6441
current_data: 0.4365, 21995734, 78.0738, 19618.8623
current_data: 2.5475, 30131, 0.0003, 0.0000
current_data: 2.5475, 207689, 24.9757, 45575.2608
current_data: 2.3563, 5293121, 9.3893, 12720.6978
current_data: 1.1238, 6319005, 4.2025, 3369.3943
current_data: 0.4369, 22102228, 78.0442, 19608.8622
current_data: 2.5472, 32583, 0.0004, 1.2500
current_data: 2.5254, 214702, 24.9722, 45270.2590
current_data: 2.3597, 5316887, 9.2776, 12746.3229
current_data: 1.1140, 6144060, 4.2874, 3503.7700
current_data: 0.4354, 22022220, 78.0241, 19506.3616
current_data: 2.5458, 34353, 0.0005, 1.2500
current_data: 2.2761, 262560, 29.9372, 48238.4010
current_data: 2.3477, 5526931, 9.3650, 12835.6984
current_data: 1.1185, 6204997, 4.2192, 3355.0192
current_data: 0.4338, 21961664, 78.0384, 19495.7366
current_data: 2.5474, 32688, 0.0004, 0.6250
current_data: 2.4544, 225796, 31.9676, 54170.9350
current_data: 2.3451, 5315523, 9.4031, 12711.3227
current_data: 1.1213, 6249089, 4.1273, 3276.8938
current_data: 0.4340, 21935974, 78.0623, 19514.4867
current_data: 2.5484, 29441, 0.0002, 0.6250
current_data: 2.4504, 212160, 31.9660, 54025.3091
current_data: 2.3536, 5250777, 9.2644, 12680.6976
current_data: 1.1223, 6287079, 4.1844, 3315.6440
current_data: 0.4342, 21927746, 78.0157, 19555.1119
current_data: 2.5475, 29273, 0.0003, 0.0000
current_data: 2.4559, 212809, 31.9661, 54033.4342
current_data: 2.3529, 5385240, 9.3012, 12816.9483
current_data: 1.1198, 6257194, 4.1820, 3350.0192
current_data: 0.4341, 21894453, 78.0268, 19509.4866
current_data: 2.5478, 29166, 0.0003, 0.0000
current_data: 2.4542, 204710, 31.9682, 53967.1838
current_data: 2.3447, 5391177, 9.3734, 12713.8227
current_data: 1.1202, 6307269, 4.2123, 3348.7692
current_data: 0.4341, 21961263, 78.0354, 19526.3617
current_data: 2.5472, 29071, 0.0002, 0.0000
current_data: 2.4578, 208126, 31.9707, 54120.3097
current_data: 2.3505, 5239349, 9.3841, 12655.0724
[32m[info] [src/pairwise_allocator.cpp:allocating:1174] Will begin allocating cache, allocation_ready_queue size 1, allocation_complete_queue size 4
[mcurrent_data: 1.0777, 1084456, 5.2114, 1097.5063
current_data: 0.4089, 5005089, 71.1730, 3666.2710
current_data: 2.5461, 7178, 0.0008, 0.0000
current_data: 0.9313, 23958, 32.0076, 4163.1488
current_data: 2.0693, 900398, 7.2618, 1778.7602
[32m[info] [src/pairwise_allocator.cpp:binary_serch_cache_roofline:462] descriptor COLS 3, find_cache_roofline_times: 1, roofline ipc: 2.5461, current ipc 2.5461, gap: 0.0000, lway: 1, rway: 14
[mcurrent_data: 1.0481, 889585, 5.8766, 1075.0062
current_data: 0.4279, 5122131, 68.3845, 3476.2699
current_data: 2.5454, 6491, 0.0002, 0.0000
current_data: 0.9298, 25737, 31.9959, 4176.8989
current_data: 1.0582, 402491, 20.3398, 2517.5144
[32m[info] [src/pairwise_allocator.cpp:binary_serch_cache_roofline:462] descriptor COLS 3, find_cache_roofline_times: 2, roofline ipc: 2.5461, current ipc 2.5454, gap: 0.0003, lway: 1, rway: 7
[mcurrent_data: 1.0426, 798886, 5.8841, 938.1304
current_data: 0.4164, 4524660, 70.4023, 3274.3937
current_data: 2.5457, 8670, 0.0009, 0.0000
current_data: 0.7782, 19325, 30.6884, 2665.6403
current_data: 2.0817, 769189, 7.2417, 1643.1344
[32m[info] [src/pairwise_allocator.cpp:binary_serch_cache_roofline:462] descriptor COLS 3, find_cache_roofline_times: 3, roofline ipc: 2.5461, current ipc 2.5457, gap: 0.0002, lway: 1, rway: 4
[mcurrent_data: 1.0413, 783620, 5.8485, 968.1305
current_data: 0.4152, 4480568, 70.3019, 3285.0188
current_data: 2.5462, 6085, 0.0004, 0.0000
current_data: 0.6214, 39282, 44.2430, 3706.8962
current_data: 2.1052, 786766, 7.0620, 1727.5099
[32m[info] [src/pairwise_allocator.cpp:binary_serch_cache_roofline:462] descriptor COLS 3, find_cache_roofline_times: 4, roofline ipc: 2.5462, current ipc 2.5462, gap: 0.0000, lway: 1, rway: 2
[mcurrent_data: 1.0441, 767596, 5.8876, 962.5055
current_data: 0.4282, 4717702, 68.5283, 3200.0183
current_data: 2.5453, 5742, 0.0003, 0.0000
current_data: 0.9410, 27209, 34.3380, 3741.8964
current_data: 1.9480, 701394, 7.2569, 1519.3837
[32m[info] [src/pairwise_allocator.cpp:binary_serch_cache_roofline:462] descriptor COLS 3, find_cache_roofline_times: 5, roofline ipc: 2.5462, current ipc 2.5453, gap: 0.0004, lway: 1, rway: 1
[mcurrent_data: 1.0401, 733716, 5.8772, 866.2550
current_data: 0.4172, 4365976, 70.4686, 3100.0177
current_data: 2.5483, 5400, 0.0002, 0.0000
current_data: 0.9415, 29445, 34.3226, 3749.3965
current_data: 2.0723, 819548, 7.3940, 1624.3843
[32m[info] [src/pairwise_allocator.cpp:found_cache_roofline:405] Found_cache_roofline, obj_id 771466, roofline cache way: 1, roofline remain cache: 14, roofline cache bitmask: 0x7ffe
[m[32m[info] [src/pairwise_allocator.cpp:binary_serch_cache_roofline:462] descriptor COLS 3, find_cache_roofline_times: 6, roofline ipc: 2.5483, current ipc 2.5483, gap: 0.0000, lway: 1, rway: 1
[m[32m[info] [src/pairwise_allocator.cpp:allocating_cache:846] binary_serch_cache_roofline first pair success
[m[32m[info] [src/pairwise_allocator.cpp:pair_allocating_cache:770] pair_allocating_cache begin, allocating time: 0, descriptor roofline cache way: 1, system remain cache way: 4, complete queue size: 4
[m[32m[info] [src/pairwise_allocator.cpp:allocating_cache:852] Complete pair_allocating_cache, allocate cache ways: 1
[m[34m[critical] [src/pairwise_allocator.cpp:print_allocating_cache_results:815] print_allocating_cache_results: system remain cache: 3
[m[34m[critical] [src/pairwise_allocator.cpp:print_allocating_cache_results:818] obj: 774192, cache_way: 2, roofline cache way: 2
[m[34m[critical] [src/pairwise_allocator.cpp:print_allocating_cache_results:818] obj: 774182, cache_way: 1, roofline cache way: 1
[m[34m[critical] [src/pairwise_allocator.cpp:print_allocating_cache_results:818] obj: 771452, cache_way: 7, roofline cache way: 7
[m[34m[critical] [src/pairwise_allocator.cpp:print_allocating_cache_results:818] obj: 771457, cache_way: 1, roofline cache way: 1
[m[34m[critical] [src/pairwise_allocator.cpp:print_allocating_cache_results:823] obj: 771466, cache_way: 1, roofline cache way: 1
[mSKT0: MBA COS6 => 100% requested, 100% applied
current_data: 1.0748, 1084218, 5.1222, 1037.5059
current_data: 0.4176, 5225768, 68.8083, 3437.5197
current_data: 2.5449, 6780, 0.0006, 0.0000
current_data: 0.6835, 21286, 25.8174, 3655.0209
current_data: 1.7386, 715229, 8.7943, 1979.3863
SKT0: MBA COS6 => 60% requested, 60% applied
[32m[info] [src/pairwise_allocator.cpp:binary_serch_mb_roofline:937] descriptor1 COLS 3, find_mb_roofline_time: 1, roofline mb: 0.0000, current mb 0.0000, gap: -nan, lmb_throttle: 20, rmb_throttle: 100
[mcurrent_data: 1.0475, 873416, 5.9386, 1086.2562
current_data: 0.4168, 4767968, 70.1992, 3249.3936
current_data: 2.5462, 5667, 0.0002, 0.0000
current_data: 1.1041, 26793, 25.5217, 4046.8982
current_data: 2.1289, 843607, 6.8929, 1831.2605
SKT0: MBA COS6 => 40% requested, 40% applied
[32m[info] [src/pairwise_allocator.cpp:binary_serch_mb_roofline:937] descriptor1 COLS 3, find_mb_roofline_time: 2, roofline mb: 0.0000, current mb 0.0000, gap: -nan, lmb_throttle: 20, rmb_throttle: 60
[mcurrent_data: 1.0460, 836025, 6.0817, 1108.7563
current_data: 0.4320, 5094190, 67.8375, 3301.2689
current_data: 2.5463, 7055, 0.0006, 0.6250
current_data: 1.1012, 26843, 25.5171, 3956.8976
current_data: 1.1503, 432508, 18.4043, 2502.5143
SKT0: MBA COS6 => 30% requested, 30% applied
[32m[info] [src/pairwise_allocator.cpp:binary_serch_mb_roofline:937] descriptor1 COLS 3, find_mb_roofline_time: 3, roofline mb: 0.6250, current mb 0.6250, gap: 0.0000, lmb_throttle: 20, rmb_throttle: 40
[mcurrent_data: 1.0434, 836346, 5.9932, 1004.3807
current_data: 0.4188, 4795202, 69.8966, 3258.7686
current_data: 2.5481, 5506, 0.0002, 0.0000
current_data: 1.1048, 25858, 25.5118, 4012.5230
current_data: 2.0777, 823194, 7.4992, 1758.1351
SKT0: MBA COS6 => 20% requested, 20% applied
[32m[info] [src/pairwise_allocator.cpp:binary_serch_mb_roofline:937] descriptor1 COLS 3, find_mb_roofline_time: 4, roofline mb: 0.0000, current mb 0.0000, gap: -nan, lmb_throttle: 20, rmb_throttle: 30
[mcurrent_data: 1.0408, 799724, 5.9266, 967.5055
current_data: 0.4189, 4714985, 69.8878, 3262.5187
current_data: 2.5458, 5375, 0.0002, 0.0000
current_data: 1.1050, 25840, 25.5128, 3945.0226
current_data: 1.8523, 725773, 9.3136, 1803.7603
SKT0: MBA COS6 => 20% requested, 20% applied
[32m[info] [src/pairwise_allocator.cpp:binary_serch_mb_roofline:937] descriptor1 COLS 3, find_mb_roofline_time: 5, roofline mb: 0.0000, current mb 0.0000, gap: -nan, lmb_throttle: 20, rmb_throttle: 20
[mcurrent_data: 1.0411, 824831, 6.1402, 1041.8810
current_data: 0.4249, 4896501, 68.8415, 3288.7688
current_data: 2.5467, 6571, 0.0006, 0.0000
current_data: 1.1035, 26413, 25.5067, 3999.3979
current_data: 2.0630, 798246, 7.6439, 1731.2599
[32m[info] [src/pairwise_allocator.cpp:found_mb_roofline:887] Fast found mb roofline, obj_id 771466, roofline mb: 0.00 MB/s, roofline mb throttle: 20
[m[32m[info] [src/pairwise_allocator.cpp:binary_serch_mb_roofline:937] descriptor1 COLS 3, find_mb_roofline_time: 6, roofline mb: 0.0000, current mb 0.0000, gap: -nan, lmb_throttle: 20, rmb_throttle: 20
[m[32m[info] [src/pairwise_allocator.cpp:allocating_mb:1147] binary_serch_mb_roofline first pair success
[m[32m[info] [src/pairwise_allocator.cpp:pair_allocating_mb:1088] pair_allocating_mb begin, allocating times: 0, descriptor roofline mb throttle: 20, system remain mb: 93878.05 MB/s
[mSKT0: MBA COS3 => 20% requested, 20% applied
current_data: 1.0412, 1067557, 4.8379, 768.7544
current_data: 0.4176, 4252792, 78.0279, 3770.6466
current_data: 2.5467, 6082, 0.0007, 0.0000
current_data: 2.1954, 34003, 26.5046, 10611.3107
current_data: 1.9620, 737520, 15.3890, 2891.8915
[32m[info] [src/pairwise_allocator.cpp:pair_allocating_mb:1088] pair_allocating_mb begin, allocating times: 1, descriptor roofline mb throttle: 20, system remain mb: 93878.05 MB/s
[m[32m[info] [src/pairwise_allocator.cpp:allocating_fit_mb:958] Will allocating_fit_mb mb throttle: 20
[mSKT0: MBA COS3 => 20% requested, 20% applied
current_data: 1.0777, 908569, 4.2932, 546.2531
current_data: 0.4174, 3353913, 78.1356, 2975.0170
current_data: 2.5480, 4721, 0.0002, 0.0000
current_data: 2.2082, 33234, 26.4990, 9683.8054
current_data: 2.4848, 975977, 7.2715, 1608.1342
[32m[info] [src/pairwise_allocator.cpp:allocating_mb:1121] Allocate mb: 0.00 MB/s, mb_throttle: 20
[mcurrent_data: 1.0886, 954717, 4.3284, 620.0035
current_data: 0.4178, 3362039, 78.0355, 3041.8924
current_data: 2.5453, 5253, 0.0003, 0.0000
current_data: 2.2099, 35798, 26.4927, 9655.0552
current_data: 2.5292, 912132, 6.6660, 1716.2598
current_data: 1.0924, 5934019, 4.1396, 3120.0179
current_data: 0.4167, 20427182, 78.0056, 18217.6042
current_data: 2.5472, 28578, 0.0004, 0.6250
current_data: 2.2027, 194559, 26.4894, 58477.2096
current_data: 2.2981, 5036364, 9.5517, 12160.0696
current_data: 1.0920, 5882402, 4.1855, 3163.1431
current_data: 0.4166, 20404917, 78.0288, 18098.2286
current_data: 2.5472, 28433, 0.0003, 0.0000
current_data: 2.2030, 201146, 26.4889, 58414.7093
current_data: 2.2998, 5028804, 9.4338, 12218.1949
current_data: 1.1144, 5851155, 4.1112, 3114.3928
current_data: 0.4300, 21068296, 78.0754, 18708.2320
current_data: 2.5458, 38632, 0.0007, 0.0000
current_data: 2.3889, 223528, 31.0270, 53196.5544
current_data: 2.3414, 5342435, 9.4328, 12396.9459
current_data: 1.1198, 6034625, 4.1932, 3343.1441
current_data: 0.4334, 21170346, 78.0464, 18742.6072
current_data: 2.5475, 27862, 0.0003, 0.0000
current_data: 2.4564, 189585, 31.9705, 52290.9242
current_data: 2.3482, 5112222, 9.3828, 12339.4456
current_data: 1.1185, 6059403, 4.2280, 3300.0189
current_data: 0.4339, 21203185, 78.0140, 18805.1076
current_data: 2.5464, 30686, 0.0003, 0.0000
current_data: 2.4524, 202407, 31.9669, 52218.4238
current_data: 2.3425, 5142796, 9.4276, 12416.3210
current_data: 1.1170, 6048347, 4.1927, 3293.7688
current_data: 0.4341, 21367021, 78.0114, 18904.4832
current_data: 2.5472, 31603, 0.0004, 0.0000
current_data: 2.4596, 214444, 31.9630, 52755.9269
current_data: 2.4375, 5415430, 8.1993, 11226.9392
current_data: 1.1163, 6037669, 4.2331, 3276.8938
current_data: 0.4335, 21333364, 78.0300, 18981.3586
current_data: 2.5452, 32301, 0.0004, 1.2500
current_data: 2.4553, 207725, 31.9669, 52704.0516
current_data: 2.4281, 5491764, 8.2076, 11231.3143
current_data: 1.1238, 6138050, 4.1618, 3336.2691
current_data: 0.4336, 21310055, 78.0430, 18985.7336
current_data: 2.5484, 28633, 0.0004, 0.0000
current_data: 2.4597, 195766, 31.9662, 52755.9269
current_data: 2.3502, 5192287, 9.3366, 12542.5718
current_data: 1.1216, 6140935, 4.1324, 3243.7686
current_data: 0.4337, 21403351, 78.0051, 19096.9843
current_data: 2.5470, 29225, 0.0003, 1.2500
current_data: 2.4611, 195627, 31.9693, 52940.9279
current_data: 2.3387, 5176199, 9.4031, 12460.0713
current_data: 1.1180, 6120105, 4.2826, 3481.2699
current_data: 0.4331, 21435919, 78.0545, 19096.9843
current_data: 2.5470, 29351, 0.0003, 0.0000
current_data: 2.4497, 193963, 31.9665, 52922.1778
current_data: 2.3527, 5215742, 9.2937, 12562.5719
current_data: 1.1205, 6132563, 4.1632, 3311.8940
current_data: 0.4340, 21466733, 78.0465, 19011.3588
current_data: 2.5471, 29357, 0.0003, 0.0000
current_data: 2.3647, 186944, 32.0612, 51123.4175
current_data: 2.3505, 5214384, 9.4133, 12485.0714
current_data: 1.1234, 6193204, 4.1015, 3224.3935
current_data: 0.4363, 21707896, 78.0567, 19268.8603
current_data: 2.5484, 29916, 0.0003, 0.0000
current_data: 2.5395, 218817, 24.9745, 44834.6315
current_data: 2.3612, 5255602, 9.3497, 12564.4469
current_data: 1.1235, 6179957, 4.1537, 3300.6439
current_data: 0.4383, 19770351, 75.9612, 18929.4833
current_data: 2.5462, 30043, 0.0003, 1.2500
current_data: 2.5188, 215333, 24.9759, 44420.2542
current_data: 2.3611, 5293318, 9.3474, 12554.4468
current_data: 1.1261, 6197243, 4.1519, 3375.6443
current_data: 0.4367, 21754098, 78.0515, 19458.8613
current_data: 2.5463, 28977, 0.0003, 0.0000
current_data: 2.5496, 213583, 24.9768, 45027.1326
current_data: 2.3652, 5277009, 9.4034, 12564.4469
current_data: 1.1249, 6267670, 4.1857, 3361.8942
current_data: 0.4370, 21922694, 78.0426, 19485.7365
current_data: 2.5470, 28530, 0.0003, 1.2500
current_data: 2.5423, 211892, 24.9741, 45259.6340
current_data: 2.3634, 5360019, 9.3657, 12757.5730
current_data: 1.1281, 6288626, 4.1243, 3354.3942
current_data: 0.4369, 21836640, 78.0899, 19423.2361
current_data: 2.5475, 29446, 0.0003, 0.0000
current_data: 2.5274, 213503, 24.9752, 44862.1317
current_data: 2.4316, 5597921, 8.5934, 11420.6903
current_data: 1.1272, 6247121, 4.1619, 3331.8941
current_data: 0.4367, 21873576, 78.0663, 19382.6109
current_data: 2.5479, 28061, 0.0002, 0.0000
current_data: 2.5486, 211097, 24.9769, 45339.0094
current_data: 2.4574, 5692712, 8.1674, 11586.9413
current_data: 1.1238, 6223141, 4.0874, 3330.6441
current_data: 0.4366, 21927785, 78.0437, 19444.4863
current_data: 2.5464, 30031, 0.0003, 0.0000
current_data: 2.5474, 216202, 24.9768, 45395.8848
current_data: 2.4552, 5614096, 8.1368, 11411.3153
current_data: 1.1194, 6163433, 4.2904, 3545.6453
current_data: 0.4363, 21904742, 78.0481, 19409.4861
current_data: 2.5462, 31955, 0.0004, 0.0000
current_data: 2.5295, 225795, 24.9738, 45009.6325
current_data: 2.4537, 5643721, 8.2213, 11373.8151
current_data: 1.1168, 6158101, 4.2523, 3395.6444
current_data: 0.4350, 21827663, 78.0418, 19411.3611
current_data: 2.5450, 41555, 0.0007, 1.2500
current_data: 2.2789, 278721, 29.9924, 47754.6483
current_data: 2.3981, 5659395, 8.5570, 12530.0717
current_data: 1.1142, 6102248, 4.2441, 3337.5191
current_data: 0.4334, 21766053, 78.0377, 19448.2363
current_data: 2.5476, 32177, 0.0005, 0.0000
current_data: 2.4526, 224276, 31.9667, 53702.1823
current_data: 2.3476, 5450818, 9.3668, 12621.3222
current_data: 1.1204, 6185144, 4.1984, 3414.3945
current_data: 0.4334, 21768212, 78.0496, 19453.2363
current_data: 2.5473, 28661, 0.0003, 0.0000
current_data: 2.4491, 212691, 31.9656, 53650.9320
current_data: 2.3489, 5480810, 9.4014, 12653.1974
current_data: 1.1194, 6263659, 4.2921, 3338.1441
current_data: 0.4334, 21724923, 78.0800, 19290.1104
current_data: 2.5471, 29135, 0.0003, 1.2500
current_data: 2.4541, 213382, 31.9645, 53660.3070
current_data: 2.3532, 5470481, 9.3621, 12701.3227
current_data: 1.1184, 6219058, 4.1822, 3348.1442
current_data: 0.4336, 21799218, 78.0476, 19321.3606
current_data: 2.5462, 29006, 0.0003, 1.2500
current_data: 2.4527, 204664, 31.9695, 53794.6828
current_data: 2.3474, 5516074, 9.3960, 12709.4477
current_data: 1.1178, 6227662, 4.2587, 3317.5190
current_data: 0.4355, 19853823, 75.9623, 18995.1087
current_data: 2.5475, 29077, 0.0003, 1.2500
current_data: 2.4558, 206366, 31.9695, 53717.1824
current_data: 2.3528, 5551839, 9.3613, 12752.5730
current_data: 1.1218, 6251168, 4.1946, 3326.2690
current_data: 0.4335, 21777176, 78.0544, 19416.9861
current_data: 2.5469, 29996, 0.0003, 1.2500
current_data: 2.4586, 202585, 31.9678, 53842.8081
current_data: 2.3538, 5551433, 9.3589, 12675.6975
current_data: 1.1203, 6190447, 4.1288, 3383.1444
current_data: 0.4334, 21839739, 78.0235, 19506.9866
current_data: 2.5484, 31027, 0.0004, 0.0000
current_data: 2.4469, 205663, 31.9658, 53835.9331
current_data: 2.3494, 5477319, 9.4055, 12613.1972
current_data: 1.1211, 6257021, 4.1716, 3345.0191
current_data: 0.4340, 21896443, 78.0403, 19375.7359
current_data: 2.5473, 29124, 0.0003, 0.0000
current_data: 2.2554, 224980, 33.0112, 51891.5469
current_data: 2.3632, 5499670, 9.3763, 12623.1972
current_data: 1.1280, 6255891, 4.1296, 3375.0193
current_data: 0.4404, 22243125, 78.0543, 19713.8628
current_data: 2.5476, 31174, 0.0004, 0.0000
current_data: 2.1731, 222079, 34.2709, 46082.1387
current_data: 2.3742, 5731602, 9.3073, 12837.5735
current_data: 1.1233, 6227103, 4.3099, 3516.8951
current_data: 0.4401, 22228625, 78.0208, 19673.8626
current_data: 2.5465, 33012, 0.0004, 1.8750
current_data: 2.1723, 235872, 34.2680, 46035.8884
current_data: 2.3637, 5727179, 9.4176, 12815.0733
current_data: 1.1266, 6203415, 4.1689, 3366.2693
current_data: 0.4407, 22271062, 77.9965, 19748.2380
current_data: 2.5465, 31571, 0.0004, 0.0000
current_data: 2.1130, 240486, 34.3868, 45130.2582
current_data: 2.3709, 5640410, 9.2952, 12730.6978
current_data: 1.1025, 6152226, 4.2786, 3468.1448
current_data: 0.4246, 21496931, 78.0174, 19073.8591
current_data: 2.5470, 32923, 0.0004, 1.2500
current_data: 1.6882, 5702421, 32.5164, 52530.9256
current_data: 2.3265, 5680397, 9.3654, 12659.4474
current_data: 1.1132, 6204156, 4.2554, 3428.7696
current_data: 0.4305, 21770905, 78.0433, 19360.7358
current_data: 2.5465, 31954, 0.0003, 1.2500
current_data: 2.7406, 321051, 25.5153, 52622.1761
current_data: 2.3552, 5690604, 9.3167, 12723.1978
current_data: 1.1235, 6252879, 4.1218, 3272.5187
current_data: 0.4348, 22004159, 78.0076, 19657.6125
current_data: 2.5480, 29720, 0.0003, 0.0000
current_data: 2.7194, 276414, 25.0543, 49057.1557
current_data: 2.3549, 5714159, 9.3837, 12847.5735
current_data: 1.0958, 6130180, 4.2126, 3476.2699
current_data: 0.4176, 21145838, 78.0208, 18950.7334
current_data: 2.5472, 30608, 0.0003, 0.0000
current_data: 2.1832, 213553, 26.6580, 59937.8430
current_data: 2.3127, 5433013, 9.4286, 12452.5713
current_data: 1.0953, 6158800, 4.2121, 3398.1444
current_data: 0.4171, 21079751, 78.0381, 18690.1069
current_data: 2.5459, 38148, 0.0006, 1.2500
current_data: 2.2029, 220045, 26.4864, 60220.9696
current_data: 2.3074, 5700220, 9.3667, 12584.4470
current_data: 1.0952, 6136735, 4.2431, 3265.0187
current_data: 0.4190, 21193906, 78.0197, 18752.6073
current_data: 2.5475, 31795, 0.0003, 0.0000
current_data: 2.2187, 227302, 27.1173, 59404.7149
current_data: 2.3273, 5607844, 9.4376, 12218.1949
current_data: 1.1195, 6247766, 4.1941, 3393.1444
current_data: 0.4364, 20010700, 75.9578, 19090.1092
current_data: 2.5475, 30442, 0.0003, 1.2500
current_data: 2.4590, 195044, 31.9700, 54079.0594
current_data: 2.4173, 5881468, 8.6043, 11462.5656
current_data: 1.1203, 6220726, 4.1608, 3307.5189
current_data: 0.4338, 21924291, 78.0432, 19595.7371
current_data: 2.5478, 31214, 0.0003, 0.0000
current_data: 2.4539, 200468, 31.9686, 54077.1844
current_data: 2.4581, 5830289, 8.1849, 11558.8161
current_data: 1.1189, 6173861, 4.1799, 3417.5196
current_data: 0.4341, 21933375, 78.0256, 19506.9866
current_data: 2.5473, 31026, 0.0004, 0.0000
current_data: 2.4602, 201033, 31.9688, 54199.0601
current_data: 2.4531, 5976435, 8.1437, 11640.0666
current_data: 1.1210, 6264386, 4.1361, 3285.0188
current_data: 0.4338, 21864963, 78.0613, 19391.9860
current_data: 2.5485, 28768, 0.0004, 1.2500
current_data: 2.4609, 188373, 31.9686, 54147.1848
current_data: 2.4540, 5920748, 8.1773, 11678.8168
current_data: 1.1239, 6287802, 4.1995, 3440.0197
current_data: 0.4336, 21882524, 78.0312, 19448.2363
current_data: 2.5479, 29191, 0.0003, 0.0000
current_data: 2.4607, 192638, 31.9695, 54087.1845
current_data: 2.4504, 5915431, 8.2643, 11656.9417
current_data: 1.1200, 6247017, 4.1784, 3456.2698
current_data: 0.4335, 21920339, 78.0267, 19398.2360
current_data: 2.5478, 29784, 0.0003, 0.0000
current_data: 2.4610, 193224, 31.9691, 54208.4352
current_data: 2.4554, 5891615, 8.2034, 11498.1908
current_data: 1.1215, 6295855, 4.1789, 3380.0193
current_data: 0.4335, 21874419, 78.0213, 19398.2360
current_data: 2.5474, 31989, 0.0004, 0.6250
current_data: 2.4545, 196164, 31.9692, 53993.4340
current_data: 2.4249, 5702263, 8.2901, 12221.9449
current_data: 1.1163, 6187044, 4.1561, 3324.3940
current_data: 0.4333, 21921811, 78.0319, 19437.6112
current_data: 2.5458, 34298, 0.0004, 0.0000
current_data: 2.4583, 210936, 31.9655, 54241.5604
current_data: 2.3759, 5622329, 9.1300, 12748.8229
current_data: 1.1208, 6246518, 4.1636, 3340.0191
current_data: 0.4361, 22057963, 78.0354, 19640.7374
current_data: 2.5467, 32163, 0.0004, 1.2500
current_data: 2.3172, 224597, 26.6653, 44899.6319
current_data: 2.3600, 5849786, 9.3793, 12885.0737
current_data: 1.1248, 6318747, 4.2102, 3324.3940
current_data: 0.4367, 22082368, 78.0250, 19690.7377
current_data: 2.5483, 28207, 0.0002, 0.0000
current_data: 2.5211, 210298, 24.9756, 45207.1337
current_data: 2.3698, 5627574, 9.3926, 12715.0728
current_data: 1.1225, 6277544, 4.2092, 3244.3936
current_data: 0.4363, 22042258, 78.0533, 19541.3618
current_data: 2.5483, 31033, 0.0003, 2.5000
current_data: 2.5496, 215264, 24.9757, 45680.2614
current_data: 2.3664, 5820961, 9.3384, 12907.5739
current_data: 1.1239, 6274544, 4.1929, 3256.2686
current_data: 0.4366, 22017936, 78.0286, 19476.3614
current_data: 2.5477, 30529, 0.0004, 1.2500
current_data: 2.5462, 208377, 24.9742, 45546.5106
current_data: 2.3630, 5668387, 9.4450, 12786.3232
current_data: 1.1261, 6286374, 4.1521, 3395.0194
current